========================================================================
LAZIMPA FULL EXPERIMENT ARRAY - Task 5 of 40
========================================================================
Job ID: 730477.5
Started on qa-a10-034.crc.nd.edu at Tue Mar 24 11:12:49 PM EDT 2026
Python: /software/c/conda/25.9.1/bin/python
CUDA available: True
========================================================================

Running: lstm_baseline with seed 1011

True
Namespace(n_features=1000, batches_per_epoch=1000, dim_dataset=10240, force_eos=0, sender_hidden=250, receiver_hidden=600, receiver_num_layers=1, sender_num_layers=1, receiver_num_heads=8, sender_num_heads=8, sender_embedding=50, receiver_embedding=50, causal_sender=False, causal_receiver=False, sender_generate_style='in-place', sender_cell='lstm', receiver_cell='lstm', sender_entropy_coeff=0.1, receiver_entropy_coeff=0.1, probs='powerlaw', length_cost=0.0, name='lstm_baseline_seed1011', early_stopping_thr=0.9999, dir_save='results/lstm_baseline/seed_1011', unigram_pen=0.0, impatient=False, print_message=False, reg=False, random_seed=1011, checkpoint_dir=None, preemptable=False, checkpoint_freq=0, validation_freq=1, n_epochs=500, load_from_checkpoint=None, no_cuda=False, batch_size=32, optimizer='adam', lr=0.001, vocab_size=40, max_len=30, tensorboard=False, tensorboard_dir='runs/', cuda=True, device='cuda')
the probs are:  [0.13359211 0.06679606 0.0445307  0.03339803 0.02671842 0.02226535
 0.01908459 0.01669901 0.01484357 0.01335921 0.01214474 0.01113268
 0.01027632 0.00954229 0.00890614 0.00834951 0.00785836 0.00742178
 0.00703116 0.00667961 0.00636153 0.00607237 0.00580835 0.00556634
 0.00534368 0.00513816 0.00494786 0.00477115 0.00460662 0.00445307
 0.00430942 0.00417475 0.00404825 0.00392918 0.00381692 0.00371089
 0.0036106  0.00351558 0.00342544 0.0033398  0.00325834 0.00318076
 0.00310679 0.00303618 0.00296871 0.00290418 0.00284239 0.00278317
 0.00272637 0.00267184 0.00261945 0.00256908 0.00252061 0.00247393
 0.00242895 0.00238557 0.00234372 0.00230331 0.00226427 0.00222654
 0.00219003 0.00215471 0.00212051 0.00208738 0.00205526 0.00202412
 0.00199391 0.00196459 0.00193612 0.00190846 0.00188158 0.00185545
 0.00183003 0.0018053  0.00178123 0.00175779 0.00173496 0.00171272
 0.00169104 0.0016699  0.00164929 0.00162917 0.00160954 0.00159038
 0.00157167 0.0015534  0.00153554 0.00151809 0.00150104 0.00148436
 0.00146805 0.00145209 0.00143647 0.00142119 0.00140623 0.00139158
 0.00137724 0.00136318 0.00134942 0.00133592 0.00132269 0.00130973
 0.00129701 0.00128454 0.00127231 0.0012603  0.00124852 0.00123696
 0.00122562 0.00121447 0.00120353 0.00119279 0.00118223 0.00117186
 0.00116167 0.00115166 0.00114181 0.00113214 0.00112262 0.00111327
 0.00110407 0.00109502 0.00108611 0.00107736 0.00106874 0.00106025
 0.00105191 0.00104369 0.0010356  0.00102763 0.00101979 0.00101206
 0.00100445 0.00099696 0.00098957 0.0009823  0.00097512 0.00096806
 0.00096109 0.00095423 0.00094746 0.00094079 0.00093421 0.00092772
 0.00092132 0.00091501 0.00090879 0.00090265 0.00089659 0.00089061
 0.00088472 0.0008789  0.00087315 0.00086748 0.00086188 0.00085636
 0.00085091 0.00084552 0.0008402  0.00083495 0.00082976 0.00082464
 0.00081958 0.00081459 0.00080965 0.00080477 0.00079995 0.00079519
 0.00079049 0.00078584 0.00078124 0.0007767  0.00077221 0.00076777
 0.00076338 0.00075905 0.00075476 0.00075052 0.00074632 0.00074218
 0.00073808 0.00073402 0.00073001 0.00072604 0.00072212 0.00071824
 0.0007144  0.0007106  0.00070684 0.00070312 0.00069944 0.00069579
 0.00069219 0.00068862 0.00068509 0.00068159 0.00067813 0.00067471
 0.00067132 0.00066796 0.00066464 0.00066135 0.00065809 0.00065486
 0.00065167 0.00064851 0.00064537 0.00064227 0.0006392  0.00063615
 0.00063314 0.00063015 0.00062719 0.00062426 0.00062136 0.00061848
 0.00061563 0.00061281 0.00061001 0.00060724 0.00060449 0.00060177
 0.00059907 0.00059639 0.00059374 0.00059112 0.00058851 0.00058593
 0.00058337 0.00058084 0.00057832 0.00057583 0.00057336 0.00057091
 0.00056848 0.00056607 0.00056368 0.00056131 0.00055896 0.00055663
 0.00055432 0.00055203 0.00054976 0.00054751 0.00054527 0.00054306
 0.00054086 0.00053868 0.00053651 0.00053437 0.00053224 0.00053013
 0.00052803 0.00052595 0.00052389 0.00052184 0.00051981 0.0005178
 0.0005158  0.00051382 0.00051185 0.00050989 0.00050795 0.00050603
 0.00050412 0.00050223 0.00050035 0.00049848 0.00049662 0.00049479
 0.00049296 0.00049115 0.00048935 0.00048756 0.00048579 0.00048403
 0.00048228 0.00048055 0.00047882 0.00047711 0.00047542 0.00047373
 0.00047206 0.00047039 0.00046874 0.00046711 0.00046548 0.00046386
 0.00046226 0.00046066 0.00045908 0.00045751 0.00045595 0.00045439
 0.00045285 0.00045132 0.00044981 0.0004483  0.0004468  0.00044531
 0.00044383 0.00044236 0.0004409  0.00043945 0.00043801 0.00043658
 0.00043515 0.00043374 0.00043234 0.00043094 0.00042956 0.00042818
 0.00042681 0.00042545 0.0004241  0.00042276 0.00042143 0.0004201
 0.00041878 0.00041748 0.00041617 0.00041488 0.0004136  0.00041232
 0.00041105 0.00040979 0.00040854 0.00040729 0.00040606 0.00040482
 0.0004036  0.00040239 0.00040118 0.00039998 0.00039878 0.0003976
 0.00039642 0.00039524 0.00039408 0.00039292 0.00039177 0.00039062
 0.00038948 0.00038835 0.00038722 0.0003861  0.00038499 0.00038389
 0.00038279 0.00038169 0.0003806  0.00037952 0.00037845 0.00037738
 0.00037632 0.00037526 0.00037421 0.00037316 0.00037212 0.00037109
 0.00037006 0.00036904 0.00036802 0.00036701 0.00036601 0.00036501
 0.00036401 0.00036302 0.00036204 0.00036106 0.00036009 0.00035912
 0.00035816 0.0003572  0.00035625 0.0003553  0.00035436 0.00035342
 0.00035249 0.00035156 0.00035064 0.00034972 0.0003488  0.0003479
 0.00034699 0.00034609 0.0003452  0.00034431 0.00034342 0.00034254
 0.00034167 0.0003408  0.00033993 0.00033907 0.00033821 0.00033735
 0.0003365  0.00033566 0.00033482 0.00033398 0.00033315 0.00033232
 0.00033149 0.00033067 0.00032986 0.00032904 0.00032824 0.00032743
 0.00032663 0.00032583 0.00032504 0.00032425 0.00032347 0.00032269
 0.00032191 0.00032113 0.00032036 0.0003196  0.00031884 0.00031808
 0.00031732 0.00031657 0.00031582 0.00031508 0.00031433 0.0003136
 0.00031286 0.00031213 0.0003114  0.00031068 0.00030996 0.00030924
 0.00030853 0.00030782 0.00030711 0.0003064  0.0003057  0.000305
 0.00030431 0.00030362 0.00030293 0.00030224 0.00030156 0.00030088
 0.00030021 0.00029953 0.00029886 0.0002982  0.00029753 0.00029687
 0.00029621 0.00029556 0.00029491 0.00029426 0.00029361 0.00029297
 0.00029232 0.00029169 0.00029105 0.00029042 0.00028979 0.00028916
 0.00028854 0.00028791 0.00028729 0.00028668 0.00028606 0.00028545
 0.00028484 0.00028424 0.00028364 0.00028303 0.00028244 0.00028184
 0.00028125 0.00028066 0.00028007 0.00027948 0.0002789  0.00027832
 0.00027774 0.00027716 0.00027659 0.00027602 0.00027545 0.00027488
 0.00027432 0.00027375 0.00027319 0.00027264 0.00027208 0.00027153
 0.00027098 0.00027043 0.00026988 0.00026934 0.0002688  0.00026826
 0.00026772 0.00026718 0.00026665 0.00026612 0.00026559 0.00026506
 0.00026454 0.00026402 0.0002635  0.00026298 0.00026246 0.00026195
 0.00026143 0.00026092 0.00026041 0.00025991 0.0002594  0.0002589
 0.0002584  0.0002579  0.0002574  0.00025691 0.00025641 0.00025592
 0.00025543 0.00025495 0.00025446 0.00025398 0.0002535  0.00025302
 0.00025254 0.00025206 0.00025159 0.00025111 0.00025064 0.00025017
 0.0002497  0.00024924 0.00024877 0.00024831 0.00024785 0.00024739
 0.00024694 0.00024648 0.00024603 0.00024557 0.00024512 0.00024467
 0.00024423 0.00024378 0.00024334 0.00024289 0.00024245 0.00024201
 0.00024158 0.00024114 0.00024071 0.00024027 0.00023984 0.00023941
 0.00023898 0.00023856 0.00023813 0.00023771 0.00023729 0.00023687
 0.00023645 0.00023603 0.00023561 0.0002352  0.00023478 0.00023437
 0.00023396 0.00023355 0.00023315 0.00023274 0.00023233 0.00023193
 0.00023153 0.00023113 0.00023073 0.00023033 0.00022993 0.00022954
 0.00022915 0.00022875 0.00022836 0.00022797 0.00022758 0.0002272
 0.00022681 0.00022643 0.00022604 0.00022566 0.00022528 0.0002249
 0.00022452 0.00022415 0.00022377 0.0002234  0.00022303 0.00022265
 0.00022228 0.00022191 0.00022155 0.00022118 0.00022081 0.00022045
 0.00022009 0.00021972 0.00021936 0.000219   0.00021865 0.00021829
 0.00021793 0.00021758 0.00021722 0.00021687 0.00021652 0.00021617
 0.00021582 0.00021547 0.00021512 0.00021478 0.00021443 0.00021409
 0.00021375 0.00021341 0.00021307 0.00021273 0.00021239 0.00021205
 0.00021171 0.00021138 0.00021105 0.00021071 0.00021038 0.00021005
 0.00020972 0.00020939 0.00020906 0.00020874 0.00020841 0.00020809
 0.00020776 0.00020744 0.00020712 0.0002068  0.00020648 0.00020616
 0.00020584 0.00020553 0.00020521 0.0002049  0.00020458 0.00020427
 0.00020396 0.00020365 0.00020334 0.00020303 0.00020272 0.00020241
 0.00020211 0.0002018  0.0002015  0.00020119 0.00020089 0.00020059
 0.00020029 0.00019999 0.00019969 0.00019939 0.00019909 0.0001988
 0.0001985  0.00019821 0.00019791 0.00019762 0.00019733 0.00019704
 0.00019675 0.00019646 0.00019617 0.00019588 0.0001956  0.00019531
 0.00019502 0.00019474 0.00019446 0.00019417 0.00019389 0.00019361
 0.00019333 0.00019305 0.00019277 0.0001925  0.00019222 0.00019194
 0.00019167 0.00019139 0.00019112 0.00019085 0.00019057 0.0001903
 0.00019003 0.00018976 0.00018949 0.00018922 0.00018896 0.00018869
 0.00018842 0.00018816 0.00018789 0.00018763 0.00018737 0.0001871
 0.00018684 0.00018658 0.00018632 0.00018606 0.0001858  0.00018554
 0.00018529 0.00018503 0.00018477 0.00018452 0.00018426 0.00018401
 0.00018376 0.00018351 0.00018325 0.000183   0.00018275 0.0001825
 0.00018225 0.00018201 0.00018176 0.00018151 0.00018126 0.00018102
 0.00018077 0.00018053 0.00018029 0.00018004 0.0001798  0.00017956
 0.00017932 0.00017908 0.00017884 0.0001786  0.00017836 0.00017812
 0.00017789 0.00017765 0.00017741 0.00017718 0.00017694 0.00017671
 0.00017648 0.00017624 0.00017601 0.00017578 0.00017555 0.00017532
 0.00017509 0.00017486 0.00017463 0.0001744  0.00017417 0.00017395
 0.00017372 0.0001735  0.00017327 0.00017305 0.00017282 0.0001726
 0.00017238 0.00017215 0.00017193 0.00017171 0.00017149 0.00017127
 0.00017105 0.00017083 0.00017062 0.0001704  0.00017018 0.00016996
 0.00016975 0.00016953 0.00016932 0.0001691  0.00016889 0.00016868
 0.00016846 0.00016825 0.00016804 0.00016783 0.00016762 0.00016741
 0.0001672  0.00016699 0.00016678 0.00016657 0.00016637 0.00016616
 0.00016595 0.00016575 0.00016554 0.00016534 0.00016513 0.00016493
 0.00016473 0.00016452 0.00016432 0.00016412 0.00016392 0.00016372
 0.00016352 0.00016332 0.00016312 0.00016292 0.00016272 0.00016252
 0.00016232 0.00016213 0.00016193 0.00016173 0.00016154 0.00016134
 0.00016115 0.00016095 0.00016076 0.00016057 0.00016037 0.00016018
 0.00015999 0.0001598  0.00015961 0.00015942 0.00015923 0.00015904
 0.00015885 0.00015866 0.00015847 0.00015828 0.0001581  0.00015791
 0.00015772 0.00015754 0.00015735 0.00015717 0.00015698 0.0001568
 0.00015661 0.00015643 0.00015625 0.00015607 0.00015588 0.0001557
 0.00015552 0.00015534 0.00015516 0.00015498 0.0001548  0.00015462
 0.00015444 0.00015426 0.00015409 0.00015391 0.00015373 0.00015355
 0.00015338 0.0001532  0.00015303 0.00015285 0.00015268 0.0001525
 0.00015233 0.00015216 0.00015198 0.00015181 0.00015164 0.00015146
 0.00015129 0.00015112 0.00015095 0.00015078 0.00015061 0.00015044
 0.00015027 0.0001501  0.00014994 0.00014977 0.0001496  0.00014943
 0.00014926 0.0001491  0.00014893 0.00014877 0.0001486  0.00014844
 0.00014827 0.00014811 0.00014794 0.00014778 0.00014762 0.00014745
 0.00014729 0.00014713 0.00014697 0.0001468  0.00014664 0.00014648
 0.00014632 0.00014616 0.000146   0.00014584 0.00014568 0.00014553
 0.00014537 0.00014521 0.00014505 0.00014489 0.00014474 0.00014458
 0.00014442 0.00014427 0.00014411 0.00014396 0.0001438  0.00014365
 0.00014349 0.00014334 0.00014319 0.00014303 0.00014288 0.00014273
 0.00014257 0.00014242 0.00014227 0.00014212 0.00014197 0.00014182
 0.00014167 0.00014152 0.00014137 0.00014122 0.00014107 0.00014092
 0.00014077 0.00014062 0.00014048 0.00014033 0.00014018 0.00014003
 0.00013989 0.00013974 0.00013959 0.00013945 0.0001393  0.00013916
 0.00013901 0.00013887 0.00013872 0.00013858 0.00013844 0.00013829
 0.00013815 0.00013801 0.00013787 0.00013772 0.00013758 0.00013744
 0.0001373  0.00013716 0.00013702 0.00013688 0.00013674 0.0001366
 0.00013646 0.00013632 0.00013618 0.00013604 0.0001359  0.00013576
 0.00013563 0.00013549 0.00013535 0.00013521 0.00013508 0.00013494
 0.00013481 0.00013467 0.00013453 0.0001344  0.00013426 0.00013413
 0.00013399 0.00013386 0.00013373 0.00013359]
Epoch: 0
input: 0 -> message: 4,12,30,6,12,30,30,30,30,30,30,30,30,30,30,30,30,30,30,30,30,30,30,30,30,30,30,30,30,30 -> output: 0
input: 1 -> message: 12,30,29,33,12,30,30,30,30,30,30,30,30,30,30,30,30,30,30,30,30,30,30,30,30,30,30,30,30,30 -> output: 0
input: 2 -> message: 12,30,30,30,30,34,30,30,30,30,30,30,30,30,30,30,30,30,30,30,30,30,30,30,30,30,30,30,30,30 -> output: 0
input: 3 -> message: 28,0 -> output: 0
input: 4 -> message: 4,12,30,6,12,30,30,30,30,30,30,30,30,30,30,30,30,30,30,30,30,30,30,30,30,30,30,30,30,30 -> output: 0
input: 5 -> message: 12,30,30,30,30,30,30,12,30,30,30,30,30,30,30,30,30,30,30,30,30,30,30,30,30,30,30,30,30,30 -> output: 0
input: 6 -> message: 12,30,30,30,34,30,30,30,30,30,30,30,30,30,30,30,30,30,30,30,30,30,30,30,30,30,30,30,30,30 -> output: 0
input: 7 -> message: 4,12,30,6,12,30,30,30,30,30,30,30,30,30,30,30,30,30,30,30,30,30,30,30,30,30,30,30,30,30 -> output: 0
input: 8 -> message: 12,30,29,33,12,30,30,30,30,30,30,30,30,30,30,30,30,30,30,30,30,30,30,30,30,30,30,30,30,30 -> output: 0
input: 9 -> message: 28,0 -> output: 0
input: 10 -> message: 4,12,30,6,12,30,30,30,30,30,30,30,30,30,30,30,30,30,30,30,30,30,30,30,30,30,30,30,30,30 -> output: 0
input: 11 -> message: 30,29,12,30,30,30,30,30,30,30,30,30,30,30,30,30,30,30,30,30,30,30,30,30,30,30,30,30,30,30 -> output: 0
input: 12 -> message: 28,30,30,34,4,30,30,30,30,30,30,30,30,30,30,30,30,30,30,30,30,30,30,30,30,30,30,30,30,30 -> output: 0
input: 13 -> message: 4,12,30,30,30,30,30,30,30,30,30,30,30,30,30,30,30,30,30,30,30,30,30,30,30,30,30,30,30,30 -> output: 0
input: 14 -> message: 12,30,30,30,34,30,30,30,30,30,30,30,30,30,30,30,30,30,30,30,30,30,30,30,30,30,30,30,30,30 -> output: 0
input: 15 -> message: 28,0 -> output: 0
input: 16 -> message: 28,0 -> output: 0
input: 17 -> message: 4,12,30,6,12,30,30,30,30,30,30,30,30,30,30,30,30,30,30,30,30,30,30,30,30,30,30,30,30,30 -> output: 0
input: 18 -> message: 12,30,30,30,30,30,30,12,30,30,30,30,30,30,30,30,30,30,30,30,30,30,30,30,30,30,30,30,30,30 -> output: 0
input: 19 -> message: 33,12,6,12,30,30,30,30,30,30,30,30,30,30,30,30,30,30,30,30,30,30,30,30,30,30,30,30,30,30 -> output: 0
input: 20 -> message: 12,30,30,34,4,30,30,30,30,30,30,30,30,30,30,30,30,30,30,30,30,30,30,30,30,30,30,30,30,30 -> output: 0
input: 21 -> message: 33,12,28,30,30,30,30,30,30,30,30,30,30,30,30,30,30,30,30,30,30,30,30,30,30,30,30,30,30,30 -> output: 0
input: 22 -> message: 4,12,30,6,12,30,30,30,30,30,30,30,30,30,30,30,30,30,30,30,30,30,30,30,30,30,30,30,30,30 -> output: 0
input: 23 -> message: 12,30,30,30,34,30,30,30,30,30,30,30,30,30,30,30,30,30,30,30,30,30,30,30,30,30,30,30,30,30 -> output: 0
input: 24 -> message: 28,0 -> output: 0
input: 25 -> message: 33,12,6,12,30,30,30,30,30,30,30,30,30,30,30,30,30,30,30,30,30,30,30,30,30,30,30,30,30,30 -> output: 0
input: 26 -> message: 33,12,28,30,30,30,30,30,30,30,30,30,30,30,30,30,30,30,30,30,30,30,30,30,30,30,30,30,30,30 -> output: 0
input: 27 -> message: 4,12,30,6,12,30,30,30,30,30,30,30,30,30,30,30,30,30,30,30,30,30,30,30,30,30,30,30,30,30 -> output: 0
input: 28 -> message: 4,12,30,6,12,30,30,30,30,30,30,30,30,30,30,30,30,30,30,30,30,30,30,30,30,30,30,30,30,30 -> output: 0
input: 29 -> message: 4,12,30,6,12,30,30,30,30,30,30,30,30,30,30,30,30,30,30,30,30,30,30,30,30,30,30,30,30,30 -> output: 0
input: 30 -> message: 33,12,28,30,30,30,30,30,30,30,30,30,30,30,30,30,30,30,30,30,30,30,30,30,30,30,30,30,30,30 -> output: 0
input: 31 -> message: 12,30,30,34,4,12,30,30,30,30,30,30,30,30,30,30,30,30,30,30,30,30,30,30,30,30,30,30,30,30 -> output: 0
input: 32 -> message: 4,12,30,6,12,30,30,30,30,30,30,30,30,30,30,30,30,30,30,30,30,30,30,30,30,30,30,30,30,30 -> output: 0
input: 33 -> message: 12,30,29,33,12,30,30,30,30,30,30,30,30,30,30,30,30,30,30,30,30,30,30,30,30,30,30,30,30,30 -> output: 0
input: 34 -> message: 12,30,30,30,34,30,30,30,30,30,30,30,30,30,30,30,30,30,30,30,30,30,30,30,30,30,30,30,30,30 -> output: 0
input: 35 -> message: 30,29,12,30,30,30,30,30,30,30,30,30,30,30,30,30,30,30,30,30,30,30,30,30,30,30,30,30,30,30 -> output: 0
input: 36 -> message: 4,12,30,6,12,30,30,30,30,30,30,30,30,30,30,30,30,30,30,30,30,30,30,30,30,30,30,30,30,30 -> output: 0
input: 37 -> message: 12,30,29,33,12,30,30,30,30,30,30,30,30,30,30,30,30,30,30,30,30,30,30,30,30,30,30,30,30,30 -> output: 0
input: 38 -> message: 28,0 -> output: 0
input: 39 -> message: 12,30,30,30,34,30,30,30,30,30,30,30,30,30,30,30,30,30,30,30,30,30,30,30,30,30,30,30,30,30 -> output: 0
input: 40 -> message: 12,30,30,30,34,30,30,30,30,30,30,30,30,30,30,30,30,30,30,30,30,30,30,30,30,30,30,30,30,30 -> output: 0
input: 41 -> message: 28,0 -> output: 0
input: 42 -> message: 30,34,4,12,30,30,30,30,30,30,30,30,30,30,30,30,30,30,30,30,30,30,30,30,30,30,30,30,30,30 -> output: 0
input: 43 -> message: 12,30,29,33,12,30,30,30,30,30,30,30,30,30,30,30,30,30,30,30,30,30,30,30,30,30,30,30,30,30 -> output: 0
input: 44 -> message: 33,12,28,30,30,30,30,30,30,30,30,30,30,30,30,30,30,30,30,30,30,30,30,30,30,30,30,30,30,30 -> output: 0
input: 45 -> message: 4,12,30,30,30,30,30,30,30,30,30,30,30,30,30,30,30,30,30,30,34,30,30,30,30,30,30,30,30,30 -> output: 0
input: 46 -> message: 12,30,30,29,12,30,30,30,30,30,30,30,30,30,30,30,30,30,30,30,30,30,30,30,30,30,30,30,30,30 -> output: 0
input: 47 -> message: 4,12,30,6,12,30,30,30,30,30,30,30,30,30,30,30,30,30,30,30,30,30,30,30,30,30,30,30,30,30 -> output: 0
input: 48 -> message: 28,30,30,30,30,30,30,12,30,30,30,30,30,30,30,30,30,30,30,30,30,30,30,30,30,30,30,30,30,30 -> output: 0
input: 49 -> message: 4,12,6,12,30,30,30,30,30,30,30,30,30,30,30,30,30,30,30,30,30,30,30,30,30,30,30,30,30,30 -> output: 0
input: 50 -> message: 33,12,6,12,30,30,30,30,30,30,30,30,30,30,30,30,30,30,30,30,30,30,30,30,30,30,30,30,30,30 -> output: 0
input: 51 -> message: 12,25,30,30,30,30,30,30,30,30,30,30,30,30,30,30,30,30,30,30,30,30,30,30,30,30,30,30,30,30 -> output: 0
input: 52 -> message: 12,25,30,30,30,30,30,30,30,30,30,30,30,30,30,30,30,30,30,30,30,30,30,30,30,30,30,30,30,30 -> output: 0
input: 53 -> message: 12,30,30,30,34,4,12,30,30,30,30,30,30,30,30,30,30,30,30,30,30,30,30,30,30,30,30,30,30,30 -> output: 0
input: 54 -> message: 4,12,30,6,12,30,30,30,30,30,30,30,30,30,30,30,30,30,30,30,30,30,30,30,30,30,30,30,30,30 -> output: 0
input: 55 -> message: 12,30,30,34,30,30,30,30,30,30,30,30,30,30,30,30,30,30,30,30,30,30,30,30,30,30,30,30,30,30 -> output: 0
input: 56 -> message: 12,30,30,34,4,12,30,30,30,30,30,30,30,30,30,30,30,30,30,30,30,30,30,30,30,30,30,30,30,30 -> output: 0
input: 57 -> message: 4,12,30,6,12,30,30,30,30,30,30,30,30,30,30,30,30,30,30,30,30,30,30,30,30,30,30,30,30,30 -> output: 0
input: 58 -> message: 12,30,30,30,30,30,30,12,30,30,30,30,30,30,30,30,30,30,30,30,30,30,30,30,30,30,30,30,30,30 -> output: 0
input: 59 -> message: 4,12,30,6,12,30,30,30,30,30,30,30,30,30,30,30,30,30,30,30,30,30,30,30,30,30,30,30,30,30 -> output: 0
input: 60 -> message: 4,12,30,6,12,30,30,30,30,30,30,30,30,30,30,30,30,30,30,30,30,30,30,30,30,30,30,30,30,30 -> output: 0
input: 61 -> message: 4,12,30,6,12,30,30,30,30,30,30,30,30,30,30,30,30,30,30,30,30,30,30,30,30,30,30,30,30,30 -> output: 0
input: 62 -> message: 4,12,30,6,12,30,30,30,30,30,30,30,30,30,30,30,30,30,30,30,30,30,30,30,30,30,30,30,30,30 -> output: 0
input: 63 -> message: 12,30,30,34,4,12,30,30,30,30,30,30,30,30,30,30,30,30,30,30,30,30,30,30,30,30,30,30,30,30 -> output: 0
input: 64 -> message: 12,30,30,30,34,30,30,30,30,30,30,30,30,30,30,30,30,30,30,30,30,30,30,30,30,30,30,30,30,30 -> output: 0
input: 65 -> message: 4,12,30,6,12,30,30,30,30,30,30,30,30,30,30,30,30,30,30,30,30,30,30,30,30,30,30,30,30,30 -> output: 0
input: 66 -> message: 12,30,30,30,34,30,30,30,30,30,30,30,30,30,30,30,30,30,30,30,30,30,30,30,30,30,30,30,30,30 -> output: 0
input: 67 -> message: 33,12,28,30,30,30,30,30,30,30,30,30,30,30,30,30,30,30,30,30,30,30,30,30,30,30,30,30,30,30 -> output: 0
input: 68 -> message: 33,12,6,12,30,30,30,30,30,30,30,30,30,30,30,30,30,30,30,30,30,30,30,30,30,30,30,30,30,30 -> output: 0
input: 69 -> message: 28,30,30,34,4,30,30,30,30,30,30,30,30,30,30,30,30,30,30,30,30,30,30,30,30,30,30,30,30,30 -> output: 0
input: 70 -> message: 12,30,30,34,4,30,30,30,30,30,30,30,30,30,30,30,30,30,30,30,30,30,30,30,30,30,30,30,30,30 -> output: 0
input: 71 -> message: 4,12,30,6,12,30,30,30,30,30,30,30,30,30,30,30,30,30,30,30,30,30,30,30,30,30,30,30,30,30 -> output: 0
input: 72 -> message: 33,12,6,12,30,30,30,30,30,30,30,30,30,30,30,30,30,30,30,30,30,30,30,30,30,30,30,30,30,30 -> output: 0
input: 73 -> message: 12,30,30,29,33,12,30,30,30,30,30,30,30,30,30,30,30,30,30,30,30,30,30,30,30,30,30,30,30,30 -> output: 0
input: 74 -> message: 12,30,30,30,34,4,12,30,30,30,30,30,30,30,30,30,30,30,30,30,30,30,30,30,30,30,30,30,30,30 -> output: 0
input: 75 -> message: 4,12,30,6,12,30,30,30,30,30,30,30,30,30,30,30,30,30,30,30,30,30,30,30,30,30,30,30,30,30 -> output: 0
input: 76 -> message: 12,30,30,34,4,12,30,30,30,30,30,30,30,30,30,30,30,30,30,30,30,30,30,30,30,30,30,30,30,30 -> output: 0
input: 77 -> message: 30,29,12,30,30,30,30,30,30,30,30,30,30,30,30,30,30,30,30,30,30,30,30,30,30,30,30,30,30,30 -> output: 0
input: 78 -> message: 12,30,30,30,34,30,30,30,30,30,30,30,30,30,30,30,30,30,30,30,30,30,30,30,30,30,30,30,30,30 -> output: 0
input: 79 -> message: 12,30,30,34,4,12,30,30,30,30,30,30,30,30,30,30,30,30,30,30,30,30,30,30,30,30,30,30,30,30 -> output: 0
input: 80 -> message: 4,12,30,6,12,30,30,30,30,30,30,30,30,30,30,30,30,30,30,30,30,30,30,30,30,30,30,30,30,30 -> output: 0
input: 81 -> message: 28,30,30,30,34,30,30,30,30,30,30,30,30,30,30,30,30,30,30,30,30,30,30,30,30,30,30,30,30,30 -> output: 0
input: 82 -> message: 12,30,30,30,34,30,30,30,30,30,30,30,30,30,30,30,30,30,30,30,30,30,30,30,30,30,30,30,30,30 -> output: 0
input: 83 -> message: 12,30,30,34,30,30,30,30,30,30,30,30,30,30,30,30,30,30,30,30,30,30,30,30,30,30,30,30,30,30 -> output: 0
input: 84 -> message: 4,12,33,12,30,30,30,30,30,30,30,30,30,30,30,30,30,30,30,30,30,30,30,30,30,30,30,30,30,30 -> output: 0
input: 85 -> message: 28,30,30,30,30,30,30,12,30,30,30,30,30,30,30,30,30,30,30,30,30,30,30,30,30,30,30,30,30,30 -> output: 0
input: 86 -> message: 30,29,6,12,12,30,30,30,30,30,30,30,30,30,30,30,30,30,30,30,30,30,30,30,30,30,30,30,30,30 -> output: 0
input: 87 -> message: 4,12,6,12,30,30,30,30,30,30,30,30,30,30,30,30,30,30,30,30,30,30,30,30,30,30,30,30,30,30 -> output: 0
input: 88 -> message: 12,30,30,34,4,30,30,30,30,30,30,30,30,30,30,30,30,30,30,30,30,30,30,30,30,30,30,30,30,30 -> output: 0
input: 89 -> message: 33,12,28,30,30,30,30,30,30,30,30,30,30,30,30,30,30,30,30,30,30,30,30,30,30,30,30,30,30,30 -> output: 0
input: 90 -> message: 28,30,30,34,4,30,30,30,30,30,30,30,30,30,30,30,30,30,30,30,30,30,30,30,30,30,30,30,30,30 -> output: 0
input: 91 -> message: 33,12,6,12,30,30,30,30,30,30,30,30,30,30,30,30,30,30,30,30,30,30,30,30,30,30,30,30,30,30 -> output: 0
input: 92 -> message: 12,30,30,34,4,12,30,30,30,30,30,30,30,30,30,30,30,30,30,30,30,30,30,30,30,30,30,30,30,30 -> output: 0
input: 93 -> message: 4,12,30,6,12,30,30,30,30,30,30,30,30,30,30,30,30,30,30,30,30,30,30,30,30,30,30,30,30,30 -> output: 0
input: 94 -> message: 4,12,30,6,12,30,30,30,30,30,30,30,30,30,30,30,30,30,30,30,30,30,30,30,30,30,30,30,30,30 -> output: 0
input: 95 -> message: 4,12,6,12,30,30,30,30,30,30,30,30,30,30,30,30,30,30,30,30,30,30,30,30,30,30,30,30,30,30 -> output: 0
input: 96 -> message: 33,12,28,30,30,30,30,30,30,30,30,30,30,30,30,30,30,30,30,30,30,30,30,30,30,30,30,30,30,30 -> output: 0
input: 97 -> message: 12,30,30,30,34,30,30,30,30,30,30,30,30,30,30,30,30,30,30,30,30,30,30,30,30,30,30,30,30,30 -> output: 0
input: 98 -> message: 4,12,30,6,12,30,30,30,30,30,30,30,30,30,30,30,30,30,30,30,30,30,30,30,30,30,30,30,30,30 -> output: 0
input: 99 -> message: 30,29,12,33,12,30,30,30,30,30,30,30,30,30,30,30,30,30,30,30,30,30,30,30,30,30,30,30,30,30 -> output: 0
input: 100 -> message: 12,30,30,34,4,30,30,30,30,30,30,30,30,30,30,30,30,30,30,30,30,30,30,30,30,30,30,30,30,30 -> output: 0
input: 101 -> message: 12,30,30,30,34,30,30,30,30,30,30,30,30,30,30,30,30,30,30,30,30,30,30,30,30,30,30,30,30,30 -> output: 0
input: 102 -> message: 4,12,30,6,12,30,30,30,30,30,30,30,30,30,30,30,30,30,30,30,30,30,30,30,30,30,30,30,30,30 -> output: 0
input: 103 -> message: 29,12,30,30,30,30,30,30,30,30,30,30,30,30,30,30,30,30,30,30,30,30,30,30,30,30,30,30,30,30 -> output: 0
input: 104 -> message: 12,30,30,34,4,12,30,30,30,30,30,30,30,30,30,30,30,30,30,30,30,30,30,30,30,30,30,30,30,30 -> output: 0
input: 105 -> message: 12,30,30,34,4,12,30,30,30,30,30,30,30,30,30,30,30,30,30,30,30,30,30,30,30,30,30,30,30,30 -> output: 0
input: 106 -> message: 28,0 -> output: 0
input: 107 -> message: 33,12,6,12,30,30,30,30,30,30,30,30,30,30,30,30,30,30,30,30,30,30,30,30,30,30,30,30,30,30 -> output: 0
input: 108 -> message: 12,30,30,30,34,30,30,30,30,30,30,30,30,30,30,30,30,30,30,30,30,30,30,30,30,30,30,30,30,30 -> output: 0
input: 109 -> message: 29,12,30,30,30,30,30,30,30,30,30,30,30,30,30,30,30,30,30,30,30,30,30,30,30,30,30,30,30,30 -> output: 0
input: 110 -> message: 28,30,30,34,4,30,30,30,30,30,30,30,30,30,30,30,30,30,30,30,30,30,30,30,30,30,30,30,30,30 -> output: 0
input: 111 -> message: 4,12,30,6,12,30,30,30,30,30,30,30,30,30,30,30,30,30,30,30,30,30,30,30,30,30,30,30,30,30 -> output: 0
input: 112 -> message: 30,34,4,12,30,30,30,30,30,30,30,30,30,30,30,30,30,30,30,30,30,30,30,30,30,30,30,30,30,30 -> output: 0
input: 113 -> message: 12,30,30,29,33,12,30,30,30,30,30,30,30,30,30,30,30,30,30,30,30,30,30,30,30,30,30,30,30,30 -> output: 0
input: 114 -> message: 4,12,30,6,12,30,30,30,30,30,30,30,30,30,30,30,30,30,30,30,30,30,30,30,30,30,30,30,30,30 -> output: 0
input: 115 -> message: 12,30,30,30,34,30,30,30,30,30,30,30,30,30,30,30,30,30,30,30,30,30,30,30,30,30,30,30,30,30 -> output: 0
input: 116 -> message: 33,12,28,30,30,30,30,30,30,30,30,30,30,30,30,30,30,30,30,30,30,30,30,30,30,30,30,30,30,30 -> output: 0
input: 117 -> message: 33,12,6,12,30,30,30,30,30,30,30,30,30,30,30,30,30,30,30,30,30,30,30,30,30,30,30,30,30,30 -> output: 0
input: 118 -> message: 4,12,30,6,12,30,30,30,30,30,30,30,30,30,30,30,30,30,30,30,30,30,30,30,30,30,30,30,30,30 -> output: 0
input: 119 -> message: 12,30,29,33,12,30,30,30,30,30,30,30,30,30,30,30,30,30,30,30,30,30,30,30,30,30,30,30,30,30 -> output: 0
input: 120 -> message: 28,0 -> output: 0
input: 121 -> message: 12,30,30,30,34,30,30,30,30,30,30,30,30,30,30,30,30,30,30,30,30,30,30,30,30,30,30,30,30,30 -> output: 0
input: 122 -> message: 12,30,30,30,34,30,30,30,30,30,30,30,30,30,30,30,30,30,30,30,30,30,30,30,30,30,30,30,30,30 -> output: 0
input: 123 -> message: 28,0 -> output: 0
input: 124 -> message: 12,30,30,30,30,30,30,12,30,30,30,30,30,30,30,30,30,30,30,30,30,30,30,30,30,30,30,30,30,30 -> output: 0
input: 125 -> message: 33,12,28,30,30,30,30,30,30,30,30,30,30,30,30,30,30,30,30,30,30,30,30,30,30,30,30,30,30,30 -> output: 0
input: 126 -> message: 12,30,30,30,34,30,30,30,30,30,30,30,30,30,30,30,30,30,30,30,30,30,30,30,30,30,30,30,30,30 -> output: 0
input: 127 -> message: 12,30,29,33,12,30,30,30,30,30,30,30,30,30,30,30,30,30,30,30,30,30,30,30,30,30,30,30,30,30 -> output: 0
input: 128 -> message: 4,12,30,6,12,30,30,30,30,30,30,30,30,30,30,30,30,30,30,30,30,30,30,30,30,30,30,30,30,30 -> output: 0
input: 129 -> message: 12,30,29,33,12,30,30,30,30,30,30,30,30,30,30,30,30,30,30,30,30,30,30,30,30,30,30,30,30,30 -> output: 0
input: 130 -> message: 29,12,33,12,30,30,30,30,30,30,30,30,30,30,30,30,30,30,30,30,30,30,30,30,30,30,30,30,30,30 -> output: 0
input: 131 -> message: 33,12,6,12,30,30,30,30,30,30,30,30,30,30,30,30,30,30,30,30,30,30,30,30,30,30,30,30,30,30 -> output: 0
input: 132 -> message: 12,30,30,30,34,30,30,30,30,30,30,30,30,30,30,30,30,30,30,30,30,30,30,30,30,30,30,30,30,30 -> output: 0
input: 133 -> message: 12,30,30,34,4,30,30,30,30,30,30,30,30,30,30,30,30,30,30,30,30,30,30,30,30,30,30,30,30,30 -> output: 0
input: 134 -> message: 33,12,6,12,30,30,30,30,30,30,30,30,30,30,30,30,30,30,30,30,30,30,30,30,30,30,30,30,30,30 -> output: 0
input: 135 -> message: 33,12,6,12,30,30,30,30,30,30,30,30,30,30,30,30,30,30,30,30,30,30,30,30,30,30,30,30,30,30 -> output: 0
input: 136 -> message: 12,30,30,34,4,30,30,30,30,30,30,30,30,30,30,30,30,30,30,30,30,30,30,30,30,30,30,30,30,30 -> output: 0
input: 137 -> message: 4,12,30,6,12,30,30,30,30,30,30,30,30,30,30,30,30,30,30,30,30,30,30,30,30,30,30,30,30,30 -> output: 0
input: 138 -> message: 4,12,30,6,12,30,30,30,30,30,30,30,30,30,30,30,30,30,30,30,30,30,30,30,30,30,30,30,30,30 -> output: 0
input: 139 -> message: 12,30,30,30,34,30,30,30,30,30,30,30,30,30,30,30,30,30,30,30,30,30,30,30,30,30,30,30,30,30 -> output: 0
input: 140 -> message: 12,30,30,29,33,12,30,30,30,30,30,30,30,30,30,30,30,30,30,30,30,30,30,30,30,30,30,30,30,30 -> output: 0
input: 141 -> message: 12,30,30,34,4,12,30,30,30,30,30,30,30,30,30,30,30,30,30,30,30,30,30,30,30,30,30,30,30,30 -> output: 0
input: 142 -> message: 28,30,30,30,30,30,30,12,30,30,30,30,30,30,30,30,30,30,30,30,30,30,30,30,30,30,30,30,30,30 -> output: 0
input: 143 -> message: 4,12,30,6,12,30,30,30,30,30,30,30,30,30,30,30,30,30,30,30,30,30,30,30,30,30,30,30,30,30 -> output: 0
input: 144 -> message: 12,30,30,30,34,30,30,30,30,30,30,30,30,30,30,30,30,30,30,30,30,30,30,30,30,30,30,30,30,30 -> output: 0
input: 145 -> message: 33,12,6,12,30,30,30,30,30,30,30,30,30,30,30,30,30,30,30,30,30,30,30,30,30,30,30,30,30,30 -> output: 0
input: 146 -> message: 4,12,30,6,12,30,30,30,30,30,30,30,30,30,30,30,30,30,30,30,30,30,30,30,30,30,30,30,30,30 -> output: 0
input: 147 -> message: 4,12,30,6,12,30,30,30,30,30,30,30,30,30,30,30,30,30,30,30,30,30,30,30,30,30,30,30,30,30 -> output: 0
input: 148 -> message: 28,0 -> output: 0
input: 149 -> message: 4,12,30,6,12,30,30,30,30,30,30,30,30,30,30,30,30,30,30,30,30,30,30,30,30,30,30,30,30,30 -> output: 0
input: 150 -> message: 33,12,6,12,30,30,30,30,30,30,30,30,30,30,30,30,30,30,30,30,30,30,30,30,30,30,30,30,30,30 -> output: 0
input: 151 -> message: 28,30,30,30,30,30,30,12,30,30,30,30,30,30,30,30,30,30,30,30,30,30,30,30,30,30,30,30,30,30 -> output: 0
input: 152 -> message: 33,12,6,12,30,30,30,30,30,30,30,30,30,30,30,30,30,30,30,30,30,30,30,30,30,30,30,30,30,30 -> output: 0
input: 153 -> message: 12,30,30,29,12,30,30,30,30,30,30,30,30,30,30,30,30,30,30,30,30,30,30,30,30,30,30,30,30,30 -> output: 0
input: 154 -> message: 12,30,30,30,34,30,30,30,30,30,30,30,30,30,30,30,30,30,30,30,30,30,30,30,30,30,30,30,30,30 -> output: 0
input: 155 -> message: 33,12,6,12,30,30,30,30,30,30,30,30,30,30,30,30,30,30,30,30,30,30,30,30,30,30,30,30,30,30 -> output: 0
input: 156 -> message: 33,12,6,12,30,30,30,30,30,30,30,30,30,30,30,30,30,30,30,30,30,30,30,30,30,30,30,30,30,30 -> output: 0
input: 157 -> message: 33,12,6,12,30,30,30,30,30,30,30,30,30,30,30,30,30,30,30,30,30,30,30,30,30,30,30,30,30,30 -> output: 0
input: 158 -> message: 12,30,29,33,12,30,30,30,30,30,30,30,30,30,30,30,30,30,30,30,30,30,30,30,30,30,30,30,30,30 -> output: 0
input: 159 -> message: 12,30,29,33,12,30,30,30,30,30,30,30,30,30,30,30,30,30,30,30,30,30,30,30,30,30,30,30,30,30 -> output: 0
input: 160 -> message: 12,30,30,30,34,30,30,30,30,30,30,30,30,30,30,30,30,30,30,30,30,30,30,30,30,30,30,30,30,30 -> output: 0
input: 161 -> message: 28,30,30,34,4,30,30,30,30,30,30,30,30,30,30,30,30,30,30,30,30,30,30,30,30,30,30,30,30,30 -> output: 0
input: 162 -> message: 12,30,30,30,30,30,30,12,30,30,30,30,30,30,30,30,30,30,30,30,30,30,30,30,30,30,30,30,30,30 -> output: 0
input: 163 -> message: 12,30,30,30,34,30,30,30,30,30,30,30,30,30,30,30,30,30,30,30,30,30,30,30,30,30,30,30,30,30 -> output: 0
input: 164 -> message: 12,30,30,34,30,30,30,30,30,30,30,30,30,30,30,30,30,30,30,30,30,30,30,30,30,30,30,30,30,30 -> output: 0
input: 165 -> message: 12,30,30,29,33,12,30,30,30,30,30,30,30,30,30,30,30,30,30,30,30,30,30,30,30,30,30,30,30,30 -> output: 0
input: 166 -> message: 33,12,6,12,30,30,30,30,30,30,30,30,30,30,30,30,30,30,30,30,30,30,30,30,30,30,30,30,30,30 -> output: 0
input: 167 -> message: 12,30,30,30,34,30,30,30,30,30,30,30,30,30,30,30,30,30,30,30,30,30,30,30,30,30,30,30,30,30 -> output: 0
input: 168 -> message: 4,12,30,6,12,30,30,30,30,30,30,30,30,30,30,30,30,30,30,30,30,30,30,30,30,30,30,30,30,30 -> output: 0
input: 169 -> message: 12,30,30,30,34,30,30,30,30,30,30,30,30,30,30,30,30,30,30,30,30,30,30,30,30,30,30,30,30,30 -> output: 0
input: 170 -> message: 28,0 -> output: 0
input: 171 -> message: 33,12,6,12,30,30,30,30,30,30,30,30,30,30,30,30,30,30,30,30,30,30,30,30,30,30,30,30,30,30 -> output: 0
input: 172 -> message: 33,12,6,12,30,30,30,30,30,30,30,30,30,30,30,30,30,30,30,30,30,30,30,30,30,30,30,30,30,30 -> output: 0
input: 173 -> message: 12,30,30,30,34,30,30,30,30,30,30,30,30,30,30,30,30,30,30,30,30,30,30,30,30,30,30,30,30,30 -> output: 0
input: 174 -> message: 33,12,6,12,30,30,30,30,30,30,30,30,30,30,30,30,30,30,30,30,30,30,30,30,30,30,30,30,30,30 -> output: 0
input: 175 -> message: 12,30,29,33,12,30,30,30,30,30,30,30,30,30,30,30,30,30,30,30,30,30,30,30,30,30,30,30,30,30 -> output: 0
input: 176 -> message: 12,30,30,34,30,30,30,30,30,30,30,30,30,30,30,30,30,30,30,30,30,30,30,30,30,30,30,30,30,30 -> output: 0
input: 177 -> message: 28,0 -> output: 0
input: 178 -> message: 33,12,6,12,30,30,30,30,30,30,30,30,30,30,30,30,30,30,30,30,30,30,30,30,30,30,30,30,30,30 -> output: 0
input: 179 -> message: 28,0 -> output: 0
input: 180 -> message: 28,0 -> output: 0
input: 181 -> message: 4,12,30,6,12,30,30,30,30,30,30,30,30,30,30,30,30,30,30,30,30,30,30,30,30,30,30,30,30,30 -> output: 0
input: 182 -> message: 28,0 -> output: 0
input: 183 -> message: 29,12,30,30,30,30,30,30,30,30,30,30,30,30,30,30,30,30,30,30,30,30,30,30,30,30,30,30,30,30 -> output: 0
input: 184 -> message: 12,30,30,30,34,30,30,30,30,30,30,30,30,30,30,30,30,30,30,30,30,30,30,30,30,30,30,30,30,30 -> output: 0
input: 185 -> message: 4,12,30,6,12,30,30,30,30,30,30,30,30,30,30,30,30,30,30,30,30,30,30,30,30,30,30,30,30,30 -> output: 0
input: 186 -> message: 12,30,30,30,30,30,30,30,12,30,30,30,30,30,30,30,30,30,30,30,30,30,30,30,30,30,30,30,30,30 -> output: 0
input: 187 -> message: 12,30,30,30,34,30,30,30,30,30,30,30,30,30,30,30,30,30,30,30,30,30,30,30,30,30,30,30,30,30 -> output: 0
input: 188 -> message: 12,30,29,33,12,30,30,30,30,30,30,30,30,30,30,30,30,30,30,30,30,30,30,30,30,30,30,30,30,30 -> output: 0
input: 189 -> message: 4,12,30,6,12,30,30,30,30,30,30,30,30,30,30,30,30,30,30,30,30,30,30,30,30,30,30,30,30,30 -> output: 0
input: 190 -> message: 33,12,6,12,30,30,30,30,30,30,30,30,30,30,30,30,30,30,30,30,30,30,30,30,30,30,30,30,30,30 -> output: 0
input: 191 -> message: 28,0 -> output: 0
input: 192 -> message: 33,12,6,12,30,30,30,30,30,30,30,30,30,30,30,30,30,30,30,30,30,30,30,30,30,30,30,30,30,30 -> output: 0
input: 193 -> message: 12,30,30,30,34,30,30,30,30,30,30,30,30,30,30,30,30,30,30,30,30,30,30,30,30,30,30,30,30,30 -> output: 0
input: 194 -> message: 12,30,30,30,34,30,30,30,30,30,30,30,30,30,30,30,30,30,30,30,30,30,30,30,30,30,30,30,30,30 -> output: 0
input: 195 -> message: 12,30,30,30,34,30,30,30,30,30,30,30,30,30,30,30,30,30,30,30,30,30,30,30,30,30,30,30,30,30 -> output: 0
input: 196 -> message: 33,12,6,12,30,30,30,30,30,30,30,30,30,30,30,30,30,30,30,30,30,30,30,30,30,30,30,30,30,30 -> output: 0
input: 197 -> message: 12,30,30,34,4,12,30,30,30,30,30,30,30,30,30,30,30,30,30,30,30,30,30,30,30,30,30,30,30,30 -> output: 0
input: 198 -> message: 28,0 -> output: 0
input: 199 -> message: 4,12,30,30,30,30,30,30,30,30,30,30,30,30,30,30,30,30,30,30,30,30,30,30,30,30,30,30,30,30 -> output: 0
input: 200 -> message: 29,12,30,30,30,30,30,30,30,30,30,30,30,30,30,30,30,30,30,30,30,30,30,30,30,30,30,30,30,30 -> output: 0
input: 201 -> message: 12,30,30,34,4,30,30,30,30,30,30,30,30,30,30,30,30,30,30,30,30,30,30,30,30,30,30,30,30,30 -> output: 0
input: 202 -> message: 33,12,6,12,30,30,30,30,30,30,30,30,30,30,30,30,30,30,30,30,30,30,30,30,30,30,30,30,30,30 -> output: 0
input: 203 -> message: 4,12,30,6,12,30,30,30,30,30,30,30,30,30,30,30,30,30,30,30,30,30,30,30,30,30,30,30,30,30 -> output: 0
input: 204 -> message: 4,12,30,6,12,30,30,30,30,30,30,30,30,30,30,30,30,30,30,30,30,30,30,30,30,30,30,30,30,30 -> output: 0
input: 205 -> message: 28,0 -> output: 0
input: 206 -> message: 33,12,28,30,30,30,30,30,30,30,30,30,30,30,30,30,30,30,30,30,30,30,30,30,30,30,30,30,30,30 -> output: 0
input: 207 -> message: 4,12,30,6,12,30,30,30,30,30,30,30,30,30,30,30,30,30,30,30,30,30,30,30,30,30,30,30,30,30 -> output: 0
input: 208 -> message: 12,30,30,30,34,30,30,30,30,30,30,30,30,30,30,30,30,30,30,30,30,30,30,30,30,30,30,30,30,30 -> output: 0
input: 209 -> message: 30,29,12,30,30,30,30,30,30,30,30,30,30,30,30,30,30,30,30,30,30,30,30,30,30,30,30,30,30,30 -> output: 0
input: 210 -> message: 4,12,30,6,12,30,30,30,30,30,30,30,30,30,30,30,30,30,30,30,30,30,30,30,30,30,30,30,30,30 -> output: 0
input: 211 -> message: 12,30,30,30,34,30,30,30,30,30,30,30,30,30,30,30,30,30,30,30,30,30,30,30,30,30,30,30,30,30 -> output: 0
input: 212 -> message: 4,12,30,6,12,30,30,30,30,30,30,30,30,30,30,30,30,30,30,30,30,30,30,30,30,30,30,30,30,30 -> output: 0
input: 213 -> message: 12,30,30,30,30,30,30,12,30,30,30,30,30,30,30,30,30,30,30,30,30,30,30,30,30,30,30,30,30,30 -> output: 0
input: 214 -> message: 12,30,30,30,34,30,30,30,30,30,30,30,30,30,30,30,30,30,30,30,30,30,30,30,30,30,30,30,30,30 -> output: 0
input: 215 -> message: 33,12,6,12,30,30,30,30,30,30,30,30,30,30,30,30,30,30,30,30,30,30,30,30,30,30,30,30,30,30 -> output: 0
input: 216 -> message: 28,30,30,30,30,30,30,12,30,30,30,30,30,30,30,30,30,30,30,30,30,30,30,30,30,30,30,30,30,30 -> output: 0
input: 217 -> message: 12,30,30,30,34,30,30,30,30,30,30,30,30,30,30,30,30,30,30,30,30,30,30,30,30,30,30,30,30,30 -> output: 0
input: 218 -> message: 4,12,30,6,12,30,30,30,30,30,30,30,30,30,30,30,30,30,30,30,30,30,30,30,30,30,30,30,30,30 -> output: 0
input: 219 -> message: 12,30,29,33,12,30,30,30,30,30,30,30,30,30,30,30,30,30,30,30,30,30,30,30,30,30,30,30,30,30 -> output: 0
input: 220 -> message: 28,0 -> output: 0
input: 221 -> message: 33,12,6,12,30,30,30,30,30,30,30,30,30,30,30,30,30,30,30,30,30,30,30,30,30,30,30,30,30,30 -> output: 0
input: 222 -> message: 12,30,30,34,4,30,30,30,30,30,30,30,30,30,30,30,30,30,30,30,30,30,30,30,30,30,30,30,30,30 -> output: 0
input: 223 -> message: 12,30,30,34,30,30,30,30,30,30,30,30,30,30,30,30,30,30,30,30,30,30,30,30,30,30,30,30,30,30 -> output: 0
input: 224 -> message: 12,30,29,33,12,30,30,30,30,30,30,30,30,30,30,30,30,30,30,30,30,30,30,30,30,30,30,30,30,30 -> output: 0
input: 225 -> message: 4,12,30,6,12,30,30,30,30,30,30,30,30,30,30,30,30,30,30,30,30,30,30,30,30,30,30,30,30,30 -> output: 0
input: 226 -> message: 12,30,30,34,30,30,30,30,30,30,30,30,30,30,30,30,30,30,30,30,30,30,30,30,30,30,30,30,30,30 -> output: 0
input: 227 -> message: 4,12,30,6,12,30,30,30,30,30,30,30,30,30,30,30,30,30,30,30,30,30,30,30,30,30,30,30,30,30 -> output: 0
input: 228 -> message: 12,30,30,34,4,12,30,30,30,30,30,30,30,30,30,30,30,30,30,30,30,30,30,30,30,30,30,30,30,30 -> output: 0
input: 229 -> message: 4,12,30,6,12,30,30,30,30,30,30,30,30,30,30,30,30,30,30,30,30,30,30,30,30,30,30,30,30,30 -> output: 0
input: 230 -> message: 4,12,30,6,12,30,30,30,30,30,30,30,30,30,30,30,30,30,30,30,30,30,30,30,30,30,30,30,30,30 -> output: 0
input: 231 -> message: 12,30,30,30,34,30,30,30,30,30,30,30,30,30,30,30,30,30,30,30,30,30,30,30,30,30,30,30,30,30 -> output: 0
input: 232 -> message: 12,30,30,34,4,12,30,30,30,30,30,30,30,30,30,30,30,30,30,30,30,30,30,30,30,30,30,30,30,30 -> output: 0
input: 233 -> message: 12,30,29,33,12,30,30,30,30,30,30,30,30,30,30,30,30,30,30,30,30,30,30,30,30,30,30,30,30,30 -> output: 0
input: 234 -> message: 33,12,28,30,30,30,30,30,30,30,12,30,30,30,30,30,30,30,30,30,30,30,30,30,30,30,30,30,30,30 -> output: 0
input: 235 -> message: 4,12,30,6,12,30,30,30,30,30,30,30,30,30,30,30,30,30,30,30,30,30,30,30,30,30,30,30,30,30 -> output: 0
input: 236 -> message: 30,29,12,33,12,30,30,30,30,30,30,30,30,30,30,30,30,30,30,30,30,30,30,30,30,30,30,30,30,30 -> output: 0
input: 237 -> message: 12,25,30,30,30,30,30,30,30,30,30,30,30,30,30,30,30,30,30,30,30,30,30,30,30,30,30,30,30,30 -> output: 0
input: 238 -> message: 12,30,30,30,34,30,30,30,30,30,30,30,30,30,30,30,30,30,30,30,30,30,30,30,30,30,30,30,30,30 -> output: 0
input: 239 -> message: 12,30,30,30,34,30,30,30,30,30,30,30,30,30,30,30,30,30,30,30,30,30,30,30,30,30,30,30,30,30 -> output: 0
input: 240 -> message: 12,30,30,30,34,30,30,30,30,30,30,30,30,30,30,30,30,30,30,30,30,30,30,30,30,30,30,30,30,30 -> output: 0
input: 241 -> message: 4,12,30,6,12,30,30,30,30,30,30,30,30,30,30,30,30,30,30,30,30,30,30,30,30,30,30,30,30,30 -> output: 0
input: 242 -> message: 28,0 -> output: 0
input: 243 -> message: 33,12,6,12,30,30,30,30,30,30,30,30,30,30,30,30,30,30,30,30,30,30,30,30,30,30,30,30,30,30 -> output: 0
input: 244 -> message: 33,12,6,12,30,30,30,30,30,30,30,30,30,30,30,30,30,30,30,30,30,30,30,30,30,30,30,30,30,30 -> output: 0
input: 245 -> message: 4,12,30,6,12,30,30,30,30,30,30,30,30,30,30,30,30,30,30,30,30,30,30,30,30,30,30,30,30,30 -> output: 0
input: 246 -> message: 12,30,30,30,30,30,30,12,30,30,30,30,30,30,30,30,30,30,30,30,30,30,30,30,30,30,30,30,30,30 -> output: 0
input: 247 -> message: 12,30,30,29,33,12,30,30,30,30,30,30,30,30,30,30,30,30,30,30,30,30,30,30,30,30,30,30,30,30 -> output: 0
input: 248 -> message: 12,30,29,33,12,30,30,30,30,30,30,30,30,30,30,30,30,30,30,30,30,30,30,30,30,30,30,30,30,30 -> output: 0
input: 249 -> message: 12,30,30,34,4,30,30,30,30,30,30,30,30,30,30,30,30,30,30,30,30,30,30,30,30,30,30,30,30,30 -> output: 0
input: 250 -> message: 12,30,30,30,34,30,30,30,30,30,30,30,30,30,30,30,30,30,30,30,30,30,30,30,30,30,30,30,30,30 -> output: 0
input: 251 -> message: 12,30,29,33,12,30,30,30,30,30,30,30,30,30,30,30,30,30,30,30,30,30,30,30,30,30,30,30,30,30 -> output: 0
input: 252 -> message: 4,12,30,6,12,30,30,30,30,30,30,30,30,30,30,30,30,30,30,30,30,30,30,30,30,30,30,30,30,30 -> output: 0
input: 253 -> message: 12,30,30,29,33,12,30,30,30,30,30,30,30,30,30,30,30,30,30,30,30,30,30,30,30,30,30,30,30,30 -> output: 0
input: 254 -> message: 4,12,6,12,30,30,30,30,30,30,30,30,30,30,30,30,30,30,30,30,30,30,30,30,30,30,30,30,30,30 -> output: 0
input: 255 -> message: 4,12,30,6,12,30,30,30,30,30,30,30,30,30,30,30,30,30,30,30,30,30,30,30,30,30,30,30,30,30 -> output: 0
input: 256 -> message: 33,12,6,12,30,30,30,30,30,30,30,30,30,30,30,30,30,30,30,30,30,30,30,30,30,30,30,30,30,30 -> output: 0
input: 257 -> message: 4,12,30,6,12,30,30,30,30,30,30,30,30,30,30,30,30,30,30,30,30,30,30,30,30,30,30,30,30,30 -> output: 0
input: 258 -> message: 4,12,30,6,12,30,30,30,30,30,30,30,30,30,30,30,30,30,30,30,30,30,30,30,30,30,30,30,30,30 -> output: 0
input: 259 -> message: 12,30,30,30,34,30,30,30,30,30,30,30,30,30,30,30,30,30,30,30,30,30,30,30,30,30,30,30,30,30 -> output: 0
input: 260 -> message: 4,12,30,6,12,30,30,30,30,30,30,30,30,30,30,30,30,30,30,30,30,30,30,30,30,30,30,30,30,30 -> output: 0
input: 261 -> message: 30,29,12,33,12,30,30,30,30,30,30,30,30,30,30,30,30,30,30,30,30,30,30,30,30,30,30,30,30,30 -> output: 0
input: 262 -> message: 4,12,6,12,30,30,30,30,30,30,30,30,30,30,30,30,30,30,30,30,30,30,30,30,30,30,30,30,30,30 -> output: 0
input: 263 -> message: 29,12,30,30,30,30,30,30,30,30,30,30,30,30,30,30,30,30,30,30,30,30,30,30,30,30,30,30,30,30 -> output: 0
input: 264 -> message: 33,12,28,30,30,30,30,30,30,30,30,30,30,30,30,30,30,30,30,30,30,30,30,30,30,30,30,30,30,30 -> output: 0
input: 265 -> message: 4,12,30,6,12,30,30,30,30,30,30,30,30,30,30,30,30,30,30,30,30,30,30,30,30,30,30,30,30,30 -> output: 0
input: 266 -> message: 30,29,12,30,30,30,30,30,30,30,30,30,30,30,30,30,30,30,30,30,30,30,30,30,30,30,30,30,30,30 -> output: 0
input: 267 -> message: 12,30,30,30,34,30,30,30,30,30,30,30,30,30,30,30,30,30,30,30,30,30,30,30,30,30,30,30,30,30 -> output: 0
input: 268 -> message: 12,30,29,33,12,30,30,30,30,30,30,30,30,30,30,30,30,30,30,30,30,30,30,30,30,30,30,30,30,30 -> output: 0
input: 269 -> message: 12,30,30,30,34,30,30,30,30,30,30,30,30,30,30,30,30,30,30,30,30,30,30,30,30,30,30,30,30,30 -> output: 0
input: 270 -> message: 33,12,6,12,30,30,30,30,30,30,30,30,30,30,30,30,30,30,30,30,30,30,30,30,30,30,30,30,30,30 -> output: 0
input: 271 -> message: 30,29,12,33,12,30,30,30,30,30,30,30,30,30,30,30,30,30,30,30,30,30,30,30,30,30,30,30,30,30 -> output: 0
input: 272 -> message: 4,12,30,6,12,30,30,30,30,30,30,30,30,30,30,30,30,30,30,30,30,30,30,30,30,30,30,30,30,30 -> output: 0
input: 273 -> message: 4,12,30,6,12,30,30,30,30,30,30,30,30,30,30,30,30,30,30,30,30,30,30,30,30,30,30,30,30,30 -> output: 0
input: 274 -> message: 30,34,4,12,30,30,30,30,30,30,30,30,30,30,30,30,30,30,30,30,30,30,30,30,30,30,30,30,30,30 -> output: 0
input: 275 -> message: 12,30,30,30,34,30,30,30,30,30,30,30,30,30,30,30,30,30,30,30,30,30,30,30,30,30,30,30,30,30 -> output: 0
input: 276 -> message: 12,30,30,30,34,30,30,30,30,30,30,30,30,30,30,30,30,30,30,30,30,30,30,30,30,30,30,30,30,30 -> output: 0
input: 277 -> message: 12,30,30,34,4,12,30,30,30,30,30,30,30,30,30,30,30,30,30,30,30,30,30,30,30,30,30,30,30,30 -> output: 0
input: 278 -> message: 12,30,30,34,4,12,30,30,30,30,30,30,30,30,30,30,30,30,30,30,30,30,30,30,30,30,30,30,30,30 -> output: 0
input: 279 -> message: 4,12,30,6,12,30,30,30,30,30,30,30,30,30,30,30,30,30,30,30,30,30,30,30,30,30,30,30,30,30 -> output: 0
input: 280 -> message: 33,12,28,30,30,30,30,30,30,30,30,30,30,30,30,30,30,30,30,30,30,30,30,30,30,30,30,30,30,30 -> output: 0
input: 281 -> message: 12,30,30,29,33,12,30,30,30,30,30,30,30,30,30,30,30,30,30,30,30,30,30,30,30,30,30,30,30,30 -> output: 0
input: 282 -> message: 33,12,6,12,30,30,30,30,30,30,30,30,30,30,30,30,30,30,30,30,30,30,30,30,30,30,30,30,30,30 -> output: 0
input: 283 -> message: 30,29,12,33,12,30,30,30,30,30,30,30,30,30,30,30,30,30,30,30,30,30,30,30,30,30,30,30,30,30 -> output: 0
input: 284 -> message: 28,0 -> output: 0
input: 285 -> message: 12,30,30,30,34,4,12,30,30,30,30,30,30,30,30,30,30,30,30,30,30,30,30,30,30,30,30,30,30,30 -> output: 0
input: 286 -> message: 12,30,30,34,30,30,30,30,30,30,30,30,30,30,30,30,30,30,30,30,30,30,30,30,30,30,30,30,30,30 -> output: 0
input: 287 -> message: 28,30,30,30,30,30,30,12,30,30,30,30,30,30,30,30,30,30,30,30,30,30,30,30,30,30,30,30,30,30 -> output: 0
input: 288 -> message: 12,30,30,34,4,12,30,30,30,30,30,30,30,30,30,30,30,30,30,30,30,30,30,30,30,30,30,30,30,30 -> output: 0
input: 289 -> message: 4,12,30,6,12,30,30,30,30,30,30,30,30,30,30,30,30,30,30,30,30,30,30,30,30,30,30,30,30,30 -> output: 0
input: 290 -> message: 12,30,30,34,4,12,30,30,30,30,30,30,30,30,30,30,30,30,30,30,30,30,30,30,30,30,30,30,30,30 -> output: 0
input: 291 -> message: 12,30,30,34,30,30,30,30,30,30,30,30,30,30,30,30,30,30,30,30,30,30,30,30,30,30,30,30,30,30 -> output: 0
input: 292 -> message: 33,12,6,12,30,30,30,30,30,30,30,30,30,30,30,30,30,30,30,30,30,30,30,30,30,30,30,30,30,30 -> output: 0
input: 293 -> message: 33,12,28,30,30,30,30,30,30,30,30,30,30,30,30,30,30,30,30,30,30,30,30,30,30,30,30,30,30,30 -> output: 0
input: 294 -> message: 12,30,30,34,4,30,30,30,30,30,30,30,30,30,30,30,30,30,30,30,30,30,30,30,30,30,30,30,30,30 -> output: 0
input: 295 -> message: 33,12,6,12,30,30,30,30,30,30,30,30,30,30,30,30,30,30,30,30,30,30,30,30,30,30,30,30,30,30 -> output: 0
input: 296 -> message: 12,30,30,29,12,30,30,30,30,30,30,30,30,30,30,30,30,30,30,30,30,30,30,30,30,30,30,30,30,30 -> output: 0
input: 297 -> message: 12,30,30,30,34,30,30,30,30,30,30,30,30,30,30,30,30,30,30,30,30,30,30,30,30,30,30,30,30,30 -> output: 0
input: 298 -> message: 12,30,30,30,34,30,30,30,30,30,30,30,30,30,30,30,30,30,30,30,30,30,30,30,30,30,30,30,30,30 -> output: 0
input: 299 -> message: 30,29,12,33,12,30,30,30,30,30,30,30,30,30,30,30,30,30,30,30,30,30,30,30,30,30,30,30,30,30 -> output: 0
input: 300 -> message: 12,30,30,34,4,30,30,30,30,30,30,30,30,30,30,30,30,30,30,30,30,30,30,30,30,30,30,30,30,30 -> output: 0
input: 301 -> message: 12,30,30,34,4,12,30,30,30,30,30,30,30,30,30,30,30,30,30,30,30,30,30,30,30,30,30,30,30,30 -> output: 0
input: 302 -> message: 12,30,29,33,12,30,30,30,30,30,30,30,30,30,30,30,30,30,30,30,30,30,30,30,30,30,30,30,30,30 -> output: 0
input: 303 -> message: 33,12,28,30,30,30,30,30,30,30,12,30,30,30,30,30,30,30,30,30,30,30,30,30,30,30,30,30,30,30 -> output: 0
input: 304 -> message: 28,0 -> output: 0
input: 305 -> message: 33,12,6,12,30,30,30,30,30,30,30,30,30,30,30,30,30,30,30,30,30,30,30,30,30,30,30,30,30,30 -> output: 0
input: 306 -> message: 33,12,28,30,30,30,30,30,30,30,30,30,30,30,30,30,30,30,30,30,30,30,30,30,30,30,30,30,30,30 -> output: 0
input: 307 -> message: 4,12,30,6,12,30,30,30,30,30,30,30,30,30,30,30,30,30,30,30,30,30,30,30,30,30,30,30,30,30 -> output: 0
input: 308 -> message: 28,0 -> output: 0
input: 309 -> message: 12,30,30,34,4,12,30,30,30,30,30,30,30,30,30,30,30,30,30,30,30,30,30,30,30,30,30,30,30,30 -> output: 0
input: 310 -> message: 4,12,6,12,30,30,30,30,30,30,30,30,30,30,30,30,30,30,30,30,30,30,30,30,30,30,30,30,30,30 -> output: 0
input: 311 -> message: 12,30,30,30,34,30,30,30,30,30,30,30,30,30,30,30,30,30,30,30,30,30,30,30,30,30,30,30,30,30 -> output: 0
input: 312 -> message: 4,12,30,6,12,30,30,30,30,30,30,30,30,30,30,30,30,30,30,30,30,30,30,30,30,30,30,30,30,30 -> output: 0
input: 313 -> message: 30,29,12,33,12,30,30,30,30,30,30,30,30,30,30,30,30,30,30,30,30,30,30,30,30,30,30,30,30,30 -> output: 0
input: 314 -> message: 4,12,30,6,12,30,30,30,30,30,30,30,30,30,30,30,30,30,30,30,30,30,30,30,30,30,30,30,30,30 -> output: 0
input: 315 -> message: 4,12,30,6,12,30,30,30,30,30,30,30,30,30,30,30,30,30,30,30,30,30,30,30,30,30,30,30,30,30 -> output: 0
input: 316 -> message: 29,12,30,30,30,30,30,30,30,30,30,30,30,30,30,30,30,30,30,30,30,30,30,30,30,30,30,30,30,30 -> output: 0
input: 317 -> message: 4,12,30,6,12,30,30,30,30,30,30,30,30,30,30,30,30,30,30,30,30,30,30,30,30,30,30,30,30,30 -> output: 0
input: 318 -> message: 4,12,30,6,12,30,30,30,30,30,30,30,30,30,30,30,30,30,30,30,30,30,30,30,30,30,30,30,30,30 -> output: 0
input: 319 -> message: 12,30,30,34,30,30,30,30,30,30,30,30,30,30,30,30,30,30,30,30,30,30,30,30,30,30,30,30,30,30 -> output: 0
input: 320 -> message: 28,0 -> output: 0
input: 321 -> message: 33,12,28,30,30,30,30,30,30,30,30,30,30,30,30,30,30,30,30,30,30,30,30,30,30,30,30,30,30,30 -> output: 0
input: 322 -> message: 4,12,6,12,30,30,30,30,30,30,30,30,30,30,30,30,30,30,30,30,30,30,30,30,30,30,30,30,30,30 -> output: 0
input: 323 -> message: 4,12,30,6,12,30,30,30,30,30,30,30,30,30,30,30,30,30,30,30,30,30,30,30,30,30,30,30,30,30 -> output: 0
input: 324 -> message: 4,12,30,6,12,30,30,30,30,30,30,30,30,30,30,30,30,30,30,30,30,30,30,30,30,30,30,30,30,30 -> output: 0
input: 325 -> message: 12,30,30,30,34,30,30,30,30,30,30,30,30,30,30,30,30,30,30,30,30,30,30,30,30,30,30,30,30,30 -> output: 0
input: 326 -> message: 4,12,30,6,12,30,30,30,30,30,30,30,30,30,30,30,30,30,30,30,30,30,30,30,30,30,30,30,30,30 -> output: 0
input: 327 -> message: 28,30,30,30,30,30,30,12,30,30,30,30,30,30,30,30,30,30,30,30,30,30,30,30,30,30,30,30,30,30 -> output: 0
input: 328 -> message: 33,12,6,12,30,30,30,30,30,30,30,30,30,30,30,30,30,30,30,30,30,30,30,30,30,30,30,30,30,30 -> output: 0
input: 329 -> message: 12,30,30,34,30,30,30,30,30,30,30,30,30,30,30,30,30,30,30,30,30,30,30,30,30,30,30,30,30,30 -> output: 0
input: 330 -> message: 12,30,30,29,12,30,30,30,30,30,30,30,30,30,30,30,30,30,30,30,30,30,30,30,30,30,30,30,30,30 -> output: 0
input: 331 -> message: 28,30,0 -> output: 0
input: 332 -> message: 4,12,30,6,12,30,30,30,30,30,30,30,30,30,30,30,30,30,30,30,30,30,30,30,30,30,30,30,30,30 -> output: 0
input: 333 -> message: 28,30,30,34,4,30,30,30,30,30,30,30,30,30,30,30,30,30,30,30,30,30,30,30,30,30,30,30,30,30 -> output: 0
input: 334 -> message: 28,0 -> output: 0
input: 335 -> message: 33,12,6,12,30,30,30,30,30,30,30,30,30,30,30,30,30,30,30,30,30,30,30,30,30,30,30,30,30,30 -> output: 0
input: 336 -> message: 12,30,29,33,12,30,30,30,30,30,30,30,30,30,30,30,30,30,30,30,30,30,30,30,30,30,30,30,30,30 -> output: 0
input: 337 -> message: 12,30,29,33,12,30,30,30,30,30,30,30,30,30,30,30,30,30,30,30,30,30,30,30,30,30,30,30,30,30 -> output: 0
input: 338 -> message: 12,30,30,30,34,30,30,30,30,30,30,30,30,30,30,30,30,30,30,30,30,30,30,30,30,30,30,30,30,30 -> output: 0
input: 339 -> message: 28,30,30,30,30,30,30,12,30,30,30,30,30,30,30,30,30,30,30,30,30,30,30,30,30,30,30,30,30,30 -> output: 0
input: 340 -> message: 12,30,30,30,34,30,30,30,30,30,30,30,30,30,30,30,30,30,30,30,30,30,30,30,30,30,30,30,30,30 -> output: 0
input: 341 -> message: 12,30,30,30,34,30,30,30,30,30,30,30,30,30,30,30,30,30,30,30,30,30,30,30,30,30,30,30,30,30 -> output: 0
input: 342 -> message: 12,30,30,30,34,30,30,30,30,30,30,30,30,30,30,30,30,30,30,30,30,30,30,30,30,30,30,30,30,30 -> output: 0
input: 343 -> message: 12,30,30,34,30,30,30,30,30,30,30,30,30,30,30,30,30,30,30,30,30,30,30,30,30,30,30,30,30,30 -> output: 0
input: 344 -> message: 33,12,28,30,30,30,30,30,30,30,30,30,30,30,30,30,30,30,30,30,30,30,30,30,30,30,30,30,30,30 -> output: 0
input: 345 -> message: 4,12,30,6,12,30,30,30,30,30,30,30,30,30,30,30,30,30,30,30,30,30,30,30,30,30,30,30,30,30 -> output: 0
input: 346 -> message: 12,30,30,30,34,4,12,30,30,30,30,30,30,30,30,30,30,30,30,30,30,30,30,30,30,30,30,30,30,30 -> output: 0
input: 347 -> message: 33,12,6,12,30,30,30,30,30,30,30,30,30,30,30,30,30,30,30,30,30,30,30,30,30,30,30,30,30,30 -> output: 0
input: 348 -> message: 30,29,12,33,12,30,30,30,30,30,30,30,30,30,30,30,30,30,30,30,30,30,30,30,30,30,30,30,30,30 -> output: 0
input: 349 -> message: 4,12,30,6,12,30,30,30,30,30,30,30,30,30,30,30,30,30,30,30,30,30,30,30,30,30,30,30,30,30 -> output: 0
input: 350 -> message: 12,30,30,30,30,30,30,12,30,30,30,30,30,30,30,30,30,30,30,30,30,30,30,30,30,30,30,30,30,30 -> output: 0
input: 351 -> message: 4,12,30,6,12,30,30,30,30,30,30,30,30,30,30,30,30,30,30,30,30,30,30,30,30,30,30,30,30,30 -> output: 0
input: 352 -> message: 28,0 -> output: 0
input: 353 -> message: 4,12,30,6,12,30,30,30,30,30,30,30,30,30,30,30,30,30,30,30,30,30,30,30,30,30,30,30,30,30 -> output: 0
input: 354 -> message: 33,12,6,12,30,30,30,30,30,30,30,30,30,30,30,30,30,30,30,30,30,30,30,30,30,30,30,30,30,30 -> output: 0
input: 355 -> message: 12,30,30,30,34,4,12,30,30,30,30,30,30,30,30,30,30,30,30,30,30,30,30,30,30,30,30,30,30,30 -> output: 0
input: 356 -> message: 33,12,6,12,30,30,30,30,30,30,30,30,30,30,30,30,30,30,30,30,30,30,30,30,30,30,30,30,30,30 -> output: 0
input: 357 -> message: 12,30,30,30,34,30,30,30,30,30,30,30,30,30,30,30,30,30,30,30,30,30,30,30,30,30,30,30,30,30 -> output: 0
input: 358 -> message: 4,12,30,30,30,30,30,30,30,30,30,30,30,30,30,30,30,30,30,34,30,30,30,30,30,30,30,30,30,30 -> output: 0
input: 359 -> message: 12,30,30,30,30,30,30,12,30,30,30,30,30,30,30,30,30,30,30,30,30,30,30,30,30,30,30,30,30,30 -> output: 0
input: 360 -> message: 12,30,29,33,12,30,30,30,30,30,30,30,30,30,30,30,30,30,30,30,30,30,30,30,30,30,30,30,30,30 -> output: 0
input: 361 -> message: 4,12,30,6,12,30,30,30,30,30,30,30,30,30,30,30,30,30,30,30,30,30,30,30,30,30,30,30,30,30 -> output: 0
input: 362 -> message: 4,12,30,6,12,30,30,30,30,30,30,30,30,30,30,30,30,30,30,30,30,30,30,30,30,30,30,30,30,30 -> output: 0
input: 363 -> message: 4,12,30,6,12,30,30,30,30,30,30,30,30,30,30,30,30,30,30,30,30,30,30,30,30,30,30,30,30,30 -> output: 0
input: 364 -> message: 4,12,30,6,12,30,30,30,30,30,30,30,30,30,30,30,30,30,30,30,30,30,30,30,30,30,30,30,30,30 -> output: 0
input: 365 -> message: 4,12,30,6,12,30,30,30,30,30,30,30,30,30,30,30,30,30,30,30,30,30,30,30,30,30,30,30,30,30 -> output: 0
input: 366 -> message: 28,0 -> output: 0
input: 367 -> message: 4,12,33,12,30,30,30,30,30,30,30,30,30,30,30,30,30,30,30,30,30,30,30,30,30,30,30,30,30,30 -> output: 0
input: 368 -> message: 33,12,28,30,30,30,30,30,30,30,30,30,30,30,30,30,30,30,30,30,30,30,30,30,30,30,30,30,30,30 -> output: 0
input: 369 -> message: 33,12,28,30,30,30,30,30,30,30,30,30,30,30,30,30,30,30,30,30,30,30,30,30,30,30,30,30,30,30 -> output: 0
input: 370 -> message: 12,30,30,34,30,30,30,30,30,30,30,30,30,30,30,30,30,30,30,30,30,30,30,30,30,30,30,30,30,30 -> output: 0
input: 371 -> message: 12,30,29,33,12,30,30,30,30,30,30,30,30,30,30,30,30,30,30,30,30,30,30,30,30,30,30,30,30,30 -> output: 0
input: 372 -> message: 33,12,30,30,30,30,34,4,12,30,30,30,30,30,30,30,30,30,30,30,30,30,30,30,30,30,30,30,30,30 -> output: 0
input: 373 -> message: 4,12,30,6,12,30,30,30,30,30,30,30,30,30,30,30,30,30,30,30,30,30,30,30,30,30,30,30,30,30 -> output: 0
input: 374 -> message: 4,12,30,6,12,30,30,30,30,30,30,30,30,30,30,30,30,30,30,30,30,30,30,30,30,30,30,30,30,30 -> output: 0
input: 375 -> message: 33,12,6,12,30,30,30,30,30,30,30,30,30,30,30,30,30,30,30,30,30,30,30,30,30,30,30,30,30,30 -> output: 0
input: 376 -> message: 28,30,30,30,34,30,30,30,30,30,30,30,30,30,30,30,30,30,30,30,30,30,30,30,30,30,30,30,30,30 -> output: 0
input: 377 -> message: 12,30,29,33,12,30,30,30,30,30,30,30,30,30,30,30,30,30,30,30,30,30,30,30,30,30,30,30,30,30 -> output: 0
input: 378 -> message: 33,12,6,12,30,30,30,30,30,30,30,30,30,30,30,30,30,30,30,30,30,30,30,30,30,30,30,30,30,30 -> output: 0
input: 379 -> message: 4,12,30,6,12,30,30,30,30,30,30,30,30,30,30,30,30,30,30,30,30,30,30,30,30,30,30,30,30,30 -> output: 0
input: 380 -> message: 33,12,6,12,30,30,30,30,30,30,30,30,30,30,30,30,30,30,30,30,30,30,30,30,30,30,30,30,30,30 -> output: 0
input: 381 -> message: 12,30,29,33,12,30,30,30,30,30,30,30,30,30,30,30,30,30,30,30,30,30,30,30,30,30,30,30,30,30 -> output: 0
input: 382 -> message: 33,12,6,12,30,30,30,30,30,30,30,30,30,30,30,30,30,30,30,30,30,30,30,30,30,30,30,30,30,30 -> output: 0
input: 383 -> message: 4,12,30,6,12,30,30,30,30,30,30,30,30,30,30,30,30,30,30,30,30,30,30,30,30,30,30,30,30,30 -> output: 0
input: 384 -> message: 33,12,6,12,30,30,30,30,30,30,30,30,30,30,30,30,30,30,30,30,30,30,30,30,30,30,30,30,30,30 -> output: 0
input: 385 -> message: 4,12,6,12,30,30,30,30,30,30,30,30,30,30,30,30,30,30,30,30,30,30,30,30,30,30,30,30,30,30 -> output: 0
input: 386 -> message: 29,6,12,12,30,30,30,30,30,30,30,30,30,30,30,30,30,30,30,30,30,30,30,30,30,30,30,30,30,30 -> output: 0
input: 387 -> message: 29,12,30,30,30,30,30,30,30,30,30,30,30,30,30,30,30,30,30,30,30,30,30,30,30,30,30,30,30,30 -> output: 0
input: 388 -> message: 4,12,30,6,12,30,30,30,30,30,30,30,30,30,30,30,30,30,30,30,30,30,30,30,30,30,30,30,30,30 -> output: 0
input: 389 -> message: 12,30,29,33,12,30,30,30,30,30,30,30,30,30,30,30,30,30,30,30,30,30,30,30,30,30,30,30,30,30 -> output: 0
input: 390 -> message: 33,12,28,30,30,30,30,30,30,30,30,30,30,30,30,30,30,30,30,30,30,30,30,30,30,30,30,30,30,30 -> output: 0
input: 391 -> message: 12,30,30,34,30,30,30,30,30,30,30,30,30,30,30,30,30,30,30,30,30,30,30,30,30,30,30,30,30,30 -> output: 0
input: 392 -> message: 4,12,30,6,12,30,30,30,30,30,30,30,30,30,30,30,30,30,30,30,30,30,30,30,30,30,30,30,30,30 -> output: 0
input: 393 -> message: 12,30,30,30,34,30,30,30,30,30,30,30,30,30,30,30,30,30,30,30,30,30,30,30,30,30,30,30,30,30 -> output: 0
input: 394 -> message: 30,29,12,33,12,30,30,30,30,30,30,30,30,30,30,30,30,30,30,30,30,30,30,30,30,30,30,30,30,30 -> output: 0
input: 395 -> message: 30,29,12,33,12,30,30,30,30,30,30,30,30,30,30,30,30,30,30,30,30,30,30,30,30,30,30,30,30,30 -> output: 0
input: 396 -> message: 12,30,30,34,30,30,30,30,30,30,30,30,30,30,30,30,30,30,30,30,30,30,30,30,30,30,30,30,30,30 -> output: 0
input: 397 -> message: 12,30,30,34,4,12,30,30,30,30,30,30,30,30,30,30,30,30,30,30,30,30,30,30,30,30,30,30,30,30 -> output: 0
input: 398 -> message: 33,12,6,12,30,30,30,30,30,30,30,30,30,30,30,30,30,30,30,30,30,30,30,30,30,30,30,30,30,30 -> output: 0
input: 399 -> message: 28,0 -> output: 0
input: 400 -> message: 28,30,30,30,30,30,30,12,30,30,30,30,30,30,30,30,30,30,30,30,30,30,30,30,30,30,30,30,30,30 -> output: 0
input: 401 -> message: 12,30,30,34,4,30,30,30,30,30,30,30,30,30,30,30,30,30,30,30,30,30,30,30,30,30,30,30,30,30 -> output: 0
input: 402 -> message: 12,25,30,30,30,30,30,30,30,30,30,30,30,30,30,30,30,30,30,30,30,30,30,30,30,30,30,30,30,30 -> output: 0
input: 403 -> message: 28,0 -> output: 0
input: 404 -> message: 33,12,6,12,30,30,30,30,30,30,30,30,30,30,30,30,30,30,30,30,30,30,30,30,30,30,30,30,30,30 -> output: 0
input: 405 -> message: 28,0 -> output: 0
input: 406 -> message: 33,12,28,30,30,30,30,30,30,30,30,30,30,30,30,30,30,30,30,30,30,30,30,30,30,30,30,30,30,30 -> output: 0
input: 407 -> message: 12,30,30,34,30,30,30,30,30,30,30,30,30,30,30,30,30,30,30,30,30,30,30,30,30,30,30,30,30,30 -> output: 0
input: 408 -> message: 12,30,30,30,34,30,30,30,30,30,30,30,30,30,30,30,30,30,30,30,30,30,30,30,30,30,30,30,30,30 -> output: 0
input: 409 -> message: 12,30,30,34,4,12,30,30,30,30,30,30,30,30,30,30,30,30,30,30,30,30,30,30,30,30,30,30,30,30 -> output: 0
input: 410 -> message: 12,30,30,30,34,30,30,30,30,30,30,30,30,30,30,30,30,30,30,30,30,30,30,30,30,30,30,30,30,30 -> output: 0
input: 411 -> message: 4,12,6,12,30,30,30,30,30,30,30,30,30,30,30,30,30,30,30,30,30,30,30,30,30,30,30,30,30,30 -> output: 0
input: 412 -> message: 33,12,6,12,30,30,30,30,30,30,30,30,30,30,30,30,30,30,30,30,30,30,30,30,30,30,30,30,30,30 -> output: 0
input: 413 -> message: 4,12,30,30,30,30,30,30,30,30,30,30,30,30,30,30,30,30,30,30,30,30,30,30,30,30,30,30,30,30 -> output: 0
input: 414 -> message: 28,0 -> output: 0
input: 415 -> message: 33,12,6,12,30,30,30,30,30,30,30,30,30,30,30,30,30,30,30,30,30,30,30,30,30,30,30,30,30,30 -> output: 0
input: 416 -> message: 33,12,6,12,30,30,30,30,30,30,30,30,30,30,30,30,30,30,30,30,30,30,30,30,30,30,30,30,30,30 -> output: 0
input: 417 -> message: 28,0 -> output: 0
input: 418 -> message: 4,12,30,6,12,30,30,30,30,30,30,30,30,30,30,30,30,30,30,30,30,30,30,30,30,30,30,30,30,30 -> output: 0
input: 419 -> message: 28,0 -> output: 0
input: 420 -> message: 33,12,6,12,30,30,30,30,30,30,30,30,30,30,30,30,30,30,30,30,30,30,30,30,30,30,30,30,30,30 -> output: 0
input: 421 -> message: 4,12,30,30,30,30,30,30,30,30,30,30,30,30,30,30,30,34,30,30,30,30,30,30,30,30,30,30,30,30 -> output: 0
input: 422 -> message: 30,34,4,12,30,30,30,30,30,30,30,30,30,30,30,30,30,30,30,30,30,30,30,30,30,30,30,30,30,30 -> output: 0
input: 423 -> message: 33,12,6,12,30,30,30,30,30,30,30,30,30,30,30,30,30,30,30,30,30,30,30,30,30,30,30,30,30,30 -> output: 0
input: 424 -> message: 12,30,30,30,34,30,30,30,30,30,30,30,30,30,30,30,30,30,30,30,30,30,30,30,30,30,30,30,30,30 -> output: 0
input: 425 -> message: 33,12,28,30,30,30,30,30,30,30,30,30,30,30,30,30,30,30,30,30,30,30,30,30,30,30,30,30,30,30 -> output: 0
input: 426 -> message: 12,30,29,33,12,30,30,30,30,30,30,30,30,30,30,30,30,30,30,30,30,30,30,30,30,30,30,30,30,30 -> output: 0
input: 427 -> message: 12,30,30,30,34,30,30,30,30,30,30,30,30,30,30,30,30,30,30,30,30,30,30,30,30,30,30,30,30,30 -> output: 0
input: 428 -> message: 12,30,30,34,4,30,30,30,30,30,30,30,30,30,30,30,30,30,30,30,30,30,30,30,30,30,30,30,30,30 -> output: 0
input: 429 -> message: 4,12,30,6,12,30,30,30,30,30,30,30,30,30,30,30,30,30,30,30,30,30,30,30,30,30,30,30,30,30 -> output: 0
input: 430 -> message: 12,30,30,30,34,4,12,30,30,30,30,30,30,30,30,30,30,30,30,30,30,30,30,30,30,30,30,30,30,30 -> output: 0
input: 431 -> message: 33,12,6,12,30,30,30,30,30,30,30,30,30,30,30,30,30,30,30,30,30,30,30,30,30,30,30,30,30,30 -> output: 0
input: 432 -> message: 12,30,30,30,34,30,30,30,30,30,30,30,30,30,30,30,30,30,30,30,30,30,30,30,30,30,30,30,30,30 -> output: 0
input: 433 -> message: 33,12,6,12,30,30,30,30,30,30,30,30,30,30,30,30,30,30,30,30,30,30,30,30,30,30,30,30,30,30 -> output: 0
input: 434 -> message: 33,12,6,12,30,30,30,30,30,30,30,30,30,30,30,30,30,30,30,30,30,30,30,30,30,30,30,30,30,30 -> output: 0
input: 435 -> message: 4,12,30,6,12,30,30,30,30,30,30,30,30,30,30,30,30,30,30,30,30,30,30,30,30,30,30,30,30,30 -> output: 0
input: 436 -> message: 12,30,30,30,30,30,30,12,30,30,30,30,30,30,30,30,30,30,30,30,30,30,30,30,30,30,30,30,30,30 -> output: 0
input: 437 -> message: 4,12,30,6,12,30,30,30,30,30,30,30,30,30,30,30,30,30,30,30,30,30,30,30,30,30,30,30,30,30 -> output: 0
input: 438 -> message: 12,30,30,30,34,30,30,30,30,30,30,30,30,30,30,30,30,30,30,30,30,30,30,30,30,30,30,30,30,30 -> output: 0
input: 439 -> message: 4,12,30,6,12,30,30,30,30,30,30,30,30,30,30,30,30,30,30,30,30,30,30,30,30,30,30,30,30,30 -> output: 0
input: 440 -> message: 4,12,30,6,12,30,30,30,30,30,30,30,30,30,30,30,30,30,30,30,30,30,30,30,30,30,30,30,30,30 -> output: 0
input: 441 -> message: 12,30,30,34,4,30,30,30,30,30,30,30,30,30,30,30,30,30,30,30,30,30,30,30,30,30,30,30,30,30 -> output: 0
input: 442 -> message: 12,30,30,30,34,30,30,30,30,30,30,30,30,30,30,30,30,30,30,30,30,30,30,30,30,30,30,30,30,30 -> output: 0
input: 443 -> message: 12,30,30,34,30,30,30,30,30,30,30,30,30,30,30,30,30,30,30,30,30,30,30,30,30,30,30,30,30,30 -> output: 0
input: 444 -> message: 12,30,30,34,4,30,30,30,30,30,30,30,30,30,30,30,30,30,30,30,30,30,30,30,30,30,30,30,30,30 -> output: 0
input: 445 -> message: 33,12,6,12,30,30,30,30,30,30,30,30,30,30,30,30,30,30,30,30,30,30,30,30,30,30,30,30,30,30 -> output: 0
input: 446 -> message: 12,30,30,30,34,30,30,30,30,30,30,30,30,30,30,30,30,30,30,30,30,30,30,30,30,30,30,30,30,30 -> output: 0
input: 447 -> message: 12,30,30,34,4,30,30,30,30,30,30,30,30,30,30,30,30,30,30,30,30,30,30,30,30,30,30,30,30,30 -> output: 0
input: 448 -> message: 33,12,6,12,30,30,30,30,30,30,30,30,30,30,30,30,30,30,30,30,30,30,30,30,30,30,30,30,30,30 -> output: 0
input: 449 -> message: 28,0 -> output: 0
input: 450 -> message: 12,30,30,30,34,30,30,30,30,30,30,30,30,30,30,30,30,30,30,30,30,30,30,30,30,30,30,30,30,30 -> output: 0
input: 451 -> message: 28,30,30,34,4,30,30,30,30,30,30,30,30,30,30,30,30,30,30,30,30,30,30,30,30,30,30,30,30,30 -> output: 0
input: 452 -> message: 28,0 -> output: 0
input: 453 -> message: 12,30,30,30,34,4,12,30,30,30,30,30,30,30,30,30,30,30,30,30,30,30,30,30,30,30,30,30,30,30 -> output: 0
input: 454 -> message: 4,12,30,6,12,30,30,30,30,30,30,30,30,30,30,30,30,30,30,30,30,30,30,30,30,30,30,30,30,30 -> output: 0
input: 455 -> message: 4,12,30,6,12,30,30,30,30,30,30,30,30,30,30,30,30,30,30,30,30,30,30,30,30,30,30,30,30,30 -> output: 0
input: 456 -> message: 12,30,30,29,12,30,30,30,30,30,30,30,30,30,30,30,30,30,30,30,30,30,30,30,30,30,30,30,30,30 -> output: 0
input: 457 -> message: 28,0 -> output: 0
input: 458 -> message: 28,0 -> output: 0
input: 459 -> message: 4,12,6,12,30,30,30,30,30,30,30,30,30,30,30,30,30,30,30,30,30,30,30,30,30,30,30,30,30,30 -> output: 0
input: 460 -> message: 33,12,28,30,30,30,30,30,30,30,30,30,30,30,30,30,30,30,30,30,30,30,30,30,30,30,30,30,30,30 -> output: 0
input: 461 -> message: 33,12,6,12,30,30,30,30,30,30,30,30,30,30,30,30,30,30,30,30,30,30,30,30,30,30,30,30,30,30 -> output: 0
input: 462 -> message: 12,30,30,34,4,30,30,30,30,30,30,30,30,30,30,30,30,30,30,30,30,30,30,30,30,30,30,30,30,30 -> output: 0
input: 463 -> message: 12,30,30,30,34,30,30,30,30,30,30,30,30,30,30,30,30,30,30,30,30,30,30,30,30,30,30,30,30,30 -> output: 0
input: 464 -> message: 33,12,6,12,30,30,30,30,30,30,30,30,30,30,30,30,30,30,30,30,30,30,30,30,30,30,30,30,30,30 -> output: 0
input: 465 -> message: 12,30,29,33,12,30,30,30,30,30,30,30,30,30,30,30,30,30,30,30,30,30,30,30,30,30,30,30,30,30 -> output: 0
input: 466 -> message: 33,12,6,12,30,30,30,30,30,30,30,30,30,30,30,30,30,30,30,30,30,30,30,30,30,30,30,30,30,30 -> output: 0
input: 467 -> message: 12,30,30,34,4,12,30,30,30,30,30,30,30,30,30,30,30,30,30,30,30,30,30,30,30,30,30,30,30,30 -> output: 0
input: 468 -> message: 28,0 -> output: 0
input: 469 -> message: 12,30,30,34,4,30,30,30,30,30,30,30,30,30,30,30,30,30,30,30,30,30,30,30,30,30,30,30,30,30 -> output: 0
input: 470 -> message: 28,30,30,34,4,30,30,30,30,30,30,30,30,30,30,30,30,30,30,30,30,30,30,30,30,30,30,30,30,30 -> output: 0
input: 471 -> message: 12,30,30,30,34,30,30,30,30,30,30,30,30,30,30,30,30,30,30,30,30,30,30,30,30,30,30,30,30,30 -> output: 0
input: 472 -> message: 28,30,30,30,30,30,30,12,30,30,30,30,30,30,30,30,30,30,30,30,30,30,30,30,30,30,30,30,30,30 -> output: 0
input: 473 -> message: 12,30,30,30,34,30,30,30,30,30,30,30,30,30,30,30,30,30,30,30,30,30,30,30,30,30,30,30,30,30 -> output: 0
input: 474 -> message: 28,0 -> output: 0
input: 475 -> message: 12,30,30,34,4,30,30,30,30,30,30,30,30,30,30,30,30,30,30,30,30,30,30,30,30,30,30,30,30,30 -> output: 0
input: 476 -> message: 4,12,30,6,12,30,30,30,30,30,30,30,30,30,30,30,30,30,30,30,30,30,30,30,30,30,30,30,30,30 -> output: 0
input: 477 -> message: 4,12,30,6,12,30,30,30,30,30,30,30,30,30,30,30,30,30,30,30,30,30,30,30,30,30,30,30,30,30 -> output: 0
input: 478 -> message: 4,12,30,6,12,30,30,30,30,30,30,30,30,30,30,30,30,30,30,30,30,30,30,30,30,30,30,30,30,30 -> output: 0
input: 479 -> message: 12,30,30,30,30,30,30,12,30,30,30,30,30,30,30,30,30,30,30,30,30,30,30,30,30,30,30,30,30,30 -> output: 0
input: 480 -> message: 33,12,6,12,30,30,30,30,30,30,30,30,30,30,30,30,30,30,30,30,30,30,30,30,30,30,30,30,30,30 -> output: 0
input: 481 -> message: 4,12,30,6,12,30,30,30,30,30,30,30,30,30,30,30,30,30,30,30,30,30,30,30,30,30,30,30,30,30 -> output: 0
input: 482 -> message: 33,12,6,12,30,30,30,30,30,30,30,30,30,30,30,30,30,30,30,30,30,30,30,30,30,30,30,30,30,30 -> output: 0
input: 483 -> message: 12,30,30,30,34,30,30,30,30,30,30,30,30,30,30,30,30,30,30,30,30,30,30,30,30,30,30,30,30,30 -> output: 0
input: 484 -> message: 28,30,30,34,4,30,30,30,30,30,30,30,30,30,30,30,30,30,30,30,30,30,30,30,30,30,30,30,30,30 -> output: 0
input: 485 -> message: 12,30,29,33,12,30,30,30,30,30,30,30,30,30,30,30,30,30,30,30,30,30,30,30,30,30,30,30,30,30 -> output: 0
input: 486 -> message: 29,12,30,30,30,30,30,30,30,30,30,30,30,30,30,30,30,30,30,30,30,30,30,30,30,30,30,30,30,30 -> output: 0
input: 487 -> message: 28,30,30,34,4,30,30,30,30,30,30,30,30,30,30,30,30,30,30,30,30,30,30,30,30,30,30,30,30,30 -> output: 0
input: 488 -> message: 12,30,30,34,30,30,30,30,30,30,30,30,30,30,30,30,30,30,30,30,30,30,30,30,30,30,30,30,30,30 -> output: 0
input: 489 -> message: 4,12,6,12,30,30,30,30,30,30,30,30,30,30,30,30,30,30,30,30,30,30,30,30,30,30,30,30,30,30 -> output: 0
input: 490 -> message: 28,0 -> output: 0
input: 491 -> message: 12,30,30,30,34,30,30,30,30,30,30,30,30,30,30,30,30,30,30,30,30,30,30,30,30,30,30,30,30,30 -> output: 0
input: 492 -> message: 28,0 -> output: 0
input: 493 -> message: 12,30,30,30,34,30,30,30,30,30,30,30,30,30,30,30,30,30,30,30,30,30,30,30,30,30,30,30,30,30 -> output: 0
input: 494 -> message: 4,12,30,6,12,30,30,30,30,30,30,30,30,30,30,30,30,30,30,30,30,30,30,30,30,30,30,30,30,30 -> output: 0
input: 495 -> message: 12,30,30,30,34,30,30,30,30,30,30,30,30,30,30,30,30,30,30,30,30,30,30,30,30,30,30,30,30,30 -> output: 0
input: 496 -> message: 12,30,30,34,4,12,30,30,30,30,30,30,30,30,30,30,30,30,30,30,30,30,30,30,30,30,30,30,30,30 -> output: 0
input: 497 -> message: 4,12,30,6,12,30,30,30,30,30,30,30,30,30,30,30,30,30,30,30,30,30,30,30,30,30,30,30,30,30 -> output: 0
input: 498 -> message: 4,12,33,12,30,30,30,30,30,30,30,30,30,30,30,30,30,30,30,30,30,30,30,30,30,30,30,30,30,30 -> output: 0
input: 499 -> message: 30,34,4,12,30,30,30,30,30,30,30,30,30,30,30,30,30,30,30,30,30,30,30,30,30,30,30,30,30,30 -> output: 0
input: 500 -> message: 33,12,6,12,30,30,30,30,30,30,30,30,30,30,30,30,30,30,30,30,30,30,30,30,30,30,30,30,30,30 -> output: 0
input: 501 -> message: 30,34,4,12,30,30,30,30,30,30,30,30,30,30,30,30,30,30,30,30,30,30,30,30,30,30,30,30,30,30 -> output: 0
input: 502 -> message: 4,12,30,6,12,30,30,30,30,30,30,30,30,30,30,30,30,30,30,30,30,30,30,30,30,30,30,30,30,30 -> output: 0
input: 503 -> message: 28,0 -> output: 0
input: 504 -> message: 12,30,30,34,4,12,30,30,30,30,30,30,30,30,30,30,30,30,30,30,30,30,30,30,30,30,30,30,30,30 -> output: 0
input: 505 -> message: 12,30,30,34,4,30,30,30,30,30,30,30,30,30,30,30,30,30,30,30,30,30,30,30,30,30,30,30,30,30 -> output: 0
input: 506 -> message: 12,30,30,34,30,30,30,30,30,30,30,30,30,30,30,30,30,30,30,30,30,30,30,30,30,30,30,30,30,30 -> output: 0
input: 507 -> message: 33,12,6,12,30,30,30,30,30,30,30,30,30,30,30,30,30,30,30,30,30,30,30,30,30,30,30,30,30,30 -> output: 0
input: 508 -> message: 12,30,30,30,34,30,30,30,30,30,30,30,30,30,30,30,30,30,30,30,30,30,30,30,30,30,30,30,30,30 -> output: 0
input: 509 -> message: 33,12,28,30,30,30,30,30,30,30,30,30,30,30,30,30,30,30,30,30,30,30,30,30,30,30,30,30,30,30 -> output: 0
input: 510 -> message: 28,0 -> output: 0
input: 511 -> message: 28,30,30,34,4,30,30,30,30,30,30,30,30,30,30,30,30,30,30,30,30,30,30,30,30,30,30,30,30,30 -> output: 0
input: 512 -> message: 12,30,30,30,34,30,30,30,30,30,30,30,30,30,30,30,30,30,30,30,30,30,30,30,30,30,30,30,30,30 -> output: 0
input: 513 -> message: 28,0 -> output: 0
input: 514 -> message: 4,12,30,6,12,30,30,30,30,30,30,30,30,30,30,30,30,30,30,30,30,30,30,30,30,30,30,30,30,30 -> output: 0
input: 515 -> message: 12,30,30,30,34,30,30,30,30,30,30,30,30,30,30,30,30,30,30,30,30,30,30,30,30,30,30,30,30,30 -> output: 0
input: 516 -> message: 12,30,30,30,34,30,30,30,30,30,30,30,30,30,30,30,30,30,30,30,30,30,30,30,30,30,30,30,30,30 -> output: 0
input: 517 -> message: 28,30,30,30,34,30,30,30,30,30,30,30,30,30,30,30,30,30,30,30,30,30,30,30,30,30,30,30,30,30 -> output: 0
input: 518 -> message: 12,30,30,29,33,12,30,30,30,30,30,30,30,30,30,30,30,30,30,30,30,30,30,30,30,30,30,30,30,30 -> output: 0
input: 519 -> message: 30,34,4,12,30,30,30,30,30,30,30,30,30,30,30,30,30,30,30,30,30,30,30,30,30,30,30,30,30,30 -> output: 0
input: 520 -> message: 4,12,6,12,30,30,30,30,30,30,30,30,30,30,30,30,30,30,30,30,30,30,30,30,30,30,30,30,30,30 -> output: 0
input: 521 -> message: 4,12,30,6,12,30,30,30,30,30,30,30,30,30,30,30,30,30,30,30,30,30,30,30,30,30,30,30,30,30 -> output: 0
input: 522 -> message: 12,30,29,33,12,30,30,30,30,30,30,30,30,30,30,30,30,30,30,30,30,30,30,30,30,30,30,30,30,30 -> output: 0
input: 523 -> message: 4,12,30,6,12,30,30,30,30,30,30,30,30,30,30,30,30,30,30,30,30,30,30,30,30,30,30,30,30,30 -> output: 0
input: 524 -> message: 33,12,6,12,30,30,30,30,30,30,30,30,30,30,30,30,30,30,30,30,30,30,30,30,30,30,30,30,30,30 -> output: 0
input: 525 -> message: 4,12,30,6,12,30,30,30,30,30,30,30,30,30,30,30,30,30,30,30,30,30,30,30,30,30,30,30,30,30 -> output: 0
input: 526 -> message: 12,30,30,30,34,30,30,30,30,30,30,30,30,30,30,30,30,30,30,30,30,30,30,30,30,30,30,30,30,30 -> output: 0
input: 527 -> message: 30,34,4,12,30,30,30,30,30,30,30,30,30,30,30,30,30,30,30,30,30,30,30,30,30,30,30,30,30,30 -> output: 0
input: 528 -> message: 12,30,30,30,34,30,30,30,30,30,30,30,30,30,30,30,30,30,30,30,30,30,30,30,30,30,30,30,30,30 -> output: 0
input: 529 -> message: 28,30,30,34,4,30,30,30,30,30,30,30,30,30,30,30,30,30,30,30,30,30,30,30,30,30,30,30,30,30 -> output: 0
input: 530 -> message: 12,30,30,30,34,30,30,30,30,30,30,30,30,30,30,30,30,30,30,30,30,30,30,30,30,30,30,30,30,30 -> output: 0
input: 531 -> message: 12,30,30,30,34,30,30,30,30,30,30,30,30,30,30,30,30,30,30,30,30,30,30,30,30,30,30,30,30,30 -> output: 0
input: 532 -> message: 12,30,30,30,34,30,30,30,30,30,30,30,30,30,30,30,30,30,30,30,30,30,30,30,30,30,30,30,30,30 -> output: 0
input: 533 -> message: 4,12,30,6,12,30,30,30,30,30,30,30,30,30,30,30,30,30,30,30,30,30,30,30,30,30,30,30,30,30 -> output: 0
input: 534 -> message: 4,12,30,6,12,30,30,30,30,30,30,30,30,30,30,30,30,30,30,30,30,30,30,30,30,30,30,30,30,30 -> output: 0
input: 535 -> message: 28,30,30,34,4,30,30,30,30,30,30,30,30,30,30,30,30,30,30,30,30,30,30,30,30,30,30,30,30,30 -> output: 0
input: 536 -> message: 12,30,29,33,12,30,30,30,30,30,30,30,30,30,30,30,30,30,30,30,30,30,30,30,30,30,30,30,30,30 -> output: 0
input: 537 -> message: 4,12,30,6,12,30,30,30,30,30,30,30,30,30,30,30,30,30,30,30,30,30,30,30,30,30,30,30,30,30 -> output: 0
input: 538 -> message: 33,12,28,30,30,30,30,30,30,30,30,30,30,30,30,30,30,30,30,30,30,30,30,30,30,30,30,30,30,30 -> output: 0
input: 539 -> message: 28,30,30,30,34,30,30,30,30,30,30,30,30,30,30,30,30,30,30,30,30,30,30,30,30,30,30,30,30,30 -> output: 0
input: 540 -> message: 33,12,6,12,30,30,30,30,30,30,30,30,30,30,30,30,30,30,30,30,30,30,30,30,30,30,30,30,30,30 -> output: 0
input: 541 -> message: 12,30,30,30,34,30,30,30,30,30,30,30,30,30,30,30,30,30,30,30,30,30,30,30,30,30,30,30,30,30 -> output: 0
input: 542 -> message: 4,12,30,6,12,30,30,30,30,30,30,30,30,30,30,30,30,30,30,30,30,30,30,30,30,30,30,30,30,30 -> output: 0
input: 543 -> message: 12,30,30,30,34,30,30,30,30,30,30,30,30,30,30,30,30,30,30,30,30,30,30,30,30,30,30,30,30,30 -> output: 0
input: 544 -> message: 28,0 -> output: 0
input: 545 -> message: 33,12,6,12,30,30,30,30,30,30,30,30,30,30,30,30,30,30,30,30,30,30,30,30,30,30,30,30,30,30 -> output: 0
input: 546 -> message: 12,30,29,33,12,30,30,30,30,30,30,30,30,30,30,30,30,30,30,30,30,30,30,30,30,30,30,30,30,30 -> output: 0
input: 547 -> message: 33,12,6,12,30,30,30,30,30,30,30,30,30,30,30,30,30,30,30,30,30,30,30,30,30,30,30,30,30,30 -> output: 0
input: 548 -> message: 4,12,30,6,12,30,30,30,30,30,30,30,30,30,30,30,30,30,30,30,30,30,30,30,30,30,30,30,30,30 -> output: 0
input: 549 -> message: 4,12,30,6,12,30,30,30,30,30,30,30,30,30,30,30,30,30,30,30,30,30,30,30,30,30,30,30,30,30 -> output: 0
input: 550 -> message: 12,30,30,30,34,30,30,30,30,30,30,30,30,30,30,30,30,30,30,30,30,30,30,30,30,30,30,30,30,30 -> output: 0
input: 551 -> message: 12,30,30,34,4,12,30,30,30,30,30,30,30,30,30,30,30,30,30,30,30,30,30,30,30,30,30,30,30,30 -> output: 0
input: 552 -> message: 12,30,30,34,4,30,30,30,30,30,30,30,30,30,30,30,30,30,30,30,30,30,30,30,30,30,30,30,30,30 -> output: 0
input: 553 -> message: 4,12,30,6,12,30,30,30,30,30,30,30,30,30,30,30,30,30,30,30,30,30,30,30,30,30,30,30,30,30 -> output: 0
input: 554 -> message: 12,30,30,30,30,30,30,12,30,30,30,30,30,30,30,30,30,30,30,30,30,30,30,30,30,30,30,30,30,30 -> output: 0
input: 555 -> message: 12,30,30,34,30,30,30,30,30,30,30,30,30,30,30,30,30,30,30,30,30,30,30,30,30,30,30,30,30,30 -> output: 0
input: 556 -> message: 30,34,4,12,30,30,30,30,30,30,30,30,30,30,30,30,30,30,30,30,30,30,30,30,30,30,30,30,30,30 -> output: 0
input: 557 -> message: 33,12,28,30,30,30,30,30,30,30,30,30,30,30,30,30,30,30,30,30,30,30,30,30,30,30,30,30,30,30 -> output: 0
input: 558 -> message: 4,12,30,6,12,30,30,30,30,30,30,30,30,30,30,30,30,30,30,30,30,30,30,30,30,30,30,30,30,30 -> output: 0
input: 559 -> message: 4,12,30,6,12,30,30,30,30,30,30,30,30,30,30,30,30,30,30,30,30,30,30,30,30,30,30,30,30,30 -> output: 0
input: 560 -> message: 4,12,30,6,12,30,30,30,30,30,30,30,30,30,30,30,30,30,30,30,30,30,30,30,30,30,30,30,30,30 -> output: 0
input: 561 -> message: 30,28,0 -> output: 0
input: 562 -> message: 33,12,28,30,30,30,30,30,30,30,30,30,30,30,30,30,30,30,30,30,30,30,30,30,30,30,30,30,30,30 -> output: 0
input: 563 -> message: 4,12,30,30,30,30,30,30,30,30,30,30,30,30,30,34,30,30,30,30,30,30,30,30,30,30,30,30,30,30 -> output: 0
input: 564 -> message: 12,30,30,34,4,12,30,30,30,30,30,30,30,30,30,30,30,30,30,30,30,30,30,30,30,30,30,30,30,30 -> output: 0
input: 565 -> message: 12,30,30,34,30,30,30,30,30,30,30,30,30,30,30,30,30,30,30,30,30,30,30,30,30,30,30,30,30,30 -> output: 0
input: 566 -> message: 4,12,30,6,12,30,30,30,30,30,30,30,30,30,30,30,30,30,30,30,30,30,30,30,30,30,30,30,30,30 -> output: 0
input: 567 -> message: 12,30,30,34,4,12,30,30,30,30,30,30,30,30,30,30,30,30,30,30,30,30,30,30,30,30,30,30,30,30 -> output: 0
input: 568 -> message: 12,30,29,33,12,30,30,30,30,30,30,30,30,30,30,30,30,30,30,30,30,30,30,30,30,30,30,30,30,30 -> output: 0
input: 569 -> message: 28,0 -> output: 0
input: 570 -> message: 4,12,30,6,12,30,30,30,30,30,30,30,30,30,30,30,30,30,30,30,30,30,30,30,30,30,30,30,30,30 -> output: 0
input: 571 -> message: 33,12,6,12,30,30,30,30,30,30,30,30,30,30,30,30,30,30,30,30,30,30,30,30,30,30,30,30,30,30 -> output: 0
input: 572 -> message: 33,12,6,12,30,30,30,30,30,30,30,30,30,30,30,30,30,30,30,30,30,30,30,30,30,30,30,30,30,30 -> output: 0
input: 573 -> message: 12,30,30,30,34,4,12,30,30,30,30,30,30,30,30,30,30,30,30,30,30,30,30,30,30,30,30,30,30,30 -> output: 0
input: 574 -> message: 12,30,30,30,34,30,30,30,30,30,30,30,30,30,30,30,30,30,30,30,30,30,30,30,30,30,30,30,30,30 -> output: 0
input: 575 -> message: 33,12,6,12,30,30,30,30,30,30,30,30,30,30,30,30,30,30,30,30,30,30,30,30,30,30,30,30,30,30 -> output: 0
input: 576 -> message: 28,30,30,34,4,30,30,30,30,30,30,30,30,30,30,30,30,30,30,30,30,30,30,30,30,30,30,30,30,30 -> output: 0
input: 577 -> message: 12,30,30,34,4,30,30,30,30,30,30,30,30,30,30,30,30,30,30,30,30,30,30,30,30,30,30,30,30,30 -> output: 0
input: 578 -> message: 33,12,6,12,30,30,30,30,30,30,30,30,30,30,30,30,30,30,30,30,30,30,30,30,30,30,30,30,30,30 -> output: 0
input: 579 -> message: 12,30,30,34,4,30,30,30,30,30,30,30,30,30,30,30,30,30,30,30,30,30,30,30,30,30,30,30,30,30 -> output: 0
input: 580 -> message: 12,30,30,30,34,30,30,30,30,30,30,30,30,30,30,30,30,30,30,30,30,30,30,30,30,30,30,30,30,30 -> output: 0
input: 581 -> message: 12,30,30,34,4,30,30,30,30,30,30,30,30,30,30,30,30,30,30,30,30,30,30,30,30,30,30,30,30,30 -> output: 0
input: 582 -> message: 12,30,30,29,33,12,30,30,30,30,30,30,30,30,30,30,30,30,30,30,30,30,30,30,30,30,30,30,30,30 -> output: 0
input: 583 -> message: 12,30,29,33,12,30,30,30,30,30,30,30,30,30,30,30,30,30,30,30,30,30,30,30,30,30,30,30,30,30 -> output: 0
input: 584 -> message: 12,30,30,30,34,30,30,30,30,30,30,30,30,30,30,30,30,30,30,30,30,30,30,30,30,30,30,30,30,30 -> output: 0
input: 585 -> message: 4,12,30,6,12,30,30,30,30,30,30,30,30,30,30,30,30,30,30,30,30,30,30,30,30,30,30,30,30,30 -> output: 0
input: 586 -> message: 33,12,6,12,30,30,30,30,30,30,30,30,30,30,30,30,30,30,30,30,30,30,30,30,30,30,30,30,30,30 -> output: 0
input: 587 -> message: 12,30,29,33,12,30,30,30,30,30,30,30,30,30,30,30,30,30,30,30,30,30,30,30,30,30,30,30,30,30 -> output: 0
input: 588 -> message: 4,12,30,6,12,30,30,30,30,30,30,30,30,30,30,30,30,30,30,30,30,30,30,30,30,30,30,30,30,30 -> output: 0
input: 589 -> message: 12,30,30,34,4,30,30,30,30,30,30,30,30,30,30,30,30,30,30,30,30,30,30,30,30,30,30,30,30,30 -> output: 0
input: 590 -> message: 28,0 -> output: 0
input: 591 -> message: 4,12,30,6,12,30,30,30,30,30,30,30,30,30,30,30,30,30,30,30,30,30,30,30,30,30,30,30,30,30 -> output: 0
input: 592 -> message: 4,12,6,12,30,30,30,30,30,30,30,30,30,30,30,30,30,30,30,30,30,30,30,30,30,30,30,30,30,30 -> output: 0
input: 593 -> message: 29,12,30,30,30,30,30,30,30,30,30,30,30,30,30,30,30,30,30,30,30,30,30,30,30,30,30,30,30,30 -> output: 0
input: 594 -> message: 12,30,30,34,4,30,30,30,30,30,30,30,30,30,30,30,30,30,30,30,30,30,30,30,30,30,30,30,30,30 -> output: 0
input: 595 -> message: 12,30,30,34,4,12,30,30,30,30,30,30,30,30,30,30,30,30,30,30,30,30,30,30,30,30,30,30,30,30 -> output: 0
input: 596 -> message: 12,30,30,30,34,30,30,30,30,30,30,30,30,30,30,30,30,30,30,30,30,30,30,30,30,30,30,30,30,30 -> output: 0
input: 597 -> message: 4,12,30,6,12,30,30,30,30,30,30,30,30,30,30,30,30,30,30,30,30,30,30,30,30,30,30,30,30,30 -> output: 0
input: 598 -> message: 33,12,28,30,30,30,30,30,30,30,30,30,30,30,30,30,30,30,30,30,30,30,30,30,30,30,30,30,30,30 -> output: 0
input: 599 -> message: 33,12,28,30,30,30,30,30,30,30,30,30,30,30,30,30,30,30,30,30,30,30,30,30,30,30,30,30,30,30 -> output: 0
input: 600 -> message: 33,12,6,12,30,30,30,30,30,30,30,30,30,30,30,30,30,30,30,30,30,30,30,30,30,30,30,30,30,30 -> output: 0
input: 601 -> message: 4,12,30,6,12,30,30,30,30,30,30,30,30,30,30,30,30,30,30,30,30,30,30,30,30,30,30,30,30,30 -> output: 0
input: 602 -> message: 12,30,30,30,34,30,30,30,30,30,30,30,30,30,30,30,30,30,30,30,30,30,30,30,30,30,30,30,30,30 -> output: 0
input: 603 -> message: 12,30,30,34,4,30,30,30,30,30,30,30,30,30,30,30,30,30,30,30,30,30,30,30,30,30,30,30,30,30 -> output: 0
input: 604 -> message: 30,29,12,33,12,30,30,30,30,30,30,30,30,30,30,30,30,30,30,30,30,30,30,30,30,30,30,30,30,30 -> output: 0
input: 605 -> message: 12,30,30,34,30,30,30,30,30,30,30,30,30,30,30,30,30,30,30,30,30,30,30,30,30,30,30,30,30,30 -> output: 0
input: 606 -> message: 33,12,6,12,30,30,30,30,30,30,30,30,30,30,30,30,30,30,30,30,30,30,30,30,30,30,30,30,30,30 -> output: 0
input: 607 -> message: 33,12,6,12,30,30,30,30,30,30,30,30,30,30,30,30,30,30,30,30,30,30,30,30,30,30,30,30,30,30 -> output: 0
input: 608 -> message: 33,12,28,30,30,30,30,30,30,30,30,30,30,30,30,30,30,30,30,30,30,30,30,30,30,30,30,30,30,30 -> output: 0
input: 609 -> message: 33,12,6,12,30,30,30,30,30,30,30,30,30,30,30,30,30,30,30,30,30,30,30,30,30,30,30,30,30,30 -> output: 0
input: 610 -> message: 12,30,30,30,34,30,30,30,30,30,30,30,30,30,30,30,30,30,30,30,30,30,30,30,30,30,30,30,30,30 -> output: 0
input: 611 -> message: 28,0 -> output: 0
input: 612 -> message: 12,30,30,29,33,12,30,30,30,30,30,30,30,30,30,30,30,30,30,30,30,30,30,30,30,30,30,30,30,30 -> output: 0
input: 613 -> message: 12,30,29,33,12,30,30,30,30,30,30,30,30,30,30,30,30,30,30,30,30,30,30,30,30,30,30,30,30,30 -> output: 0
input: 614 -> message: 12,30,30,34,30,30,30,30,30,30,30,30,30,30,30,30,30,30,30,30,30,30,30,30,30,30,30,30,30,30 -> output: 0
input: 615 -> message: 4,12,6,12,30,30,30,30,30,30,30,30,30,30,30,30,30,30,30,30,30,30,30,30,30,30,30,30,30,30 -> output: 0
input: 616 -> message: 33,12,28,30,30,30,30,30,30,30,30,30,30,30,30,30,30,30,30,30,30,30,30,30,30,30,30,30,30,30 -> output: 0
input: 617 -> message: 28,0 -> output: 0
input: 618 -> message: 12,30,30,34,30,30,30,30,30,30,30,30,30,30,30,30,30,30,30,30,30,30,30,30,30,30,30,30,30,30 -> output: 0
input: 619 -> message: 33,12,28,30,30,30,30,30,30,30,30,30,30,30,30,30,30,30,30,30,30,30,30,30,30,30,30,30,30,30 -> output: 0
input: 620 -> message: 28,30,30,30,34,30,30,30,30,30,30,30,30,30,30,30,30,30,30,30,30,30,30,30,30,30,30,30,30,30 -> output: 0
input: 621 -> message: 4,12,30,6,12,30,30,30,30,30,30,30,30,30,30,30,30,30,30,30,30,30,30,30,30,30,30,30,30,30 -> output: 0
input: 622 -> message: 12,30,30,34,30,30,30,30,30,30,30,30,30,30,30,30,30,30,30,30,30,30,30,30,30,30,30,30,30,30 -> output: 0
input: 623 -> message: 12,30,30,30,34,30,30,30,30,30,30,30,30,30,30,30,30,30,30,30,30,30,30,30,30,30,30,30,30,30 -> output: 0
input: 624 -> message: 4,12,30,6,12,30,30,30,30,30,30,30,30,30,30,30,30,30,30,30,30,30,30,30,30,30,30,30,30,30 -> output: 0
input: 625 -> message: 4,12,30,6,12,30,30,30,30,30,30,30,30,30,30,30,30,30,30,30,30,30,30,30,30,30,30,30,30,30 -> output: 0
input: 626 -> message: 12,30,30,30,34,30,30,30,30,30,30,30,30,30,30,30,30,30,30,30,30,30,30,30,30,30,30,30,30,30 -> output: 0
input: 627 -> message: 33,12,28,30,30,30,30,30,30,30,30,30,30,30,30,30,30,30,30,30,30,30,30,30,30,30,30,30,30,30 -> output: 0
input: 628 -> message: 4,12,30,6,12,30,30,30,30,30,30,30,30,30,30,30,30,30,30,30,30,30,30,30,30,30,30,30,30,30 -> output: 0
input: 629 -> message: 28,0 -> output: 0
input: 630 -> message: 33,12,28,30,30,30,30,30,30,30,30,30,30,30,30,30,30,30,30,30,30,30,30,30,30,30,30,30,30,30 -> output: 0
input: 631 -> message: 12,30,29,33,12,30,30,30,30,30,30,30,30,30,30,30,30,30,30,30,30,30,30,30,30,30,30,30,30,30 -> output: 0
input: 632 -> message: 12,30,30,30,34,30,30,30,30,30,30,30,30,30,30,30,30,30,30,30,30,30,30,30,30,30,30,30,30,30 -> output: 0
input: 633 -> message: 12,30,30,30,34,30,30,30,30,30,30,30,30,30,30,30,30,30,30,30,30,30,30,30,30,30,30,30,30,30 -> output: 0
input: 634 -> message: 28,0 -> output: 0
input: 635 -> message: 4,12,30,6,12,30,30,30,30,30,30,30,30,30,30,30,30,30,30,30,30,30,30,30,30,30,30,30,30,30 -> output: 0
input: 636 -> message: 33,12,28,30,30,30,30,30,30,30,30,30,30,30,30,30,30,30,30,30,30,30,30,30,30,30,30,30,30,30 -> output: 0
input: 637 -> message: 4,12,30,6,12,30,30,30,30,30,30,30,30,30,30,30,30,30,30,30,30,30,30,30,30,30,30,30,30,30 -> output: 0
input: 638 -> message: 33,12,6,12,30,30,30,30,30,30,30,30,30,30,30,30,30,30,30,30,30,30,30,30,30,30,30,30,30,30 -> output: 0
input: 639 -> message: 12,30,30,30,34,30,30,30,30,30,30,30,30,30,30,30,30,30,30,30,30,30,30,30,30,30,30,30,30,30 -> output: 0
input: 640 -> message: 28,30,30,34,4,30,30,30,30,30,30,30,30,30,30,30,30,30,30,30,30,30,30,30,30,30,30,30,30,30 -> output: 0
input: 641 -> message: 12,30,29,33,12,30,30,30,30,30,30,30,30,30,30,30,30,30,30,30,30,30,30,30,30,30,30,30,30,30 -> output: 0
input: 642 -> message: 12,30,30,34,30,30,30,30,30,30,30,30,30,30,30,30,30,30,30,30,30,30,30,30,30,30,30,30,30,30 -> output: 0
input: 643 -> message: 12,30,29,33,12,30,30,30,30,30,30,30,30,30,30,30,30,30,30,30,30,30,30,30,30,30,30,30,30,30 -> output: 0
input: 644 -> message: 4,12,30,6,12,30,30,30,30,30,30,30,30,30,30,30,30,30,30,30,30,30,30,30,30,30,30,30,30,30 -> output: 0
input: 645 -> message: 28,0 -> output: 0
input: 646 -> message: 28,0 -> output: 0
input: 647 -> message: 4,12,30,6,12,30,30,30,30,30,30,30,30,30,30,30,30,30,30,30,30,30,30,30,30,30,30,30,30,30 -> output: 0
input: 648 -> message: 12,30,30,30,30,30,30,12,30,30,30,30,30,30,30,30,30,30,30,30,30,30,30,30,30,30,30,30,30,30 -> output: 0
input: 649 -> message: 4,12,30,6,12,30,30,30,30,30,30,30,30,30,30,30,30,30,30,30,30,30,30,30,30,30,30,30,30,30 -> output: 0
input: 650 -> message: 33,12,6,12,30,30,30,30,30,30,30,30,30,30,30,30,30,30,30,30,30,30,30,30,30,30,30,30,30,30 -> output: 0
input: 651 -> message: 4,12,30,6,12,30,30,30,30,30,30,30,30,30,30,30,30,30,30,30,30,30,30,30,30,30,30,30,30,30 -> output: 0
input: 652 -> message: 12,30,30,30,34,30,30,30,30,30,30,30,30,30,30,30,30,30,30,30,30,30,30,30,30,30,30,30,30,30 -> output: 0
input: 653 -> message: 33,12,6,12,30,30,30,30,30,30,30,30,30,30,30,30,30,30,30,30,30,30,30,30,30,30,30,30,30,30 -> output: 0
input: 654 -> message: 12,30,30,30,34,30,30,30,30,30,30,30,30,30,30,30,30,30,30,30,30,30,30,30,30,30,30,30,30,30 -> output: 0
input: 655 -> message: 4,12,30,6,12,30,30,30,30,30,30,30,30,30,30,30,30,30,30,30,30,30,30,30,30,30,30,30,30,30 -> output: 0
input: 656 -> message: 28,0 -> output: 0
input: 657 -> message: 33,12,6,12,30,30,30,30,30,30,30,30,30,30,30,30,30,30,30,30,30,30,30,30,30,30,30,30,30,30 -> output: 0
input: 658 -> message: 12,30,30,34,30,30,30,30,30,30,30,30,30,30,30,30,30,30,30,30,30,30,30,30,30,30,30,30,30,30 -> output: 0
input: 659 -> message: 4,12,30,6,12,30,30,30,30,30,30,30,30,30,30,30,30,30,30,30,30,30,30,30,30,30,30,30,30,30 -> output: 0
input: 660 -> message: 12,30,30,30,30,30,30,12,30,30,30,30,30,30,30,30,30,30,30,30,30,30,30,30,30,30,30,30,30,30 -> output: 0
input: 661 -> message: 28,0 -> output: 0
input: 662 -> message: 4,12,30,6,12,30,30,30,30,30,30,30,30,30,30,30,30,30,30,30,30,30,30,30,30,30,30,30,30,30 -> output: 0
input: 663 -> message: 12,30,30,30,34,30,30,30,30,30,30,30,30,30,30,30,30,30,30,30,30,30,30,30,30,30,30,30,30,30 -> output: 0
input: 664 -> message: 30,29,12,33,12,30,30,30,30,30,30,30,30,30,30,30,30,30,30,30,30,30,30,30,30,30,30,30,30,30 -> output: 0
input: 665 -> message: 12,30,30,34,30,30,30,30,30,30,30,30,30,30,30,30,30,30,30,30,30,30,30,30,30,30,30,30,30,30 -> output: 0
input: 666 -> message: 12,30,30,30,34,4,12,30,30,30,30,30,30,30,30,30,30,30,30,30,30,30,30,30,30,30,30,30,30,30 -> output: 0
input: 667 -> message: 4,12,30,6,12,30,30,30,30,30,30,30,30,30,30,30,30,30,30,30,30,30,30,30,30,30,30,30,30,30 -> output: 0
input: 668 -> message: 4,12,30,6,12,30,30,30,30,30,30,30,30,30,30,30,30,30,30,30,30,30,30,30,30,30,30,30,30,30 -> output: 0
input: 669 -> message: 12,30,30,30,34,30,30,30,30,30,30,30,30,30,30,30,30,30,30,30,30,30,30,30,30,30,30,30,30,30 -> output: 0
input: 670 -> message: 33,12,6,12,30,30,30,30,30,30,30,30,30,30,30,30,30,30,30,30,30,30,30,30,30,30,30,30,30,30 -> output: 0
input: 671 -> message: 33,12,28,30,30,30,30,30,30,30,30,30,30,30,30,30,30,30,30,30,30,30,30,30,30,30,30,30,30,30 -> output: 0
input: 672 -> message: 12,30,30,29,12,30,30,30,30,30,30,30,30,30,30,30,30,30,30,30,30,30,30,30,30,30,30,30,30,30 -> output: 0
input: 673 -> message: 4,12,6,12,30,30,30,30,30,30,30,30,30,30,30,30,30,30,30,30,30,30,30,30,30,30,30,30,30,30 -> output: 0
input: 674 -> message: 33,12,6,12,30,30,30,30,30,30,30,30,30,30,30,30,30,30,30,30,30,30,30,30,30,30,30,30,30,30 -> output: 0
input: 675 -> message: 33,12,6,12,30,30,30,30,30,30,30,30,30,30,30,30,30,30,30,30,30,30,30,30,30,30,30,30,30,30 -> output: 0
input: 676 -> message: 4,12,30,6,12,30,30,30,30,30,30,30,30,30,30,30,30,30,30,30,30,30,30,30,30,30,30,30,30,30 -> output: 0
input: 677 -> message: 12,30,30,34,30,30,30,30,30,30,30,30,30,30,30,30,30,30,30,30,30,30,30,30,30,30,30,30,30,30 -> output: 0
input: 678 -> message: 4,12,30,6,12,30,30,30,30,30,30,30,30,30,30,30,30,30,30,30,30,30,30,30,30,30,30,30,30,30 -> output: 0
input: 679 -> message: 12,30,30,30,30,30,30,12,30,30,30,30,30,30,30,30,30,30,30,30,30,30,30,30,30,30,30,30,30,30 -> output: 0
input: 680 -> message: 4,12,30,6,12,30,30,30,30,30,30,30,30,30,30,30,30,30,30,30,30,30,30,30,30,30,30,30,30,30 -> output: 0
input: 681 -> message: 33,12,6,12,30,30,30,30,30,30,30,30,30,30,30,30,30,30,30,30,30,30,30,30,30,30,30,30,30,30 -> output: 0
input: 682 -> message: 12,30,30,30,34,30,30,30,30,30,30,30,30,30,30,30,30,30,30,30,30,30,30,30,30,30,30,30,30,30 -> output: 0
input: 683 -> message: 33,12,6,12,30,30,30,30,30,30,30,30,30,30,30,30,30,30,30,30,30,30,30,30,30,30,30,30,30,30 -> output: 0
input: 684 -> message: 12,30,30,30,34,30,30,30,30,30,30,30,30,30,30,30,30,30,30,30,30,30,30,30,30,30,30,30,30,30 -> output: 0
input: 685 -> message: 33,12,6,12,30,30,30,30,30,30,30,30,30,30,30,30,30,30,30,30,30,30,30,30,30,30,30,30,30,30 -> output: 0
input: 686 -> message: 12,30,30,30,30,30,30,12,30,30,30,30,30,30,30,30,30,30,30,30,30,30,30,30,30,30,30,30,30,30 -> output: 0
input: 687 -> message: 12,30,30,30,34,30,30,30,30,30,30,30,30,30,30,30,30,30,30,30,30,30,30,30,30,30,30,30,30,30 -> output: 0
input: 688 -> message: 12,30,30,30,34,30,30,30,30,30,30,30,30,30,30,30,30,30,30,30,30,30,30,30,30,30,30,30,30,30 -> output: 0
input: 689 -> message: 12,30,30,30,34,30,30,30,30,30,30,30,30,30,30,30,30,30,30,30,30,30,30,30,30,30,30,30,30,30 -> output: 0
input: 690 -> message: 33,12,6,12,30,30,30,30,30,30,30,30,30,30,30,30,30,30,30,30,30,30,30,30,30,30,30,30,30,30 -> output: 0
input: 691 -> message: 4,12,30,6,12,30,30,30,30,30,30,30,30,30,30,30,30,30,30,30,30,30,30,30,30,30,30,30,30,30 -> output: 0
input: 692 -> message: 28,30,30,34,4,30,30,30,30,30,30,30,30,30,30,30,30,30,30,30,30,30,30,30,30,30,30,30,30,30 -> output: 0
input: 693 -> message: 4,12,30,6,12,30,30,30,30,30,30,30,30,30,30,30,30,30,30,30,30,30,30,30,30,30,30,30,30,30 -> output: 0
input: 694 -> message: 4,12,30,6,12,30,30,30,30,30,30,30,30,30,30,30,30,30,30,30,30,30,30,30,30,30,30,30,30,30 -> output: 0
input: 695 -> message: 30,29,12,33,12,30,30,30,30,30,30,30,30,30,30,30,30,30,30,30,30,30,30,30,30,30,30,30,30,30 -> output: 0
input: 696 -> message: 33,12,6,12,30,30,30,30,30,30,30,30,30,30,30,30,30,30,30,30,30,30,30,30,30,30,30,30,30,30 -> output: 0
input: 697 -> message: 4,12,30,6,12,30,30,30,30,30,30,30,30,30,30,30,30,30,30,30,30,30,30,30,30,30,30,30,30,30 -> output: 0
input: 698 -> message: 33,12,6,12,30,30,30,30,30,30,30,30,30,30,30,30,30,30,30,30,30,30,30,30,30,30,30,30,30,30 -> output: 0
input: 699 -> message: 12,30,30,30,34,30,30,30,30,30,30,30,30,30,30,30,30,30,30,30,30,30,30,30,30,30,30,30,30,30 -> output: 0
input: 700 -> message: 28,30,30,34,4,30,30,30,30,30,30,30,30,30,30,30,30,30,30,30,30,30,30,30,30,30,30,30,30,30 -> output: 0
input: 701 -> message: 33,12,28,30,30,30,30,30,30,30,30,30,30,30,30,30,30,30,30,30,30,30,30,30,30,30,30,30,30,30 -> output: 0
input: 702 -> message: 33,12,6,12,30,30,30,30,30,30,30,30,30,30,30,30,30,30,30,30,30,30,30,30,30,30,30,30,30,30 -> output: 0
input: 703 -> message: 4,12,30,6,12,30,30,30,30,30,30,30,30,30,30,30,30,30,30,30,30,30,30,30,30,30,30,30,30,30 -> output: 0
input: 704 -> message: 33,12,6,12,30,30,30,30,30,30,30,30,30,30,30,30,30,30,30,30,30,30,30,30,30,30,30,30,30,30 -> output: 0
input: 705 -> message: 33,12,28,30,30,30,30,30,30,30,30,30,30,30,30,30,30,30,30,30,30,30,30,30,30,30,30,30,30,30 -> output: 0
input: 706 -> message: 33,12,6,12,30,30,30,30,30,30,30,30,30,30,30,30,30,30,30,30,30,30,30,30,30,30,30,30,30,30 -> output: 0
input: 707 -> message: 12,30,30,30,34,4,12,30,30,30,30,30,30,30,30,30,30,30,30,30,30,30,30,30,30,30,30,30,30,30 -> output: 0
input: 708 -> message: 4,12,6,12,30,30,30,30,30,30,30,30,30,30,30,30,30,30,30,30,30,30,30,30,30,30,30,30,30,30 -> output: 0
input: 709 -> message: 28,0 -> output: 0
input: 710 -> message: 4,12,6,12,30,30,30,30,30,30,30,30,30,30,30,30,30,30,30,30,30,30,30,30,30,30,30,30,30,30 -> output: 0
input: 711 -> message: 12,30,30,30,34,30,30,30,30,30,30,30,30,30,30,30,30,30,30,30,30,30,30,30,30,30,30,30,30,30 -> output: 0
input: 712 -> message: 4,12,30,30,30,30,30,30,30,30,30,30,30,30,30,30,30,30,30,30,30,30,30,30,30,30,30,30,30,30 -> output: 0
input: 713 -> message: 12,30,29,33,12,30,30,30,30,30,30,30,30,30,30,30,30,30,30,30,30,30,30,30,30,30,30,30,30,30 -> output: 0
input: 714 -> message: 12,30,29,33,12,30,30,30,30,30,30,30,30,30,30,30,30,30,30,30,30,30,30,30,30,30,30,30,30,30 -> output: 0
input: 715 -> message: 12,30,30,34,30,30,30,30,30,30,30,30,30,30,30,30,30,30,30,30,30,30,30,30,30,30,30,30,30,30 -> output: 0
input: 716 -> message: 33,12,6,12,30,30,30,30,30,30,30,30,30,30,30,30,30,30,30,30,30,30,30,30,30,30,30,30,30,30 -> output: 0
input: 717 -> message: 33,12,6,12,30,30,30,30,30,30,30,30,30,30,30,30,30,30,30,30,30,30,30,30,30,30,30,30,30,30 -> output: 0
input: 718 -> message: 4,12,30,6,12,30,30,30,30,30,30,30,30,30,30,30,30,30,30,30,30,30,30,30,30,30,30,30,30,30 -> output: 0
input: 719 -> message: 4,12,30,6,12,30,30,30,30,30,30,30,30,30,30,30,30,30,30,30,30,30,30,30,30,30,30,30,30,30 -> output: 0
input: 720 -> message: 12,30,30,30,34,30,30,30,30,30,30,30,30,30,30,30,30,30,30,30,30,30,30,30,30,30,30,30,30,30 -> output: 0
input: 721 -> message: 4,12,30,6,12,30,30,30,30,30,30,30,30,30,30,30,30,30,30,30,30,30,30,30,30,30,30,30,30,30 -> output: 0
input: 722 -> message: 28,0 -> output: 0
input: 723 -> message: 12,30,30,34,4,30,30,30,30,30,30,30,30,30,30,30,30,30,30,30,30,30,30,30,30,30,30,30,30,30 -> output: 0
input: 724 -> message: 12,30,30,30,34,30,30,30,30,30,30,30,30,30,30,30,30,30,30,30,30,30,30,30,30,30,30,30,30,30 -> output: 0
input: 725 -> message: 12,30,30,34,4,30,30,30,30,30,30,30,30,30,30,30,30,30,30,30,30,30,30,30,30,30,30,30,30,30 -> output: 0
input: 726 -> message: 30,29,12,33,12,30,30,30,30,30,30,30,30,30,30,30,30,30,30,30,30,30,30,30,30,30,30,30,30,30 -> output: 0
input: 727 -> message: 4,12,30,6,12,30,30,30,30,30,30,30,30,30,30,30,30,30,30,30,30,30,30,30,30,30,30,30,30,30 -> output: 0
input: 728 -> message: 12,30,29,33,12,30,30,30,30,30,30,30,30,30,30,30,30,30,30,30,30,30,30,30,30,30,30,30,30,30 -> output: 0
input: 729 -> message: 12,30,30,30,34,30,30,30,30,30,30,30,30,30,30,30,30,30,30,30,30,30,30,30,30,30,30,30,30,30 -> output: 0
input: 730 -> message: 12,30,30,34,4,30,30,30,30,30,30,30,30,30,30,30,30,30,30,30,30,30,30,30,30,30,30,30,30,30 -> output: 0
input: 731 -> message: 33,12,28,30,30,30,30,30,30,30,30,30,30,30,30,30,30,30,30,30,30,30,30,30,30,30,30,30,30,30 -> output: 0
input: 732 -> message: 12,30,30,34,4,30,30,30,30,30,30,30,30,30,30,30,30,30,30,30,30,30,30,30,30,30,30,30,30,30 -> output: 0
input: 733 -> message: 28,0 -> output: 0
input: 734 -> message: 28,0 -> output: 0
input: 735 -> message: 28,0 -> output: 0
input: 736 -> message: 4,12,30,6,12,30,30,30,30,30,30,30,30,30,30,30,30,30,30,30,30,30,30,30,30,30,30,30,30,30 -> output: 0
input: 737 -> message: 4,12,33,12,30,30,30,30,30,30,30,30,30,30,30,30,30,30,30,30,30,30,30,30,30,30,30,30,30,30 -> output: 0
input: 738 -> message: 12,30,30,34,4,12,30,30,30,30,30,30,30,30,30,30,30,30,30,30,30,30,30,30,30,30,30,30,30,30 -> output: 0
input: 739 -> message: 4,12,30,6,12,30,30,30,30,30,30,30,30,30,30,30,30,30,30,30,30,30,30,30,30,30,30,30,30,30 -> output: 0
input: 740 -> message: 12,30,30,34,4,30,30,30,30,30,30,30,30,30,30,30,30,30,30,30,30,30,30,30,30,30,30,30,30,30 -> output: 0
input: 741 -> message: 4,12,30,6,12,30,30,30,30,30,30,30,30,30,30,30,30,30,30,30,30,30,30,30,30,30,30,30,30,30 -> output: 0
input: 742 -> message: 28,0 -> output: 0
input: 743 -> message: 12,30,29,33,12,30,30,30,30,30,30,30,30,30,30,30,30,30,30,30,30,30,30,30,30,30,30,30,30,30 -> output: 0
input: 744 -> message: 12,30,30,34,30,30,30,30,30,30,30,30,30,30,30,30,30,30,30,30,30,30,30,30,30,30,30,30,30,30 -> output: 0
input: 745 -> message: 4,12,30,30,30,30,30,30,30,30,30,30,30,30,30,30,30,30,30,30,30,30,30,30,30,34,30,30,30,30 -> output: 0
input: 746 -> message: 33,12,6,12,30,30,30,30,30,30,30,30,30,30,30,30,30,30,30,30,30,30,30,30,30,30,30,30,30,30 -> output: 0
input: 747 -> message: 4,12,33,12,30,30,30,30,30,30,30,30,30,30,30,30,30,30,30,30,30,30,30,30,30,30,30,30,30,30 -> output: 0
input: 748 -> message: 4,12,30,6,12,30,30,30,30,30,30,30,30,30,30,30,30,30,30,30,30,30,30,30,30,30,30,30,30,30 -> output: 0
input: 749 -> message: 12,30,30,34,30,30,30,30,30,30,30,30,30,30,30,30,30,30,30,30,30,30,30,30,30,30,30,30,30,30 -> output: 0
input: 750 -> message: 4,12,30,6,12,30,30,30,30,30,30,30,30,30,30,30,30,30,30,30,30,30,30,30,30,30,30,30,30,30 -> output: 0
input: 751 -> message: 12,30,30,34,30,30,30,30,30,30,30,30,30,30,30,30,30,30,30,30,30,30,30,30,30,30,30,30,30,30 -> output: 0
input: 752 -> message: 28,30,0 -> output: 0
input: 753 -> message: 12,30,30,30,34,30,30,30,30,30,30,30,30,30,30,30,30,30,30,30,30,30,30,30,30,30,30,30,30,30 -> output: 0
input: 754 -> message: 12,30,30,30,34,30,30,30,30,30,30,30,30,30,30,30,30,30,30,30,30,30,30,30,30,30,30,30,30,30 -> output: 0
input: 755 -> message: 12,30,30,30,34,30,30,30,30,30,30,30,30,30,30,30,30,30,30,30,30,30,30,30,30,30,30,30,30,30 -> output: 0
input: 756 -> message: 33,12,6,12,30,30,30,30,30,30,30,30,30,30,30,30,30,30,30,30,30,30,30,30,30,30,30,30,30,30 -> output: 0
input: 757 -> message: 12,30,30,34,4,12,30,30,30,30,30,30,30,30,30,30,30,30,30,30,30,30,30,30,30,30,30,30,30,30 -> output: 0
input: 758 -> message: 29,12,30,30,30,30,30,30,30,30,30,30,30,30,30,30,30,30,30,30,30,30,30,30,30,30,30,30,30,30 -> output: 0
input: 759 -> message: 4,12,30,6,12,30,30,30,30,30,30,30,30,30,30,30,30,30,30,30,30,30,30,30,30,30,30,30,30,30 -> output: 0
input: 760 -> message: 28,30,30,34,4,30,30,30,30,30,30,30,30,30,30,30,30,30,30,30,30,30,30,30,30,30,30,30,30,30 -> output: 0
input: 761 -> message: 12,30,29,33,12,30,30,30,30,30,30,30,30,30,30,30,30,30,30,30,30,30,30,30,30,30,30,30,30,30 -> output: 0
input: 762 -> message: 12,30,30,34,4,30,30,30,30,30,30,30,30,30,30,30,30,30,30,30,30,30,30,30,30,30,30,30,30,30 -> output: 0
input: 763 -> message: 12,30,30,30,34,30,30,30,30,30,30,30,30,30,30,30,30,30,30,30,30,30,30,30,30,30,30,30,30,30 -> output: 0
input: 764 -> message: 12,30,30,30,34,30,30,30,30,30,30,30,30,30,30,30,30,30,30,30,30,30,30,30,30,30,30,30,30,30 -> output: 0
input: 765 -> message: 4,12,30,6,12,30,30,30,30,30,30,30,30,30,30,30,30,30,30,30,30,30,30,30,30,30,30,30,30,30 -> output: 0
input: 766 -> message: 4,12,30,30,30,30,30,30,30,30,30,30,30,30,30,30,30,30,30,30,30,30,30,30,30,30,30,30,30,30 -> output: 0
input: 767 -> message: 4,12,30,6,12,30,30,30,30,30,30,30,30,30,30,30,30,30,30,30,30,30,30,30,30,30,30,30,30,30 -> output: 0
input: 768 -> message: 33,12,6,12,30,30,30,30,30,30,30,30,30,30,30,30,30,30,30,30,30,30,30,30,30,30,30,30,30,30 -> output: 0
input: 769 -> message: 12,30,30,34,4,12,30,30,30,30,30,30,30,30,30,30,30,30,30,30,30,30,30,30,30,30,30,30,30,30 -> output: 0
input: 770 -> message: 33,12,6,12,30,30,30,30,30,30,30,30,30,30,30,30,30,30,30,30,30,30,30,30,30,30,30,30,30,30 -> output: 0
input: 771 -> message: 12,30,30,30,34,30,30,30,30,30,30,30,30,30,30,30,30,30,30,30,30,30,30,30,30,30,30,30,30,30 -> output: 0
input: 772 -> message: 12,30,30,34,30,30,30,30,30,30,30,30,30,30,30,30,30,30,30,30,30,30,30,30,30,30,30,30,30,30 -> output: 0
input: 773 -> message: 28,30,30,30,30,30,30,12,30,30,30,30,30,30,30,30,30,30,30,30,30,30,30,30,30,30,30,30,30,30 -> output: 0
input: 774 -> message: 12,30,30,34,4,30,30,30,30,30,30,30,30,30,30,30,30,30,30,30,30,30,30,30,30,30,30,30,30,30 -> output: 0
input: 775 -> message: 12,30,30,30,34,30,30,30,30,30,30,30,30,30,30,30,30,30,30,30,30,30,30,30,30,30,30,30,30,30 -> output: 0
input: 776 -> message: 12,30,30,34,4,30,30,30,30,30,30,30,30,30,30,30,30,30,30,30,30,30,30,30,30,30,30,30,30,30 -> output: 0
input: 777 -> message: 12,30,30,34,4,12,30,30,30,30,30,30,30,30,30,30,30,30,30,30,30,30,30,30,30,30,30,30,30,30 -> output: 0
input: 778 -> message: 4,12,30,6,12,30,30,30,30,30,30,30,30,30,30,30,30,30,30,30,30,30,30,30,30,30,30,30,30,30 -> output: 0
input: 779 -> message: 4,12,30,6,12,30,30,30,30,30,30,30,30,30,30,30,30,30,30,30,30,30,30,30,30,30,30,30,30,30 -> output: 0
input: 780 -> message: 12,30,30,30,34,30,30,30,30,30,30,30,30,30,30,30,30,30,30,30,30,30,30,30,30,30,30,30,30,30 -> output: 0
input: 781 -> message: 28,30,30,30,30,30,30,12,30,30,30,30,30,30,30,30,30,30,30,30,30,30,30,30,30,30,30,30,30,30 -> output: 0
input: 782 -> message: 12,30,30,30,30,30,30,12,30,30,30,30,30,30,30,30,30,30,30,30,30,30,30,30,30,30,30,30,30,30 -> output: 0
input: 783 -> message: 33,12,6,12,30,30,30,30,30,30,30,30,30,30,30,30,30,30,30,30,30,30,30,30,30,30,30,30,30,30 -> output: 0
input: 784 -> message: 4,12,30,6,12,30,30,30,30,30,30,30,30,30,30,30,30,30,30,30,30,30,30,30,30,30,30,30,30,30 -> output: 0
input: 785 -> message: 4,12,30,6,12,30,30,30,30,30,30,30,30,30,30,30,30,30,30,30,30,30,30,30,30,30,30,30,30,30 -> output: 0
input: 786 -> message: 33,12,6,12,30,30,30,30,30,30,30,30,30,30,30,30,30,30,30,30,30,30,30,30,30,30,30,30,30,30 -> output: 0
input: 787 -> message: 4,12,30,6,12,30,30,30,30,30,30,30,30,30,30,30,30,30,30,30,30,30,30,30,30,30,30,30,30,30 -> output: 0
input: 788 -> message: 12,30,30,30,34,30,30,30,30,30,30,30,30,30,30,30,30,30,30,30,30,30,30,30,30,30,30,30,30,30 -> output: 0
input: 789 -> message: 33,12,28,30,30,30,30,30,30,30,30,30,30,30,30,30,30,30,30,30,30,30,30,30,30,30,30,30,30,30 -> output: 0
input: 790 -> message: 33,12,28,30,30,30,30,30,30,30,30,30,30,30,30,30,30,30,30,30,30,30,30,30,30,30,30,30,30,30 -> output: 0
input: 791 -> message: 4,12,30,6,12,30,30,30,30,30,30,30,30,30,30,30,30,30,30,30,30,30,30,30,30,30,30,30,30,30 -> output: 0
input: 792 -> message: 12,30,30,29,33,12,30,30,30,30,30,30,30,30,30,30,30,30,30,30,30,30,30,30,30,30,30,30,30,30 -> output: 0
input: 793 -> message: 33,12,28,30,30,30,30,30,30,30,30,30,30,30,30,30,30,30,30,30,30,30,30,30,30,30,30,30,30,30 -> output: 0
input: 794 -> message: 30,34,4,12,30,30,30,30,30,30,30,30,30,30,30,30,30,30,30,30,30,30,30,30,30,30,30,30,30,30 -> output: 0
input: 795 -> message: 12,30,30,34,4,12,30,30,30,30,30,30,30,30,30,30,30,30,30,30,30,30,30,30,30,30,30,30,30,30 -> output: 0
input: 796 -> message: 33,12,28,30,30,30,30,30,30,30,30,30,30,30,30,30,30,30,30,30,30,30,30,30,30,30,30,30,30,30 -> output: 0
input: 797 -> message: 33,12,6,12,30,30,30,30,30,30,30,30,30,30,30,30,30,30,30,30,30,30,30,30,30,30,30,30,30,30 -> output: 0
input: 798 -> message: 33,12,6,12,30,30,30,30,30,30,30,30,30,30,30,30,30,30,30,30,30,30,30,30,30,30,30,30,30,30 -> output: 0
input: 799 -> message: 12,30,29,33,12,30,30,30,30,30,30,30,30,30,30,30,30,30,30,30,30,30,30,30,30,30,30,30,30,30 -> output: 0
input: 800 -> message: 4,12,30,6,12,30,30,30,30,30,30,30,30,30,30,30,30,30,30,30,30,30,30,30,30,30,30,30,30,30 -> output: 0
input: 801 -> message: 4,12,30,6,12,30,30,30,30,30,30,30,30,30,30,30,30,30,30,30,30,30,30,30,30,30,30,30,30,30 -> output: 0
input: 802 -> message: 12,30,30,30,34,30,30,30,30,30,30,30,30,30,30,30,30,30,30,30,30,30,30,30,30,30,30,30,30,30 -> output: 0
input: 803 -> message: 4,12,30,6,12,30,30,30,30,30,30,30,30,30,30,30,30,30,30,30,30,30,30,30,30,30,30,30,30,30 -> output: 0
input: 804 -> message: 4,12,30,6,12,30,30,30,30,30,30,30,30,30,30,30,30,30,30,30,30,30,30,30,30,30,30,30,30,30 -> output: 0
input: 805 -> message: 12,30,30,34,4,12,30,30,30,30,30,30,30,30,30,30,30,30,30,30,30,30,30,30,30,30,30,30,30,30 -> output: 0
input: 806 -> message: 33,12,6,12,30,30,30,30,30,30,30,30,30,30,30,30,30,30,30,30,30,30,30,30,30,30,30,30,30,30 -> output: 0
input: 807 -> message: 4,12,30,6,12,30,30,30,30,30,30,30,30,30,30,30,30,30,30,30,30,30,30,30,30,30,30,30,30,30 -> output: 0
input: 808 -> message: 12,30,30,34,4,12,30,30,30,30,30,30,30,30,30,30,30,30,30,30,30,30,30,30,30,30,30,30,30,30 -> output: 0
input: 809 -> message: 28,0 -> output: 0
input: 810 -> message: 33,12,6,12,30,30,30,30,30,30,30,30,30,30,30,30,30,30,30,30,30,30,30,30,30,30,30,30,30,30 -> output: 0
input: 811 -> message: 33,12,6,12,30,30,30,30,30,30,30,30,30,30,30,30,30,30,30,30,30,30,30,30,30,30,30,30,30,30 -> output: 0
input: 812 -> message: 33,12,28,30,30,30,30,30,30,30,30,30,30,30,30,30,30,30,30,30,30,30,30,30,30,30,30,30,30,30 -> output: 0
input: 813 -> message: 4,12,6,12,30,30,30,30,30,30,30,30,30,30,30,30,30,30,30,30,30,30,30,30,30,30,30,30,30,30 -> output: 0
input: 814 -> message: 33,12,6,12,30,30,30,30,30,30,30,30,30,30,30,30,30,30,30,30,30,30,30,30,30,30,30,30,30,30 -> output: 0
input: 815 -> message: 4,12,30,6,12,30,30,30,30,30,30,30,30,30,30,30,30,30,30,30,30,30,30,30,30,30,30,30,30,30 -> output: 0
input: 816 -> message: 12,30,30,34,30,30,30,30,30,30,30,30,30,30,30,30,30,30,30,30,30,30,30,30,30,30,30,30,30,30 -> output: 0
input: 817 -> message: 28,0 -> output: 0
input: 818 -> message: 33,12,6,12,30,30,30,30,30,30,30,30,30,30,30,30,30,30,30,30,30,30,30,30,30,30,30,30,30,30 -> output: 0
input: 819 -> message: 12,30,30,30,34,30,30,30,30,30,30,30,30,30,30,30,30,30,30,30,30,30,30,30,30,30,30,30,30,30 -> output: 0
input: 820 -> message: 12,30,30,34,4,12,30,30,30,30,30,30,30,30,30,30,30,30,30,30,30,30,30,30,30,30,30,30,30,30 -> output: 0
input: 821 -> message: 12,30,30,30,34,30,30,30,30,30,30,30,30,30,30,30,30,30,30,30,30,30,30,30,30,30,30,30,30,30 -> output: 0
input: 822 -> message: 4,12,30,6,12,30,30,30,30,30,30,30,30,30,30,30,30,30,30,30,30,30,30,30,30,30,30,30,30,30 -> output: 0
input: 823 -> message: 12,30,30,34,30,30,30,30,30,30,30,30,30,30,30,30,30,30,30,30,30,30,30,30,30,30,30,30,30,30 -> output: 0
input: 824 -> message: 12,30,30,30,34,30,30,30,30,30,30,30,30,30,30,30,30,30,30,30,30,30,30,30,30,30,30,30,30,30 -> output: 0
input: 825 -> message: 12,30,30,34,4,30,30,30,30,30,30,30,30,30,30,30,30,30,30,30,30,30,30,30,30,30,30,30,30,30 -> output: 0
input: 826 -> message: 28,0 -> output: 0
input: 827 -> message: 28,30,30,30,30,30,30,12,30,30,30,30,30,30,30,30,30,30,30,30,30,30,30,30,30,30,30,30,30,30 -> output: 0
input: 828 -> message: 33,12,6,12,30,30,30,30,30,30,30,30,30,30,30,30,30,30,30,30,30,30,30,30,30,30,30,30,30,30 -> output: 0
input: 829 -> message: 28,0 -> output: 0
input: 830 -> message: 28,30,30,30,30,30,30,12,30,30,30,30,30,30,30,30,30,30,30,30,30,30,30,30,30,30,30,30,30,30 -> output: 0
input: 831 -> message: 4,12,30,6,12,30,30,30,30,30,30,30,30,30,30,30,30,30,30,30,30,30,30,30,30,30,30,30,30,30 -> output: 0
input: 832 -> message: 28,0 -> output: 0
input: 833 -> message: 33,12,28,30,30,30,30,30,30,30,30,30,30,30,30,30,30,30,30,30,30,30,30,30,30,30,30,30,30,30 -> output: 0
input: 834 -> message: 12,30,30,30,34,30,30,30,30,30,30,30,30,30,30,30,30,30,30,30,30,30,30,30,30,30,30,30,30,30 -> output: 0
input: 835 -> message: 33,12,6,12,30,30,30,30,30,30,30,30,30,30,30,30,30,30,30,30,30,30,30,30,30,30,30,30,30,30 -> output: 0
input: 836 -> message: 4,12,30,6,12,30,30,30,30,30,30,30,30,30,30,30,30,30,30,30,30,30,30,30,30,30,30,30,30,30 -> output: 0
input: 837 -> message: 28,30,30,34,4,30,30,30,30,30,30,30,30,30,30,30,30,30,30,30,30,30,30,30,30,30,30,30,30,30 -> output: 0
input: 838 -> message: 33,12,6,12,30,30,30,30,30,30,30,30,30,30,30,30,30,30,30,30,30,30,30,30,30,30,30,30,30,30 -> output: 0
input: 839 -> message: 4,12,30,6,12,30,30,30,30,30,30,30,30,30,30,30,30,30,30,30,30,30,30,30,30,30,30,30,30,30 -> output: 0
input: 840 -> message: 12,30,30,34,4,30,30,30,30,30,30,30,30,30,30,30,30,30,30,30,30,30,30,30,30,30,30,30,30,30 -> output: 0
input: 841 -> message: 12,30,30,30,34,30,30,30,30,30,30,30,30,30,30,30,30,30,30,30,30,30,30,30,30,30,30,30,30,30 -> output: 0
input: 842 -> message: 12,30,30,30,34,4,12,30,30,30,30,30,30,30,30,30,30,30,30,30,30,30,30,30,30,30,30,30,30,30 -> output: 0
input: 843 -> message: 4,12,6,12,30,30,30,30,30,30,30,30,30,30,30,30,30,30,30,30,30,30,30,30,30,30,30,30,30,30 -> output: 0
input: 844 -> message: 4,12,30,6,12,30,30,30,30,30,30,30,30,30,30,30,30,30,30,30,30,30,30,30,30,30,30,30,30,30 -> output: 0
input: 845 -> message: 4,12,30,6,12,30,30,30,30,30,30,30,30,30,30,30,30,30,30,30,30,30,30,30,30,30,30,30,30,30 -> output: 0
input: 846 -> message: 12,30,30,30,34,4,12,30,30,30,30,30,30,30,30,30,30,30,30,30,30,30,30,30,30,30,30,30,30,30 -> output: 0
input: 847 -> message: 28,30,30,34,4,30,30,30,30,30,30,30,30,30,30,30,30,30,30,30,30,30,30,30,30,30,30,30,30,30 -> output: 0
input: 848 -> message: 12,30,30,30,34,30,30,30,30,30,30,30,30,30,30,30,30,30,30,30,30,30,30,30,30,30,30,30,30,30 -> output: 0
input: 849 -> message: 12,30,30,30,34,30,30,30,30,30,30,30,30,30,30,30,30,30,30,30,30,30,30,30,30,30,30,30,30,30 -> output: 0
input: 850 -> message: 4,12,30,6,12,30,30,30,30,30,30,30,30,30,30,30,30,30,30,30,30,30,30,30,30,30,30,30,30,30 -> output: 0
input: 851 -> message: 33,12,28,30,30,30,30,30,30,30,30,30,30,30,30,30,30,30,30,30,30,30,30,30,30,30,30,30,30,30 -> output: 0
input: 852 -> message: 12,30,30,30,34,30,30,30,30,30,30,30,30,30,30,30,30,30,30,30,30,30,30,30,30,30,30,30,30,30 -> output: 0
input: 853 -> message: 4,12,30,6,12,30,30,30,30,30,30,30,30,30,30,30,30,30,30,30,30,30,30,30,30,30,30,30,30,30 -> output: 0
input: 854 -> message: 4,12,30,6,12,30,30,30,30,30,30,30,30,30,30,30,30,30,30,30,30,30,30,30,30,30,30,30,30,30 -> output: 0
input: 855 -> message: 12,30,30,34,30,30,30,30,30,30,30,30,30,30,30,30,30,30,30,30,30,30,30,30,30,30,30,30,30,30 -> output: 0
input: 856 -> message: 30,29,12,33,12,30,30,30,30,30,30,30,30,30,30,30,30,30,30,30,30,30,30,30,30,30,30,30,30,30 -> output: 0
input: 857 -> message: 4,12,30,6,12,30,30,30,30,30,30,30,30,30,30,30,30,30,30,30,30,30,30,30,30,30,30,30,30,30 -> output: 0
input: 858 -> message: 33,12,6,12,30,30,30,30,30,30,30,30,30,30,30,30,30,30,30,30,30,30,30,30,30,30,30,30,30,30 -> output: 0
input: 859 -> message: 12,30,30,34,30,30,30,30,30,30,30,30,30,30,30,30,30,30,30,30,30,30,30,30,30,30,30,30,30,30 -> output: 0
input: 860 -> message: 33,12,28,30,30,30,30,30,30,30,30,30,30,30,30,30,30,30,30,30,30,30,30,30,30,30,30,30,30,30 -> output: 0
input: 861 -> message: 33,12,6,12,30,30,30,30,30,30,30,30,30,30,30,30,30,30,30,30,30,30,30,30,30,30,30,30,30,30 -> output: 0
input: 862 -> message: 12,30,30,34,4,30,30,30,30,30,30,30,30,30,30,30,30,30,30,30,30,30,30,30,30,30,30,30,30,30 -> output: 0
input: 863 -> message: 12,30,29,33,12,30,30,30,30,30,30,30,30,30,30,30,30,30,30,30,30,30,30,30,30,30,30,30,30,30 -> output: 0
input: 864 -> message: 12,30,30,30,34,30,30,30,30,30,30,30,30,30,30,30,30,30,30,30,30,30,30,30,30,30,30,30,30,30 -> output: 0
input: 865 -> message: 30,29,6,12,12,30,30,30,30,30,30,30,30,30,30,30,30,30,30,30,30,30,30,30,30,30,30,30,30,30 -> output: 0
input: 866 -> message: 28,0 -> output: 0
input: 867 -> message: 12,30,30,34,4,30,30,30,30,30,30,30,30,30,30,30,30,30,30,30,30,30,30,30,30,30,30,30,30,30 -> output: 0
input: 868 -> message: 28,0 -> output: 0
input: 869 -> message: 30,34,4,12,30,30,30,30,30,30,30,30,30,30,30,30,30,30,30,30,30,30,30,30,30,30,30,30,30,30 -> output: 0
input: 870 -> message: 28,30,30,34,4,30,30,30,30,30,30,30,30,30,30,30,30,30,30,30,30,30,30,30,30,30,30,30,30,30 -> output: 0
input: 871 -> message: 12,30,30,34,4,30,30,30,30,30,30,30,30,30,30,30,30,30,30,30,30,30,30,30,30,30,30,30,30,30 -> output: 0
input: 872 -> message: 33,12,6,12,30,30,30,30,30,30,30,30,30,30,30,30,30,30,30,30,30,30,30,30,30,30,30,30,30,30 -> output: 0
input: 873 -> message: 12,30,30,30,34,30,30,30,30,30,30,30,30,30,30,30,30,30,30,30,30,30,30,30,30,30,30,30,30,30 -> output: 0
input: 874 -> message: 12,30,30,30,34,30,30,30,30,30,30,30,30,30,30,30,30,30,30,30,30,30,30,30,30,30,30,30,30,30 -> output: 0
input: 875 -> message: 33,12,28,30,30,30,30,30,30,30,30,30,30,30,30,30,30,30,30,30,30,30,30,30,30,30,30,30,30,30 -> output: 0
input: 876 -> message: 4,12,30,6,12,30,30,30,30,30,30,30,30,30,30,30,30,30,30,30,30,30,30,30,30,30,30,30,30,30 -> output: 0
input: 877 -> message: 4,12,30,6,12,30,30,30,30,30,30,30,30,30,30,30,30,30,30,30,30,30,30,30,30,30,30,30,30,30 -> output: 0
input: 878 -> message: 12,30,30,34,4,30,30,30,30,30,30,30,30,30,30,30,30,30,30,30,30,30,30,30,30,30,30,30,30,30 -> output: 0
input: 879 -> message: 33,12,6,12,30,30,30,30,30,30,30,30,30,30,30,30,30,30,30,30,30,30,30,30,30,30,30,30,30,30 -> output: 0
input: 880 -> message: 33,12,6,12,30,30,30,30,30,30,30,30,30,30,30,30,30,30,30,30,30,30,30,30,30,30,30,30,30,30 -> output: 0
input: 881 -> message: 4,12,6,12,30,30,30,30,30,30,30,30,30,30,30,30,30,30,30,30,30,30,30,30,30,30,30,30,30,30 -> output: 0
input: 882 -> message: 12,30,30,30,34,30,30,30,30,30,30,30,30,30,30,30,30,30,30,30,30,30,30,30,30,30,30,30,30,30 -> output: 0
input: 883 -> message: 4,12,30,6,12,30,30,30,30,30,30,30,30,30,30,30,30,30,30,30,30,30,30,30,30,30,30,30,30,30 -> output: 0
input: 884 -> message: 4,12,30,6,12,30,30,30,30,30,30,30,30,30,30,30,30,30,30,30,30,30,30,30,30,30,30,30,30,30 -> output: 0
input: 885 -> message: 12,30,30,30,34,30,30,30,30,30,30,30,30,30,30,30,30,30,30,30,30,30,30,30,30,30,30,30,30,30 -> output: 0
input: 886 -> message: 33,12,6,12,30,30,30,30,30,30,30,30,30,30,30,30,30,30,30,30,30,30,30,30,30,30,30,30,30,30 -> output: 0
input: 887 -> message: 12,30,30,30,34,30,30,30,30,30,30,30,30,30,30,30,30,30,30,30,30,30,30,30,30,30,30,30,30,30 -> output: 0
input: 888 -> message: 28,30,30,30,34,30,30,30,30,30,30,30,30,30,30,30,30,30,30,30,30,30,30,30,30,30,30,30,30,30 -> output: 0
input: 889 -> message: 12,30,30,34,4,12,30,30,30,30,30,30,30,30,30,30,30,30,30,30,30,30,30,30,30,30,30,30,30,30 -> output: 0
input: 890 -> message: 12,30,30,34,30,30,30,30,30,30,30,30,30,30,30,30,30,30,30,30,30,30,30,30,30,30,30,30,30,30 -> output: 0
input: 891 -> message: 4,12,30,6,12,30,30,30,30,30,30,30,30,30,30,30,30,30,30,30,30,30,30,30,30,30,30,30,30,30 -> output: 0
input: 892 -> message: 12,30,30,30,34,30,30,30,30,30,30,30,30,30,30,30,30,30,30,30,30,30,30,30,30,30,30,30,30,30 -> output: 0
input: 893 -> message: 33,12,6,12,30,30,30,30,30,30,30,30,30,30,30,30,30,30,30,30,30,30,30,30,30,30,30,30,30,30 -> output: 0
input: 894 -> message: 12,30,30,30,34,30,30,30,30,30,30,30,30,30,30,30,30,30,30,30,30,30,30,30,30,30,30,30,30,30 -> output: 0
input: 895 -> message: 30,34,4,12,30,30,30,30,30,30,30,30,30,30,30,30,30,30,30,30,30,30,30,30,30,30,30,30,30,30 -> output: 0
input: 896 -> message: 33,12,6,12,30,30,30,30,30,30,30,30,30,30,30,30,30,30,30,30,30,30,30,30,30,30,30,30,30,30 -> output: 0
input: 897 -> message: 12,30,30,30,34,30,30,30,30,30,30,30,30,30,30,30,30,30,30,30,30,30,30,30,30,30,30,30,30,30 -> output: 0
input: 898 -> message: 12,30,30,30,34,30,30,30,30,30,30,30,30,30,30,30,30,30,30,30,30,30,30,30,30,30,30,30,30,30 -> output: 0
input: 899 -> message: 12,30,30,34,4,30,30,30,30,30,30,30,30,30,30,30,30,30,30,30,30,30,30,30,30,30,30,30,30,30 -> output: 0
input: 900 -> message: 12,30,30,30,34,30,30,30,30,30,30,30,30,30,30,30,30,30,30,30,30,30,30,30,30,30,30,30,30,30 -> output: 0
input: 901 -> message: 4,12,30,6,12,30,30,30,30,30,30,30,30,30,30,30,30,30,30,30,30,30,30,30,30,30,30,30,30,30 -> output: 0
input: 902 -> message: 4,12,30,6,12,30,30,30,30,30,30,30,30,30,30,30,30,30,30,30,30,30,30,30,30,30,30,30,30,30 -> output: 0
input: 903 -> message: 4,12,30,6,12,30,30,30,30,30,30,30,30,30,30,30,30,30,30,30,30,30,30,30,30,30,30,30,30,30 -> output: 0
input: 904 -> message: 33,12,28,30,30,30,30,30,30,30,30,30,30,30,30,30,30,30,30,30,30,30,30,30,30,30,30,30,30,30 -> output: 0
input: 905 -> message: 12,30,30,30,34,30,30,30,30,30,30,30,30,30,30,30,30,30,30,30,30,30,30,30,30,30,30,30,30,30 -> output: 0
input: 906 -> message: 33,12,6,12,30,30,30,30,30,30,30,30,30,30,30,30,30,30,30,30,30,30,30,30,30,30,30,30,30,30 -> output: 0
input: 907 -> message: 33,12,6,12,30,30,30,30,30,30,30,30,30,30,30,30,30,30,30,30,30,30,30,30,30,30,30,30,30,30 -> output: 0
input: 908 -> message: 12,30,29,33,12,30,30,30,30,30,30,30,30,30,30,30,30,30,30,30,30,30,30,30,30,30,30,30,30,30 -> output: 0
input: 909 -> message: 12,30,30,34,4,30,30,30,30,30,30,30,30,30,30,30,30,30,30,30,30,30,30,30,30,30,30,30,30,30 -> output: 0
input: 910 -> message: 4,12,30,6,12,30,30,30,30,30,30,30,30,30,30,30,30,30,30,30,30,30,30,30,30,30,30,30,30,30 -> output: 0
input: 911 -> message: 28,30,30,34,4,30,30,30,30,30,30,30,30,30,30,30,30,30,30,30,30,30,30,30,30,30,30,30,30,30 -> output: 0
input: 912 -> message: 4,12,30,6,12,30,30,30,30,30,30,30,30,30,30,30,30,30,30,30,30,30,30,30,30,30,30,30,30,30 -> output: 0
input: 913 -> message: 12,30,30,30,34,30,30,30,30,30,30,30,30,30,30,30,30,30,30,30,30,30,30,30,30,30,30,30,30,30 -> output: 0
input: 914 -> message: 33,12,6,12,30,30,30,30,30,30,30,30,30,30,30,30,30,30,30,30,30,30,30,30,30,30,30,30,30,30 -> output: 0
input: 915 -> message: 12,30,30,34,30,30,30,30,30,30,30,30,30,30,30,30,30,30,30,30,30,30,30,30,30,30,30,30,30,30 -> output: 0
input: 916 -> message: 12,30,30,34,4,30,30,30,30,30,30,30,30,30,30,30,30,30,30,30,30,30,30,30,30,30,30,30,30,30 -> output: 0
input: 917 -> message: 4,12,30,6,12,30,30,30,30,30,30,30,30,30,30,30,30,30,30,30,30,30,30,30,30,30,30,30,30,30 -> output: 0
input: 918 -> message: 12,30,30,30,34,30,30,30,30,30,30,30,30,30,30,30,30,30,30,30,30,30,30,30,30,30,30,30,30,30 -> output: 0
input: 919 -> message: 4,12,30,6,12,30,30,30,30,30,30,30,30,30,30,30,30,30,30,30,30,30,30,30,30,30,30,30,30,30 -> output: 0
input: 920 -> message: 33,12,28,30,30,30,30,30,30,30,30,30,30,30,30,30,30,30,30,30,30,30,30,30,30,30,30,30,30,30 -> output: 0
input: 921 -> message: 12,30,30,30,34,30,30,30,30,30,30,30,30,30,30,30,30,30,30,30,30,30,30,30,30,30,30,30,30,30 -> output: 0
input: 922 -> message: 12,30,30,34,30,30,30,30,30,30,30,30,30,30,30,30,30,30,30,30,30,30,30,30,30,30,30,30,30,30 -> output: 0
input: 923 -> message: 12,30,30,30,34,4,12,30,30,30,30,30,30,30,30,30,30,30,30,30,30,30,30,30,30,30,30,30,30,30 -> output: 0
input: 924 -> message: 33,12,6,12,30,30,30,30,30,30,30,30,30,30,30,30,30,30,30,30,30,30,30,30,30,30,30,30,30,30 -> output: 0
input: 925 -> message: 4,12,30,6,12,30,30,30,30,30,30,30,30,30,30,30,30,30,30,30,30,30,30,30,30,30,30,30,30,30 -> output: 0
input: 926 -> message: 33,12,6,12,30,30,30,30,30,30,30,30,30,30,30,30,30,30,30,30,30,30,30,30,30,30,30,30,30,30 -> output: 0
input: 927 -> message: 4,12,30,6,12,30,30,30,30,30,30,30,30,30,30,30,30,30,30,30,30,30,30,30,30,30,30,30,30,30 -> output: 0
input: 928 -> message: 12,30,30,30,34,30,30,30,30,30,30,30,30,30,30,30,30,30,30,30,30,30,30,30,30,30,30,30,30,30 -> output: 0
input: 929 -> message: 33,12,6,12,30,30,30,30,30,30,30,30,30,30,30,30,30,30,30,30,30,30,30,30,30,30,30,30,30,30 -> output: 0
input: 930 -> message: 12,30,30,30,34,4,12,30,30,30,30,30,30,30,30,30,30,30,30,30,30,30,30,30,30,30,30,30,30,30 -> output: 0
input: 931 -> message: 33,12,6,12,30,30,30,30,30,30,30,30,30,30,30,30,30,30,30,30,30,30,30,30,30,30,30,30,30,30 -> output: 0
input: 932 -> message: 33,12,6,12,30,30,30,30,30,30,30,30,30,30,30,30,30,30,30,30,30,30,30,30,30,30,30,30,30,30 -> output: 0
input: 933 -> message: 28,0 -> output: 0
input: 934 -> message: 28,30,30,30,34,30,30,30,30,30,30,30,30,30,30,30,30,30,30,30,30,30,30,30,30,30,30,30,30,30 -> output: 0
input: 935 -> message: 4,12,30,6,12,30,30,30,30,30,30,30,30,30,30,30,30,30,30,30,30,30,30,30,30,30,30,30,30,30 -> output: 0
input: 936 -> message: 4,12,30,6,12,30,30,30,30,30,30,30,30,30,30,30,30,30,30,30,30,30,30,30,30,30,30,30,30,30 -> output: 0
input: 937 -> message: 12,30,30,30,34,30,30,30,30,30,30,30,30,30,30,30,30,30,30,30,30,30,30,30,30,30,30,30,30,30 -> output: 0
input: 938 -> message: 12,30,30,30,34,30,30,30,30,30,30,30,30,30,30,30,30,30,30,30,30,30,30,30,30,30,30,30,30,30 -> output: 0
input: 939 -> message: 28,30,30,34,4,30,30,30,30,30,30,30,30,30,30,30,30,30,30,30,30,30,30,30,30,30,30,30,30,30 -> output: 0
input: 940 -> message: 12,30,30,30,34,30,30,30,30,30,30,30,30,30,30,30,30,30,30,30,30,30,30,30,30,30,30,30,30,30 -> output: 0
input: 941 -> message: 28,30,30,30,30,30,30,12,30,30,30,30,30,30,30,30,30,30,30,30,30,30,30,30,30,30,30,30,30,30 -> output: 0
input: 942 -> message: 4,12,30,6,12,30,30,30,30,30,30,30,30,30,30,30,30,30,30,30,30,30,30,30,30,30,30,30,30,30 -> output: 0
input: 943 -> message: 33,12,6,12,30,30,30,30,30,30,30,30,30,30,30,30,30,30,30,30,30,30,30,30,30,30,30,30,30,30 -> output: 0
input: 944 -> message: 33,12,28,30,30,30,30,30,30,30,30,30,30,30,30,30,30,30,30,30,30,30,30,30,30,30,30,30,30,30 -> output: 0
input: 945 -> message: 33,12,6,12,30,30,30,30,30,30,30,30,30,30,30,30,30,30,30,30,30,30,30,30,30,30,30,30,30,30 -> output: 0
input: 946 -> message: 12,30,30,30,30,30,30,12,30,30,30,30,30,30,30,30,30,30,30,30,30,30,30,30,30,30,30,30,30,30 -> output: 0
input: 947 -> message: 12,30,30,34,30,30,30,30,30,30,30,30,30,30,30,30,30,30,30,30,30,30,30,30,30,30,30,30,30,30 -> output: 0
input: 948 -> message: 12,30,30,34,4,30,30,30,30,30,30,30,30,30,30,30,30,30,30,30,30,30,30,30,30,30,30,30,30,30 -> output: 0
input: 949 -> message: 33,12,6,12,30,30,30,30,30,30,30,30,30,30,30,30,30,30,30,30,30,30,30,30,30,30,30,30,30,30 -> output: 0
input: 950 -> message: 30,29,6,12,12,30,30,30,30,30,30,30,30,30,30,30,30,30,30,30,30,30,30,30,30,30,30,30,30,30 -> output: 0
input: 951 -> message: 33,12,6,12,30,30,30,30,30,30,30,30,30,30,30,30,30,30,30,30,30,30,30,30,30,30,30,30,30,30 -> output: 0
input: 952 -> message: 12,30,30,34,30,30,30,30,30,30,30,30,30,30,30,30,30,30,30,30,30,30,30,30,30,30,30,30,30,30 -> output: 0
input: 953 -> message: 12,30,30,34,30,30,30,30,30,30,30,30,30,30,30,30,30,30,30,30,30,30,30,30,30,30,30,30,30,30 -> output: 0
input: 954 -> message: 4,12,30,6,12,30,30,30,30,30,30,30,30,30,30,30,30,30,30,30,30,30,30,30,30,30,30,30,30,30 -> output: 0
input: 955 -> message: 12,30,30,30,34,30,30,30,30,30,30,30,30,30,30,30,30,30,30,30,30,30,30,30,30,30,30,30,30,30 -> output: 0
input: 956 -> message: 4,12,30,6,12,30,30,30,30,30,30,30,30,30,30,30,30,30,30,30,30,30,30,30,30,30,30,30,30,30 -> output: 0
input: 957 -> message: 33,12,6,12,30,30,30,30,30,30,30,30,30,30,30,30,30,30,30,30,30,30,30,30,30,30,30,30,30,30 -> output: 0
input: 958 -> message: 33,12,28,30,30,30,30,30,30,30,30,30,30,30,30,30,30,30,30,30,30,30,30,30,30,30,30,30,30,30 -> output: 0
input: 959 -> message: 12,30,30,34,30,30,30,30,30,30,30,30,30,30,30,30,30,30,30,30,30,30,30,30,30,30,30,30,30,30 -> output: 0
input: 960 -> message: 12,30,30,34,4,12,30,30,30,30,30,30,30,30,30,30,30,30,30,30,30,30,30,30,30,30,30,30,30,30 -> output: 0
input: 961 -> message: 4,12,30,6,12,30,30,30,30,30,30,30,30,30,30,30,30,30,30,30,30,30,30,30,30,30,30,30,30,30 -> output: 0
input: 962 -> message: 33,12,6,12,30,30,30,30,30,30,30,30,30,30,30,30,30,30,30,30,30,30,30,30,30,30,30,30,30,30 -> output: 0
input: 963 -> message: 12,30,30,30,34,30,30,30,30,30,30,30,30,30,30,30,30,30,30,30,30,30,30,30,30,30,30,30,30,30 -> output: 0
input: 964 -> message: 12,30,30,30,34,30,30,30,30,30,30,30,30,30,30,30,30,30,30,30,30,30,30,30,30,30,30,30,30,30 -> output: 0
input: 965 -> message: 33,12,6,12,30,30,30,30,30,30,30,30,30,30,30,30,30,30,30,30,30,30,30,30,30,30,30,30,30,30 -> output: 0
input: 966 -> message: 33,12,28,30,30,30,30,30,30,30,30,30,30,30,30,30,30,30,30,30,30,30,30,30,30,30,30,30,30,30 -> output: 0
input: 967 -> message: 4,12,30,6,12,30,30,30,30,30,30,30,30,30,30,30,30,30,30,30,30,30,30,30,30,30,30,30,30,30 -> output: 0
input: 968 -> message: 4,12,30,6,12,30,30,30,30,30,30,30,30,30,30,30,30,30,30,30,30,30,30,30,30,30,30,30,30,30 -> output: 0
input: 969 -> message: 33,12,6,12,30,30,30,30,30,30,30,30,30,30,30,30,30,30,30,30,30,30,30,30,30,30,30,30,30,30 -> output: 0
input: 970 -> message: 33,12,6,12,30,30,30,30,30,30,30,30,30,30,30,30,30,30,30,30,30,30,30,30,30,30,30,30,30,30 -> output: 0
input: 971 -> message: 33,12,6,12,30,30,30,30,30,30,30,30,30,30,30,30,30,30,30,30,30,30,30,30,30,30,30,30,30,30 -> output: 0
input: 972 -> message: 12,30,30,34,4,12,30,30,30,30,30,30,30,30,30,30,30,30,30,30,30,30,30,30,30,30,30,30,30,30 -> output: 0
input: 973 -> message: 33,12,28,30,30,30,30,30,30,30,30,30,30,30,30,30,30,30,30,30,30,30,30,30,30,30,30,30,30,30 -> output: 0
input: 974 -> message: 33,12,6,12,30,30,30,30,30,30,30,30,30,30,30,30,30,30,30,30,30,30,30,30,30,30,30,30,30,30 -> output: 0
input: 975 -> message: 4,12,6,12,30,30,30,30,30,30,30,30,30,30,30,30,30,30,30,30,30,30,30,30,30,30,30,30,30,30 -> output: 0
input: 976 -> message: 4,12,30,6,12,30,30,30,30,30,30,30,30,30,30,30,30,30,30,30,30,30,30,30,30,30,30,30,30,30 -> output: 0
input: 977 -> message: 4,12,30,6,12,30,30,30,30,30,30,30,30,30,30,30,30,30,30,30,30,30,30,30,30,30,30,30,30,30 -> output: 0
input: 978 -> message: 12,30,29,33,12,30,30,30,30,30,30,30,30,30,30,30,30,30,30,30,30,30,30,30,30,30,30,30,30,30 -> output: 0
input: 979 -> message: 33,12,6,12,30,30,30,30,30,30,30,30,30,30,30,30,30,30,30,30,30,30,30,30,30,30,30,30,30,30 -> output: 0
input: 980 -> message: 12,30,30,30,34,30,30,30,30,30,30,30,30,30,30,30,30,30,30,30,30,30,30,30,30,30,30,30,30,30 -> output: 0
input: 981 -> message: 12,30,30,30,34,30,30,30,30,30,30,30,30,30,30,30,30,30,30,30,30,30,30,30,30,30,30,30,30,30 -> output: 0
input: 982 -> message: 12,30,30,34,30,30,30,30,30,30,30,30,30,30,30,30,30,30,30,30,30,30,30,30,30,30,30,30,30,30 -> output: 0
input: 983 -> message: 33,12,6,12,30,30,30,30,30,30,30,30,30,30,30,30,30,30,30,30,30,30,30,30,30,30,30,30,30,30 -> output: 0
input: 984 -> message: 33,12,6,12,30,30,30,30,30,30,30,30,30,30,30,30,30,30,30,30,30,30,30,30,30,30,30,30,30,30 -> output: 0
input: 985 -> message: 33,12,6,12,30,30,30,30,30,30,30,30,30,30,30,30,30,30,30,30,30,30,30,30,30,30,30,30,30,30 -> output: 0
input: 986 -> message: 33,12,6,12,30,30,30,30,30,30,30,30,30,30,30,30,30,30,30,30,30,30,30,30,30,30,30,30,30,30 -> output: 0
input: 987 -> message: 28,0 -> output: 0
input: 988 -> message: 28,0 -> output: 0
input: 989 -> message: 12,30,30,34,4,30,30,30,30,30,30,30,30,30,30,30,30,30,30,30,30,30,30,30,30,30,30,30,30,30 -> output: 0
input: 990 -> message: 12,30,30,30,34,30,30,30,30,30,30,30,30,30,30,30,30,30,30,30,30,30,30,30,30,30,30,30,30,30 -> output: 0
input: 991 -> message: 12,30,30,29,33,12,30,30,30,30,30,30,30,30,30,30,30,30,30,30,30,30,30,30,30,30,30,30,30,30 -> output: 0
input: 992 -> message: 12,30,30,30,34,30,30,30,30,30,30,30,30,30,30,30,30,30,30,30,30,30,30,30,30,30,30,30,30,30 -> output: 0
input: 993 -> message: 28,30,0 -> output: 0
input: 994 -> message: 12,30,30,30,34,30,30,30,30,30,30,30,30,30,30,30,30,30,30,30,30,30,30,30,30,30,30,30,30,30 -> output: 0
input: 995 -> message: 4,12,30,6,12,30,30,30,30,30,30,30,30,30,30,30,30,30,30,30,30,30,30,30,30,30,30,30,30,30 -> output: 0
input: 996 -> message: 12,30,30,30,30,30,30,12,30,30,30,30,30,30,30,30,30,30,30,30,30,30,30,30,30,30,30,30,30,30 -> output: 0
input: 997 -> message: 4,12,30,6,12,30,30,30,30,30,30,30,30,30,30,30,30,30,30,30,30,30,30,30,30,30,30,30,30,30 -> output: 0
input: 998 -> message: 33,12,6,12,30,30,30,30,30,30,30,30,30,30,30,30,30,30,30,30,30,30,30,30,30,30,30,30,30,30 -> output: 0
input: 999 -> message: 28,0 -> output: 0
{"powerlaw": 0.13359211385250092, "unif": 0.001}
Epoch: 1
{"powerlaw": 0.13359211385250092, "unif": 0.001}
Epoch: 2
{"powerlaw": 0.13359211385250092, "unif": 0.001}
Epoch: 3
{"powerlaw": 0.13359211385250092, "unif": 0.001}
Epoch: 4
{"powerlaw": 0.1603105366230011, "unif": 0.002}
Epoch: 5
{"powerlaw": 0.3324694037437439, "unif": 0.007}
Epoch: 6
{"powerlaw": 0.3027837574481964, "unif": 0.008}
Epoch: 7
{"powerlaw": 0.3378216624259949, "unif": 0.008}
Epoch: 8
{"powerlaw": 0.39169806241989136, "unif": 0.015}
Epoch: 9
{"powerlaw": 0.4072374105453491, "unif": 0.02}
Epoch: 10
{"powerlaw": 0.4146459698677063, "unif": 0.017}
Epoch: 11
{"powerlaw": 0.4065369665622711, "unif": 0.018}
Epoch: 12
{"powerlaw": 0.37780171632766724, "unif": 0.014}
Epoch: 13
{"powerlaw": 0.428017258644104, "unif": 0.021}
Epoch: 14
{"powerlaw": 0.4721675217151642, "unif": 0.03}
Epoch: 15
{"powerlaw": 0.48207491636276245, "unif": 0.032}
Epoch: 16
{"powerlaw": 0.48008838295936584, "unif": 0.032}
Epoch: 17
{"powerlaw": 0.5016036033630371, "unif": 0.038}
Epoch: 18
{"powerlaw": 0.5108252167701721, "unif": 0.042}
Epoch: 19
{"powerlaw": 0.5386103391647339, "unif": 0.05}
Epoch: 20
{"powerlaw": 0.5411262512207031, "unif": 0.061}
Epoch: 21
{"powerlaw": 0.5172314643859863, "unif": 0.046}
Epoch: 22
{"powerlaw": 0.596065104007721, "unif": 0.077}
Epoch: 23
{"powerlaw": 0.5577666759490967, "unif": 0.07}
Epoch: 24
{"powerlaw": 0.5764937996864319, "unif": 0.076}
Epoch: 25
{"powerlaw": 0.5346454381942749, "unif": 0.053}
Epoch: 26
{"powerlaw": 0.5902950763702393, "unif": 0.08}
Epoch: 27
{"powerlaw": 0.5868474841117859, "unif": 0.083}
Epoch: 28
{"powerlaw": 0.5690125823020935, "unif": 0.079}
Epoch: 29
{"powerlaw": 0.5709009170532227, "unif": 0.087}
Epoch: 30
{"powerlaw": 0.6352911591529846, "unif": 0.113}
Epoch: 31
{"powerlaw": 0.6397109031677246, "unif": 0.119}
Epoch: 32
{"powerlaw": 0.6389791965484619, "unif": 0.121}
Epoch: 33
{"powerlaw": 0.6310540437698364, "unif": 0.115}
Epoch: 34
{"powerlaw": 0.6305123567581177, "unif": 0.12}
Epoch: 35
{"powerlaw": 0.6311415433883667, "unif": 0.136}
Epoch: 36
{"powerlaw": 0.6842302083969116, "unif": 0.148}
Epoch: 37
{"powerlaw": 0.7011510133743286, "unif": 0.163}
Epoch: 38
{"powerlaw": 0.6851221323013306, "unif": 0.158}
Epoch: 39
{"powerlaw": 0.7127996683120728, "unif": 0.176}
Epoch: 40
{"powerlaw": 0.7004655003547668, "unif": 0.161}
Epoch: 41
{"powerlaw": 0.6566095352172852, "unif": 0.148}
Epoch: 42
{"powerlaw": 0.7202848792076111, "unif": 0.178}
Epoch: 43
{"powerlaw": 0.681160569190979, "unif": 0.153}
Epoch: 44
{"powerlaw": 0.7239190936088562, "unif": 0.189}
Epoch: 45
{"powerlaw": 0.7343366742134094, "unif": 0.198}
Epoch: 46
{"powerlaw": 0.7044784426689148, "unif": 0.184}
Epoch: 47
{"powerlaw": 0.7081742882728577, "unif": 0.179}
Epoch: 48
{"powerlaw": 0.6841608881950378, "unif": 0.163}
Epoch: 49
{"powerlaw": 0.7120786905288696, "unif": 0.191}
Epoch: 50
input: 0 -> message: 10,25,25,23,25,23,25,23,17,25,23,25,23,17,25,23,25,23,17,25,23,25,23,25,23,25,23,25,23,25 -> output: 0
input: 1 -> message: 31,31,25,25,25,33,23,25,23,25,23,25,23,25,23,25,23,25,23,25,23,25,23,25,23,25,23,25,23,25 -> output: 1
input: 2 -> message: 31,31,33,30,25,33,33,33,33,33,33,33,23,25,23,25,23,7,33,23,25,23,7,33,23,25,23,7,33,23 -> output: 2
input: 3 -> message: 25,25,25,25,25,25,33,25,23,25,33,33,23,25,33,23,25,33,23,25,23,25,33,23,25,23,25,23,25,23 -> output: 3
input: 4 -> message: 10,31,33,25,25,33,33,25,33,33,33,33,33,25,23,25,33,23,25,33,23,25,23,25,33,23,25,23,25,23 -> output: 4
input: 5 -> message: 25,25,25,25,25,23,25,33,23,25,23,25,23,25,23,25,23,25,23,25,23,25,23,25,23,25,23,25,23,25 -> output: 5
input: 6 -> message: 31,31,31,31,30,25,33,33,33,33,33,33,23,25,23,25,23,25,23,25,23,25,23,25,23,25,23,25,23,25 -> output: 6
input: 7 -> message: 31,25,25,25,25,33,33,25,23,25,23,25,23,25,23,25,23,25,23,25,23,25,23,25,23,25,23,25,23,25 -> output: 7
input: 8 -> message: 30,30,25,25,23,25,23,25,23,25,23,25,23,25,23,25,23,25,23,25,23,25,23,25,23,25,23,25,23,25 -> output: 8
input: 9 -> message: 31,31,14,30,25,25,23,25,33,23,25,23,25,23,25,23,25,23,25,23,25,23,25,23,25,23,25,23,25,23 -> output: 9
input: 10 -> message: 30,16,16,22,16,23,16,23,16,23,16,23,16,23,16,23,16,23,16,23,16,23,16,23,16,23,16,23,16,23 -> output: 10
input: 11 -> message: 25,16,23,16,23,16,23,16,23,16,23,16,23,16,23,16,23,7,16,23,16,23,16,23,7,16,23,16,23,16 -> output: 11
input: 12 -> message: 17,31,31,31,31,31,31,31,31,14,26,26,26,26,26,26,26,26,26,26,26,26,26,26,26,26,26,26,26,26 -> output: 12
input: 13 -> message: 31,31,31,30,30,25,23,7,16,7,33,16,14,23,7,23,7,23,16,14,23,7,23,7,16,23,7,23,7,16 -> output: 13
input: 14 -> message: 25,16,23,7,23,16,23,7,16,23,7,16,23,16,23,7,23,16,23,7,16,23,7,16,23,7,16,23,7,16 -> output: 14
input: 15 -> message: 30,0 -> output: 15
input: 16 -> message: 31,30,30,25,23,7,33,7,23,25,23,7,23,25,23,7,23,25,23,7,23,25,23,7,23,25,23,7,23,25 -> output: 16
input: 17 -> message: 30,25,23,7,23,7,23,7,23,23,7,23,23,7,23,23,7,23,23,7,23,23,7,23,7,23,23,7,23,23 -> output: 77
input: 18 -> message: 14,26,26,26,26,26,26,26,26,26,26,26,26,26,26,26,26,26,26,26,26,26,26,26,26,26,26,26,26,26 -> output: 18
input: 19 -> message: 10,30,30,30,30,30,30,30,30,30,30,30,30,30,30,30,30,30,30,30,30,30,30,30,30,30,30,30,30,30 -> output: 19
input: 20 -> message: 8,8,31,15,14,14,26,26,26,26,26,26,26,26,26,26,26,26,26,26,26,26,26,26,26,26,26,26,26,26 -> output: 20
input: 21 -> message: 31,30,16,16,16,16,22,16,16,22,16,22,16,22,16,22,16,22,16,22,16,22,16,22,16,22,16,22,16,22 -> output: 96
input: 22 -> message: 17,31,31,15,14,14,14,26,26,26,26,26,26,26,26,26,26,26,26,26,26,26,26,26,26,26,26,26,26,26 -> output: 22
input: 23 -> message: 25,16,23,7,23,16,23,7,23,7,16,23,7,16,23,7,16,23,7,16,23,7,16,23,7,16,23,7,16,23 -> output: 14
input: 24 -> message: 30,30,16,16,16,16,16,16,16,22,16,16,22,16,22,16,22,16,22,16,22,16,22,16,22,16,22,16,22,16 -> output: 62
input: 25 -> message: 3,14,30,30,16,7,16,7,16,23,7,23,16,23,16,23,16,23,7,16,23,16,23,16,23,16,23,7,16,23 -> output: 25
input: 26 -> message: 17,17,17,17,17,17,14,14,14,14,14,26,26,26,26,26,26,26,26,26,26,26,26,26,26,26,26,26,26,26 -> output: 26
input: 27 -> message: 31,14,14,30,30,16,16,16,26,16,26,26,26,26,26,26,26,26,26,26,26,26,26,26,26,26,26,26,26,26 -> output: 27
input: 28 -> message: 31,33,30,30,25,23,7,33,23,7,33,23,7,33,23,25,23,7,23,7,33,23,7,33,23,7,23,25,23,7 -> output: 28
input: 29 -> message: 17,14,14,14,26,26,26,26,26,26,26,26,26,26,26,26,26,26,26,26,26,26,26,26,26,26,26,26,26,26 -> output: 29
input: 30 -> message: 31,31,31,30,30,25,33,33,33,25,23,25,23,25,23,25,23,25,23,25,23,25,23,25,23,25,23,25,23,25 -> output: 173
input: 31 -> message: 30,30,25,16,23,7,23,16,23,7,23,16,23,7,16,23,7,16,23,7,16,23,7,16,23,7,16,23,7,16 -> output: 31
input: 32 -> message: 15,30,16,16,23,16,23,16,23,16,23,16,23,16,23,16,23,16,23,16,23,16,23,16,23,16,23,16,23,16 -> output: 32
input: 33 -> message: 31,30,30,25,33,33,23,25,23,25,23,25,23,25,23,25,23,25,23,25,23,25,23,25,23,25,23,25,23,25 -> output: 33
input: 34 -> message: 17,17,31,31,31,14,31,14,31,14,26,26,26,26,26,26,26,26,26,26,26,26,26,26,26,26,26,26,26,26 -> output: 34
input: 35 -> message: 17,31,14,14,26,26,26,26,26,26,26,26,26,26,26,26,26,26,26,26,26,26,26,26,26,26,26,26,26,26 -> output: 35
input: 36 -> message: 31,30,30,16,16,7,16,23,16,23,16,23,16,23,16,23,16,7,16,23,16,23,16,23,16,23,16,23,16,23 -> output: 36
input: 37 -> message: 31,33,30,16,16,16,22,16,23,16,23,16,16,23,16,16,23,16,16,23,16,16,23,16,16,23,16,16,23,16 -> output: 37
input: 38 -> message: 8,17,31,31,15,14,26,26,26,26,26,26,26,26,26,26,26,26,26,26,26,26,26,26,26,26,26,26,26,26 -> output: 38
input: 39 -> message: 25,23,7,16,23,7,23,16,23,7,23,7,16,23,7,23,16,23,7,23,16,23,7,23,16,23,7,23,16,23 -> output: 23
input: 40 -> message: 31,33,30,30,25,25,33,33,25,23,25,33,33,23,25,23,25,23,25,23,25,23,25,23,25,23,25,23,25,23 -> output: 40
input: 41 -> message: 25,23,7,23,7,23,7,23,16,23,7,23,7,23,7,23,16,23,7,23,7,23,16,23,7,23,7,23,16,23 -> output: 23
input: 42 -> message: 33,30,25,23,7,33,23,7,23,25,23,7,23,25,23,7,23,7,23,25,23,7,23,7,23,25,23,7,23,7 -> output: 42
input: 43 -> message: 30,30,25,23,7,23,7,23,23,7,23,23,7,23,23,7,23,23,7,23,23,7,23,23,7,23,23,7,23,23 -> output: 57
input: 44 -> message: 3,26,26,26,26,26,26,26,26,26,26,26,26,26,26,26,26,26,26,26,26,26,26,26,26,26,26,26,26,26 -> output: 44
input: 45 -> message: 14,30,30,16,26,26,26,26,26,26,26,26,26,26,26,26,26,26,26,26,26,26,26,26,26,26,26,26,26,26 -> output: 45
input: 46 -> message: 14,30,16,16,16,16,16,16,16,16,16,16,16,16,16,16,16,16,16,16,16,16,6,16,16,16,16,16,16,16 -> output: 46
input: 47 -> message: 25,25,25,25,23,25,23,25,23,17,25,23,25,23,17,25,23,25,23,25,23,25,23,25,23,25,23,25,23,25 -> output: 48
input: 48 -> message: 25,25,25,25,23,25,23,25,23,25,23,17,25,23,25,23,25,23,25,23,25,23,25,23,25,23,25,23,25,23 -> output: 48
input: 49 -> message: 17,17,17,14,14,14,14,26,26,26,26,26,26,26,26,26,26,26,26,26,26,26,26,26,26,26,26,26,26,26 -> output: 61
input: 50 -> message: 25,25,25,25,23,25,23,25,23,25,23,25,23,25,23,25,23,25,23,25,23,25,23,25,23,25,23,25,23,25 -> output: 5
input: 51 -> message: 25,25,23,25,23,17,25,23,25,23,17,25,23,25,23,17,25,23,25,23,25,23,25,23,25,23,25,23,25,23 -> output: 84
input: 52 -> message: 25,25,25,23,25,23,25,23,17,25,23,25,23,17,25,23,25,23,25,23,25,23,25,23,25,23,25,23,25,23 -> output: 52
input: 53 -> message: 31,33,30,30,25,33,33,33,23,25,23,25,23,7,33,23,25,23,7,33,23,25,23,7,33,23,25,23,7,23 -> output: 53
input: 54 -> message: 30,30,26,26,26,26,26,26,26,26,26,26,26,26,26,26,26,26,26,26,26,26,26,26,26,26,26,26,26,26 -> output: 54
input: 55 -> message: 25,25,25,23,25,23,7,23,25,23,7,23,25,23,7,23,25,23,7,23,25,23,7,23,25,23,7,23,25,23 -> output: 55
input: 56 -> message: 31,31,30,30,25,33,33,25,23,25,23,25,23,25,23,25,23,25,23,25,23,25,23,25,23,25,23,25,23,25 -> output: 111
input: 57 -> message: 30,30,25,23,7,23,7,23,23,7,23,23,7,23,23,7,23,23,7,23,23,7,23,23,7,23,23,7,23,23 -> output: 57
input: 58 -> message: 31,33,30,25,33,33,23,25,23,25,23,25,23,17,25,23,25,23,17,25,23,25,23,17,25,23,25,23,17,25 -> output: 58
input: 59 -> message: 8,14,14,30,30,16,16,14,16,7,16,7,23,16,23,7,16,23,7,16,23,16,23,7,23,16,23,7,16,23 -> output: 59
input: 60 -> message: 31,30,25,25,33,25,23,25,33,23,25,23,25,23,25,23,25,23,25,23,25,23,25,23,25,23,25,23,25,23 -> output: 60
input: 61 -> message: 17,17,17,14,14,14,14,26,26,26,26,26,26,26,26,26,26,26,26,26,26,26,26,26,26,26,26,26,26,26 -> output: 61
input: 62 -> message: 30,30,16,16,16,16,16,16,22,16,22,16,22,16,22,16,22,16,22,16,22,16,22,16,22,16,22,16,22,16 -> output: 24
input: 63 -> message: 31,31,31,30,30,25,33,33,33,33,33,33,33,23,25,23,25,23,7,33,23,25,23,7,33,23,25,23,7,33 -> output: 30
input: 64 -> message: 31,33,25,33,33,25,23,25,23,25,23,25,23,25,23,25,23,25,23,25,23,25,23,25,23,25,23,25,23,25 -> output: 236
input: 65 -> message: 31,31,30,16,16,16,7,16,16,22,16,22,16,22,16,22,16,22,16,22,16,22,16,22,16,22,16,22,16,22 -> output: 65
input: 66 -> message: 25,23,7,23,7,23,16,23,7,23,7,23,7,23,16,23,7,23,7,23,16,23,7,23,7,23,16,23,7,23 -> output: 23
input: 67 -> message: 30,30,25,23,16,23,7,23,7,16,23,7,23,16,23,7,23,7,16,23,7,23,16,23,7,23,7,16,23,7 -> output: 67
input: 68 -> message: 25,25,25,23,25,23,7,23,7,23,25,23,7,23,7,23,25,23,7,23,7,23,25,23,7,23,7,23,25,23 -> output: 55
input: 69 -> message: 30,30,7,16,23,7,23,7,16,23,7,23,16,23,7,23,7,16,23,7,23,16,23,7,23,16,23,7,23,16 -> output: 31
input: 70 -> message: 17,31,14,30,30,16,7,16,7,16,7,23,16,23,7,16,23,16,23,7,16,23,16,23,7,16,23,16,23,16 -> output: 70
input: 71 -> message: 31,30,26,26,26,26,26,26,26,26,26,26,26,26,26,26,26,26,26,26,26,26,26,26,26,26,26,26,26,26 -> output: 71
input: 72 -> message: 33,30,16,16,23,16,23,7,16,23,16,23,16,23,16,23,7,16,23,16,23,16,23,16,23,16,23,7,16,23 -> output: 85
input: 73 -> message: 31,31,14,14,30,25,33,33,25,33,33,33,33,33,33,23,25,23,25,23,25,23,7,33,23,25,23,7,33,23 -> output: 73
input: 74 -> message: 31,33,25,25,25,33,25,23,25,33,33,23,25,23,25,23,25,23,25,23,25,23,25,23,25,23,25,23,25,23 -> output: 74
input: 75 -> message: 31,31,14,30,30,25,33,33,25,23,25,23,25,23,7,33,23,25,23,7,33,23,25,23,7,33,23,25,23,7 -> output: 75
input: 76 -> message: 30,25,25,25,25,33,25,23,25,33,23,25,33,23,25,23,25,33,23,25,23,25,23,25,23,25,23,25,23,25 -> output: 76
input: 77 -> message: 30,25,23,7,23,7,16,23,7,23,7,16,23,7,23,7,16,23,7,23,7,16,23,7,23,7,16,23,7,23 -> output: 77
input: 78 -> message: 14,30,25,23,7,16,23,7,23,7,16,23,7,23,16,23,7,23,7,16,23,7,23,7,16,23,7,16,23,7 -> output: 78
input: 79 -> message: 31,31,33,25,25,33,33,33,33,33,25,23,25,23,25,23,25,23,25,23,25,23,25,23,25,23,25,23,25,23 -> output: 79
input: 80 -> message: 31,30,25,33,33,25,23,25,23,25,23,25,23,25,23,25,23,25,23,25,23,25,23,25,23,25,23,25,23,25 -> output: 263
input: 81 -> message: 31,31,31,30,30,25,33,33,33,33,33,33,33,23,25,23,25,23,7,33,23,25,23,7,33,23,25,23,7,33 -> output: 30
input: 82 -> message: 14,14,30,25,25,25,33,25,23,25,33,25,23,25,23,25,23,25,23,25,23,25,23,25,23,25,23,25,23,25 -> output: 82
input: 83 -> message: 33,25,23,7,23,7,23,16,23,7,23,7,23,7,16,23,7,23,7,23,16,23,7,23,7,23,16,23,7,23 -> output: 83
input: 84 -> message: 25,25,23,25,23,25,23,25,23,25,23,25,23,25,23,25,23,25,23,25,23,25,23,25,23,25,23,25,23,25 -> output: 84
input: 85 -> message: 33,30,16,16,23,16,23,16,23,16,23,16,23,16,23,16,23,16,23,16,23,16,23,16,23,16,23,16,23,16 -> output: 85
input: 86 -> message: 3,31,15,14,26,26,26,26,26,26,26,26,26,26,26,26,26,26,26,26,26,26,26,26,26,26,26,26,26,26 -> output: 86
input: 87 -> message: 25,23,7,23,23,7,23,23,7,23,23,7,23,23,7,23,23,7,23,23,7,23,23,7,23,23,7,23,23,7 -> output: 41
input: 88 -> message: 8,31,15,14,26,26,26,26,26,26,26,26,26,26,26,26,26,26,26,26,26,26,26,26,26,26,26,26,26,26 -> output: 88
input: 89 -> message: 31,33,25,25,33,33,23,25,23,25,23,25,23,25,23,25,23,25,23,25,23,25,23,25,23,25,23,25,23,25 -> output: 217
input: 90 -> message: 30,25,23,7,16,23,7,16,23,7,16,23,7,16,23,7,16,23,7,16,23,7,16,23,7,16,23,7,16,23 -> output: 90
input: 91 -> message: 33,30,25,23,7,16,23,7,23,16,23,7,23,16,23,7,23,7,16,23,7,16,23,7,16,23,7,16,23,7 -> output: 91
input: 92 -> message: 33,30,25,33,23,25,23,25,23,25,23,25,23,25,23,25,23,25,23,25,23,25,23,25,23,25,23,25,23,25 -> output: 135
input: 93 -> message: 30,16,23,7,23,7,23,16,23,7,23,7,16,23,7,23,16,23,7,23,7,16,23,7,23,16,23,7,23,16 -> output: 93
input: 94 -> message: 25,23,7,23,7,23,23,7,23,23,7,23,23,7,23,23,7,23,23,7,23,23,7,23,23,7,23,23,7,23 -> output: 41
input: 95 -> message: 31,14,14,30,30,25,25,33,33,33,33,33,25,23,25,23,25,23,25,23,25,23,25,23,25,23,25,23,25,23 -> output: 95
input: 96 -> message: 31,30,16,16,16,16,16,16,16,16,16,16,16,16,16,16,22,16,16,22,16,16,22,16,22,16,22,16,22,16 -> output: 96
input: 97 -> message: 31,33,25,25,25,33,33,33,25,23,25,23,25,23,25,23,25,23,25,23,25,23,25,23,25,23,25,23,25,23 -> output: 97
input: 98 -> message: 33,30,25,33,33,33,23,25,23,25,23,25,23,25,23,25,23,25,23,25,23,25,23,25,23,25,23,25,23,25 -> output: 135
input: 99 -> message: 25,25,33,23,25,23,25,23,25,23,25,23,25,23,25,23,25,23,25,23,25,23,25,23,25,23,25,23,25,23 -> output: 84
input: 100 -> message: 33,30,30,25,25,25,23,25,33,25,23,25,23,25,23,25,23,25,23,25,23,25,23,25,23,25,23,25,23,25 -> output: 100
input: 101 -> message: 31,30,25,23,7,16,23,7,23,23,7,23,16,23,7,23,7,23,16,23,7,23,7,23,16,23,7,23,7,23 -> output: 675
input: 102 -> message: 30,30,16,16,22,23,16,23,16,23,16,23,16,23,16,23,7,16,23,16,23,16,23,16,23,16,23,16,23,16 -> output: 102
input: 103 -> message: 33,30,7,16,23,7,16,23,7,16,23,7,16,23,16,23,7,16,23,16,23,7,16,23,16,23,7,16,23,16 -> output: 103
input: 104 -> message: 33,30,25,25,25,33,23,25,33,25,23,25,23,25,23,25,23,25,23,25,23,25,23,25,23,25,23,25,23,25 -> output: 104
input: 105 -> message: 31,33,25,33,33,23,25,23,7,23,25,23,7,23,25,23,7,23,25,23,7,23,25,23,7,23,25,23,7,23 -> output: 105
input: 106 -> message: 33,30,25,25,33,33,33,33,23,25,23,25,23,25,23,25,23,25,23,25,23,25,23,25,23,25,23,25,23,25 -> output: 106
input: 107 -> message: 30,25,25,33,25,23,25,23,25,23,25,23,25,23,25,23,25,23,25,23,25,23,25,23,25,23,25,23,25,23 -> output: 107
input: 108 -> message: 31,33,30,30,16,16,16,16,16,22,16,22,16,22,16,22,16,22,16,22,16,22,16,22,16,22,16,22,16,22 -> output: 108
input: 109 -> message: 31,30,16,16,16,16,16,22,16,16,22,16,22,16,22,16,22,16,22,16,22,16,22,16,22,16,22,16,22,16 -> output: 96
input: 110 -> message: 30,30,25,23,16,23,7,23,16,23,7,23,7,16,23,7,23,16,23,7,23,7,16,23,7,16,23,7,16,23 -> output: 31
input: 111 -> message: 31,31,30,30,25,25,33,33,23,25,23,25,23,25,23,25,23,25,23,25,23,25,23,25,23,25,23,25,23,25 -> output: 111
input: 112 -> message: 14,30,16,16,16,16,16,7,16,16,16,22,16,22,16,22,16,22,16,22,16,22,16,22,16,22,16,22,16,22 -> output: 46
input: 113 -> message: 31,25,23,7,23,7,23,7,16,23,7,23,7,23,16,23,7,23,7,23,7,16,23,7,23,7,16,23,7,23 -> output: 113
input: 114 -> message: 25,23,7,23,23,7,23,23,7,23,23,7,23,7,23,23,7,23,7,23,23,7,23,23,7,23,23,7,23,23 -> output: 41
input: 115 -> message: 31,30,25,25,33,33,23,25,23,25,23,25,23,25,23,25,23,25,23,25,23,25,23,25,23,25,23,25,23,25 -> output: 60
input: 116 -> message: 25,25,23,7,23,25,23,23,25,23,23,25,23,23,25,23,23,25,23,23,25,23,23,25,23,23,25,23,23,25 -> output: 51
input: 117 -> message: 31,33,30,25,25,33,33,33,33,23,25,23,25,23,25,23,25,23,25,23,25,23,25,23,25,23,25,23,25,23 -> output: 117
input: 118 -> message: 31,30,7,33,23,7,23,7,23,7,23,7,23,16,23,7,23,7,23,7,23,7,16,23,7,23,7,23,7,23 -> output: 675
input: 119 -> message: 31,30,16,16,7,23,16,23,16,23,16,23,7,16,23,16,23,16,23,16,23,16,23,16,23,16,23,16,23,16 -> output: 161
input: 120 -> message: 15,30,25,23,7,16,23,7,23,7,23,16,23,7,23,7,23,16,23,7,23,7,23,7,23,16,23,7,23,7 -> output: 120
input: 121 -> message: 31,31,31,31,14,30,25,33,33,33,33,33,33,33,23,25,23,7,33,23,25,23,7,33,23,25,23,7,33,23 -> output: 121
input: 122 -> message: 33,30,16,16,16,16,16,16,16,16,16,16,7,16,16,16,22,16,16,7,16,16,16,22,16,22,16,22,16,22 -> output: 122
input: 123 -> message: 33,16,23,7,23,16,23,7,16,23,7,16,23,7,16,23,7,16,23,7,16,23,7,16,23,7,16,23,7,16 -> output: 273
input: 124 -> message: 14,30,30,16,16,16,16,16,22,16,22,16,22,16,22,16,22,16,22,16,22,16,22,16,22,16,22,16,22,16 -> output: 124
input: 125 -> message: 31,14,30,16,16,16,16,16,26,16,26,26,26,26,26,26,26,26,26,26,26,26,26,26,26,26,26,26,26,26 -> output: 125
input: 126 -> message: 33,16,23,16,23,16,23,16,23,16,23,16,23,7,16,23,16,23,16,23,7,16,23,16,23,16,23,7,16,23 -> output: 126
input: 127 -> message: 31,33,30,30,16,16,16,7,16,16,22,16,7,16,16,22,16,7,16,16,22,16,22,16,22,16,22,16,22,16 -> output: 108
input: 128 -> message: 31,30,30,25,25,33,33,25,23,25,33,23,25,23,25,23,25,23,25,23,25,23,25,23,25,23,25,23,25,23 -> output: 128
input: 129 -> message: 33,33,25,25,25,33,25,23,25,33,25,23,25,23,25,23,25,23,25,23,25,23,25,23,25,23,25,23,25,23 -> output: 129
input: 130 -> message: 31,31,33,33,25,25,33,33,33,33,25,23,25,23,25,23,25,23,25,23,25,23,25,23,25,23,25,23,25,23 -> output: 455
input: 131 -> message: 31,30,30,25,25,33,23,25,33,23,25,23,25,23,25,23,25,23,25,23,25,23,25,23,25,23,25,23,25,23 -> output: 128
input: 132 -> message: 31,30,30,7,33,7,23,7,16,23,7,23,7,16,23,7,23,7,16,23,7,23,7,16,23,7,16,7,23,7 -> output: 137
input: 133 -> message: 31,33,30,25,23,25,23,7,33,23,25,23,7,23,25,23,7,23,25,23,7,23,25,23,7,23,25,23,7,23 -> output: 58
input: 134 -> message: 25,23,7,23,23,7,23,23,25,23,23,7,23,23,7,23,23,7,23,23,7,23,23,7,23,23,7,23,23,7 -> output: 41
input: 135 -> message: 33,30,25,33,33,33,33,23,25,23,25,23,25,23,25,23,25,23,25,23,25,23,25,23,25,23,25,23,25,23 -> output: 92
input: 136 -> message: 31,31,31,25,25,33,33,33,23,25,23,25,23,25,23,25,23,25,23,25,23,25,23,25,23,25,23,25,23,25 -> output: 136
input: 137 -> message: 31,30,30,7,16,7,23,7,16,23,7,23,16,23,7,23,16,7,23,16,7,23,7,16,23,7,16,23,7,23 -> output: 137
input: 138 -> message: 14,16,23,16,23,16,23,16,23,16,23,16,23,7,16,23,16,23,16,23,16,23,16,23,7,16,23,16,23,7 -> output: 260
input: 139 -> message: 33,25,25,33,25,23,25,33,23,25,23,25,23,25,23,25,23,25,23,25,23,25,23,25,23,25,23,25,23,25 -> output: 139
input: 140 -> message: 31,33,33,25,25,33,33,33,33,33,23,25,23,25,23,25,23,25,23,25,23,25,23,25,23,25,23,25,23,25 -> output: 140
input: 141 -> message: 25,23,25,23,17,25,23,25,23,17,33,23,25,23,25,23,25,23,25,23,25,23,25,23,25,23,25,23,25,23 -> output: 209
input: 142 -> message: 31,14,30,25,25,33,33,33,23,25,23,25,23,25,23,25,23,25,23,25,23,25,23,25,23,25,23,25,23,25 -> output: 142
input: 143 -> message: 30,30,25,23,7,16,23,7,23,7,16,23,7,23,7,16,23,7,23,7,16,23,7,23,16,23,7,23,7,16 -> output: 67
input: 144 -> message: 31,33,30,25,33,33,23,25,23,25,23,25,23,25,23,25,23,25,23,25,23,25,23,25,23,25,23,25,23,25 -> output: 58
input: 145 -> message: 31,33,25,25,33,33,25,23,25,23,25,23,25,23,25,23,25,23,25,23,25,23,25,23,25,23,25,23,25,23 -> output: 145
input: 146 -> message: 31,30,25,16,23,7,23,16,23,7,23,7,23,16,23,7,23,7,16,23,7,23,7,16,23,7,23,16,23,7 -> output: 146
input: 147 -> message: 33,25,25,23,25,23,25,23,25,23,25,23,25,23,25,23,25,23,25,23,25,23,25,23,25,23,25,23,25,23 -> output: 147
input: 148 -> message: 14,14,30,30,16,16,7,23,16,23,7,23,16,23,7,23,16,23,16,23,7,23,16,23,16,23,7,23,16,23 -> output: 148
input: 149 -> message: 30,25,23,7,16,23,7,23,16,23,7,23,7,16,23,7,16,23,7,16,23,7,16,23,7,16,23,7,16,23 -> output: 90
input: 150 -> message: 14,30,23,7,23,7,23,16,23,25,16,23,7,23,16,23,7,23,7,16,23,7,23,16,23,7,23,7,16,23 -> output: 78
input: 151 -> message: 25,25,23,25,23,25,23,17,25,23,25,23,25,23,25,23,25,23,25,23,25,23,25,23,25,23,25,23,25,23 -> output: 84
input: 152 -> message: 30,30,16,16,22,23,16,23,16,23,16,23,16,23,16,23,16,23,16,23,7,16,23,16,23,16,23,16,23,16 -> output: 102
input: 153 -> message: 33,25,23,23,7,23,23,7,23,7,23,16,23,7,23,7,23,7,23,16,23,7,23,7,23,7,23,16,23,7 -> output: 83
input: 154 -> message: 31,30,16,16,23,16,23,16,23,16,23,7,16,23,16,23,16,23,16,23,16,23,7,16,23,16,23,16,23,16 -> output: 161
input: 155 -> message: 31,30,25,23,7,23,23,25,23,23,7,23,23,25,23,23,7,23,23,25,23,23,7,23,23,7,23,23,25,23 -> output: 155
input: 156 -> message: 25,23,7,23,23,7,23,7,16,23,7,23,7,23,16,23,7,23,7,23,16,23,7,23,7,23,16,23,7,23 -> output: 23
input: 157 -> message: 31,33,30,30,7,33,7,16,7,23,7,16,23,7,16,23,7,16,23,7,16,23,7,16,23,7,16,23,7,16 -> output: 157
input: 158 -> message: 25,25,25,23,25,23,25,23,17,25,23,25,23,17,25,23,25,23,25,23,25,23,25,23,25,23,25,23,25,23 -> output: 52
input: 159 -> message: 31,33,33,25,25,33,33,33,33,33,33,33,23,25,23,25,23,25,23,25,23,25,23,25,23,25,23,25,23,25 -> output: 140
input: 160 -> message: 31,33,25,33,25,23,25,23,25,23,25,23,25,23,25,23,25,23,25,23,25,23,25,23,25,23,25,23,25,23 -> output: 236
input: 161 -> message: 31,30,16,16,23,7,16,23,16,23,16,23,16,23,16,23,16,23,16,23,16,23,16,23,16,23,7,16,23,16 -> output: 161
input: 162 -> message: 16,23,16,23,7,16,23,16,23,16,23,7,23,16,23,7,16,23,16,23,7,16,23,16,23,7,16,23,7,16 -> output: 162
input: 163 -> message: 31,33,30,16,16,22,16,23,16,23,16,23,16,23,16,23,16,23,16,23,16,23,16,23,16,23,16,23,16,23 -> output: 163
input: 164 -> message: 31,30,30,25,25,33,33,25,23,25,33,23,25,23,25,23,25,23,25,23,25,23,25,23,25,23,25,23,25,23 -> output: 128
input: 165 -> message: 31,30,30,25,25,23,25,23,25,23,25,23,25,23,25,23,25,23,25,23,25,23,25,23,25,23,25,23,25,23 -> output: 131
input: 166 -> message: 33,30,25,25,33,25,23,25,23,25,23,25,23,25,23,25,23,25,23,25,23,25,23,25,23,25,23,25,23,25 -> output: 166
input: 167 -> message: 25,23,25,23,7,23,7,23,7,23,7,23,7,23,7,23,7,23,7,23,7,23,7,23,7,23,7,23,7,23 -> output: 94
input: 168 -> message: 30,30,16,16,16,7,16,16,23,16,16,23,16,16,23,16,16,23,16,16,23,16,16,16,23,16,16,16,23,16 -> output: 24
input: 169 -> message: 31,30,30,25,33,33,33,33,23,25,23,25,23,25,23,25,23,25,23,25,23,25,23,25,23,25,23,25,23,25 -> output: 33
input: 170 -> message: 33,25,23,25,23,17,25,23,25,23,17,33,23,25,23,25,23,17,25,23,25,23,17,25,23,25,23,17,25,23 -> output: 170
input: 171 -> message: 30,30,25,23,7,16,23,7,23,16,23,7,23,7,23,16,23,7,23,7,23,16,23,7,23,7,23,16,23,7 -> output: 67
input: 172 -> message: 14,30,16,16,7,16,23,16,16,23,16,23,16,23,16,23,16,23,16,23,16,23,16,23,16,23,16,23,16,23 -> output: 230
input: 173 -> message: 31,31,31,31,30,25,33,33,25,33,33,33,23,25,23,25,23,25,23,25,23,25,23,25,23,25,23,25,23,25 -> output: 173
input: 174 -> message: 33,30,25,25,33,23,25,23,25,23,25,23,25,23,25,23,25,23,25,23,25,23,25,23,25,23,25,23,25,23 -> output: 700
input: 175 -> message: 31,30,30,25,25,33,25,23,25,33,33,23,25,23,25,23,25,23,25,23,25,23,25,23,25,23,25,23,25,23 -> output: 175
input: 176 -> message: 30,25,23,7,16,23,7,23,23,7,23,16,23,7,23,7,23,16,23,7,23,7,23,16,23,7,23,7,16,23 -> output: 77
input: 177 -> message: 14,30,16,23,7,23,7,16,23,7,16,23,7,16,23,7,16,23,16,23,7,23,16,23,7,16,23,7,16,23 -> output: 78
input: 178 -> message: 25,23,7,23,23,25,23,23,7,23,23,7,23,23,7,23,23,7,23,23,7,23,23,7,23,23,7,23,23,7 -> output: 41
input: 179 -> message: 8,31,14,16,16,23,16,23,16,23,16,23,16,23,16,23,7,16,23,16,23,16,23,16,23,16,23,16,23,16 -> output: 179
input: 180 -> message: 31,30,25,23,25,23,7,33,23,25,23,25,23,25,23,25,23,25,23,25,23,25,23,25,23,25,23,25,23,25 -> output: 180
input: 181 -> message: 30,30,25,23,7,23,23,7,23,23,7,23,23,7,23,23,25,23,23,7,23,23,7,23,23,7,23,23,7,23 -> output: 57
input: 182 -> message: 15,30,16,23,7,16,23,7,16,23,7,16,23,7,16,23,7,16,23,7,16,23,7,16,23,7,16,23,7,23 -> output: 182
input: 183 -> message: 33,30,30,16,16,16,16,16,22,16,23,16,16,23,16,16,23,16,16,23,16,16,23,16,16,23,16,16,23,16 -> output: 355
input: 184 -> message: 31,33,30,30,16,7,16,7,16,7,16,23,7,16,23,16,23,7,16,23,16,23,7,16,23,16,23,7,16,23 -> output: 157
input: 185 -> message: 31,30,25,33,33,33,23,25,23,25,23,25,23,25,23,25,23,25,23,25,23,25,23,25,23,25,23,25,23,25 -> output: 205
input: 186 -> message: 25,23,25,23,23,25,23,23,25,23,23,25,23,23,25,23,23,25,23,23,25,23,23,25,23,23,25,23,23,25 -> output: 116
input: 187 -> message: 31,33,25,25,33,33,23,25,23,25,23,25,23,25,23,25,23,25,23,25,23,25,23,25,23,25,23,25,23,25 -> output: 217
input: 188 -> message: 31,33,30,7,33,7,23,7,23,7,23,7,23,7,23,7,16,23,7,23,7,16,23,7,23,7,16,23,7,23 -> output: 188
input: 189 -> message: 33,25,23,7,16,23,7,23,7,16,23,7,23,7,16,23,7,16,23,7,23,16,23,7,23,7,16,23,7,16 -> output: 189
input: 190 -> message: 14,30,16,16,23,16,23,16,23,16,23,16,23,16,23,16,23,16,23,16,23,16,23,16,23,16,23,16,23,16 -> output: 230
input: 191 -> message: 33,30,30,25,23,25,23,17,33,25,23,25,23,17,33,25,23,25,23,25,23,25,23,25,23,25,23,25,23,25 -> output: 191
input: 192 -> message: 31,31,30,30,25,33,7,33,33,7,33,23,25,23,7,23,25,23,7,23,25,23,7,23,25,23,7,23,25,23 -> output: 192
input: 193 -> message: 31,33,30,30,7,33,7,23,7,23,7,23,7,23,7,16,23,7,23,7,16,23,7,23,16,23,7,23,7,16 -> output: 157
input: 194 -> message: 31,30,25,23,25,23,25,23,17,25,23,25,23,17,33,25,23,25,23,25,23,25,23,25,23,25,23,25,23,25 -> output: 185
input: 195 -> message: 31,14,30,16,16,16,16,16,16,16,16,22,16,22,16,22,16,22,16,22,16,22,16,22,16,22,16,22,16,22 -> output: 195
input: 196 -> message: 14,30,23,25,23,16,23,7,23,7,16,23,7,23,16,23,7,23,7,16,23,7,23,16,23,7,23,7,16,23 -> output: 78
input: 197 -> message: 31,31,31,31,31,14,31,14,16,16,16,16,16,16,16,16,16,16,16,6,16,16,16,22,16,22,16,22,16,22 -> output: 550
input: 198 -> message: 33,30,23,25,23,7,16,23,7,16,23,7,23,16,23,7,23,7,16,23,7,23,16,23,7,23,7,16,23,7 -> output: 91
input: 199 -> message: 30,16,23,7,23,7,16,23,7,23,16,23,7,23,7,16,23,7,23,16,23,7,23,16,23,7,23,16,23,7 -> output: 93
input: 200 -> message: 31,30,16,16,23,16,23,7,16,23,16,23,16,23,16,23,16,23,16,23,16,23,7,16,23,16,23,16,23,16 -> output: 161
input: 201 -> message: 31,14,30,30,16,16,16,16,16,16,16,22,16,22,16,22,16,22,16,22,16,22,16,22,16,22,16,22,16,22 -> output: 244
input: 202 -> message: 31,33,30,25,25,33,23,25,23,25,23,25,23,25,23,25,23,25,23,25,23,25,23,25,23,25,23,25,23,25 -> output: 117
input: 203 -> message: 33,25,23,25,23,7,23,23,25,23,7,23,23,25,23,23,25,23,23,25,23,23,25,23,23,25,23,23,25,23 -> output: 170
input: 204 -> message: 31,33,30,30,25,25,33,33,25,23,25,33,33,23,25,23,25,23,25,23,25,23,25,23,25,23,25,23,25,23 -> output: 40
input: 205 -> message: 31,30,25,33,33,23,25,23,25,23,25,23,25,23,25,23,25,23,25,23,25,23,25,23,25,23,25,23,25,23 -> output: 342
input: 206 -> message: 31,33,30,30,7,16,7,16,7,23,16,23,7,16,23,7,16,23,7,16,23,7,16,23,7,16,23,7,16,23 -> output: 157
input: 207 -> message: 33,30,25,25,23,25,23,25,23,25,23,25,23,25,23,25,23,25,23,25,23,25,23,25,23,25,23,25,23,25 -> output: 207
input: 208 -> message: 31,30,30,25,25,23,25,23,25,23,25,23,25,23,25,23,25,23,25,23,25,23,25,23,25,23,25,23,25,23 -> output: 131
input: 209 -> message: 25,23,25,23,17,25,23,17,25,23,17,25,23,17,25,23,17,25,23,17,25,23,25,23,17,25,23,17,25,23 -> output: 209
input: 210 -> message: 30,30,16,16,16,16,16,16,16,16,16,16,22,16,16,22,16,22,16,22,16,22,16,22,16,22,16,22,16,22 -> output: 62
input: 211 -> message: 30,25,25,33,25,23,25,23,25,23,25,23,25,23,25,23,25,23,25,23,25,23,25,23,25,23,25,23,25,23 -> output: 107
input: 212 -> message: 33,30,33,23,25,23,23,7,23,23,25,23,23,7,23,23,7,23,23,25,23,23,7,23,23,7,23,23,25,23 -> output: 191
input: 213 -> message: 31,31,15,14,14,26,26,26,26,26,26,26,26,26,26,26,26,26,26,26,26,26,26,26,26,26,26,26,26,26 -> output: 213
input: 214 -> message: 31,14,30,16,16,23,16,23,7,16,23,16,23,7,16,23,16,23,16,23,7,16,23,16,23,7,23,16,23,7 -> output: 214
input: 215 -> message: 14,25,25,25,25,33,25,33,33,33,33,33,33,33,23,25,33,33,23,25,33,23,25,33,23,25,23,25,33,23 -> output: 215
input: 216 -> message: 8,38,33,33,33,25,25,33,25,33,25,23,25,33,23,25,33,23,25,23,25,33,23,25,23,25,23,25,23,25 -> output: 216
input: 217 -> message: 31,33,25,25,33,33,33,33,33,23,25,23,25,23,25,23,25,23,25,23,25,23,25,23,25,23,25,23,25,23 -> output: 145
input: 218 -> message: 10,31,31,31,31,30,25,23,7,16,7,23,7,16,23,7,16,23,7,16,23,7,16,23,7,16,23,7,16,23 -> output: 218
input: 219 -> message: 33,30,7,23,7,16,23,7,23,16,23,7,23,16,23,7,23,7,16,23,7,16,23,7,16,23,7,16,23,7 -> output: 103
input: 220 -> message: 31,30,16,25,16,23,7,23,16,23,7,23,16,23,7,23,16,23,7,23,16,23,7,23,16,23,7,23,16,23 -> output: 228
input: 221 -> message: 31,30,16,16,16,22,16,23,16,23,16,16,23,16,16,23,16,16,23,16,16,23,16,16,23,16,16,23,16,16 -> output: 21
input: 222 -> message: 31,30,25,23,7,16,23,7,23,7,16,23,7,23,16,23,7,23,7,16,23,7,23,7,16,23,7,23,7,16 -> output: 675
input: 223 -> message: 33,25,25,33,25,23,25,23,25,23,25,23,25,23,25,23,25,23,25,23,25,23,25,23,25,23,25,23,25,23 -> output: 139
input: 224 -> message: 31,31,30,25,23,7,33,23,25,23,7,23,7,23,25,23,7,23,7,23,7,23,25,23,7,23,7,23,7,23 -> output: 224
input: 225 -> message: 33,25,25,23,25,23,25,23,17,25,23,25,23,25,23,25,23,25,23,25,23,25,23,25,23,25,23,25,23,25 -> output: 147
input: 226 -> message: 31,14,14,30,30,16,16,16,16,16,16,22,16,22,16,22,16,22,16,22,16,22,16,22,16,22,16,22,16,22 -> output: 226
input: 227 -> message: 33,30,16,23,7,16,23,16,23,7,16,23,16,23,7,16,23,16,23,7,16,23,16,23,7,16,23,16,23,7 -> output: 335
input: 228 -> message: 31,30,16,25,16,23,7,23,16,23,7,16,23,7,16,23,7,16,23,7,16,23,7,16,23,7,16,23,7,16 -> output: 228
input: 229 -> message: 31,30,25,33,33,23,25,23,25,23,25,23,25,23,25,23,25,23,25,23,25,23,25,23,25,23,25,23,25,23 -> output: 342
input: 230 -> message: 14,30,16,16,23,16,23,16,23,16,23,16,23,16,23,16,23,16,23,16,23,16,23,16,23,16,23,16,23,16 -> output: 230
input: 231 -> message: 30,16,16,16,16,16,16,16,6,16,16,22,16,22,16,22,16,22,16,22,16,22,16,22,16,22,16,22,16,22 -> output: 231
input: 232 -> message: 33,25,23,7,23,16,23,7,23,7,23,23,7,23,7,23,16,23,7,23,7,23,7,23,16,23,7,23,7,23 -> output: 153
input: 233 -> message: 33,30,30,16,16,16,16,16,22,16,23,16,16,23,16,16,16,22,16,23,16,16,16,22,16,23,16,16,23,16 -> output: 355
input: 234 -> message: 33,30,25,23,7,16,23,7,23,7,16,23,7,23,16,23,7,23,7,16,23,7,23,7,16,23,7,23,7,16 -> output: 91
input: 235 -> message: 25,25,23,7,23,25,23,23,25,23,23,25,23,23,25,23,23,25,23,23,25,23,23,25,23,23,25,23,23,25 -> output: 51
input: 236 -> message: 31,33,25,33,25,33,23,25,23,25,23,25,23,25,23,25,23,25,23,25,23,25,23,25,23,25,23,25,23,25 -> output: 236
input: 237 -> message: 31,30,25,23,7,23,23,25,23,23,7,23,23,7,23,23,7,23,23,7,23,23,7,23,23,7,23,23,7,23 -> output: 155
input: 238 -> message: 33,33,25,23,7,23,7,23,7,23,16,23,25,23,7,23,7,23,7,23,16,23,7,23,7,23,7,23,7,23 -> output: 83
input: 239 -> message: 31,30,25,33,25,23,25,23,25,23,25,23,25,23,25,23,25,23,25,23,25,23,25,23,25,23,25,23,25,23 -> output: 115
input: 240 -> message: 33,33,33,25,25,25,33,25,23,25,33,33,23,25,33,23,25,23,25,23,25,23,25,23,25,23,25,23,25,23 -> output: 240
input: 241 -> message: 3,14,26,26,26,26,26,26,26,26,26,26,26,26,26,26,26,26,26,26,26,26,26,26,26,26,26,26,26,26 -> output: 241
input: 242 -> message: 31,30,30,16,16,16,16,22,16,23,16,16,23,16,16,23,16,16,23,16,16,23,16,16,23,16,16,23,16,16 -> output: 411
input: 243 -> message: 33,30,7,23,7,23,16,23,7,23,7,16,23,7,23,16,23,7,23,7,16,23,7,16,23,7,16,23,7,16 -> output: 103
input: 244 -> message: 31,14,30,30,16,16,16,16,16,16,16,22,16,22,16,22,16,22,16,22,16,22,16,22,16,22,16,22,16,22 -> output: 244
input: 245 -> message: 31,31,30,30,25,33,33,33,33,33,33,23,25,23,25,23,25,23,25,23,25,23,25,23,25,23,25,23,25,23 -> output: 111
input: 246 -> message: 31,30,16,16,16,23,16,23,16,23,16,23,16,23,16,23,16,23,16,23,16,23,16,23,16,23,16,23,16,23 -> output: 119
input: 247 -> message: 31,31,33,33,25,33,33,25,23,25,23,25,23,25,23,25,23,25,23,25,23,25,23,25,23,25,23,25,23,25 -> output: 247
input: 248 -> message: 31,31,30,30,25,25,33,33,33,23,25,33,23,25,23,25,23,25,23,25,23,25,23,25,23,25,23,25,23,25 -> output: 111
input: 249 -> message: 33,33,30,25,25,33,25,23,25,33,33,23,25,23,25,23,25,23,25,23,25,23,25,23,25,23,25,23,25,23 -> output: 249
input: 250 -> message: 31,33,30,30,7,16,7,16,7,23,7,16,23,7,16,23,7,16,23,7,16,23,7,16,23,7,16,23,7,16 -> output: 157
input: 251 -> message: 33,25,33,23,25,23,25,23,25,23,17,25,23,25,23,25,23,25,23,25,23,25,23,17,25,23,25,23,25,23 -> output: 225
input: 252 -> message: 14,25,23,7,23,7,16,23,7,23,7,16,23,7,23,7,16,23,7,23,16,23,7,23,7,16,23,7,23,16 -> output: 252
input: 253 -> message: 14,25,23,7,16,23,7,23,16,23,7,23,7,16,23,7,16,23,7,16,23,7,16,23,7,16,23,7,16,23 -> output: 253
input: 254 -> message: 14,30,16,23,7,16,23,16,23,7,16,23,16,23,7,16,23,16,23,7,16,23,16,23,7,16,23,7,16,23 -> output: 498
input: 255 -> message: 14,30,16,23,7,16,23,16,23,7,16,23,16,23,7,16,23,16,23,16,23,7,16,23,16,23,7,16,23,7 -> output: 254
input: 256 -> message: 33,30,16,23,7,16,23,16,23,7,16,23,7,16,23,16,23,7,16,23,16,23,7,16,23,7,16,23,7,16 -> output: 660
input: 257 -> message: 14,30,16,16,16,16,22,16,23,16,23,16,23,16,23,16,23,16,23,16,23,16,23,16,23,16,23,16,23,16 -> output: 262
input: 258 -> message: 33,23,7,23,16,23,7,23,7,16,23,7,23,7,16,23,7,23,7,16,23,7,16,23,7,16,23,7,16,23 -> output: 123
input: 259 -> message: 31,33,30,25,33,25,33,23,25,23,25,23,25,23,25,23,25,23,25,23,25,23,25,23,25,23,25,23,25,23 -> output: 117
input: 260 -> message: 14,16,16,23,16,23,16,23,16,23,16,23,16,23,16,23,16,23,7,16,23,16,23,16,23,16,23,7,16,23 -> output: 260
input: 261 -> message: 31,33,30,30,25,23,7,16,7,33,23,7,23,7,23,7,23,7,16,23,7,23,7,23,7,16,23,7,23,7 -> output: 281
input: 262 -> message: 14,30,16,16,16,16,7,16,16,7,16,16,7,16,16,7,16,16,7,16,16,23,16,16,23,16,16,23,16,16 -> output: 112
input: 263 -> message: 31,30,25,33,33,25,23,25,23,25,23,25,23,25,23,25,23,25,23,25,23,25,23,25,23,25,23,25,23,25 -> output: 263
input: 264 -> message: 14,30,25,23,25,23,7,23,7,23,7,23,25,23,7,23,7,23,7,23,7,23,7,23,25,23,7,23,7,23 -> output: 400
input: 265 -> message: 25,25,23,25,23,25,23,25,23,25,23,25,23,25,23,25,23,25,23,25,23,25,23,25,23,25,23,25,23,25 -> output: 84
input: 266 -> message: 15,14,30,16,16,16,16,16,16,16,16,6,16,16,16,22,16,22,16,22,16,22,16,22,16,22,16,22,16,22 -> output: 350
input: 267 -> message: 33,33,25,25,33,25,33,23,25,33,23,25,23,25,23,25,23,25,23,25,23,25,23,25,23,25,23,25,23,25 -> output: 267
input: 268 -> message: 31,33,30,25,25,33,23,25,33,23,25,23,25,23,25,23,25,23,25,23,25,23,25,23,25,23,25,23,25,23 -> output: 117
input: 269 -> message: 33,25,23,7,23,23,7,23,16,23,7,23,7,23,7,23,16,23,7,23,7,23,23,7,23,7,23,16,23,7 -> output: 83
input: 270 -> message: 33,23,25,23,7,16,23,7,23,16,23,7,23,7,16,23,7,16,23,7,16,23,7,16,23,7,16,23,7,16 -> output: 189
input: 271 -> message: 33,30,16,16,23,16,23,16,23,16,23,16,23,7,16,23,16,23,16,23,16,23,16,23,16,23,16,23,7,16 -> output: 85
input: 272 -> message: 31,30,16,16,23,16,23,16,23,16,23,16,23,16,23,16,23,16,23,16,23,16,23,16,23,16,23,16,23,16 -> output: 119
input: 273 -> message: 33,16,23,7,16,23,16,23,7,16,23,16,23,16,23,16,23,7,16,23,16,23,16,23,7,16,23,16,23,16 -> output: 273
input: 274 -> message: 33,25,25,33,23,25,23,25,23,25,23,25,23,25,23,25,23,25,23,25,23,25,23,25,23,25,23,25,23,25 -> output: 450
input: 275 -> message: 31,33,30,25,33,25,33,23,25,23,25,23,25,23,25,23,25,23,25,23,25,23,25,23,25,23,25,23,25,23 -> output: 117
input: 276 -> message: 31,33,33,25,25,33,25,33,23,25,33,23,25,23,25,23,25,23,25,23,25,23,25,23,25,23,25,23,25,23 -> output: 276
input: 277 -> message: 31,31,30,30,25,25,23,25,23,25,23,25,23,25,23,25,23,25,23,25,23,25,23,25,23,25,23,25,23,25 -> output: 111
input: 278 -> message: 30,16,23,7,23,7,16,23,7,23,16,23,7,23,16,23,7,23,16,23,7,23,16,23,7,23,16,23,7,23 -> output: 199
input: 279 -> message: 31,30,25,33,33,33,33,33,23,25,23,25,23,25,23,25,23,25,23,25,23,25,23,25,23,25,23,25,23,25 -> output: 205
input: 280 -> message: 25,25,33,23,25,23,25,23,25,23,25,23,25,23,25,23,25,23,25,23,25,23,25,23,25,23,25,23,25,23 -> output: 84
input: 281 -> message: 31,33,30,30,7,33,7,23,7,23,7,23,7,23,7,16,23,7,23,7,16,23,7,23,16,23,7,23,7,16 -> output: 157
input: 282 -> message: 33,33,30,25,25,33,33,33,33,33,23,25,23,25,23,25,23,25,23,25,23,25,23,25,23,25,23,25,23,25 -> output: 249
input: 283 -> message: 31,33,30,25,23,7,33,33,7,33,23,25,23,7,23,25,23,7,23,25,23,7,23,25,23,7,23,25,23,7 -> output: 58
input: 284 -> message: 33,30,16,23,7,16,23,7,16,23,7,16,23,16,23,7,23,16,23,7,16,23,7,16,23,7,16,23,7,16 -> output: 103
input: 285 -> message: 31,30,25,23,7,23,16,23,25,23,7,23,7,23,16,23,7,23,7,23,7,23,7,23,7,23,7,23,16,23 -> output: 155
input: 286 -> message: 33,30,16,23,7,23,7,16,23,7,16,23,7,16,23,7,16,23,7,23,16,23,7,16,23,7,16,23,7,16 -> output: 103
input: 287 -> message: 31,30,25,23,7,33,23,25,23,7,23,25,23,7,23,25,23,7,23,7,23,25,23,7,23,7,23,25,23,7 -> output: 155
input: 288 -> message: 33,30,23,25,16,23,7,23,16,23,7,23,16,23,7,23,7,16,23,7,16,23,7,16,23,7,16,23,7,16 -> output: 103
input: 289 -> message: 14,30,25,25,33,25,23,25,33,23,25,23,25,23,25,23,25,23,25,23,25,23,25,23,25,23,25,23,25,23 -> output: 345
input: 290 -> message: 33,23,25,23,7,16,23,7,23,16,23,7,23,7,16,23,7,23,7,16,23,7,23,16,23,7,23,7,16,23 -> output: 153
input: 291 -> message: 31,33,30,30,16,16,7,16,16,7,16,16,7,16,23,16,23,16,16,23,16,23,16,23,16,16,23,16,23,16 -> output: 127
input: 292 -> message: 33,25,23,7,23,7,23,7,23,16,23,7,23,7,23,7,23,7,23,16,23,7,23,7,23,7,23,16,23,7 -> output: 83
input: 293 -> message: 31,30,30,25,33,33,23,25,23,25,23,25,23,25,23,25,23,25,23,25,23,25,23,25,23,25,23,25,23,25 -> output: 33
input: 294 -> message: 33,25,23,7,23,23,25,23,23,7,23,23,25,23,23,7,23,23,25,23,23,7,23,25,23,23,7,23,7,23 -> output: 83
input: 295 -> message: 33,30,25,23,7,16,23,7,23,16,23,7,23,16,23,7,23,7,16,23,7,23,16,23,7,23,7,16,23,7 -> output: 91
input: 296 -> message: 14,30,16,23,7,16,23,16,23,7,23,16,23,7,16,23,16,23,7,23,16,23,7,16,23,7,16,23,7,16 -> output: 78
input: 297 -> message: 31,31,14,14,14,30,30,16,7,16,7,33,16,7,23,7,23,16,23,7,16,23,7,16,23,7,16,23,7,16 -> output: 297
input: 298 -> message: 31,30,25,33,23,25,23,25,23,25,23,25,23,25,23,25,23,25,23,25,23,25,23,25,23,25,23,25,23,25 -> output: 185
input: 299 -> message: 33,30,16,6,33,23,7,23,16,23,7,23,7,16,23,7,23,7,16,23,7,23,16,23,7,23,7,16,23,7 -> output: 286
input: 300 -> message: 33,30,30,16,16,16,16,16,16,16,16,16,7,16,16,16,7,16,16,16,7,16,16,16,7,16,16,16,7,16 -> output: 355
input: 301 -> message: 33,33,30,25,25,25,33,25,23,25,33,25,23,25,23,25,23,25,23,25,23,25,23,25,23,25,23,25,23,25 -> output: 301
input: 302 -> message: 31,33,30,25,25,33,33,25,23,25,33,23,25,23,25,23,25,23,25,23,25,23,25,23,25,23,25,23,25,23 -> output: 302
input: 303 -> message: 33,30,25,25,33,25,23,25,33,23,25,23,25,23,25,23,25,23,25,23,25,23,25,23,25,23,25,23,25,23 -> output: 166
input: 304 -> message: 30,25,23,16,23,7,23,23,7,23,16,23,7,23,7,23,16,23,7,23,7,23,16,23,7,23,7,23,16,23 -> output: 77
input: 305 -> message: 25,25,23,25,23,25,23,25,23,25,23,25,23,25,23,25,23,25,23,25,23,25,23,25,23,25,23,25,23,25 -> output: 84
input: 306 -> message: 33,30,30,25,23,7,16,23,7,23,7,23,16,23,7,23,7,23,16,23,7,23,7,23,16,23,7,23,7,23 -> output: 652
input: 307 -> message: 31,30,30,25,25,33,33,33,25,23,25,23,25,23,25,23,25,23,25,23,25,23,25,23,25,23,25,23,25,23 -> output: 128
input: 308 -> message: 14,16,16,16,16,6,16,16,6,16,16,16,6,16,16,22,16,22,16,22,16,22,16,22,16,22,16,22,16,22 -> output: 308
input: 309 -> message: 31,33,30,30,16,16,16,16,16,22,16,22,16,22,16,22,16,22,16,22,16,22,16,22,16,22,16,22,16,22 -> output: 108
input: 310 -> message: 31,30,30,25,25,33,33,25,23,25,23,25,23,25,23,25,23,25,23,25,23,25,23,25,23,25,23,25,23,25 -> output: 175
input: 311 -> message: 33,33,30,25,25,33,25,23,25,33,33,23,25,23,25,23,25,23,25,23,25,23,25,23,25,23,25,23,25,23 -> output: 249
input: 312 -> message: 31,14,30,30,7,33,7,23,7,23,7,23,7,23,7,16,23,7,23,7,16,23,7,23,16,23,7,23,7,16 -> output: 312
input: 313 -> message: 14,30,30,16,16,16,16,16,16,16,16,16,16,16,16,16,16,16,16,16,16,16,16,7,16,16,16,16,22,16 -> output: 46
input: 314 -> message: 25,16,23,7,23,16,23,7,23,16,23,7,23,16,23,7,23,16,23,7,23,16,23,7,16,23,7,16,23,7 -> output: 14
input: 315 -> message: 14,33,25,25,23,25,23,25,23,25,23,25,23,25,23,25,23,25,23,25,23,25,23,25,23,25,23,25,23,25 -> output: 315
input: 316 -> message: 33,25,23,7,23,16,23,7,23,7,23,16,23,7,23,7,23,16,23,7,23,7,23,16,23,7,23,7,23,16 -> output: 153
input: 317 -> message: 31,30,16,16,16,23,16,23,16,23,16,23,16,16,23,16,23,16,23,16,23,16,23,16,23,16,23,16,23,16 -> output: 119
input: 318 -> message: 33,23,7,23,16,23,7,23,7,23,7,23,16,23,7,23,7,23,16,23,7,23,7,23,16,23,7,23,7,23 -> output: 123
input: 319 -> message: 33,33,25,25,33,33,25,23,25,23,25,23,25,23,25,23,25,23,25,23,25,23,25,23,25,23,25,23,25,23 -> output: 267
input: 320 -> message: 31,30,16,16,7,16,23,16,23,16,23,16,23,16,23,16,23,16,16,23,16,23,16,23,16,23,16,23,16,23 -> output: 119
input: 321 -> message: 31,30,16,16,16,16,16,16,16,16,22,16,16,22,16,22,16,22,16,22,16,22,16,22,16,22,16,22,16,22 -> output: 96
input: 322 -> message: 31,33,30,30,16,16,7,16,23,16,23,16,23,16,23,16,23,16,23,16,23,16,23,16,23,16,23,16,7,16 -> output: 184
input: 323 -> message: 14,30,16,16,16,16,7,16,16,7,16,16,7,16,16,7,16,16,7,16,16,23,16,16,23,16,16,23,16,16 -> output: 112
input: 324 -> message: 33,30,25,23,25,23,7,23,25,23,23,25,23,23,25,23,23,25,23,23,25,23,23,25,23,23,25,23,23,25 -> output: 42
input: 325 -> message: 33,25,25,25,33,33,33,33,33,23,25,33,23,25,23,25,23,25,23,25,23,25,23,25,23,25,23,25,23,25 -> output: 139
input: 326 -> message: 30,16,26,26,26,26,26,26,26,26,26,26,26,26,26,26,26,26,26,26,26,26,26,26,26,26,26,26,26,26 -> output: 326
input: 327 -> message: 33,30,25,25,33,33,33,23,25,23,25,23,25,23,25,23,25,23,25,23,25,23,25,23,25,23,25,23,25,23 -> output: 327
input: 328 -> message: 14,30,16,23,7,16,23,7,16,23,16,23,7,16,23,7,16,23,16,23,7,16,23,7,16,23,16,23,7,16 -> output: 78
input: 329 -> message: 33,25,33,33,23,25,23,25,23,25,23,25,23,25,23,25,23,25,23,25,23,25,23,25,23,25,23,25,23,25 -> output: 225
input: 330 -> message: 31,33,30,25,25,33,33,33,33,33,23,25,23,25,23,25,23,25,23,25,23,25,23,25,23,25,23,25,23,25 -> output: 117
input: 331 -> message: 14,30,23,7,23,7,23,16,23,25,23,7,16,23,7,23,16,23,7,23,7,16,23,7,23,16,23,7,23,7 -> output: 78
input: 332 -> message: 33,25,25,33,23,25,23,25,23,25,23,25,23,25,23,25,23,25,23,25,23,25,23,25,23,25,23,25,23,25 -> output: 450
input: 333 -> message: 31,33,30,25,33,25,23,25,23,25,23,25,23,25,23,25,23,25,23,25,23,25,23,25,23,25,23,25,23,25 -> output: 117
input: 334 -> message: 31,30,25,16,23,7,23,7,16,23,7,23,16,23,7,23,7,23,16,23,7,23,7,23,16,23,7,23,7,16 -> output: 675
input: 335 -> message: 33,30,16,7,23,16,23,7,16,23,7,16,23,16,23,7,23,16,23,7,16,23,7,16,23,7,16,23,7,16 -> output: 103
input: 336 -> message: 33,33,25,33,33,33,23,25,23,25,23,25,23,25,23,25,23,25,23,25,23,25,23,25,23,25,23,25,23,25 -> output: 441
input: 337 -> message: 33,30,25,23,7,23,17,33,23,25,23,23,25,23,23,25,23,23,25,23,23,25,23,23,25,23,23,25,23,23 -> output: 191
input: 338 -> message: 14,30,25,25,23,25,23,25,23,25,23,25,23,25,23,25,23,25,23,25,23,25,23,25,23,25,23,25,23,25 -> output: 466
input: 339 -> message: 31,14,30,16,16,16,16,23,16,23,16,23,16,23,16,23,16,16,23,16,23,16,23,16,23,16,23,16,23,16 -> output: 339
input: 340 -> message: 33,25,23,25,23,7,23,23,25,23,23,25,23,23,25,23,23,25,23,23,25,23,23,25,23,23,25,23,23,25 -> output: 170
input: 341 -> message: 31,33,30,30,25,33,33,33,33,33,33,23,25,23,25,23,25,23,25,23,25,23,25,23,25,23,25,23,25,23 -> output: 875
input: 342 -> message: 31,30,25,33,33,33,23,25,23,25,23,25,23,25,23,25,23,25,23,25,23,25,23,25,23,25,23,25,23,25 -> output: 205
input: 343 -> message: 31,31,30,25,16,7,23,7,16,23,7,23,16,23,7,16,23,7,16,23,7,16,23,7,16,23,7,16,23,7 -> output: 343
input: 344 -> message: 31,30,25,33,33,25,23,25,23,25,23,25,23,25,23,25,23,25,23,25,23,25,23,25,23,25,23,25,23,25 -> output: 263
input: 345 -> message: 14,30,25,25,25,23,25,33,25,23,25,23,25,23,25,23,25,23,25,23,25,23,25,23,25,23,25,23,25,23 -> output: 345
input: 346 -> message: 33,30,16,23,16,23,7,16,23,16,23,7,16,23,16,23,16,23,7,23,16,23,7,16,23,16,23,7,16,23 -> output: 72
input: 347 -> message: 33,30,25,25,33,23,25,23,25,23,25,23,25,23,25,23,25,23,25,23,25,23,25,23,25,23,25,23,25,23 -> output: 700
input: 348 -> message: 14,30,16,16,16,16,7,16,16,16,7,16,16,7,16,16,23,16,16,23,16,16,23,16,16,23,16,16,16,23 -> output: 112
input: 349 -> message: 14,16,16,16,6,16,16,22,16,22,16,23,16,23,16,23,16,23,16,23,16,16,23,16,23,16,23,16,16,23 -> output: 349
input: 350 -> message: 15,14,30,16,16,16,16,16,16,16,16,16,16,7,16,16,16,7,16,16,16,7,16,16,16,7,16,16,16,7 -> output: 350
input: 351 -> message: 33,30,30,7,16,7,23,7,16,23,7,23,16,23,7,16,23,7,16,23,7,16,23,7,23,7,16,7,16,23 -> output: 351
input: 352 -> message: 14,25,25,23,25,23,25,23,25,23,17,25,23,25,23,25,23,25,23,25,23,25,23,25,23,25,23,25,23,25 -> output: 632
input: 353 -> message: 31,33,33,25,33,25,33,23,25,33,23,25,23,25,23,25,23,25,23,25,23,25,23,25,23,25,23,25,23,25 -> output: 140
input: 354 -> message: 31,33,33,25,33,33,33,25,23,25,23,25,23,25,23,25,23,25,23,25,23,25,23,25,23,25,23,25,23,25 -> output: 140
input: 355 -> message: 33,30,30,16,16,16,16,16,16,16,16,7,16,16,16,22,16,22,16,22,16,22,16,22,16,22,16,22,16,22 -> output: 355
input: 356 -> message: 31,33,33,25,23,25,23,7,33,23,25,23,7,23,25,23,7,23,25,23,7,23,25,23,7,23,25,23,7,23 -> output: 505
input: 357 -> message: 31,30,16,16,7,16,23,16,23,16,23,16,16,23,16,23,16,23,16,16,23,16,23,16,23,16,16,23,16,23 -> output: 119
input: 358 -> message: 14,30,25,25,25,33,25,23,25,33,25,23,25,23,25,33,23,25,23,25,33,23,25,23,25,33,23,25,23,25 -> output: 358
input: 359 -> message: 31,33,25,23,7,16,23,7,23,16,23,7,23,7,23,16,23,7,23,7,23,7,16,23,7,23,7,16,23,7 -> output: 359
input: 360 -> message: 31,33,33,25,33,33,33,25,23,25,23,25,23,25,23,25,23,25,23,25,23,25,23,25,23,25,23,25,23,25 -> output: 140
input: 361 -> message: 33,30,30,25,25,23,25,23,25,23,25,23,25,23,25,23,25,23,25,23,25,23,25,23,25,23,25,23,25,23 -> output: 361
input: 362 -> message: 33,30,30,25,25,33,33,33,33,33,23,25,23,25,23,25,23,25,23,25,23,25,23,25,23,25,23,25,23,25 -> output: 361
input: 363 -> message: 30,7,16,23,7,23,16,23,7,23,16,23,7,23,7,16,23,7,16,23,7,16,23,7,16,23,7,16,23,7 -> output: 485
input: 364 -> message: 33,30,25,23,7,16,23,7,23,16,23,7,23,7,23,16,23,7,23,7,16,23,7,23,7,16,23,7,23,16 -> output: 91
input: 365 -> message: 15,30,16,16,16,16,16,26,16,26,16,26,26,26,26,26,26,26,26,26,26,26,26,26,26,26,26,26,26,26 -> output: 365
input: 366 -> message: 14,14,30,16,16,16,26,16,26,26,26,26,26,26,26,26,26,26,26,26,26,26,26,26,26,26,26,26,26,26 -> output: 366
input: 367 -> message: 33,25,23,25,23,23,25,23,23,25,23,23,25,23,23,25,23,23,25,23,23,25,23,23,25,23,23,25,23,23 -> output: 170
input: 368 -> message: 16,23,16,23,16,23,7,16,23,16,23,16,23,16,23,7,16,23,16,23,16,23,16,23,7,16,23,16,23,16 -> output: 162
input: 369 -> message: 31,30,16,7,23,16,23,7,23,16,23,7,16,23,16,23,7,23,16,23,16,23,7,23,16,23,7,16,23,7 -> output: 228
input: 370 -> message: 33,25,23,25,23,7,23,23,25,23,23,25,23,23,25,23,23,25,23,23,25,23,23,25,23,23,25,23,23,25 -> output: 170
input: 371 -> message: 33,30,25,23,7,23,7,23,23,7,23,23,7,23,23,7,23,7,23,23,7,23,7,23,7,23,16,23,7,23 -> output: 42
input: 372 -> message: 33,30,30,25,25,33,23,25,33,23,25,23,25,23,25,23,25,23,25,23,25,23,25,23,25,23,25,23,25,23 -> output: 361
input: 373 -> message: 14,30,16,16,16,7,16,16,23,16,16,23,16,23,16,16,23,16,16,23,16,16,23,16,16,23,16,16,23,16 -> output: 262
input: 374 -> message: 31,31,30,30,25,23,7,16,7,16,7,23,7,16,23,7,16,23,7,16,23,7,16,23,7,16,23,7,16,23 -> output: 496
input: 375 -> message: 33,16,23,7,23,16,23,7,16,23,7,16,23,7,16,23,7,16,23,7,16,23,7,16,23,7,16,23,7,16 -> output: 273
input: 376 -> message: 25,23,7,23,23,7,23,16,23,7,23,7,23,23,7,23,7,23,16,23,7,23,7,23,23,7,23,16,23,7 -> output: 23
input: 377 -> message: 31,30,30,25,33,33,33,33,33,23,25,23,25,23,25,23,25,23,25,23,25,23,25,23,25,23,25,23,25,23 -> output: 33
input: 378 -> message: 33,30,33,25,23,23,25,23,23,17,33,23,25,23,17,25,23,25,23,23,25,23,17,25,23,25,23,23,25,23 -> output: 191
input: 379 -> message: 31,30,7,16,7,23,7,16,23,7,23,16,23,7,16,23,7,16,23,7,16,23,7,16,23,7,16,23,7,16 -> output: 118
input: 380 -> message: 31,33,30,30,25,33,7,33,23,25,23,7,33,23,25,23,7,23,25,23,7,23,25,23,7,23,25,23,7,23 -> output: 28
input: 381 -> message: 31,30,25,23,25,23,7,33,23,25,23,25,23,23,25,23,25,23,23,25,23,25,23,23,25,23,25,23,23,25 -> output: 180
input: 382 -> message: 30,30,7,16,23,25,16,23,7,23,16,23,7,23,16,23,7,23,7,16,23,7,16,23,7,16,23,7,16,23 -> output: 31
input: 383 -> message: 14,30,25,25,33,23,25,33,23,25,23,25,23,25,23,25,23,25,23,25,23,25,23,25,23,25,23,25,23,25 -> output: 466
input: 384 -> message: 31,31,30,25,33,33,25,23,25,23,25,23,25,23,25,23,25,23,25,23,25,23,25,23,25,23,25,23,25,23 -> output: 384
input: 385 -> message: 31,30,30,25,25,33,25,23,25,33,33,33,23,25,23,25,23,25,23,25,23,25,23,25,23,25,23,25,23,25 -> output: 175
input: 386 -> message: 31,30,7,16,7,23,16,23,7,23,16,23,7,23,7,16,23,7,16,23,7,16,23,7,16,23,7,16,23,7 -> output: 118
input: 387 -> message: 33,33,25,25,33,33,25,23,25,23,25,23,25,23,25,23,25,23,25,23,25,23,25,23,25,23,25,23,25,23 -> output: 267
input: 388 -> message: 14,14,30,16,16,16,16,22,16,22,16,22,16,22,16,22,16,22,16,22,16,22,16,22,16,22,16,22,16,22 -> output: 388
input: 389 -> message: 31,31,30,30,16,16,7,16,16,22,16,7,16,16,22,16,22,16,22,16,22,16,22,16,22,16,22,16,22,16 -> output: 389
input: 390 -> message: 33,30,16,23,7,23,16,23,7,23,7,16,23,7,16,23,7,16,23,7,16,23,7,16,23,7,16,23,7,16 -> output: 103
input: 391 -> message: 30,16,23,7,23,16,23,7,23,16,23,7,23,7,16,23,7,23,16,23,7,23,16,23,7,23,16,23,7,23 -> output: 199
input: 392 -> message: 31,30,25,33,33,25,23,25,23,25,23,25,23,25,23,25,23,25,23,25,23,25,23,25,23,25,23,25,23,25 -> output: 263
input: 393 -> message: 31,30,25,23,7,16,23,7,23,16,23,7,23,7,23,16,23,7,23,7,23,16,23,7,23,7,23,16,23,7 -> output: 675
input: 394 -> message: 30,30,16,16,22,23,16,23,16,23,16,23,16,23,16,23,16,23,16,23,16,23,16,23,16,23,16,23,16,23 -> output: 102
input: 395 -> message: 25,23,7,16,23,7,23,7,16,23,7,23,7,16,23,7,23,16,23,7,23,7,16,23,7,23,16,23,7,23 -> output: 23
input: 396 -> message: 31,30,30,7,33,7,23,7,23,7,23,16,23,7,23,7,23,16,23,7,23,7,23,7,16,23,7,23,7,23 -> output: 132
input: 397 -> message: 31,33,30,25,25,23,25,23,25,23,25,23,25,23,25,23,25,23,25,23,25,23,25,23,25,23,25,23,25,23 -> output: 117
input: 398 -> message: 30,25,23,7,23,7,16,23,7,23,7,23,16,23,7,23,7,23,16,23,7,23,7,23,16,23,7,23,7,16 -> output: 77
input: 399 -> message: 14,30,30,25,33,23,25,23,25,23,25,23,25,23,25,23,25,23,25,23,25,23,25,23,25,23,25,23,25,23 -> output: 399
input: 400 -> message: 14,30,25,33,23,25,23,25,23,25,23,25,23,25,23,25,23,25,23,25,23,25,23,25,23,25,23,25,23,25 -> output: 466
input: 401 -> message: 33,33,25,33,33,33,33,33,23,25,23,25,23,25,23,25,23,25,23,25,23,25,23,25,23,25,23,25,23,25 -> output: 441
input: 402 -> message: 33,30,25,25,23,25,33,23,25,23,25,23,25,23,25,23,25,23,25,23,25,23,25,23,25,23,25,23,25,23 -> output: 700
input: 403 -> message: 31,33,33,25,33,33,25,23,25,23,25,23,25,23,25,23,25,23,25,23,25,23,25,23,25,23,25,23,25,23 -> output: 140
input: 404 -> message: 31,33,30,25,25,33,23,25,23,25,23,25,23,25,23,25,23,25,23,25,23,25,23,25,23,25,23,25,23,25 -> output: 117
input: 405 -> message: 33,30,16,23,7,23,16,23,7,23,16,23,7,23,16,23,7,23,16,23,7,16,23,7,16,23,7,16,23,7 -> output: 286
input: 406 -> message: 14,30,25,23,16,23,25,23,23,7,23,16,23,7,23,7,23,7,23,16,23,7,23,7,23,16,23,7,23,7 -> output: 78
input: 407 -> message: 14,30,16,23,16,23,7,16,23,16,23,7,16,23,16,23,16,23,7,16,23,16,23,16,23,16,23,7,16,23 -> output: 254
input: 408 -> message: 33,33,25,25,23,25,23,25,23,25,23,25,23,25,23,25,23,25,23,25,23,25,23,25,23,25,23,25,23,25 -> output: 424
input: 409 -> message: 14,30,16,16,23,16,23,7,16,23,16,23,16,23,16,23,16,23,16,23,16,23,16,23,16,23,16,23,16,23 -> output: 230
input: 410 -> message: 31,30,7,16,7,16,23,7,16,23,7,16,23,16,23,7,16,23,16,23,7,16,23,16,23,7,16,23,16,23 -> output: 386
input: 411 -> message: 31,30,30,16,16,16,16,16,22,16,16,22,16,22,16,22,16,22,16,22,16,22,16,22,16,22,16,22,16,22 -> output: 666
input: 412 -> message: 14,25,25,25,33,25,23,25,33,23,25,33,23,25,23,25,23,25,23,25,23,25,23,25,23,25,23,25,23,25 -> output: 412
input: 413 -> message: 33,23,7,23,7,23,16,23,25,23,7,23,16,23,7,23,7,23,7,23,16,23,7,23,7,23,7,23,16,23 -> output: 290
input: 414 -> message: 31,14,30,30,16,16,16,16,16,16,22,16,22,16,22,16,22,16,22,16,22,16,22,16,22,16,22,16,22,16 -> output: 244
input: 415 -> message: 14,25,25,33,33,25,23,25,23,25,23,25,23,25,23,25,23,25,23,25,23,25,23,25,23,25,23,25,23,25 -> output: 415
input: 416 -> message: 14,25,25,25,33,25,23,25,33,23,25,23,25,23,25,23,25,23,25,23,25,23,25,23,25,23,25,23,25,23 -> output: 412
input: 417 -> message: 31,30,30,7,33,7,23,7,23,16,23,7,23,7,16,23,7,23,7,16,23,7,23,7,16,23,7,23,7,16 -> output: 132
input: 418 -> message: 31,31,30,25,23,25,7,33,23,7,33,23,25,23,7,23,25,23,7,23,25,23,7,23,25,23,7,23,25,23 -> output: 988
input: 419 -> message: 31,30,7,23,7,23,7,23,7,23,16,23,7,23,7,23,16,23,7,23,7,23,16,23,7,23,7,23,16,23 -> output: 675
input: 420 -> message: 33,30,16,23,7,23,16,23,7,23,16,7,23,16,23,7,23,16,23,7,16,23,7,16,23,7,16,23,7,16 -> output: 103
input: 421 -> message: 31,33,30,25,33,23,25,23,7,33,23,25,23,7,23,25,23,7,23,25,23,7,23,7,33,23,7,23,25,23 -> output: 58
input: 422 -> message: 33,33,25,33,23,25,23,25,23,25,23,25,23,25,23,25,23,25,23,25,23,25,23,25,23,25,23,25,23,25 -> output: 441
input: 423 -> message: 14,30,16,16,16,16,22,16,22,16,22,16,22,16,22,16,22,16,22,16,22,16,22,16,22,16,22,16,22,16 -> output: 46
input: 424 -> message: 33,33,25,25,23,25,33,23,25,23,25,23,25,23,25,23,25,23,25,23,25,23,25,23,25,23,25,23,25,23 -> output: 408
input: 425 -> message: 31,33,25,25,33,25,23,25,23,25,23,25,23,25,23,25,23,25,23,25,23,25,23,25,23,25,23,25,23,25 -> output: 145
input: 426 -> message: 31,14,30,25,25,25,33,33,25,23,25,33,23,25,23,25,23,25,23,25,23,25,23,25,23,25,23,25,23,25 -> output: 426
input: 427 -> message: 25,23,7,16,23,7,23,7,16,23,7,23,16,23,7,23,7,16,23,7,23,16,23,7,23,16,23,7,23,16 -> output: 23
input: 428 -> message: 33,30,25,23,33,23,25,23,17,33,23,25,23,25,23,17,25,23,25,23,25,23,17,25,23,25,23,25,23,17 -> output: 191
input: 429 -> message: 33,30,25,23,7,23,7,23,23,7,23,7,16,23,7,23,7,23,7,16,23,7,23,7,23,7,16,23,7,23 -> output: 42
input: 430 -> message: 31,33,30,25,25,33,33,23,25,33,23,25,23,25,23,25,23,25,23,25,23,25,23,25,23,25,23,25,23,25 -> output: 117
input: 431 -> message: 31,30,25,33,23,25,23,25,23,25,23,25,23,25,23,25,23,25,23,25,23,25,23,25,23,25,23,25,23,25 -> output: 185
input: 432 -> message: 31,30,30,25,25,23,25,23,25,23,25,23,25,23,25,23,25,23,25,23,25,23,25,23,25,23,25,23,25,23 -> output: 131
input: 433 -> message: 33,25,23,7,23,7,23,7,23,16,23,7,23,7,23,7,23,7,23,16,23,7,23,7,23,7,23,16,23,7 -> output: 83
input: 434 -> message: 31,33,30,30,16,16,16,16,22,16,7,16,16,22,16,23,16,23,16,16,23,16,16,23,16,16,23,16,16,23 -> output: 511
input: 435 -> message: 31,30,16,25,16,23,7,23,16,23,7,23,7,23,16,23,7,23,7,16,23,7,23,7,16,23,7,23,16,23 -> output: 228
input: 436 -> message: 31,14,30,25,23,7,33,23,25,23,7,23,25,23,7,23,7,23,25,23,7,23,7,23,25,23,7,23,7,23 -> output: 619
input: 437 -> message: 31,30,16,25,16,23,7,23,16,23,7,23,16,23,7,16,23,7,16,23,7,16,23,7,16,23,7,16,23,7 -> output: 228
input: 438 -> message: 31,30,16,16,22,16,23,16,23,16,23,16,23,16,23,16,23,16,23,16,23,16,23,16,23,16,23,16,23,16 -> output: 119
input: 439 -> message: 33,23,25,23,7,16,23,7,23,16,23,7,23,7,23,7,16,23,7,23,7,16,23,7,23,7,16,23,7,23 -> output: 153
input: 440 -> message: 33,30,25,23,7,33,23,23,25,23,23,25,23,7,23,25,23,23,25,23,23,25,23,23,25,23,23,25,23,23 -> output: 42
input: 441 -> message: 33,33,33,25,33,33,33,33,33,33,23,25,23,25,23,25,23,25,23,25,23,25,23,25,23,25,23,25,23,25 -> output: 441
input: 442 -> message: 25,23,25,23,23,25,23,23,25,23,23,25,23,23,25,23,23,25,23,23,25,23,23,25,23,23,25,23,23,25 -> output: 116
input: 443 -> message: 31,33,30,25,25,33,33,23,25,33,23,25,23,25,23,25,23,25,23,25,23,25,23,25,23,25,23,25,23,25 -> output: 117
input: 444 -> message: 33,30,16,23,7,16,23,7,16,23,16,23,7,16,23,16,23,7,23,16,23,7,16,23,7,16,23,7,16,23 -> output: 284
input: 445 -> message: 31,14,14,14,30,25,33,33,25,33,33,33,33,33,23,25,23,25,23,25,23,7,33,23,25,23,7,33,23,25 -> output: 445
input: 446 -> message: 33,30,25,25,23,25,23,25,23,25,23,25,23,25,23,25,23,25,23,25,23,25,23,25,23,25,23,25,23,25 -> output: 207
input: 447 -> message: 31,14,30,30,7,33,7,23,7,23,7,23,7,23,7,23,7,23,7,23,7,16,23,7,23,7,16,23,7,23 -> output: 312
input: 448 -> message: 31,30,25,23,7,16,23,7,23,16,23,7,23,16,23,7,23,7,16,23,7,23,16,23,7,23,7,16,23,7 -> output: 675
input: 449 -> message: 33,30,23,7,16,23,7,23,7,16,23,7,23,16,23,7,23,7,16,23,7,16,23,7,16,23,7,16,23,7 -> output: 103
input: 450 -> message: 33,25,25,33,23,25,23,25,23,25,23,25,23,25,23,25,23,25,23,25,23,25,23,25,23,25,23,25,23,25 -> output: 450
input: 451 -> message: 31,30,25,16,23,7,23,16,23,7,23,7,16,23,7,23,16,23,7,23,7,16,23,7,16,23,7,23,16,23 -> output: 228
input: 452 -> message: 14,30,30,16,16,16,16,7,16,16,16,22,16,23,16,16,23,16,16,23,16,16,23,16,16,23,16,16,23,16 -> output: 124
input: 453 -> message: 23,7,16,23,7,23,16,23,7,23,16,23,7,23,7,16,23,7,16,23,7,16,23,7,16,23,7,16,23,7 -> output: 453
input: 454 -> message: 25,23,7,23,7,23,23,7,23,7,16,23,7,23,7,23,7,16,23,7,23,7,23,16,23,7,23,7,23,16 -> output: 23
input: 455 -> message: 31,31,33,33,25,25,33,33,25,33,33,33,33,25,23,25,23,25,23,25,23,25,23,25,23,25,23,25,23,25 -> output: 455
input: 456 -> message: 31,33,30,25,33,25,23,25,23,25,23,25,23,25,23,25,23,25,23,25,23,25,23,25,23,25,23,25,23,25 -> output: 117
input: 457 -> message: 33,33,23,25,23,7,16,23,7,23,16,23,7,23,7,16,23,7,23,7,16,23,7,23,7,16,23,7,23,16 -> output: 189
input: 458 -> message: 33,25,23,7,23,23,25,23,23,7,23,23,7,23,23,7,23,23,7,23,23,7,23,23,7,23,23,7,23,23 -> output: 83
input: 459 -> message: 33,30,23,25,16,23,7,23,16,23,7,23,16,23,7,23,16,23,7,16,23,7,16,23,7,16,23,7,16,23 -> output: 103
input: 460 -> message: 14,30,16,16,16,16,16,7,16,16,16,22,16,22,16,22,16,22,16,22,16,22,16,22,16,22,16,22,16,22 -> output: 46
input: 461 -> message: 14,30,30,16,16,16,16,16,16,16,16,16,16,22,16,16,22,16,22,16,22,16,22,16,22,16,22,16,22,16 -> output: 46
input: 462 -> message: 33,30,30,25,23,25,23,17,33,33,33,23,25,23,25,23,25,23,25,23,25,23,25,23,25,23,25,23,25,23 -> output: 191
input: 463 -> message: 14,30,25,25,33,25,23,25,33,23,25,23,25,23,25,23,25,23,25,23,25,23,25,23,25,23,25,23,25,23 -> output: 345
input: 464 -> message: 14,30,16,23,7,23,16,23,7,23,16,23,7,23,7,16,23,7,16,23,7,16,23,7,16,23,7,16,23,7 -> output: 78
input: 465 -> message: 31,30,25,23,7,23,7,33,23,23,25,23,7,23,25,23,7,23,25,23,7,23,25,23,7,23,25,23,7,23 -> output: 155
input: 466 -> message: 14,30,25,25,23,25,23,25,23,17,25,23,25,23,25,23,25,23,25,23,25,23,25,23,25,23,25,23,25,23 -> output: 466
input: 467 -> message: 30,30,16,16,22,16,23,16,23,16,23,16,23,16,23,16,23,16,23,16,23,16,23,16,23,16,23,16,23,16 -> output: 102
input: 468 -> message: 31,30,25,33,33,25,23,25,23,25,23,25,23,25,23,25,23,25,23,25,23,25,23,25,23,25,23,25,23,25 -> output: 263
input: 469 -> message: 14,30,16,16,16,16,16,22,16,22,16,22,16,22,16,22,16,22,16,22,16,22,16,22,16,22,16,22,16,22 -> output: 46
input: 470 -> message: 31,30,25,23,7,16,23,7,23,7,16,23,7,23,16,23,7,23,7,16,23,7,23,7,16,23,7,23,7,16 -> output: 675
input: 471 -> message: 33,30,25,25,33,23,25,23,25,23,25,23,25,23,25,23,25,23,25,23,25,23,25,23,25,23,25,23,25,23 -> output: 700
input: 472 -> message: 14,30,16,16,16,16,7,16,16,23,16,23,16,16,23,16,16,23,16,16,23,16,23,16,16,23,16,16,23,16 -> output: 262
input: 473 -> message: 14,30,25,23,25,23,17,33,25,23,17,25,23,25,23,17,25,23,25,23,17,25,23,25,23,17,25,23,25,23 -> output: 488
input: 474 -> message: 33,30,25,25,23,25,23,25,23,25,23,25,23,25,23,25,23,25,23,25,23,25,23,25,23,25,23,25,23,25 -> output: 207
input: 475 -> message: 31,30,30,25,33,33,25,23,25,23,25,23,25,23,25,23,25,23,25,23,25,23,25,23,25,23,25,23,25,23 -> output: 131
input: 476 -> message: 33,33,25,25,33,25,23,25,23,25,23,25,23,25,23,25,23,25,23,25,23,25,23,25,23,25,23,25,23,25 -> output: 267
input: 477 -> message: 33,23,7,23,16,23,7,23,7,23,7,23,16,23,7,23,7,23,16,23,7,23,7,23,16,23,7,23,7,23 -> output: 123
input: 478 -> message: 33,25,23,7,16,23,7,23,16,23,7,23,7,23,16,23,7,23,7,23,16,23,7,23,7,23,16,23,7,23 -> output: 153
input: 479 -> message: 31,31,33,33,25,25,33,33,25,33,33,33,33,25,23,25,23,25,23,25,23,25,23,25,23,25,23,25,23,25 -> output: 455
input: 480 -> message: 25,25,23,25,23,25,23,25,23,25,23,25,23,25,23,25,23,25,23,25,23,25,23,25,23,25,23,25,23,25 -> output: 84
input: 481 -> message: 33,30,30,16,16,16,23,16,23,16,23,16,23,16,23,16,23,16,23,16,23,16,23,16,23,16,23,16,23,16 -> output: 974
input: 482 -> message: 33,30,16,23,7,16,23,7,16,23,16,23,7,16,23,16,23,7,16,23,7,16,23,16,23,7,23,16,23,7 -> output: 284
input: 483 -> message: 33,25,23,7,23,16,23,7,23,7,23,16,23,7,23,7,23,16,23,7,23,7,23,16,23,7,23,7,23,16 -> output: 153
input: 484 -> message: 14,16,16,16,16,7,16,16,16,7,16,16,16,7,16,16,16,7,16,16,7,16,16,16,7,16,16,7,16,16 -> output: 308
input: 485 -> message: 30,23,7,23,16,23,7,23,7,16,23,7,23,16,23,7,23,16,23,7,23,16,23,7,23,16,23,7,23,16 -> output: 93
input: 486 -> message: 31,30,25,33,33,25,23,25,23,25,23,25,23,25,23,25,23,25,23,25,23,25,23,25,23,25,23,25,23,25 -> output: 263
input: 487 -> message: 33,30,16,16,16,23,16,23,16,23,16,23,16,23,16,23,16,23,16,23,16,23,16,23,16,23,16,23,16,23 -> output: 85
input: 488 -> message: 14,30,25,33,23,25,23,25,23,25,23,25,23,25,23,25,23,25,23,25,23,25,23,25,23,25,23,25,23,25 -> output: 466
input: 489 -> message: 14,30,30,16,16,7,16,23,16,23,16,23,16,23,16,23,16,23,16,23,16,23,16,23,16,23,16,23,16,23 -> output: 908
input: 490 -> message: 31,31,33,25,25,33,33,33,33,33,33,23,25,23,25,23,25,23,25,23,25,23,25,23,25,23,25,23,25,23 -> output: 79
input: 491 -> message: 31,30,16,16,16,22,16,23,16,23,16,23,16,23,16,23,16,23,16,23,16,23,16,23,16,23,16,23,16,23 -> output: 119
input: 492 -> message: 14,30,25,23,25,23,23,25,23,23,25,23,23,25,23,23,25,23,23,25,23,23,25,23,23,25,23,23,25,23 -> output: 488
input: 493 -> message: 31,30,25,33,33,23,25,23,25,23,25,23,25,23,25,23,25,23,25,23,25,23,25,23,25,23,25,23,25,23 -> output: 342
input: 494 -> message: 14,25,23,7,23,23,25,23,7,23,23,25,23,23,7,23,23,25,23,23,7,23,23,25,23,23,7,23,23,25 -> output: 559
input: 495 -> message: 33,23,7,23,16,23,7,23,7,23,16,23,7,23,7,23,16,23,7,23,7,23,16,23,7,23,7,23,16,23 -> output: 123
input: 496 -> message: 31,31,30,30,25,23,7,16,7,16,7,23,7,16,23,7,16,23,7,16,23,16,7,23,16,23,7,16,23,7 -> output: 496
input: 497 -> message: 31,33,25,25,33,33,33,33,25,23,25,23,25,23,25,23,25,23,25,23,25,23,25,23,25,23,25,23,25,23 -> output: 145
input: 498 -> message: 14,30,16,23,7,16,23,16,23,7,16,23,16,23,16,23,7,16,23,16,23,16,23,7,16,23,16,23,16,23 -> output: 498
input: 499 -> message: 31,14,30,30,16,7,16,7,16,23,7,16,23,16,23,7,16,23,16,23,7,16,23,16,23,16,23,7,16,23 -> output: 499
input: 500 -> message: 14,25,33,33,23,25,23,25,23,25,23,25,23,25,23,25,23,25,23,25,23,25,23,25,23,25,23,25,23,25 -> output: 632
input: 501 -> message: 30,25,23,7,16,23,7,23,16,23,7,23,7,23,16,23,7,23,7,23,16,23,7,23,7,16,23,7,23,16 -> output: 77
input: 502 -> message: 30,16,23,16,23,16,23,7,16,23,16,23,16,23,16,23,7,16,23,16,23,16,23,7,23,16,23,7,16,23 -> output: 10
input: 503 -> message: 31,31,30,25,23,25,23,7,33,23,25,23,7,23,25,23,7,23,7,23,25,23,7,23,7,23,25,23,7,23 -> output: 988
input: 504 -> message: 31,14,30,16,16,16,16,16,22,16,23,16,16,23,16,16,23,16,16,23,16,16,16,23,16,16,16,23,16,16 -> output: 504
input: 505 -> message: 31,33,33,25,23,25,23,7,33,23,25,23,7,23,25,23,7,23,25,23,7,23,7,23,25,23,7,23,25,23 -> output: 505
input: 506 -> message: 31,33,30,30,16,7,16,7,23,7,16,23,7,16,23,7,16,23,7,16,23,7,16,23,7,16,23,7,16,23 -> output: 157
input: 507 -> message: 14,25,23,7,23,16,23,7,23,7,23,7,23,16,23,7,23,7,23,23,7,23,23,7,23,23,7,23,23,7 -> output: 252
input: 508 -> message: 33,33,25,25,23,25,23,25,23,25,23,25,23,25,23,25,23,25,23,25,23,25,23,25,23,25,23,25,23,25 -> output: 424
input: 509 -> message: 31,30,25,23,7,33,23,25,23,7,23,25,23,7,23,25,23,7,23,25,23,7,23,25,23,7,23,25,23,7 -> output: 155
input: 510 -> message: 31,31,33,25,33,33,25,33,23,25,23,25,23,25,23,25,23,25,23,25,23,25,23,25,23,25,23,25,23,25 -> output: 79
input: 511 -> message: 31,33,30,30,16,16,16,16,22,16,7,16,16,22,16,22,16,22,16,22,16,22,16,22,16,22,16,22,16,22 -> output: 108
input: 512 -> message: 31,33,30,30,7,16,7,33,7,23,16,23,7,23,16,7,23,16,23,7,16,23,7,16,7,16,23,7,23,16 -> output: 157
input: 513 -> message: 31,33,30,30,25,33,7,33,33,23,25,23,25,23,7,33,23,25,23,7,33,23,25,23,7,33,23,25,23,7 -> output: 28
input: 514 -> message: 33,30,30,25,25,33,33,33,33,23,25,23,25,23,25,23,25,23,25,23,25,23,25,23,25,23,25,23,25,23 -> output: 361
input: 515 -> message: 14,14,30,30,16,16,7,16,23,16,23,7,16,23,16,23,7,16,23,16,23,16,23,7,16,23,16,23,16,23 -> output: 148
input: 516 -> message: 33,30,23,25,23,7,16,23,7,16,23,7,23,16,23,7,23,7,16,23,7,23,7,16,23,7,16,23,7,23 -> output: 91
input: 517 -> message: 14,25,23,7,23,23,25,23,23,7,23,17,25,23,23,25,23,23,7,23,23,25,23,23,7,23,23,25,23,23 -> output: 559
input: 518 -> message: 31,33,30,7,33,23,7,23,7,23,7,23,7,23,16,23,7,23,7,23,7,16,23,7,23,7,23,7,16,23 -> output: 188
input: 519 -> message: 31,30,25,23,7,16,23,7,23,23,7,23,7,23,16,23,7,23,7,23,7,23,7,23,16,23,7,23,7,23 -> output: 675
input: 520 -> message: 25,25,23,25,23,25,23,25,23,25,23,25,23,25,23,25,23,25,23,25,23,25,23,25,23,25,23,25,23,25 -> output: 84
input: 521 -> message: 25,23,7,23,25,23,7,23,7,23,7,23,7,23,7,23,7,23,7,23,7,23,7,23,7,23,7,23,7,23 -> output: 41
input: 522 -> message: 33,30,30,25,25,33,25,23,25,33,23,25,23,25,23,25,23,25,23,25,23,25,23,25,23,25,23,25,23,25 -> output: 100
input: 523 -> message: 33,30,30,16,16,16,7,16,16,23,16,23,16,23,16,23,16,16,23,16,23,16,23,16,23,16,23,16,23,16 -> output: 974
input: 524 -> message: 33,30,33,25,23,25,23,17,25,23,25,23,17,33,25,23,25,23,25,23,25,23,25,23,25,23,25,23,25,23 -> output: 191
input: 525 -> message: 33,30,30,25,25,33,25,23,25,23,25,23,25,23,25,23,25,23,25,23,25,23,25,23,25,23,25,23,25,23 -> output: 522
input: 526 -> message: 31,33,25,33,33,25,23,25,23,25,23,25,23,25,23,25,23,25,23,25,23,25,23,25,23,25,23,25,23,25 -> output: 236
input: 527 -> message: 31,30,16,16,16,22,16,23,16,23,16,23,16,23,16,23,16,16,23,16,23,16,23,16,23,16,23,16,23,16 -> output: 119
input: 528 -> message: 33,30,16,23,7,23,16,23,7,23,16,23,7,23,16,23,7,16,23,7,16,23,7,16,23,7,16,23,7,16 -> output: 103
input: 529 -> message: 33,30,23,7,16,23,7,23,7,16,23,7,23,16,23,7,23,7,16,23,7,16,23,7,16,23,7,16,23,7 -> output: 103
input: 530 -> message: 31,30,25,25,33,33,23,25,23,25,23,25,23,25,23,25,23,25,23,25,23,25,23,25,23,25,23,25,23,25 -> output: 60
input: 531 -> message: 33,30,25,23,25,23,25,23,17,25,23,25,23,17,25,23,25,23,17,25,23,25,23,17,25,23,25,23,25,23 -> output: 92
input: 532 -> message: 33,30,16,7,16,23,7,16,23,16,23,7,16,23,16,23,7,16,23,16,23,7,16,23,16,23,7,16,23,16 -> output: 660
input: 533 -> message: 33,25,23,25,23,17,25,23,25,23,17,33,23,25,23,25,23,25,23,25,23,17,25,23,25,23,25,23,17,25 -> output: 170
input: 534 -> message: 33,25,25,23,25,23,25,23,25,23,25,23,25,23,25,23,25,23,25,23,25,23,25,23,25,23,25,23,25,23 -> output: 147
input: 535 -> message: 33,30,25,33,33,25,23,25,23,25,23,25,23,25,23,25,23,25,23,25,23,25,23,25,23,25,23,25,23,25 -> output: 207
input: 536 -> message: 14,30,16,16,16,16,22,16,22,16,22,16,22,16,22,16,22,16,22,16,22,16,22,16,22,16,22,16,22,16 -> output: 46
input: 537 -> message: 30,25,23,7,16,23,7,23,23,7,23,16,23,7,23,7,23,16,23,7,23,7,23,16,23,7,23,7,23,16 -> output: 77
input: 538 -> message: 30,16,23,7,16,23,7,16,23,16,23,7,23,16,23,7,16,23,7,16,23,7,16,23,7,16,23,7,16,23 -> output: 682
input: 539 -> message: 31,30,25,33,33,25,23,25,23,25,23,25,23,25,23,25,23,25,23,25,23,25,23,25,23,25,23,25,23,25 -> output: 263
input: 540 -> message: 33,33,33,25,25,25,33,33,25,23,25,33,23,25,23,25,23,25,23,25,23,25,23,25,23,25,23,25,23,25 -> output: 240
input: 541 -> message: 31,31,31,31,30,30,25,33,33,33,33,33,33,33,33,23,25,23,7,33,23,25,23,7,33,23,25,23,7,33 -> output: 121
input: 542 -> message: 14,30,16,7,16,23,7,16,23,16,23,7,16,23,16,23,7,16,23,16,23,7,23,16,23,7,16,23,16,23 -> output: 498
input: 543 -> message: 31,31,33,25,33,33,25,23,25,23,25,23,25,23,25,23,25,23,25,23,25,23,25,23,25,23,25,23,25,23 -> output: 79
input: 544 -> message: 14,30,30,16,16,16,16,16,16,16,16,16,16,22,16,16,22,16,22,16,22,16,22,16,22,16,22,16,22,16 -> output: 46
input: 545 -> message: 31,30,25,25,33,33,23,25,23,25,23,25,23,25,23,25,23,25,23,25,23,25,23,25,23,25,23,25,23,25 -> output: 60
input: 546 -> message: 14,25,25,25,25,33,25,23,25,33,23,25,33,23,25,23,25,23,25,23,25,23,25,23,25,23,25,23,25,23 -> output: 412
input: 547 -> message: 33,25,25,33,23,25,23,25,23,25,23,25,23,25,23,25,23,25,23,25,23,25,23,25,23,25,23,25,23,25 -> output: 450
input: 548 -> message: 31,33,33,25,33,33,33,33,33,23,25,23,25,23,25,23,25,23,25,23,25,23,25,23,25,23,25,23,25,23 -> output: 353
input: 549 -> message: 33,30,16,7,23,16,23,7,16,23,7,16,23,7,16,23,16,23,7,16,23,16,23,7,16,23,7,16,23,7 -> output: 103
input: 550 -> message: 31,31,31,31,31,30,25,23,7,33,16,25,23,7,23,7,23,7,23,7,23,7,23,16,23,7,23,7,23,7 -> output: 550
input: 551 -> message: 30,25,23,23,7,23,16,23,7,23,7,23,16,23,7,23,7,23,16,23,7,23,7,23,16,23,7,23,7,23 -> output: 77
input: 552 -> message: 33,30,30,16,16,16,16,7,16,16,23,16,23,16,16,23,16,16,23,16,16,23,16,16,23,16,16,23,16,16 -> output: 355
input: 553 -> message: 25,25,33,23,25,23,25,23,25,23,25,23,25,23,25,23,25,23,25,23,25,23,25,23,25,23,25,23,25,23 -> output: 84
input: 554 -> message: 31,31,33,25,25,33,33,33,33,33,33,23,25,23,25,23,25,23,25,23,25,23,25,23,25,23,25,23,25,23 -> output: 79
input: 555 -> message: 33,33,25,33,25,23,25,23,25,23,25,23,25,23,25,23,25,23,25,23,25,23,25,23,25,23,25,23,25,23 -> output: 408
input: 556 -> message: 33,33,25,25,23,25,23,25,23,25,23,25,23,25,23,25,23,25,23,25,23,25,23,25,23,25,23,25,23,25 -> output: 424
input: 557 -> message: 31,31,30,30,25,25,33,33,23,25,23,25,23,25,23,25,23,25,23,25,23,25,23,25,23,25,23,25,23,25 -> output: 111
input: 558 -> message: 33,16,23,7,16,23,16,23,16,23,7,16,23,16,23,16,23,7,16,23,16,23,16,23,7,16,23,16,23,16 -> output: 273
input: 559 -> message: 14,25,23,7,23,7,23,7,23,25,23,7,23,23,7,23,7,23,23,25,23,23,7,23,23,7,23,7,23,23 -> output: 559
input: 560 -> message: 14,25,23,7,23,7,23,7,23,16,23,7,23,7,23,23,7,23,7,23,23,7,23,23,7,23,23,7,23,23 -> output: 252
input: 561 -> message: 33,30,16,16,23,16,23,16,23,16,23,16,23,16,23,16,23,16,23,16,23,16,23,16,23,16,23,16,23,16 -> output: 85
input: 562 -> message: 33,30,30,16,16,16,16,16,7,16,16,7,16,16,7,16,16,23,16,16,23,16,16,23,16,16,23,16,16,16 -> output: 355
input: 563 -> message: 33,30,25,23,7,16,23,7,23,16,23,7,23,7,16,23,7,16,23,7,23,16,23,7,23,7,16,23,7,16 -> output: 91
input: 564 -> message: 31,30,16,16,7,23,16,23,16,23,16,23,16,23,16,23,7,16,23,16,23,16,23,16,23,16,23,16,23,16 -> output: 119
input: 565 -> message: 31,30,25,33,33,25,23,25,23,25,23,25,23,25,23,25,23,25,23,25,23,25,23,25,23,25,23,25,23,25 -> output: 263
input: 566 -> message: 33,30,16,23,7,23,7,16,23,7,16,23,7,16,23,16,23,7,23,16,23,7,16,23,7,16,23,7,16,23 -> output: 284
input: 567 -> message: 33,30,30,25,33,33,23,25,23,25,23,25,23,25,23,25,23,25,23,25,23,25,23,25,23,25,23,25,23,25 -> output: 191
input: 568 -> message: 33,30,23,7,16,23,25,23,7,16,23,7,16,23,7,16,23,7,16,23,7,23,16,23,7,23,16,23,7,16 -> output: 103
input: 569 -> message: 14,30,30,16,16,16,16,16,16,7,16,16,16,22,16,16,22,16,22,16,22,16,22,16,22,16,22,16,22,16 -> output: 124
input: 570 -> message: 14,30,25,25,33,33,25,23,25,23,25,23,25,23,25,23,25,23,25,23,25,23,25,23,25,23,25,23,25,23 -> output: 345
input: 571 -> message: 14,30,30,25,23,23,25,23,7,23,23,7,23,23,7,23,23,23,25,23,23,23,7,23,23,7,23,23,23,25 -> output: 994
input: 572 -> message: 33,25,25,23,25,23,25,23,25,23,25,23,25,23,25,23,25,23,25,23,25,23,25,23,25,23,25,23,25,23 -> output: 147
input: 573 -> message: 31,33,30,30,7,33,7,23,7,23,7,23,7,23,7,23,7,16,23,7,23,7,23,16,23,7,23,7,23,16 -> output: 193
input: 574 -> message: 31,33,30,25,25,33,23,25,23,25,23,25,23,25,23,25,23,25,23,25,23,25,23,25,23,25,23,25,23,25 -> output: 117
input: 575 -> message: 33,25,23,7,23,7,23,7,16,23,7,23,7,23,7,16,23,7,23,7,23,16,23,7,23,7,23,16,23,7 -> output: 83
input: 576 -> message: 14,30,25,23,7,16,23,23,7,23,16,23,7,23,7,16,23,7,23,16,23,7,23,7,16,23,7,23,16,23 -> output: 78
input: 577 -> message: 33,30,25,25,23,25,23,25,23,25,23,25,23,25,23,25,23,25,23,25,23,25,23,25,23,25,23,25,23,25 -> output: 207
input: 578 -> message: 33,30,16,23,16,23,7,16,23,16,23,16,23,7,16,23,16,23,16,23,7,16,23,16,23,16,23,16,23,7 -> output: 72
input: 579 -> message: 33,25,25,25,33,33,33,33,33,23,25,33,23,25,23,25,23,25,23,25,23,25,23,25,23,25,23,25,23,25 -> output: 139
input: 580 -> message: 33,30,30,7,33,23,7,23,7,23,7,23,7,23,7,23,16,23,7,23,7,23,7,23,7,16,23,7,23,7 -> output: 652
input: 581 -> message: 31,31,31,14,30,30,25,23,7,16,14,7,23,7,16,23,7,23,7,16,23,7,16,23,7,16,23,7,16,23 -> output: 13
input: 582 -> message: 33,25,23,7,23,16,23,7,23,7,23,7,23,16,23,7,23,7,23,7,23,16,23,7,23,7,23,16,23,7 -> output: 153
input: 583 -> message: 25,23,7,23,16,23,7,23,7,23,16,23,7,23,7,23,16,23,7,23,7,23,16,23,7,23,7,23,16,23 -> output: 23
input: 584 -> message: 31,30,16,16,16,22,16,23,16,23,16,23,16,23,16,23,16,16,23,16,23,16,16,23,16,23,16,16,23,16 -> output: 119
input: 585 -> message: 31,33,30,7,23,7,16,7,23,7,23,7,16,23,7,16,23,7,16,23,7,16,23,7,16,23,7,16,23,7 -> output: 188
input: 586 -> message: 33,25,23,7,23,16,23,7,23,7,23,16,23,7,23,7,23,16,23,7,23,7,23,16,23,7,23,7,23,16 -> output: 153
input: 587 -> message: 14,30,25,25,23,25,23,25,23,25,23,25,23,25,23,25,23,25,23,25,23,25,23,25,23,25,23,25,23,25 -> output: 466
input: 588 -> message: 33,30,16,16,23,7,16,23,16,23,16,23,16,23,16,23,16,23,16,23,7,16,23,16,23,16,23,16,23,16 -> output: 85
input: 589 -> message: 33,30,25,23,7,16,23,23,25,23,23,7,23,23,7,23,23,7,23,16,23,7,23,7,23,23,7,23,23,7 -> output: 295
input: 590 -> message: 30,16,23,16,23,16,23,16,23,16,23,7,16,23,16,23,16,23,16,23,7,16,23,16,23,16,23,7,16,23 -> output: 10
input: 591 -> message: 31,30,25,33,23,25,23,25,23,17,25,23,25,23,17,25,23,25,23,25,23,17,25,23,25,23,25,23,17,25 -> output: 185
input: 592 -> message: 14,14,16,26,26,26,26,26,26,26,26,26,26,26,26,26,26,26,26,26,26,26,26,26,26,26,26,26,26,26 -> output: 592
input: 593 -> message: 33,33,25,25,33,25,23,25,33,23,25,23,25,23,25,23,25,23,25,23,25,23,25,23,25,23,25,23,25,23 -> output: 267
input: 594 -> message: 14,30,30,16,16,16,22,16,23,16,23,16,23,16,23,16,23,16,23,16,23,16,23,16,23,16,23,16,23,16 -> output: 124
input: 595 -> message: 14,25,25,33,25,23,25,23,25,23,25,23,25,23,25,23,25,23,25,23,25,23,25,23,25,23,25,23,25,23 -> output: 415
input: 596 -> message: 33,30,23,7,16,23,7,23,16,23,7,23,7,16,23,7,16,23,7,16,23,7,16,23,7,16,23,7,16,23 -> output: 103
input: 597 -> message: 31,33,30,25,25,33,33,25,23,25,33,23,25,23,25,23,25,23,25,23,25,23,25,23,25,23,25,23,25,23 -> output: 302
input: 598 -> message: 33,25,23,7,23,7,23,23,25,23,23,7,23,23,7,23,23,25,23,23,7,23,23,7,23,23,7,23,7,23 -> output: 83
input: 599 -> message: 31,14,30,30,25,33,33,23,25,23,25,23,25,23,25,23,25,23,25,23,25,23,25,23,25,23,25,23,25,23 -> output: 599
input: 600 -> message: 31,30,16,23,7,16,23,7,23,16,23,7,23,16,23,7,23,7,16,23,7,16,23,7,23,16,23,7,23,16 -> output: 228
input: 601 -> message: 33,25,23,7,23,7,23,7,23,7,23,7,23,23,7,23,7,23,7,23,16,23,25,23,7,23,23,7,23,7 -> output: 83
input: 602 -> message: 31,30,16,16,23,16,23,16,23,7,16,23,16,23,16,23,16,23,16,23,16,23,16,23,16,23,16,23,16,23 -> output: 161
input: 603 -> message: 31,30,30,25,33,33,25,23,25,23,25,23,25,23,25,23,25,23,25,23,25,23,25,23,25,23,25,23,25,23 -> output: 131
input: 604 -> message: 25,23,25,23,7,23,23,25,23,7,23,23,25,23,23,7,23,7,23,7,23,25,23,23,7,23,7,23,25,23 -> output: 116
input: 605 -> message: 31,30,16,16,16,22,16,23,16,23,16,16,23,16,16,23,16,16,23,16,16,23,16,16,23,16,16,23,16,16 -> output: 21
input: 606 -> message: 31,33,33,25,33,33,33,25,23,25,23,25,23,25,23,25,23,25,23,25,23,25,23,25,23,25,23,25,23,25 -> output: 140
input: 607 -> message: 14,30,23,7,23,7,16,23,7,23,16,23,7,23,7,23,16,23,7,23,7,23,16,23,7,23,7,23,16,23 -> output: 78
input: 608 -> message: 33,30,25,23,7,16,23,7,16,23,7,23,16,23,7,23,16,23,7,23,16,23,7,23,16,23,7,23,16,23 -> output: 91
input: 609 -> message: 33,25,33,23,25,23,25,23,25,23,25,23,25,23,25,23,25,23,25,23,25,23,25,23,25,23,25,23,25,23 -> output: 225
input: 610 -> message: 33,30,16,16,7,16,16,23,16,23,16,16,23,16,23,16,16,23,16,16,23,16,23,16,16,23,16,16,23,16 -> output: 610
input: 611 -> message: 14,25,23,25,23,7,23,17,25,23,23,25,23,23,25,23,23,25,23,23,25,23,23,25,23,23,25,23,23,25 -> output: 632
input: 612 -> message: 31,30,30,25,23,7,33,23,7,23,25,23,7,23,7,23,25,23,7,23,7,23,25,23,7,23,7,23,25,23 -> output: 16
input: 613 -> message: 31,33,30,25,33,25,23,25,23,25,23,25,23,25,23,25,23,25,23,25,23,25,23,25,23,25,23,25,23,25 -> output: 117
input: 614 -> message: 31,31,31,31,30,30,25,33,33,33,33,33,33,33,23,25,23,7,33,23,25,23,7,33,23,25,23,7,33,23 -> output: 121
input: 615 -> message: 33,33,25,33,25,23,25,23,25,23,25,23,25,23,25,23,25,23,25,23,25,23,25,23,25,23,25,23,25,23 -> output: 408
input: 616 -> message: 31,33,30,30,25,33,33,33,25,23,25,23,25,23,25,23,25,23,25,23,25,23,25,23,25,23,25,23,25,23 -> output: 40
input: 617 -> message: 33,25,23,7,23,16,23,7,23,7,23,7,16,23,7,23,7,23,16,23,7,23,7,23,16,23,7,23,7,16 -> output: 189
input: 618 -> message: 31,30,7,33,23,25,23,7,23,7,23,7,23,7,23,7,23,7,23,7,23,7,23,7,23,7,23,7,23,7 -> output: 155
input: 619 -> message: 31,14,30,7,23,7,23,7,23,7,16,23,7,23,16,23,7,23,7,16,23,7,23,16,23,7,23,7,16,23 -> output: 436
input: 620 -> message: 33,30,25,25,23,25,23,25,23,25,23,25,23,25,23,25,23,25,23,25,23,25,23,25,23,25,23,25,23,25 -> output: 207
input: 621 -> message: 33,25,23,25,23,7,23,23,25,23,23,25,23,23,25,23,23,25,23,23,25,23,23,25,23,23,25,23,23,25 -> output: 170
input: 622 -> message: 33,30,16,16,23,16,23,16,23,16,23,16,23,16,23,16,23,16,23,16,23,16,23,16,23,16,23,16,23,16 -> output: 85
input: 623 -> message: 25,23,7,16,23,7,23,16,23,7,23,7,16,23,7,16,23,7,23,16,23,7,23,16,23,7,23,16,23,7 -> output: 23
input: 624 -> message: 14,30,25,25,23,25,23,25,23,25,23,25,23,25,23,25,23,25,23,25,23,25,23,25,23,25,23,25,23,25 -> output: 466
input: 625 -> message: 25,25,33,33,25,23,25,23,25,23,25,23,25,23,25,23,25,23,25,23,25,23,25,23,25,23,25,23,25,23 -> output: 52
input: 626 -> message: 23,7,23,16,23,7,23,16,23,7,23,7,16,23,7,23,16,23,7,23,16,23,7,23,16,23,7,23,16,23 -> output: 453
input: 627 -> message: 14,25,23,16,23,7,23,23,7,23,16,23,7,23,7,23,16,23,7,23,23,7,23,23,7,23,23,7,23,23 -> output: 507
input: 628 -> message: 30,30,16,16,22,23,16,23,16,23,16,23,16,23,16,23,16,23,16,23,16,23,16,23,16,23,16,23,16,23 -> output: 102
input: 629 -> message: 31,33,30,30,7,33,7,23,7,23,7,23,7,23,7,23,7,23,16,23,7,23,7,23,7,16,23,7,23,7 -> output: 281
input: 630 -> message: 31,30,25,23,7,16,23,7,23,23,7,23,23,7,23,16,23,7,23,7,23,7,23,7,23,16,23,7,23,7 -> output: 675
input: 631 -> message: 33,25,23,25,23,7,23,25,23,23,25,23,23,25,23,23,25,23,23,25,23,23,25,23,23,25,23,23,25,23 -> output: 170
input: 632 -> message: 14,25,25,23,25,23,17,25,23,25,23,17,25,23,25,23,17,25,23,25,23,25,23,25,23,25,23,25,23,25 -> output: 632
input: 633 -> message: 33,33,30,25,25,25,33,33,25,23,25,33,23,25,23,25,23,25,23,25,23,25,23,25,23,25,23,25,23,25 -> output: 301
input: 634 -> message: 33,25,25,33,23,25,23,25,23,25,23,25,23,25,23,25,23,25,23,25,23,25,23,25,23,25,23,25,23,25 -> output: 450
input: 635 -> message: 31,33,30,7,33,23,7,23,7,23,7,23,7,23,7,16,23,7,23,7,23,16,23,7,23,7,23,7,23,7 -> output: 188
input: 636 -> message: 33,30,16,16,7,16,23,16,23,16,23,16,23,16,23,16,23,16,23,16,23,16,23,16,23,16,23,16,23,16 -> output: 85
input: 637 -> message: 33,30,25,25,23,25,23,25,23,25,23,25,23,25,23,25,23,25,23,25,23,25,23,25,23,25,23,25,23,25 -> output: 207
input: 638 -> message: 33,30,25,23,7,23,7,23,23,25,23,23,7,23,23,25,23,23,7,23,23,25,23,23,7,23,23,25,23,23 -> output: 42
input: 639 -> message: 31,31,30,25,33,33,33,33,33,23,25,23,25,23,7,33,23,25,23,7,33,23,25,23,7,33,23,25,23,7 -> output: 56
input: 640 -> message: 33,30,25,33,23,25,23,25,23,25,23,17,25,23,25,23,25,23,17,25,23,25,23,25,23,23,25,23,25,23 -> output: 92
input: 641 -> message: 31,14,30,30,25,25,33,33,33,25,23,25,23,25,23,25,23,25,23,25,23,25,23,25,23,25,23,25,23,25 -> output: 641
input: 642 -> message: 31,30,25,33,33,33,33,33,23,25,23,25,23,25,23,25,23,25,23,25,23,25,23,25,23,25,23,25,23,25 -> output: 205
input: 643 -> message: 31,33,25,25,33,33,33,33,23,25,23,25,23,25,23,25,23,25,23,25,23,25,23,25,23,25,23,25,23,25 -> output: 145
input: 644 -> message: 33,30,25,25,33,23,25,23,25,23,25,23,25,23,25,23,25,23,25,23,25,23,25,23,25,23,25,23,25,23 -> output: 700
input: 645 -> message: 31,33,30,30,25,33,33,33,33,7,33,33,23,25,23,25,23,25,23,7,33,23,25,23,25,23,7,33,23,25 -> output: 53
input: 646 -> message: 14,30,25,25,33,23,25,33,23,25,23,25,23,25,23,25,23,25,23,25,23,25,23,25,23,25,23,25,23,25 -> output: 466
input: 647 -> message: 33,25,23,7,23,23,7,23,23,7,23,7,16,23,7,23,7,23,16,23,7,23,7,23,7,23,16,23,7,23 -> output: 83
input: 648 -> message: 33,30,25,33,33,25,23,25,23,25,23,25,23,25,23,25,23,25,23,25,23,25,23,25,23,25,23,25,23,25 -> output: 207
input: 649 -> message: 25,23,7,23,16,23,7,23,7,23,23,7,23,7,23,16,23,7,23,7,23,16,23,7,23,7,23,16,23,7 -> output: 23
input: 650 -> message: 31,30,30,7,16,7,23,7,23,7,16,23,7,16,23,7,16,23,7,16,23,7,16,23,7,16,23,7,16,23 -> output: 137
input: 651 -> message: 31,33,33,25,33,25,23,25,33,23,25,23,25,23,25,23,25,23,25,23,25,23,25,23,25,23,25,23,25,23 -> output: 140
input: 652 -> message: 33,30,30,7,33,23,7,23,7,23,7,23,16,23,7,23,7,23,7,23,16,23,7,23,7,23,7,23,7,23 -> output: 652
input: 653 -> message: 33,30,16,23,7,16,23,7,16,23,16,23,7,16,23,16,23,7,16,23,16,23,7,16,23,7,16,23,7,16 -> output: 660
input: 654 -> message: 30,16,23,7,23,16,23,7,16,23,7,16,23,7,16,23,7,16,23,7,16,23,7,16,23,7,16,23,7,16 -> output: 93
input: 655 -> message: 31,33,33,25,33,33,33,25,23,25,23,25,23,25,23,25,23,25,23,25,23,25,23,25,23,25,23,25,23,25 -> output: 140
input: 656 -> message: 14,30,16,16,23,7,16,23,16,23,16,23,16,23,16,23,16,23,16,23,16,23,16,23,16,23,16,23,16,23 -> output: 230
input: 657 -> message: 14,30,16,16,23,16,23,16,23,16,23,16,23,7,16,23,16,23,16,23,16,23,16,23,16,23,16,23,7,16 -> output: 230
input: 658 -> message: 33,30,25,25,23,25,23,25,23,25,23,25,23,25,23,25,23,25,23,25,23,25,23,25,23,25,23,25,23,25 -> output: 207
input: 659 -> message: 31,33,30,30,25,33,7,33,7,33,7,33,23,25,23,7,33,23,25,23,7,23,25,23,7,23,25,23,7,23 -> output: 28
input: 660 -> message: 33,30,16,16,23,16,23,7,16,23,16,23,16,23,16,23,16,23,16,23,16,23,16,23,7,16,23,16,23,7 -> output: 85
input: 661 -> message: 14,25,25,23,25,23,25,23,17,25,23,25,23,17,25,23,25,23,17,25,23,25,23,25,23,25,23,25,23,25 -> output: 632
input: 662 -> message: 31,33,25,25,33,33,23,25,23,25,23,25,23,25,23,25,23,25,23,25,23,25,23,25,23,25,23,25,23,25 -> output: 217
input: 663 -> message: 33,30,16,7,16,23,7,16,23,16,23,16,23,7,16,23,16,23,16,23,7,16,23,16,23,16,23,7,16,23 -> output: 660
input: 664 -> message: 30,30,16,16,22,23,16,23,16,23,16,23,7,16,23,16,23,16,23,16,23,16,23,16,23,16,23,16,23,16 -> output: 102
input: 665 -> message: 33,23,7,16,23,7,23,16,23,7,23,7,16,23,7,23,16,23,7,23,16,23,7,23,16,23,7,16,23,7 -> output: 123
input: 666 -> message: 31,30,30,16,16,16,16,16,16,16,16,16,16,16,22,16,16,22,16,22,16,22,16,22,16,22,16,22,16,22 -> output: 666
input: 667 -> message: 30,25,23,7,16,23,23,7,23,16,23,7,23,7,23,16,23,7,23,7,23,16,23,7,23,7,23,16,23,7 -> output: 77
input: 668 -> message: 14,30,30,16,16,7,16,23,16,23,16,23,16,23,16,23,16,23,16,23,16,23,16,23,16,23,16,23,16,23 -> output: 908
input: 669 -> message: 14,30,30,16,16,16,22,16,23,16,23,16,23,16,23,16,23,16,23,16,23,16,23,16,23,16,23,16,23,16 -> output: 124
input: 670 -> message: 31,30,25,23,7,23,7,23,7,16,23,7,23,7,23,16,23,7,23,7,23,7,23,7,23,7,16,7,23,7 -> output: 675
input: 671 -> message: 31,31,31,31,31,30,30,25,23,7,33,16,25,23,7,23,7,23,7,23,7,23,7,23,7,23,7,23,7,23 -> output: 550
input: 672 -> message: 30,25,23,7,16,23,23,7,23,7,23,16,23,7,23,7,23,7,23,16,23,7,23,7,23,16,23,7,23,7 -> output: 77
input: 673 -> message: 14,30,25,25,25,33,23,25,33,25,23,25,23,25,23,25,23,25,23,25,23,25,23,25,23,25,23,25,23,25 -> output: 345
input: 674 -> message: 31,33,33,25,33,25,33,23,25,33,23,25,23,25,23,25,23,25,23,25,23,25,23,25,23,25,23,25,23,25 -> output: 140
input: 675 -> message: 31,30,25,23,7,16,23,7,23,16,23,7,23,7,23,16,23,7,23,7,23,7,16,23,7,23,7,16,23,7 -> output: 675
input: 676 -> message: 14,30,16,16,16,16,16,22,16,22,16,22,16,22,16,22,16,22,16,22,16,22,16,22,16,22,16,22,16,22 -> output: 46
input: 677 -> message: 31,33,30,25,25,33,23,25,33,23,25,23,25,23,25,23,25,23,25,23,25,23,25,23,25,23,25,23,25,23 -> output: 117
input: 678 -> message: 31,33,30,30,7,33,7,16,7,23,7,23,7,16,23,7,16,23,7,16,23,7,16,23,7,16,23,7,16,23 -> output: 157
input: 679 -> message: 31,30,16,16,23,16,23,7,16,23,16,23,16,23,16,23,16,23,16,23,16,23,7,16,23,16,23,16,23,16 -> output: 161
input: 680 -> message: 33,25,25,25,33,25,23,25,33,23,25,23,25,23,25,23,25,23,25,23,25,23,25,23,25,23,25,23,25,23 -> output: 898
input: 681 -> message: 33,25,23,7,23,23,7,23,7,16,23,7,23,7,23,7,23,16,23,7,23,7,23,7,23,16,23,7,23,7 -> output: 83
input: 682 -> message: 30,16,16,23,16,23,16,23,16,23,16,23,16,23,16,23,16,23,16,23,7,16,23,16,23,16,23,16,23,16 -> output: 10
input: 683 -> message: 14,30,16,23,7,16,23,16,23,7,23,16,23,16,23,7,16,23,16,23,7,16,23,16,23,7,16,23,7,16 -> output: 78
input: 684 -> message: 14,30,25,25,23,25,23,25,23,17,33,25,23,25,23,25,23,25,23,25,23,25,23,25,23,25,23,25,23,25 -> output: 466
input: 685 -> message: 30,30,16,16,22,23,16,23,16,23,7,16,23,16,23,16,23,16,23,16,23,16,23,16,23,16,23,16,23,16 -> output: 102
input: 686 -> message: 14,30,16,16,16,23,16,23,16,23,16,23,16,23,16,23,16,23,16,23,16,23,16,23,16,23,16,23,16,23 -> output: 230
input: 687 -> message: 14,30,30,16,16,16,16,16,16,22,16,22,16,22,16,22,16,22,16,22,16,22,16,22,16,22,16,22,16,22 -> output: 124
input: 688 -> message: 31,30,25,23,25,23,25,23,17,25,23,25,23,17,25,23,25,23,17,25,23,25,23,25,23,17,25,23,25,23 -> output: 298
input: 689 -> message: 31,30,7,23,7,23,7,23,16,23,7,23,7,16,23,7,23,16,23,7,23,7,23,16,23,7,23,7,16,23 -> output: 118
input: 690 -> message: 33,30,25,25,23,25,23,25,23,25,23,25,23,25,23,25,23,25,23,25,23,25,23,25,23,25,23,25,23,25 -> output: 207
input: 691 -> message: 33,33,25,25,33,25,23,25,33,23,25,23,25,23,25,23,25,23,25,23,25,23,25,23,25,23,25,23,25,23 -> output: 267
input: 692 -> message: 33,25,25,25,33,33,25,23,25,23,25,23,25,23,25,23,25,23,25,23,25,23,25,23,25,23,25,23,25,23 -> output: 139
input: 693 -> message: 31,30,16,16,7,16,23,16,23,16,23,16,23,16,23,16,23,16,23,16,23,16,23,16,23,16,23,16,23,16 -> output: 119
input: 694 -> message: 31,30,25,33,23,25,23,25,23,25,23,25,23,25,23,25,23,25,23,25,23,25,23,25,23,25,23,25,23,25 -> output: 185
input: 695 -> message: 33,30,16,23,7,16,23,16,23,7,16,23,16,23,7,16,23,16,23,16,23,7,16,23,16,23,16,23,7,16 -> output: 660
input: 696 -> message: 31,33,30,25,25,33,23,25,33,23,25,23,25,23,25,23,25,23,25,23,25,23,25,23,25,23,25,23,25,23 -> output: 117
input: 697 -> message: 31,30,16,16,16,22,16,23,16,23,16,16,23,16,16,23,16,16,16,22,16,16,22,16,16,22,16,16,22,16 -> output: 21
input: 698 -> message: 31,30,16,7,16,16,23,16,23,16,23,16,23,16,23,16,23,16,23,16,23,16,23,16,23,16,23,16,23,16 -> output: 119
input: 699 -> message: 33,33,25,25,25,33,25,23,25,33,33,23,25,33,23,25,23,25,23,25,23,25,23,25,23,25,23,25,23,25 -> output: 129
input: 700 -> message: 33,30,25,25,33,23,25,23,25,23,25,23,25,23,25,23,25,23,25,23,25,23,25,23,25,23,25,23,25,23 -> output: 700
input: 701 -> message: 33,25,23,25,23,23,25,23,23,25,23,23,25,23,23,25,23,23,25,23,23,25,23,23,25,23,23,25,23,23 -> output: 170
input: 702 -> message: 31,33,30,25,23,25,23,7,33,23,7,23,25,23,7,23,7,23,25,23,7,23,7,23,25,23,7,23,7,23 -> output: 58
input: 703 -> message: 14,30,16,7,23,16,23,7,16,23,7,16,23,16,23,7,16,23,7,16,23,16,23,7,16,23,16,23,7,16 -> output: 78
input: 704 -> message: 14,30,25,25,33,25,23,25,33,23,25,23,25,23,25,23,25,23,25,23,25,23,25,23,25,23,25,23,25,23 -> output: 345
input: 705 -> message: 25,23,7,16,23,7,23,16,23,7,23,7,16,23,7,16,23,7,16,23,7,16,23,7,16,23,7,16,23,7 -> output: 23
input: 706 -> message: 31,30,25,33,33,23,25,23,25,23,25,23,25,23,25,23,25,23,25,23,25,23,25,23,25,23,25,23,25,23 -> output: 342
input: 707 -> message: 31,31,31,31,30,30,25,33,33,33,33,33,33,23,25,23,7,33,23,25,23,7,23,25,23,7,23,25,23,7 -> output: 121
input: 708 -> message: 31,30,7,23,7,23,7,23,7,16,23,7,23,16,23,7,23,7,16,23,7,16,23,7,16,23,7,16,23,7 -> output: 118
input: 709 -> message: 31,33,30,25,23,7,33,7,23,25,23,7,23,25,23,7,23,7,23,25,23,7,23,7,23,25,23,7,23,7 -> output: 58
input: 710 -> message: 14,30,23,25,23,7,16,23,7,23,16,23,7,23,7,16,23,7,23,7,16,23,7,23,7,16,23,7,16,23 -> output: 78
input: 711 -> message: 33,25,23,23,7,23,16,23,7,23,7,23,7,23,16,23,7,23,7,23,7,23,16,23,7,23,7,23,16,23 -> output: 153
input: 712 -> message: 33,30,23,7,16,23,7,23,16,23,7,23,7,16,23,7,16,23,7,16,23,7,16,23,7,16,23,7,16,23 -> output: 103
input: 713 -> message: 33,30,25,23,7,23,7,23,23,7,23,7,23,23,7,23,7,23,23,7,23,7,23,16,23,7,23,7,23,23 -> output: 42
input: 714 -> message: 33,25,25,23,25,23,25,23,25,23,25,23,25,23,25,23,25,23,25,23,25,23,25,23,25,23,25,23,25,23 -> output: 147
input: 715 -> message: 31,30,25,23,25,23,7,23,25,23,7,23,25,23,7,23,25,23,7,23,25,23,7,23,25,23,7,23,25,23 -> output: 180
input: 716 -> message: 15,30,16,16,16,16,26,16,16,26,16,16,26,16,16,26,16,16,6,16,16,6,16,16,22,16,22,16,22,16 -> output: 365
input: 717 -> message: 25,23,7,23,23,7,23,23,7,23,23,7,23,7,23,16,23,7,23,7,23,23,7,23,23,7,23,23,7,23 -> output: 41
input: 718 -> message: 14,30,25,23,7,23,23,7,23,23,7,23,23,7,23,23,7,23,23,7,23,7,16,23,7,23,7,23,16,23 -> output: 400
input: 719 -> message: 33,30,16,23,7,23,7,16,23,7,23,16,23,7,23,16,23,7,16,23,7,16,23,7,16,23,7,16,23,7 -> output: 286
input: 720 -> message: 33,30,30,16,7,16,23,7,16,23,16,23,7,16,23,16,23,7,16,23,16,23,16,23,7,16,23,16,23,16 -> output: 351
input: 721 -> message: 31,30,16,16,16,22,16,23,16,23,16,16,23,16,16,23,16,16,23,16,16,23,16,16,23,16,16,23,16,16 -> output: 21
input: 722 -> message: 31,30,7,33,7,23,7,23,7,23,7,23,7,23,7,23,7,23,7,23,7,23,7,23,7,23,7,23,7,23 -> output: 101
input: 723 -> message: 33,30,30,16,16,16,16,16,16,16,16,7,16,16,16,7,16,16,16,7,16,16,16,7,16,16,16,7,16,16 -> output: 355
input: 724 -> message: 25,23,7,23,7,23,16,23,7,23,7,23,7,23,16,23,7,23,7,23,7,23,16,23,7,23,7,23,16,23 -> output: 23
input: 725 -> message: 31,30,25,23,25,23,7,23,25,23,7,23,25,23,7,23,25,23,7,23,25,23,7,23,25,23,7,23,25,23 -> output: 180
input: 726 -> message: 31,33,25,25,33,33,23,25,23,25,23,25,23,25,23,25,23,25,23,25,23,25,23,25,23,25,23,25,23,25 -> output: 217
input: 727 -> message: 14,25,23,7,23,23,7,23,23,7,23,7,23,23,7,23,23,7,23,23,7,23,23,7,23,23,7,23,23,7 -> output: 252
input: 728 -> message: 31,33,30,30,25,23,7,23,7,23,7,23,7,23,16,23,7,23,7,23,7,16,23,7,23,7,23,7,23,7 -> output: 28
input: 729 -> message: 33,25,25,23,25,23,25,23,25,23,25,23,25,23,25,23,25,23,25,23,25,23,25,23,25,23,25,23,25,23 -> output: 147
input: 730 -> message: 33,30,25,23,7,16,23,23,7,23,23,7,23,23,7,23,23,7,23,16,23,7,23,7,23,16,23,7,23,7 -> output: 295
input: 731 -> message: 3,14,14,14,30,30,16,30,16,7,16,7,16,22,16,22,7,16,23,16,22,23,16,22,23,16,22,23,16,22 -> output: 731
input: 732 -> message: 31,33,33,23,25,23,7,23,25,23,23,25,23,7,23,7,23,25,23,7,23,7,23,25,23,7,23,7,23,25 -> output: 58
input: 733 -> message: 33,33,25,25,33,33,25,23,25,23,25,23,25,23,25,23,25,23,25,23,25,23,25,23,25,23,25,23,25,23 -> output: 267
input: 734 -> message: 14,30,25,33,33,33,33,23,25,23,25,23,25,23,25,23,25,23,25,23,25,23,25,23,25,23,25,23,25,23 -> output: 466
input: 735 -> message: 31,33,33,25,23,25,23,25,23,7,23,25,23,7,23,25,23,7,23,25,23,7,23,25,23,7,23,25,23,7 -> output: 360
input: 736 -> message: 33,30,30,7,16,23,7,16,23,16,23,7,16,23,16,23,7,23,16,23,7,16,23,16,23,7,16,23,16,23 -> output: 351
input: 737 -> message: 31,30,25,33,33,33,23,25,23,25,23,25,23,25,23,25,23,25,23,25,23,25,23,25,23,25,23,25,23,25 -> output: 205
input: 738 -> message: 31,30,25,23,7,33,23,25,23,23,25,23,7,23,25,23,7,23,25,23,7,23,25,23,23,25,23,23,25,23 -> output: 298
input: 739 -> message: 33,33,25,25,25,33,33,25,23,25,33,23,25,23,25,23,25,23,25,23,25,23,25,23,25,23,25,23,25,23 -> output: 129
input: 740 -> message: 31,30,16,16,23,7,16,23,16,23,16,23,16,23,16,23,16,23,16,23,7,16,23,16,23,16,23,16,23,16 -> output: 161
input: 741 -> message: 33,30,25,23,16,23,7,23,16,23,7,23,7,16,23,7,16,23,7,16,23,7,16,23,7,16,23,7,16,23 -> output: 91
input: 742 -> message: 33,33,25,23,25,23,7,23,25,23,7,23,25,23,7,23,25,23,7,23,25,23,7,23,25,23,7,23,25,23 -> output: 92
input: 743 -> message: 31,30,25,23,7,23,7,23,23,7,23,7,23,7,23,7,23,7,23,7,23,7,23,7,23,7,23,7,23,7 -> output: 155
input: 744 -> message: 33,30,7,33,23,7,23,23,7,23,16,23,25,23,7,23,16,23,7,23,7,23,7,23,7,23,16,23,7,23 -> output: 295
input: 745 -> message: 33,23,7,23,16,23,7,23,7,23,7,23,16,23,7,23,7,23,7,23,16,23,7,23,7,23,16,23,7,23 -> output: 123
input: 746 -> message: 33,23,25,23,7,23,16,23,7,23,7,23,7,23,16,23,7,23,7,23,7,23,16,23,7,23,7,23,16,23 -> output: 153
input: 747 -> message: 14,14,30,16,16,16,16,16,16,7,16,16,16,16,7,16,16,16,22,16,22,16,22,16,22,16,22,16,22,16 -> output: 747
input: 748 -> message: 33,30,16,16,23,7,16,23,16,23,16,23,16,23,16,23,16,23,7,16,23,16,23,16,23,16,23,16,23,16 -> output: 85
input: 749 -> message: 33,25,23,23,25,23,23,7,23,23,7,23,23,7,23,23,7,23,23,7,23,7,23,23,7,23,23,7,23,23 -> output: 83
input: 750 -> message: 33,30,16,23,7,16,23,7,23,16,23,7,16,23,7,16,23,7,16,23,7,16,23,7,16,23,7,16,23,7 -> output: 286
input: 751 -> message: 14,30,30,16,16,7,16,23,16,23,16,23,16,23,16,23,16,23,16,23,16,23,16,23,16,23,16,23,16,23 -> output: 908
input: 752 -> message: 14,30,16,23,7,16,23,16,23,7,16,23,16,23,16,23,7,16,23,16,23,16,23,7,16,23,16,23,7,16 -> output: 328
input: 753 -> message: 33,30,16,23,16,23,7,16,23,16,23,16,23,16,23,7,16,23,16,23,16,23,16,23,7,16,23,16,23,16 -> output: 72
input: 754 -> message: 31,30,30,25,23,25,23,7,33,23,25,23,25,23,7,23,25,23,25,23,7,23,25,23,25,23,7,23,25,23 -> output: 33
input: 755 -> message: 31,31,30,30,25,23,7,33,7,23,7,33,23,7,23,7,23,7,23,25,23,7,23,7,23,7,23,25,23,7 -> output: 192
input: 756 -> message: 33,25,23,7,23,25,23,23,7,23,25,23,7,23,23,25,23,23,7,23,7,23,25,23,23,7,23,7,23,25 -> output: 251
input: 757 -> message: 33,25,23,7,16,23,7,23,16,23,7,23,7,23,7,16,23,7,23,7,16,23,7,23,7,16,23,7,23,16 -> output: 189
input: 758 -> message: 14,30,16,16,16,16,22,16,22,16,23,16,23,16,23,16,23,16,23,16,23,16,23,16,23,16,23,16,23,16 -> output: 262
input: 759 -> message: 33,33,25,23,23,25,23,23,25,23,7,23,23,25,23,23,25,23,23,25,23,23,25,23,23,25,23,23,25,23 -> output: 92
input: 760 -> message: 33,30,25,25,33,23,25,23,25,23,25,23,25,23,25,23,25,23,25,23,25,23,25,23,25,23,25,23,25,23 -> output: 700
input: 761 -> message: 33,30,25,23,7,16,23,7,23,16,23,7,23,23,7,23,16,23,7,23,7,23,16,23,7,23,7,23,16,23 -> output: 91
input: 762 -> message: 33,25,25,23,25,23,25,23,25,23,25,23,25,23,25,23,25,23,25,23,25,23,25,23,25,23,25,23,25,23 -> output: 147
input: 763 -> message: 33,30,23,25,16,23,7,23,16,23,7,23,16,23,7,23,7,16,23,7,16,23,7,16,23,7,16,23,7,16 -> output: 103
input: 764 -> message: 31,30,30,25,33,33,25,23,25,23,25,23,25,23,25,23,25,23,25,23,25,23,25,23,25,23,25,23,25,23 -> output: 131
input: 765 -> message: 31,30,25,23,25,23,7,33,23,25,23,25,23,17,25,23,25,23,17,25,23,25,23,17,25,23,25,23,25,23 -> output: 180
input: 766 -> message: 14,30,7,16,23,7,23,7,23,16,23,7,23,7,16,23,7,23,16,23,7,23,7,16,23,7,23,16,23,7 -> output: 78
input: 767 -> message: 33,25,25,33,23,25,23,25,23,25,23,25,23,25,23,25,23,25,23,25,23,25,23,25,23,25,23,25,23,25 -> output: 450
input: 768 -> message: 31,30,25,33,33,23,25,23,25,23,25,23,25,23,25,23,25,23,25,23,25,23,25,23,25,23,25,23,25,23 -> output: 342
input: 769 -> message: 14,30,25,33,33,25,23,25,23,25,23,25,23,25,23,25,23,25,23,25,23,25,23,25,23,25,23,25,23,25 -> output: 466
input: 770 -> message: 31,33,30,30,25,25,33,33,23,25,33,23,25,23,25,23,25,23,25,23,25,23,25,23,25,23,25,23,25,23 -> output: 40
input: 771 -> message: 31,30,25,33,33,25,23,25,23,25,23,25,23,25,23,25,23,25,23,25,23,25,23,25,23,25,23,25,23,25 -> output: 263
input: 772 -> message: 14,25,25,23,25,23,25,23,25,23,25,23,25,23,25,23,25,23,25,23,25,23,25,23,25,23,25,23,25,23 -> output: 632
input: 773 -> message: 31,30,25,16,23,7,23,7,16,23,7,23,16,23,7,23,7,16,23,7,23,7,16,23,7,23,16,23,7,23 -> output: 675
input: 774 -> message: 33,33,25,33,23,25,23,25,23,25,23,25,23,25,23,25,23,25,23,25,23,25,23,25,23,25,23,25,23,25 -> output: 441
input: 775 -> message: 31,14,30,16,16,16,23,16,23,16,23,16,23,16,23,16,16,23,16,23,16,23,16,23,16,23,16,23,16,23 -> output: 339
input: 776 -> message: 31,30,16,16,23,16,23,16,23,16,23,16,23,16,23,16,23,16,23,16,23,16,23,16,23,7,16,23,16,23 -> output: 161
input: 777 -> message: 31,30,25,33,33,33,23,25,23,25,23,25,23,25,23,25,23,25,23,25,23,25,23,25,23,25,23,25,23,25 -> output: 205
input: 778 -> message: 31,14,30,30,25,23,7,33,23,7,23,7,23,7,23,7,23,7,23,7,23,7,23,7,23,7,23,7,23,7 -> output: 436
input: 779 -> message: 31,31,30,25,33,33,33,33,23,25,23,25,23,7,33,23,25,23,7,33,23,25,23,7,33,23,25,23,7,33 -> output: 56
input: 780 -> message: 31,30,30,16,16,16,16,16,16,16,16,22,16,16,22,16,22,16,22,16,22,16,22,16,22,16,22,16,22,16 -> output: 666
input: 781 -> message: 31,33,33,25,33,33,25,23,25,23,25,23,25,23,25,23,25,23,25,23,25,23,25,23,25,23,25,23,25,23 -> output: 140
input: 782 -> message: 31,33,30,30,16,7,16,7,23,16,23,7,16,23,7,16,23,7,16,23,7,16,23,7,16,23,7,16,23,7 -> output: 206
input: 783 -> message: 25,23,7,16,23,7,23,16,23,7,23,7,23,16,23,7,23,7,23,16,23,7,23,7,16,23,7,23,16,23 -> output: 23
input: 784 -> message: 23,7,23,16,23,7,23,7,16,23,7,23,16,23,7,23,7,16,23,7,23,16,23,7,23,16,23,7,23,16 -> output: 453
input: 785 -> message: 33,25,25,23,25,23,25,23,25,23,25,23,25,23,25,23,25,23,25,23,25,23,25,23,25,23,25,23,25,23 -> output: 147
input: 786 -> message: 14,30,16,16,23,16,23,7,16,23,16,23,16,23,16,23,16,23,16,23,16,23,16,23,16,23,16,23,16,23 -> output: 230
input: 787 -> message: 14,30,16,16,16,16,16,22,16,22,16,22,16,22,16,22,16,22,16,22,16,22,16,22,16,22,16,22,16,22 -> output: 46
input: 788 -> message: 33,30,25,25,23,25,23,25,23,25,23,25,23,25,23,25,23,25,23,25,23,25,23,25,23,25,23,25,23,25 -> output: 207
input: 789 -> message: 14,30,30,16,16,16,16,16,16,16,16,22,16,16,22,16,22,16,22,16,22,16,22,16,22,16,22,16,22,16 -> output: 46
input: 790 -> message: 14,30,16,16,16,16,7,16,16,23,16,23,16,23,16,16,23,16,23,16,23,16,23,16,23,16,23,16,23,16 -> output: 262
input: 791 -> message: 33,16,23,7,23,16,23,7,23,7,16,23,7,23,16,23,7,23,7,16,23,7,16,23,7,23,16,23,7,23 -> output: 123
input: 792 -> message: 31,30,16,16,16,22,16,23,16,23,16,23,16,23,16,16,23,16,16,23,16,16,23,16,16,23,16,16,23,16 -> output: 21
input: 793 -> message: 3,14,30,16,16,16,16,16,16,16,16,16,22,16,22,16,22,16,22,16,22,16,22,16,22,16,22,16,22,16 -> output: 793
input: 794 -> message: 31,30,25,23,7,16,7,23,7,23,7,16,23,7,23,7,16,23,7,23,7,16,7,23,7,16,23,7,23,7 -> output: 675
input: 795 -> message: 14,30,25,25,25,23,25,33,33,23,25,23,25,23,25,23,25,23,25,23,25,23,25,23,25,23,25,23,25,23 -> output: 345
input: 796 -> message: 31,33,30,25,23,7,33,23,25,23,7,23,7,33,23,7,33,23,7,33,23,7,23,25,23,7,23,25,23,7 -> output: 58
input: 797 -> message: 31,33,30,30,7,33,7,16,7,23,7,23,7,16,23,7,16,23,7,23,16,23,7,16,23,7,16,23,7,16 -> output: 157
input: 798 -> message: 33,30,16,23,7,16,23,7,16,23,7,16,23,16,23,7,23,16,23,7,16,23,7,16,23,7,16,23,7,16 -> output: 103
input: 799 -> message: 31,30,25,23,7,16,23,7,23,7,23,7,16,23,7,23,7,16,23,7,23,7,16,23,7,23,7,16,7,23 -> output: 675
input: 800 -> message: 14,30,16,23,7,23,16,23,7,23,16,23,7,23,7,16,23,7,16,23,7,16,23,7,16,23,7,16,23,7 -> output: 78
input: 801 -> message: 31,33,30,30,25,23,7,16,7,33,23,7,23,7,23,7,23,7,23,7,23,7,16,23,7,23,7,23,7,23 -> output: 281
input: 802 -> message: 31,33,30,25,25,33,33,33,25,23,25,23,25,23,25,23,25,23,25,23,25,23,25,23,25,23,25,23,25,23 -> output: 302
input: 803 -> message: 31,30,16,16,16,16,16,22,16,16,22,16,22,16,22,16,22,16,22,16,22,16,22,16,22,16,22,16,22,16 -> output: 96
input: 804 -> message: 33,30,16,16,23,16,23,16,23,16,23,7,16,23,16,23,16,23,16,23,16,23,16,23,16,23,7,16,23,16 -> output: 85
input: 805 -> message: 31,30,7,16,7,23,7,16,23,7,16,23,7,16,23,7,16,23,16,23,7,16,23,7,16,23,7,16,23,7 -> output: 118
input: 806 -> message: 33,30,25,25,33,23,25,23,25,23,25,23,25,23,25,23,25,23,25,23,25,23,25,23,25,23,25,23,25,23 -> output: 700
input: 807 -> message: 33,25,23,7,23,7,23,23,7,23,7,23,7,23,23,7,23,7,23,16,23,7,23,7,23,23,7,23,23,7 -> output: 83
input: 808 -> message: 31,30,25,23,7,23,7,23,7,23,16,23,7,23,7,23,7,23,7,23,7,23,7,23,16,23,7,23,7,23 -> output: 155
input: 809 -> message: 31,30,25,23,7,23,16,23,25,23,7,23,7,23,16,23,7,23,7,23,7,23,7,23,16,23,7,23,7,23 -> output: 155
input: 810 -> message: 31,30,16,16,16,22,16,23,16,23,16,23,16,23,16,23,16,23,16,23,16,23,16,23,16,23,16,16,23,16 -> output: 119
input: 811 -> message: 31,31,30,25,33,7,33,33,7,33,23,25,23,7,33,23,25,23,7,33,23,25,23,7,33,23,25,23,7,33 -> output: 988
input: 812 -> message: 31,33,30,30,7,33,7,23,7,23,7,23,7,16,23,7,23,7,16,23,7,16,23,7,16,23,7,23,16,7 -> output: 157
input: 813 -> message: 14,30,30,16,16,16,7,16,23,16,23,16,23,16,16,23,16,23,16,23,16,23,16,23,16,23,16,23,16,23 -> output: 908
input: 814 -> message: 33,30,16,16,16,23,16,23,16,16,23,16,23,16,23,16,23,16,23,16,23,16,23,16,23,16,23,16,23,16 -> output: 85
input: 815 -> message: 31,14,30,30,25,25,33,33,25,23,25,23,25,23,25,23,25,23,25,23,25,23,25,23,25,23,25,23,25,23 -> output: 641
input: 816 -> message: 33,25,25,23,25,23,25,23,17,25,23,25,23,25,23,25,23,25,23,25,23,25,23,25,23,25,23,25,23,25 -> output: 147
input: 817 -> message: 33,30,23,7,16,23,7,23,7,16,23,7,23,16,23,7,23,7,16,23,7,16,23,7,16,23,7,23,16,23 -> output: 103
input: 818 -> message: 30,25,23,7,16,23,7,23,16,23,7,23,7,23,16,23,7,23,7,23,16,23,7,23,7,16,23,7,23,16 -> output: 77
input: 819 -> message: 14,30,25,33,23,25,23,25,23,25,23,25,23,25,23,25,23,25,23,25,23,25,23,25,23,25,23,25,23,25 -> output: 466
input: 820 -> message: 33,30,25,23,7,16,23,7,23,16,23,7,23,7,16,23,7,23,16,23,7,23,7,16,23,7,23,16,23,7 -> output: 91
input: 821 -> message: 30,16,23,16,23,7,16,23,16,23,16,23,7,16,23,16,23,16,23,7,23,16,23,16,23,7,16,23,16,23 -> output: 682
input: 822 -> message: 33,33,30,25,25,33,33,25,23,25,23,25,23,25,23,25,23,25,23,25,23,25,23,25,23,25,23,25,23,25 -> output: 249
input: 823 -> message: 30,25,16,23,7,23,16,23,7,23,16,23,7,23,7,16,23,7,23,16,23,7,23,16,23,7,23,16,23,7 -> output: 90
input: 824 -> message: 33,30,25,25,33,23,25,23,25,23,25,23,25,23,25,23,25,23,25,23,25,23,25,23,25,23,25,23,25,23 -> output: 700
input: 825 -> message: 31,30,16,16,23,16,23,16,23,7,16,23,16,23,16,23,16,23,16,23,16,23,7,16,23,16,23,16,23,16 -> output: 161
input: 826 -> message: 31,14,30,30,7,33,7,33,23,7,33,23,7,23,7,23,7,23,7,23,7,23,7,23,7,23,7,23,7,23 -> output: 312
input: 827 -> message: 33,30,25,25,33,23,25,23,25,23,25,23,25,23,25,23,25,23,25,23,25,23,25,23,25,23,25,23,25,23 -> output: 700
input: 828 -> message: 31,30,25,23,25,23,17,25,23,25,23,17,33,25,23,25,23,25,23,25,23,25,23,25,23,25,23,25,23,25 -> output: 180
input: 829 -> message: 14,30,25,23,16,23,7,23,23,7,23,16,23,7,23,7,23,16,23,7,23,7,23,16,23,7,23,7,23,16 -> output: 78
input: 830 -> message: 33,30,25,25,23,25,23,25,23,25,23,25,23,25,23,25,23,25,23,25,23,25,23,25,23,25,23,25,23,25 -> output: 207
input: 831 -> message: 33,30,25,23,7,16,23,23,7,23,16,23,7,23,7,23,16,23,7,23,7,23,16,23,7,23,7,16,23,7 -> output: 91
input: 832 -> message: 25,23,7,23,23,25,23,23,7,23,23,7,23,23,7,23,23,7,23,23,7,23,23,7,23,23,7,23,23,7 -> output: 41
input: 833 -> message: 33,30,25,25,23,25,23,25,23,25,23,25,23,25,23,25,23,25,23,25,23,25,23,25,23,25,23,25,23,25 -> output: 207
input: 834 -> message: 33,25,33,33,25,23,25,23,25,23,25,23,25,23,25,23,25,23,25,23,25,23,25,23,25,23,25,23,25,23 -> output: 147
input: 835 -> message: 33,30,23,25,16,23,7,23,16,23,7,23,16,23,7,23,7,16,23,7,16,23,7,16,23,7,16,23,7,16 -> output: 103
input: 836 -> message: 33,25,23,7,23,23,25,23,23,7,23,23,7,23,23,25,23,23,7,23,23,7,23,23,7,23,23,7,23,23 -> output: 83
input: 837 -> message: 31,33,33,25,33,33,23,25,23,25,23,25,23,25,23,25,23,25,23,25,23,25,23,25,23,25,23,25,23,25 -> output: 360
input: 838 -> message: 14,30,25,25,23,25,23,25,23,25,23,25,23,25,23,25,23,25,23,25,23,25,23,25,23,25,23,25,23,25 -> output: 466
input: 839 -> message: 33,30,25,33,23,25,23,25,23,25,23,25,23,25,23,25,23,25,23,25,23,25,23,25,23,25,23,25,23,25 -> output: 135
input: 840 -> message: 31,33,30,30,25,33,33,25,23,25,23,25,23,25,23,25,23,25,23,25,23,25,23,25,23,25,23,25,23,25 -> output: 40
input: 841 -> message: 33,25,23,7,23,23,7,23,23,25,23,23,7,23,23,7,23,23,7,23,23,7,23,23,7,23,23,7,23,23 -> output: 83
input: 842 -> message: 33,30,16,23,7,16,23,16,23,7,16,23,7,16,23,16,23,7,16,23,16,23,7,16,23,7,16,23,7,16 -> output: 660
input: 843 -> message: 33,23,7,23,7,16,23,7,23,7,16,23,7,23,7,16,23,7,23,7,16,23,7,23,7,16,23,7,23,16 -> output: 123
input: 844 -> message: 31,30,16,16,23,7,16,23,16,23,16,23,16,23,16,23,7,16,23,16,23,16,23,16,23,16,23,16,23,16 -> output: 161
input: 845 -> message: 33,25,25,25,33,33,25,23,25,23,25,23,25,23,25,23,25,23,25,23,25,23,25,23,25,23,25,23,25,23 -> output: 139
input: 846 -> message: 33,30,25,25,33,33,23,25,23,25,23,25,23,25,23,25,23,25,23,25,23,25,23,25,23,25,23,25,23,25 -> output: 207
input: 847 -> message: 33,30,16,23,7,16,23,7,23,16,23,7,16,23,7,16,23,16,23,7,16,23,7,16,23,7,16,23,7,16 -> output: 103
input: 848 -> message: 33,25,25,33,33,23,25,23,25,23,25,23,25,23,25,23,25,23,25,23,25,23,25,23,25,23,25,23,25,23 -> output: 147
input: 849 -> message: 31,31,31,30,30,25,23,7,16,7,33,16,14,23,7,23,7,23,7,16,23,7,23,7,16,23,7,23,7,16 -> output: 13
input: 850 -> message: 33,30,16,23,16,23,7,16,23,16,23,7,16,23,16,23,16,23,7,16,23,16,23,7,16,23,16,23,7,23 -> output: 72
input: 851 -> message: 14,16,23,16,23,16,23,7,16,23,16,23,16,23,7,16,23,16,23,16,23,7,16,23,16,23,7,16,23,16 -> output: 260
input: 852 -> message: 31,30,25,23,25,23,25,23,17,25,23,25,23,17,25,23,25,23,17,25,23,25,23,25,23,25,23,25,23,25 -> output: 185
input: 853 -> message: 33,33,25,33,33,25,23,25,23,25,23,25,23,25,23,25,23,25,23,25,23,25,23,25,23,25,23,25,23,25 -> output: 424
input: 854 -> message: 14,25,23,7,16,23,7,23,16,23,7,23,7,16,23,7,16,23,7,16,23,7,16,23,7,16,23,7,16,23 -> output: 253
input: 855 -> message: 31,31,31,30,30,25,33,33,33,25,23,25,23,25,23,25,23,25,23,25,23,25,23,25,23,25,23,25,23,25 -> output: 173
input: 856 -> message: 31,31,31,31,31,30,30,25,23,7,33,23,25,23,7,33,23,7,23,25,23,7,23,7,23,25,23,7,23,7 -> output: 550
input: 857 -> message: 14,30,30,16,16,16,16,16,16,16,16,16,16,22,16,16,22,16,22,16,22,16,22,16,22,16,22,16,22,16 -> output: 46
input: 858 -> message: 14,33,25,25,25,33,25,23,25,33,33,23,25,33,23,25,23,25,23,25,23,25,23,25,23,25,23,25,23,25 -> output: 858
input: 859 -> message: 33,33,25,23,25,23,25,23,25,23,17,25,23,25,23,25,23,25,23,25,23,25,23,25,23,25,23,25,23,25 -> output: 441
input: 860 -> message: 31,33,30,25,33,33,25,23,25,23,25,23,25,23,25,23,25,23,25,23,25,23,25,23,25,23,25,23,25,23 -> output: 202
input: 861 -> message: 33,33,25,25,23,25,23,25,23,25,23,25,23,25,23,25,23,25,23,25,23,25,23,25,23,25,23,25,23,25 -> output: 424
input: 862 -> message: 31,30,25,33,33,33,23,25,23,25,23,25,23,25,23,25,23,25,23,25,23,25,23,25,23,25,23,25,23,25 -> output: 205
input: 863 -> message: 33,25,23,25,23,7,23,25,23,23,25,23,23,25,23,23,25,23,23,25,23,23,25,23,23,25,23,23,25,23 -> output: 170
input: 864 -> message: 33,25,23,25,23,25,23,7,23,25,23,7,23,25,23,7,23,25,23,7,23,25,23,7,23,25,23,7,23,25 -> output: 170
input: 865 -> message: 14,30,16,23,7,16,23,16,23,7,23,16,23,16,23,7,16,23,16,23,7,16,23,7,16,23,7,16,23,7 -> output: 78
input: 866 -> message: 33,30,30,25,25,33,25,23,25,33,23,25,23,25,23,25,23,25,23,25,23,25,23,25,23,25,23,25,23,25 -> output: 100
input: 867 -> message: 31,31,31,31,30,30,25,33,33,33,33,33,23,25,23,7,33,23,25,23,7,23,25,23,7,23,25,23,7,23 -> output: 121
input: 868 -> message: 14,30,16,16,16,16,7,16,16,16,7,16,16,16,7,16,16,16,7,16,16,7,16,16,7,16,16,16,7,16 -> output: 868
input: 869 -> message: 31,33,30,25,25,33,23,25,23,25,23,25,23,25,23,25,23,25,23,25,23,25,23,25,23,25,23,25,23,25 -> output: 117
input: 870 -> message: 14,16,23,7,16,23,16,23,7,23,16,23,16,23,7,16,23,16,23,7,16,23,16,23,7,16,23,7,16,23 -> output: 138
input: 871 -> message: 31,30,25,23,7,23,7,23,23,25,23,23,7,23,23,25,23,23,7,23,23,25,23,23,7,23,7,23,7,23 -> output: 155
input: 872 -> message: 30,25,23,7,16,23,7,23,7,16,23,7,23,16,23,7,23,7,23,16,23,7,23,7,16,23,7,23,16,23 -> output: 77
input: 873 -> message: 33,30,30,7,16,7,23,16,23,7,23,16,23,7,16,23,7,16,23,7,16,23,7,16,23,7,16,23,7,16 -> output: 351
input: 874 -> message: 31,30,30,7,33,7,23,7,23,7,23,16,23,7,23,7,23,16,23,7,23,7,23,7,23,7,16,23,7,23 -> output: 132
input: 875 -> message: 31,33,30,30,25,33,33,33,33,23,25,23,25,23,25,23,25,23,25,23,25,23,25,23,25,23,25,23,25,23 -> output: 53
input: 876 -> message: 33,25,33,33,25,23,25,23,25,23,25,23,25,23,25,23,25,23,25,23,25,23,25,23,25,23,25,23,25,23 -> output: 147
input: 877 -> message: 33,30,16,23,7,16,23,7,16,23,16,23,7,16,23,16,23,7,16,23,16,23,7,16,23,16,23,7,16,23 -> output: 660
input: 878 -> message: 33,25,25,33,23,25,23,25,23,25,23,25,23,25,23,25,23,25,23,25,23,25,23,25,23,25,23,25,23,25 -> output: 450
input: 879 -> message: 31,14,30,30,16,16,16,16,22,16,22,16,22,16,22,16,22,16,22,16,22,16,22,16,22,16,22,16,22,16 -> output: 244
input: 880 -> message: 33,30,30,25,25,33,23,25,23,25,23,25,23,25,23,25,23,25,23,25,23,25,23,25,23,25,23,25,23,25 -> output: 361
input: 881 -> message: 31,33,30,30,25,23,7,16,7,23,7,23,7,23,7,16,23,7,23,7,16,23,7,16,23,7,23,7,16,23 -> output: 281
input: 882 -> message: 14,30,16,23,7,23,16,23,7,23,16,23,7,23,7,16,23,7,23,16,23,7,23,16,23,7,23,16,23,7 -> output: 78
input: 883 -> message: 31,30,25,23,7,23,7,23,23,7,23,7,23,7,23,7,23,7,23,7,23,16,23,7,23,7,23,7,23,7 -> output: 155
input: 884 -> message: 33,30,25,25,33,23,25,33,23,25,23,25,23,25,23,25,23,25,23,25,23,25,23,25,23,25,23,25,23,25 -> output: 207
input: 885 -> message: 31,30,25,23,7,16,23,7,23,7,23,16,23,7,23,7,23,16,23,7,23,7,23,7,23,7,23,7,23,7 -> output: 675
input: 886 -> message: 14,30,25,25,33,33,33,33,23,25,23,25,23,25,23,25,23,25,23,25,23,25,23,25,23,25,23,25,23,25 -> output: 466
input: 887 -> message: 33,33,25,33,33,33,23,25,23,25,23,25,23,25,23,25,23,25,23,25,23,25,23,25,23,25,23,25,23,25 -> output: 441
input: 888 -> message: 25,25,33,23,25,23,25,23,25,23,25,23,25,23,25,23,25,23,25,23,25,23,25,23,25,23,25,23,25,23 -> output: 84
input: 889 -> message: 25,23,7,16,23,7,23,16,23,7,23,7,16,23,7,23,16,23,7,23,16,23,7,23,16,23,7,23,16,23 -> output: 23
input: 890 -> message: 31,30,25,23,7,16,23,7,23,16,23,7,23,7,16,23,7,23,16,23,7,23,7,16,23,7,23,16,7,23 -> output: 675
input: 891 -> message: 33,30,25,25,23,25,23,25,23,25,23,25,23,25,23,25,23,25,23,25,23,25,23,25,23,25,23,25,23,25 -> output: 207
input: 892 -> message: 33,30,33,25,23,7,23,7,23,23,7,23,7,23,7,23,7,23,7,23,7,23,7,23,7,23,7,23,7,23 -> output: 42
input: 893 -> message: 31,14,30,30,16,7,16,7,23,16,7,23,16,23,7,16,23,7,16,23,16,23,7,16,23,7,16,7,16,23 -> output: 499
input: 894 -> message: 33,33,25,33,33,23,25,23,25,23,25,23,25,23,25,23,25,23,25,23,25,23,25,23,25,23,25,23,25,23 -> output: 441
input: 895 -> message: 33,30,16,16,23,16,23,7,16,23,16,23,16,23,16,23,16,23,7,16,23,16,23,16,23,7,23,16,23,16 -> output: 72
input: 896 -> message: 31,30,25,23,7,23,7,16,23,7,23,7,23,7,23,16,23,7,23,7,23,7,23,7,23,16,23,7,23,7 -> output: 675
input: 897 -> message: 14,30,25,23,7,33,23,25,23,7,23,25,23,7,23,25,23,7,23,7,23,25,23,7,23,7,23,25,23,7 -> output: 400
input: 898 -> message: 33,25,25,25,33,23,25,33,23,25,23,25,23,25,23,25,23,25,23,25,23,25,23,25,23,25,23,25,23,25 -> output: 139
input: 899 -> message: 31,30,33,25,23,7,23,7,23,7,23,7,23,16,23,7,23,7,23,7,23,7,23,7,23,7,23,7,23,7 -> output: 155
input: 900 -> message: 33,30,25,25,23,25,23,25,23,25,23,25,23,25,23,25,23,25,23,25,23,25,23,25,23,25,23,25,23,25 -> output: 207
input: 901 -> message: 31,33,30,30,7,33,7,33,23,7,23,7,23,7,23,7,23,7,23,7,23,7,23,7,23,7,23,7,23,7 -> output: 281
input: 902 -> message: 14,30,16,16,16,26,16,26,26,26,26,26,26,26,26,26,26,26,26,26,26,26,26,26,26,26,26,26,26,26 -> output: 45
input: 903 -> message: 14,25,25,33,23,25,23,25,23,25,23,25,23,25,23,25,23,25,23,25,23,25,23,25,23,25,23,25,23,25 -> output: 632
input: 904 -> message: 31,14,30,25,33,23,25,23,25,23,7,33,23,25,23,25,23,7,23,25,23,25,23,7,23,25,23,25,23,7 -> output: 946
input: 905 -> message: 31,30,25,23,7,23,7,23,23,25,23,23,7,23,7,23,23,7,23,7,23,23,7,23,7,23,23,7,23,7 -> output: 155
input: 906 -> message: 33,30,25,23,7,16,23,7,23,16,23,7,23,16,23,7,23,7,16,23,7,23,16,23,7,23,7,16,23,7 -> output: 91
input: 907 -> message: 33,30,30,25,23,7,33,23,25,23,17,33,25,23,25,23,25,23,25,23,25,23,25,23,25,23,25,23,25,23 -> output: 191
input: 908 -> message: 14,30,30,16,16,16,23,16,23,16,23,16,23,16,23,16,23,16,23,16,23,16,23,16,23,16,23,16,23,16 -> output: 908
input: 909 -> message: 33,30,30,16,7,16,23,7,16,23,16,23,7,16,23,16,23,16,23,7,16,23,16,23,7,16,23,16,23,16 -> output: 351
input: 910 -> message: 31,30,7,16,7,23,16,23,7,23,16,23,7,23,7,16,23,7,16,23,7,16,23,7,16,23,7,16,23,7 -> output: 118
input: 911 -> message: 31,31,33,30,25,25,33,33,25,33,33,33,33,23,25,33,23,25,23,25,23,25,23,25,23,25,23,25,23,25 -> output: 130
input: 912 -> message: 31,33,33,25,33,33,25,23,25,23,25,23,25,23,25,23,25,23,25,23,25,23,25,23,25,23,25,23,25,23 -> output: 140
input: 913 -> message: 31,33,25,33,33,25,23,25,23,25,23,25,23,25,23,25,23,25,23,25,23,25,23,25,23,25,23,25,23,25 -> output: 236
input: 914 -> message: 31,30,25,33,33,25,23,25,23,25,23,25,23,25,23,25,23,25,23,25,23,25,23,25,23,25,23,25,23,25 -> output: 263
input: 915 -> message: 25,25,33,33,33,23,25,23,25,23,25,23,25,23,25,23,25,23,25,23,25,23,25,23,25,23,25,23,25,23 -> output: 99
input: 916 -> message: 14,30,16,23,7,16,23,16,23,7,16,23,16,23,7,16,23,16,23,16,23,7,16,23,16,23,16,23,7,16 -> output: 328
input: 917 -> message: 15,30,16,16,26,26,26,26,26,26,26,26,26,26,26,26,26,26,26,26,26,26,26,26,26,26,26,26,26,26 -> output: 365
input: 918 -> message: 33,33,25,33,33,23,25,23,25,23,25,23,25,23,25,23,25,23,25,23,25,23,25,23,25,23,25,23,25,23 -> output: 441
input: 919 -> message: 14,16,23,7,23,16,23,7,16,23,16,23,7,16,23,16,23,7,16,23,7,16,23,16,23,7,16,23,7,16 -> output: 138
input: 920 -> message: 33,30,30,25,23,25,23,7,33,23,25,23,17,33,25,23,25,23,25,23,25,23,25,23,25,23,25,23,25,23 -> output: 191
input: 921 -> message: 14,30,30,16,7,23,7,16,23,7,23,16,23,7,16,23,7,23,16,23,7,16,23,7,16,23,7,16,23,7 -> output: 908
input: 922 -> message: 33,25,25,33,23,25,23,25,23,25,23,25,23,25,23,25,23,25,23,25,23,25,23,25,23,25,23,25,23,25 -> output: 450
input: 923 -> message: 31,33,30,30,25,33,23,25,23,7,33,23,25,23,7,23,25,23,7,23,25,23,7,23,25,23,7,23,25,23 -> output: 28
input: 924 -> message: 33,33,25,25,33,25,23,25,33,23,25,23,25,23,25,23,25,23,25,23,25,23,25,23,25,23,25,23,25,23 -> output: 267
input: 925 -> message: 31,14,33,25,23,7,23,7,33,23,25,23,7,23,7,23,25,23,7,23,7,23,25,23,7,23,7,23,25,23 -> output: 946
input: 926 -> message: 30,16,23,7,23,16,23,7,23,16,23,7,23,16,23,7,23,16,23,7,23,16,23,7,23,16,23,7,23,16 -> output: 93
input: 927 -> message: 33,30,16,23,7,16,23,7,23,16,23,7,16,23,16,23,7,23,16,23,7,16,23,7,16,23,7,16,23,7 -> output: 286
input: 928 -> message: 31,30,25,33,33,33,23,25,23,25,23,25,23,25,23,25,23,25,23,25,23,25,23,25,23,25,23,25,23,25 -> output: 205
input: 929 -> message: 31,14,30,30,25,25,25,33,33,25,23,25,33,33,23,25,23,25,23,25,23,25,23,25,23,25,23,25,23,25 -> output: 929
input: 930 -> message: 31,33,25,25,33,33,23,25,23,25,23,25,23,25,23,25,23,25,23,25,23,25,23,25,23,25,23,25,23,25 -> output: 217
input: 931 -> message: 33,25,33,23,25,23,25,23,25,23,25,23,25,23,25,23,25,23,25,23,25,23,25,23,25,23,25,23,25,23 -> output: 225
input: 932 -> message: 31,14,30,30,16,16,16,16,16,16,16,16,22,16,22,16,22,16,22,16,22,16,22,16,22,16,22,16,22,16 -> output: 244
input: 933 -> message: 30,25,23,7,23,16,23,7,23,7,23,23,7,23,7,23,16,23,7,23,7,23,7,23,16,23,7,23,7,23 -> output: 77
input: 934 -> message: 33,30,16,16,16,23,16,23,16,23,16,23,16,23,16,23,16,23,16,23,16,23,16,23,16,23,16,23,16,23 -> output: 85
input: 935 -> message: 31,30,30,25,33,33,23,25,23,25,23,25,23,25,23,7,33,23,25,23,25,23,7,33,23,25,23,7,33,23 -> output: 33
input: 936 -> message: 33,25,23,7,23,7,23,7,23,7,23,7,16,23,7,23,7,23,7,23,7,16,23,7,23,7,23,7,16,23 -> output: 83
input: 937 -> message: 33,30,30,16,7,16,23,7,23,16,23,7,16,23,16,23,7,16,23,16,23,7,16,23,16,23,7,16,23,16 -> output: 351
input: 938 -> message: 31,33,30,30,16,7,16,7,16,23,7,16,23,16,23,7,16,23,16,23,16,23,7,16,23,16,23,7,16,23 -> output: 157
input: 939 -> message: 31,30,25,33,25,23,25,23,25,23,25,23,25,23,25,23,25,23,25,23,25,23,25,23,25,23,25,23,25,23 -> output: 115
input: 940 -> message: 33,23,7,16,23,7,23,16,23,7,23,16,23,7,23,16,23,7,16,23,7,16,23,7,16,23,7,16,23,7 -> output: 123
input: 941 -> message: 14,16,16,6,16,23,16,23,16,23,16,23,16,23,16,23,16,23,16,23,16,23,16,23,16,23,16,23,16,23 -> output: 941
input: 942 -> message: 31,30,7,33,23,7,23,7,23,7,23,7,23,7,23,7,23,16,23,7,23,7,23,7,23,7,23,7,23,7 -> output: 101
input: 943 -> message: 33,30,23,25,16,23,7,23,16,23,7,23,16,23,7,23,16,23,7,16,23,7,16,23,7,16,23,7,16,23 -> output: 103
input: 944 -> message: 33,33,25,33,33,23,25,23,25,23,25,23,25,23,25,23,25,23,25,23,25,23,25,23,25,23,25,23,25,23 -> output: 441
input: 945 -> message: 33,30,25,23,7,23,7,23,7,23,7,23,23,7,23,7,23,7,23,16,23,25,23,7,23,7,23,7,23,16 -> output: 42
input: 946 -> message: 31,14,30,25,33,25,23,25,23,25,23,25,23,25,23,25,23,25,23,25,23,25,23,25,23,25,23,25,23,25 -> output: 142
input: 947 -> message: 33,25,25,23,25,23,25,23,25,23,25,23,25,23,25,23,25,23,25,23,25,23,25,23,25,23,25,23,25,23 -> output: 147
input: 948 -> message: 33,16,23,16,23,16,23,16,23,7,16,23,16,23,16,23,16,23,7,16,23,16,23,16,23,7,16,23,16,23 -> output: 126
input: 949 -> message: 33,33,25,23,7,23,7,23,25,23,23,25,23,7,23,23,25,23,7,23,7,23,25,23,7,23,7,23,7,23 -> output: 83
input: 950 -> message: 33,25,23,7,23,23,7,23,23,25,23,23,7,23,23,7,23,23,7,23,23,7,23,23,7,23,23,7,23,23 -> output: 83
input: 951 -> message: 14,30,16,16,16,16,7,16,16,22,16,23,16,23,16,16,23,16,16,23,16,16,23,16,16,23,16,16,23,16 -> output: 262
input: 952 -> message: 33,30,25,23,7,16,23,7,16,23,7,16,23,7,16,23,7,16,23,7,16,23,7,23,16,23,7,16,23,7 -> output: 91
input: 953 -> message: 33,25,23,23,25,23,23,7,23,23,7,23,23,25,23,23,7,23,23,7,23,23,7,23,23,7,23,23,7,23 -> output: 83
input: 954 -> message: 33,30,23,25,16,23,7,23,16,23,7,16,23,7,16,23,7,16,23,7,16,23,7,16,23,7,16,23,7,23 -> output: 103
input: 955 -> message: 33,30,25,23,16,23,7,23,16,23,7,23,7,16,23,7,16,23,7,16,23,7,16,23,7,16,23,7,16,23 -> output: 91
input: 956 -> message: 33,30,25,23,7,16,23,7,16,23,7,23,16,23,7,23,16,23,7,23,7,16,23,7,16,23,7,16,23,7 -> output: 91
input: 957 -> message: 14,30,25,33,23,25,23,25,23,25,23,25,23,25,23,25,23,25,23,25,23,25,23,25,23,25,23,25,23,25 -> output: 466
input: 958 -> message: 14,30,16,16,23,16,23,7,16,23,16,23,16,23,16,23,16,23,16,23,16,23,16,23,16,23,16,23,16,23 -> output: 230
input: 959 -> message: 14,30,25,23,7,23,23,23,25,23,23,7,23,23,7,23,23,7,23,23,7,23,23,7,23,23,7,23,23,7 -> output: 400
input: 960 -> message: 33,30,30,16,16,16,22,23,16,23,16,23,16,23,16,23,16,23,16,23,16,23,16,23,16,23,16,23,16,23 -> output: 182
input: 961 -> message: 31,14,30,30,16,16,16,16,22,16,7,16,16,22,16,22,16,22,16,22,16,22,16,22,16,22,16,22,16,22 -> output: 244
input: 962 -> message: 33,33,25,33,33,33,23,25,23,25,23,25,23,25,23,25,23,25,23,25,23,25,23,25,23,25,23,25,23,25 -> output: 441
input: 963 -> message: 31,30,25,23,7,23,7,23,23,7,23,23,7,23,23,7,23,7,23,16,23,7,23,7,23,7,23,7,23,7 -> output: 155
input: 964 -> message: 33,30,30,7,16,7,23,7,16,23,7,16,23,7,16,23,7,16,23,7,16,23,7,16,23,7,16,23,7,23 -> output: 351
input: 965 -> message: 14,30,25,25,33,33,25,23,25,23,25,23,25,23,25,23,25,23,25,23,25,23,25,23,25,23,25,23,25,23 -> output: 345
input: 966 -> message: 33,30,25,23,7,16,23,23,7,23,23,7,23,16,23,7,23,7,23,16,23,7,23,7,23,16,23,7,23,7 -> output: 295
input: 967 -> message: 31,30,25,23,7,23,7,23,7,23,16,23,7,23,7,23,7,23,7,23,7,16,23,7,23,7,23,7,23,7 -> output: 155
input: 968 -> message: 31,14,30,25,33,33,33,33,25,23,25,23,25,23,25,23,25,23,25,23,25,23,25,23,7,33,23,25,23,25 -> output: 142
input: 969 -> message: 33,30,23,7,33,23,23,7,23,7,16,23,7,23,7,23,16,23,7,23,7,23,7,23,16,23,7,23,7,23 -> output: 198
input: 970 -> message: 33,25,23,7,23,7,23,7,23,7,23,16,23,7,23,7,23,7,23,7,23,16,23,7,23,7,23,7,23,16 -> output: 83
input: 971 -> message: 31,14,30,16,7,23,7,23,7,23,16,23,7,23,7,16,23,7,23,16,23,7,23,7,16,23,7,23,7,16 -> output: 436
input: 972 -> message: 33,30,25,25,33,23,25,23,25,23,25,23,25,23,25,23,25,23,25,23,25,23,25,23,25,23,25,23,25,23 -> output: 700
input: 973 -> message: 33,33,33,25,25,33,25,33,33,33,33,33,23,25,23,25,23,25,23,25,23,25,23,25,23,25,23,25,23,25 -> output: 129
input: 974 -> message: 33,30,30,16,16,16,22,16,23,16,23,16,23,16,23,16,23,16,23,16,23,16,23,16,23,16,23,16,23,16 -> output: 182
input: 975 -> message: 33,30,25,33,23,25,23,25,23,25,23,25,23,7,23,25,23,25,23,7,23,25,23,25,23,7,23,25,23,25 -> output: 92
input: 976 -> message: 31,30,30,25,25,23,25,23,25,23,25,23,25,23,25,23,25,23,25,23,25,23,25,23,25,23,25,23,25,23 -> output: 131
input: 977 -> message: 31,33,30,25,25,33,33,33,33,33,23,25,23,25,23,25,23,25,23,25,23,25,23,25,23,25,23,25,23,25 -> output: 117
input: 978 -> message: 31,30,7,33,23,25,23,7,23,7,23,7,23,7,23,7,23,7,23,7,23,7,23,7,23,7,23,7,23,7 -> output: 155
input: 979 -> message: 33,30,25,23,7,16,23,23,7,23,23,7,23,23,7,23,7,16,23,7,23,7,23,16,23,7,23,7,23,16 -> output: 295
input: 980 -> message: 33,30,16,7,23,16,23,7,16,23,7,16,23,7,16,23,16,23,7,16,23,7,16,23,16,23,7,16,23,7 -> output: 103
input: 981 -> message: 33,30,16,16,23,7,16,23,16,23,16,23,16,23,16,23,16,23,16,23,16,23,16,23,16,23,16,23,16,23 -> output: 85
input: 982 -> message: 33,33,25,33,33,23,25,23,25,23,25,23,25,23,25,23,25,23,25,23,25,23,25,23,25,23,25,23,25,23 -> output: 441
input: 983 -> message: 31,33,25,33,23,25,23,25,23,25,23,25,23,25,23,25,23,25,23,25,23,25,23,25,23,25,23,25,23,25 -> output: 64
input: 984 -> message: 33,33,30,25,25,33,25,33,23,25,33,23,25,23,25,23,25,23,25,23,25,23,25,23,25,23,25,23,25,23 -> output: 249
input: 985 -> message: 14,25,25,33,23,25,33,23,25,23,25,23,25,23,25,23,25,23,25,23,25,23,25,23,25,23,25,23,25,23 -> output: 632
input: 986 -> message: 25,25,23,25,23,17,33,25,23,25,23,25,23,25,23,25,23,25,23,25,23,25,23,25,23,25,23,25,23,25 -> output: 84
input: 987 -> message: 33,25,23,23,7,23,16,23,7,23,7,23,7,23,16,23,7,23,7,23,7,23,16,23,7,23,7,23,16,23 -> output: 153
input: 988 -> message: 31,31,30,25,23,7,33,7,33,7,33,23,25,23,7,23,25,23,7,23,25,23,7,23,25,23,7,23,7,33 -> output: 224
input: 989 -> message: 31,33,33,25,33,33,25,23,25,23,25,23,25,23,25,23,25,23,25,23,25,23,25,23,25,23,25,23,25,23 -> output: 140
input: 990 -> message: 14,30,16,23,16,23,7,16,23,16,23,7,23,16,23,16,23,7,16,23,7,16,23,16,23,7,16,23,7,16 -> output: 254
input: 991 -> message: 14,30,16,16,23,16,23,16,23,16,23,16,23,16,23,16,23,16,23,16,23,16,23,16,23,16,23,16,23,16 -> output: 230
input: 992 -> message: 33,33,25,33,25,23,25,23,25,23,25,23,25,23,25,23,25,23,25,23,25,23,25,23,25,23,25,23,25,23 -> output: 408
input: 993 -> message: 33,33,25,25,25,33,25,23,25,33,23,25,33,23,25,23,25,23,25,23,25,23,25,23,25,23,25,23,25,23 -> output: 129
input: 994 -> message: 14,30,30,25,23,7,23,17,25,23,7,23,23,25,23,23,23,25,23,23,7,23,23,25,23,23,7,23,25,23 -> output: 399
input: 995 -> message: 33,30,16,16,7,16,23,16,23,16,23,16,23,16,23,16,23,16,23,16,23,16,23,16,23,16,23,16,23,16 -> output: 85
input: 996 -> message: 33,33,30,25,25,25,33,33,25,23,25,33,23,25,23,25,23,25,23,25,23,25,23,25,23,25,23,25,23,25 -> output: 301
input: 997 -> message: 31,30,25,25,33,23,25,23,25,23,25,23,25,23,25,23,25,23,25,23,25,23,25,23,25,23,25,23,25,23 -> output: 115
input: 998 -> message: 33,30,25,25,23,25,23,25,23,25,23,25,23,25,23,25,23,25,23,25,23,25,23,25,23,25,23,25,23,25 -> output: 207
input: 999 -> message: 33,30,25,23,23,25,23,23,17,33,23,25,23,23,25,23,23,25,23,23,25,23,23,25,23,23,25,23,23,25 -> output: 191
{"powerlaw": 0.69065922498703, "unif": 0.199}
Epoch: 51
{"powerlaw": 0.7429884672164917, "unif": 0.23}
Epoch: 52
{"powerlaw": 0.7037625908851624, "unif": 0.229}
Epoch: 53
{"powerlaw": 0.7179126143455505, "unif": 0.194}
Epoch: 54
{"powerlaw": 0.7085844278335571, "unif": 0.219}
Epoch: 55
{"powerlaw": 0.718635618686676, "unif": 0.215}
Epoch: 56
{"powerlaw": 0.7102147340774536, "unif": 0.236}
Epoch: 57
{"powerlaw": 0.754976212978363, "unif": 0.241}
Epoch: 58
{"powerlaw": 0.7668487429618835, "unif": 0.271}
Epoch: 59
{"powerlaw": 0.7679349780082703, "unif": 0.282}
Epoch: 60
{"powerlaw": 0.7266282439231873, "unif": 0.222}
Epoch: 61
{"powerlaw": 0.598555862903595, "unif": 0.107}
Epoch: 62
{"powerlaw": 0.6351146697998047, "unif": 0.139}
Epoch: 63
{"powerlaw": 0.6290479898452759, "unif": 0.147}
Epoch: 64
{"powerlaw": 0.7030041217803955, "unif": 0.181}
Epoch: 65
{"powerlaw": 0.7215389609336853, "unif": 0.202}
Epoch: 66
{"powerlaw": 0.7022040486335754, "unif": 0.175}
Epoch: 67
{"powerlaw": 0.6693722605705261, "unif": 0.183}
Epoch: 68
{"powerlaw": 0.6707732081413269, "unif": 0.189}
Epoch: 69
{"powerlaw": 0.7429126501083374, "unif": 0.226}
Epoch: 70
{"powerlaw": 0.7532824873924255, "unif": 0.244}
Epoch: 71
{"powerlaw": 0.75743567943573, "unif": 0.265}
Epoch: 72
{"powerlaw": 0.7585098743438721, "unif": 0.271}
Epoch: 73
{"powerlaw": 0.7767686247825623, "unif": 0.291}
Epoch: 74
{"powerlaw": 0.7547507882118225, "unif": 0.256}
Epoch: 75
{"powerlaw": 0.7727966904640198, "unif": 0.276}
Epoch: 76
{"powerlaw": 0.763125479221344, "unif": 0.304}
Epoch: 77
{"powerlaw": 0.7663989067077637, "unif": 0.282}
Epoch: 78
{"powerlaw": 0.7916820049285889, "unif": 0.318}
Epoch: 79
{"powerlaw": 0.7759370803833008, "unif": 0.3}
Epoch: 80
{"powerlaw": 0.7391262054443359, "unif": 0.255}
Epoch: 81
{"powerlaw": 0.75641930103302, "unif": 0.28}
Epoch: 82
{"powerlaw": 0.7814429998397827, "unif": 0.305}
Epoch: 83
{"powerlaw": 0.8081420063972473, "unif": 0.357}
Epoch: 84
{"powerlaw": 0.8200680017471313, "unif": 0.373}
Epoch: 85
{"powerlaw": 0.8084173798561096, "unif": 0.365}
Epoch: 86
{"powerlaw": 0.7968378067016602, "unif": 0.354}
Epoch: 87
{"powerlaw": 0.804716944694519, "unif": 0.354}
Epoch: 88
{"powerlaw": 0.8165953755378723, "unif": 0.363}
Epoch: 89
{"powerlaw": 0.8263264894485474, "unif": 0.405}
Epoch: 90
{"powerlaw": 0.8118179440498352, "unif": 0.364}
Epoch: 91
{"powerlaw": 0.8359525203704834, "unif": 0.418}
Epoch: 92
{"powerlaw": 0.8403700590133667, "unif": 0.444}
Epoch: 93
{"powerlaw": 0.826242983341217, "unif": 0.455}
Epoch: 94
{"powerlaw": 0.8407335877418518, "unif": 0.454}
Epoch: 95
{"powerlaw": 0.868559718132019, "unif": 0.516}
Epoch: 96
{"powerlaw": 0.8619507551193237, "unif": 0.488}
Epoch: 97
{"powerlaw": 0.8521451950073242, "unif": 0.467}
Epoch: 98
{"powerlaw": 0.8571645021438599, "unif": 0.48}
Epoch: 99
{"powerlaw": 0.8605271577835083, "unif": 0.472}
Epoch: 100
input: 0 -> message: 10,30,30,30,30,30,30,30,30,30,30,30,30,30,30,30,30,30,30,30,30,30,30,30,30,30,30,30,30,30 -> output: 0
input: 1 -> message: 31,31,25,25,6,6,25,6,11,6,25,6,25,6,25,6,25,6,25,6,25,6,25,6,25,6,25,6,25,6 -> output: 1
input: 2 -> message: 31,31,33,33,37,37,37,37,37,37,37,37,37,37,37,37,37,37,37,37,37,37,37,37,37,37,37,37,37,37 -> output: 2
input: 3 -> message: 25,25,25,25,30,25,6,25,6,25,30,25,6,25,6,25,6,6,25,30,25,6,25,6,25,6,6,25,30,25 -> output: 3
input: 4 -> message: 10,31,31,25,25,30,25,30,25,6,25,6,25,6,25,6,25,6,25,6,25,30,25,6,25,6,25,6,25,6 -> output: 4
input: 5 -> message: 25,31,25,25,30,25,6,6,25,6,6,25,6,25,6,25,6,25,6,25,6,25,6,25,6,25,6,25,6,25 -> output: 5
input: 6 -> message: 31,31,31,31,14,30,30,30,30,30,30,30,30,30,30,30,30,30,30,30,30,30,30,30,30,30,30,30,30,30 -> output: 6
input: 7 -> message: 31,25,25,6,25,6,25,6,6,25,6,25,6,25,6,25,6,25,6,25,6,25,6,25,6,25,6,25,6,25 -> output: 7
input: 8 -> message: 30,30,30,30,30,30,30,30,30,30,30,25,37,14,25,6,6,33,25,30,6,25,6,33,25,6,33,25,30,25 -> output: 8
input: 9 -> message: 31,14,14,14,14,14,30,30,30,30,30,30,30,30,14,30,14,30,14,30,14,30,14,30,14,30,14,30,14,30 -> output: 9
input: 10 -> message: 30,16,8,8,8,8,8,8,8,8,8,8,8,8,8,8,8,8,8,8,8,8,8,8,8,8,8,8,8,8 -> output: 10
input: 11 -> message: 31,16,16,16,16,37,16,16,37,16,16,37,16,16,37,16,16,37,16,16,37,16,16,37,16,16,37,16,16,37 -> output: 11
input: 12 -> message: 17,31,31,31,30,30,30,30,30,30,30,30,30,26,8,8,8,8,8,8,8,8,8,8,8,8,8,8,8,8 -> output: 12
input: 13 -> message: 31,31,31,33,33,30,30,30,30,30,30,30,30,30,30,30,30,30,30,30,30,30,30,30,30,30,30,30,30,30 -> output: 13
input: 14 -> message: 25,16,16,11,37,11,37,11,37,11,37,11,37,11,37,11,37,11,37,11,37,11,37,11,37,11,37,11,37,11 -> output: 14
input: 15 -> message: 30,0 -> output: 15
input: 16 -> message: 31,30,30,30,30,30,30,30,30,30,30,30,30,30,30,30,30,30,30,30,30,30,30,30,30,30,30,30,30,30 -> output: 16
input: 17 -> message: 30,25,6,25,6,6,25,6,25,6,25,6,25,6,25,6,25,6,25,6,25,6,25,6,25,6,25,6,25,6 -> output: 17
input: 18 -> message: 14,26,8,8,8,8,8,8,8,8,8,8,8,8,8,8,8,8,8,8,8,8,8,8,8,8,8,8,8,8 -> output: 18
input: 19 -> message: 10,38,14,14,14,30,37,37,37,37,37,37,37,37,37,37,37,37,37,37,37,37,37,37,37,37,37,37,37,37 -> output: 19
input: 20 -> message: 8,38,8,8,8,8,8,8,8,8,8,8,8,8,8,8,8,8,8,8,8,8,8,8,8,8,8,8,8,8 -> output: 20
input: 21 -> message: 31,30,30,16,16,37,16,37,16,37,16,37,16,37,16,37,16,16,37,16,37,16,37,16,37,16,37,16,37,16 -> output: 21
input: 22 -> message: 17,31,31,14,31,14,31,8,8,8,8,8,8,8,8,8,8,8,8,8,8,8,8,8,8,8,8,8,8,8 -> output: 22
input: 23 -> message: 25,16,11,11,37,11,37,11,37,11,37,11,37,11,37,11,37,11,37,11,37,11,37,11,37,11,37,11,37,11 -> output: 23
input: 24 -> message: 30,30,16,16,8,8,8,8,8,8,8,8,8,8,8,8,8,8,8,8,8,8,8,8,8,8,8,8,8,8 -> output: 24
input: 25 -> message: 3,14,30,30,30,30,8,8,8,8,8,8,8,8,8,8,8,8,8,8,8,8,8,8,8,8,8,8,8,8 -> output: 25
input: 26 -> message: 17,17,17,17,17,14,31,31,31,31,31,31,31,26,8,8,8,8,8,8,8,8,8,8,8,8,8,8,8,8 -> output: 26
input: 27 -> message: 31,14,30,30,30,30,30,30,30,14,30,14,30,14,30,14,30,14,30,14,37,14,37,14,37,14,37,14,37,14 -> output: 27
input: 28 -> message: 31,33,33,30,30,30,30,30,30,30,30,37,30,37,37,37,14,37,37,37,37,25,37,37,37,37,37,25,37,11 -> output: 28
input: 29 -> message: 17,14,14,8,8,8,8,8,8,8,8,8,8,8,8,8,8,8,8,8,8,8,8,8,8,8,8,8,8,8 -> output: 29
input: 30 -> message: 31,31,31,33,33,30,30,30,30,30,30,30,30,30,30,30,30,30,30,30,30,30,30,30,30,30,30,30,30,30 -> output: 13
input: 31 -> message: 30,30,30,30,30,30,30,30,37,37,37,37,37,37,37,37,37,37,37,37,37,37,37,37,37,37,37,37,37,37 -> output: 31
input: 32 -> message: 15,30,16,16,16,16,16,37,16,16,37,16,16,37,16,16,37,16,16,16,37,16,16,37,16,16,16,37,16,16 -> output: 32
input: 33 -> message: 31,30,30,30,30,30,6,11,37,11,11,11,11,11,11,11,37,11,11,37,11,11,37,25,6,11,11,37,25,6 -> output: 33
input: 34 -> message: 17,17,31,31,31,31,14,31,14,31,14,31,14,31,8,8,8,8,8,8,8,8,8,8,8,8,8,8,8,8 -> output: 34
input: 35 -> message: 17,31,14,31,14,31,16,8,8,8,8,8,8,8,8,8,8,8,8,8,8,8,8,8,8,8,8,8,8,8 -> output: 35
input: 36 -> message: 31,30,30,30,30,30,30,16,16,16,16,37,16,37,16,37,16,37,16,37,16,16,37,16,16,37,16,16,37,16 -> output: 36
input: 37 -> message: 31,33,30,16,16,16,16,37,16,37,16,16,37,16,16,37,16,16,37,16,16,37,16,16,37,16,16,37,16,16 -> output: 37
input: 38 -> message: 8,17,31,8,8,8,8,8,8,8,8,8,8,8,8,8,8,8,8,8,8,8,8,8,8,8,8,8,8,8 -> output: 38
input: 39 -> message: 25,11,11,11,11,11,11,11,11,11,11,37,11,11,37,11,37,11,37,6,11,37,11,37,6,11,37,6,11,37 -> output: 39
input: 40 -> message: 31,33,30,30,30,30,30,30,30,30,30,30,30,30,30,30,30,30,30,30,30,30,30,30,30,30,30,30,30,30 -> output: 40
input: 41 -> message: 25,6,37,37,11,37,25,6,37,37,37,25,6,37,37,25,6,37,37,25,6,37,37,25,6,37,37,25,6,37 -> output: 41
input: 42 -> message: 33,33,33,33,30,30,30,30,37,37,37,37,37,37,37,37,37,25,37,37,37,37,37,37,37,25,37,37,37,37 -> output: 42
input: 43 -> message: 30,30,30,30,30,37,14,6,11,37,25,37,11,37,25,6,11,37,25,6,11,37,25,6,6,6,11,37,25,6 -> output: 43
input: 44 -> message: 3,16,16,16,37,16,37,16,37,16,37,16,37,16,37,16,37,16,37,16,37,16,16,37,16,37,16,37,16,37 -> output: 44
input: 45 -> message: 14,30,26,8,8,8,8,8,8,8,8,8,8,8,8,8,8,8,8,8,8,8,8,8,8,8,8,8,8,8 -> output: 45
input: 46 -> message: 14,30,16,16,16,8,8,8,8,8,8,8,8,8,8,8,8,8,8,8,8,8,8,8,8,8,8,8,8,8 -> output: 46
input: 47 -> message: 25,25,25,6,37,37,25,6,37,37,25,6,37,25,6,37,25,6,37,37,25,25,6,37,37,25,25,6,37,37 -> output: 47
input: 48 -> message: 25,25,25,6,6,6,37,25,25,6,6,25,6,25,6,25,6,25,6,25,6,25,6,25,6,25,6,25,6,25 -> output: 48
input: 49 -> message: 17,17,31,15,8,8,8,8,8,8,8,8,8,8,8,8,8,8,8,8,8,8,8,8,8,8,8,8,8,8 -> output: 49
input: 50 -> message: 25,25,25,6,25,6,6,25,6,25,6,25,6,25,6,25,6,25,6,25,6,25,6,25,6,25,6,25,6,25 -> output: 50
input: 51 -> message: 25,37,25,6,6,25,6,6,25,6,11,37,25,25,6,25,6,25,6,6,25,6,25,6,25,6,25,6,6,25 -> output: 51
input: 52 -> message: 25,25,6,6,6,25,30,25,6,25,6,6,25,6,25,6,25,6,6,25,6,25,6,25,6,25,6,6,25,6 -> output: 52
input: 53 -> message: 31,31,30,30,30,30,30,30,30,30,30,30,30,30,37,30,25,30,37,25,30,37,14,25,6,37,14,25,6,6 -> output: 53
input: 54 -> message: 30,26,8,8,8,8,8,8,8,8,8,8,8,8,8,8,8,8,8,8,8,8,8,8,8,8,8,8,8,8 -> output: 54
input: 55 -> message: 25,25,6,6,6,37,37,25,25,6,37,6,25,6,37,25,25,6,37,6,25,6,37,25,25,6,37,6,25,6 -> output: 55
input: 56 -> message: 31,31,30,30,30,30,30,30,30,30,30,30,30,30,30,30,30,30,30,30,30,30,30,30,30,30,30,30,30,30 -> output: 111
input: 57 -> message: 30,30,37,11,37,37,11,37,37,37,37,25,6,37,11,37,25,6,37,11,37,25,6,37,11,37,25,6,37,11 -> output: 57
input: 58 -> message: 31,33,30,30,37,25,37,37,25,6,6,37,25,6,37,37,37,25,6,6,6,25,6,6,25,6,25,6,6,25 -> output: 58
input: 59 -> message: 8,14,8,8,8,8,8,8,8,8,8,8,8,8,8,8,8,8,8,8,8,8,8,8,8,8,8,8,8,8 -> output: 59
input: 60 -> message: 31,14,25,25,30,25,6,25,6,25,6,25,6,25,30,25,6,25,6,25,6,25,6,25,6,25,6,25,6,25 -> output: 60
input: 61 -> message: 17,17,17,14,31,14,31,31,14,31,31,14,31,26,8,8,8,8,8,8,8,8,8,8,8,8,8,8,8,8 -> output: 61
input: 62 -> message: 30,30,30,30,30,16,16,16,16,16,37,16,37,16,37,16,16,37,16,16,37,16,16,37,16,16,37,16,16,37 -> output: 62
input: 63 -> message: 31,31,31,31,30,30,30,30,30,30,30,30,30,30,30,30,30,30,30,30,30,30,30,30,30,30,30,30,30,30 -> output: 63
input: 64 -> message: 31,25,37,25,6,6,37,25,6,25,6,25,6,25,6,6,25,6,25,6,25,6,25,6,25,6,25,6,25,6 -> output: 64
input: 65 -> message: 31,31,30,30,37,11,37,11,37,11,37,11,37,11,37,11,37,11,37,11,37,11,37,11,37,11,37,11,37,11 -> output: 65
input: 66 -> message: 25,37,37,25,6,37,37,25,6,37,25,6,37,37,25,6,37,25,6,37,37,25,6,37,37,25,6,37,37,25 -> output: 66
input: 67 -> message: 30,30,11,16,11,11,11,37,11,37,11,37,11,11,11,11,11,11,11,11,37,11,11,11,37,11,11,37,11,11 -> output: 67
input: 68 -> message: 25,25,6,6,37,11,37,37,37,37,37,37,37,37,37,37,37,37,37,37,37,37,37,37,37,37,37,37,37,37 -> output: 68
input: 69 -> message: 30,30,30,30,30,30,6,11,37,14,37,25,37,11,37,11,37,25,37,11,37,25,6,11,37,11,37,25,6,11 -> output: 69
input: 70 -> message: 17,31,30,30,30,30,30,30,37,11,37,11,37,11,37,11,11,11,11,11,11,11,11,11,11,11,11,11,11,11 -> output: 70
input: 71 -> message: 31,8,8,8,8,8,8,8,8,8,8,8,8,8,8,8,8,8,8,8,8,8,8,8,8,8,8,8,8,8 -> output: 71
input: 72 -> message: 33,30,16,16,11,37,11,37,11,37,11,37,11,37,11,37,11,11,37,11,37,11,37,11,37,11,37,11,37,11 -> output: 72
input: 73 -> message: 31,31,14,14,30,30,30,30,30,30,30,30,30,30,30,30,30,30,30,30,30,30,30,30,30,30,30,30,30,30 -> output: 73
input: 74 -> message: 31,31,25,25,25,30,25,25,6,25,6,25,6,25,30,25,6,25,6,25,6,25,6,25,6,25,6,25,6,25 -> output: 74
input: 75 -> message: 31,31,14,30,30,30,30,30,30,30,30,30,30,30,30,30,30,30,30,30,30,30,30,30,30,30,30,30,30,30 -> output: 75
input: 76 -> message: 30,25,25,25,25,30,25,25,6,25,6,25,6,25,30,25,6,25,6,25,6,25,6,25,6,25,6,25,30,25 -> output: 76
input: 77 -> message: 30,6,37,11,37,37,11,37,25,37,11,37,25,6,37,37,11,37,25,6,37,37,11,37,25,6,37,37,11,37 -> output: 77
input: 78 -> message: 14,14,14,14,14,30,30,30,30,30,30,30,14,30,14,30,14,30,14,37,14,37,14,37,14,37,14,37,14,37 -> output: 78
input: 79 -> message: 31,31,33,33,30,30,30,30,30,30,30,30,30,30,30,30,25,30,25,37,25,6,25,6,25,6,11,37,25,37 -> output: 79
input: 80 -> message: 31,33,25,6,37,37,37,25,6,37,37,25,6,37,37,25,6,37,37,25,6,37,37,25,6,37,37,25,6,37 -> output: 80
input: 81 -> message: 31,31,33,30,30,30,30,30,30,30,30,30,30,30,30,30,30,30,30,30,30,30,30,30,30,30,30,30,30,30 -> output: 81
input: 82 -> message: 14,31,14,30,30,30,30,30,30,30,30,30,30,30,30,30,30,30,30,30,30,30,30,30,30,30,30,30,30,30 -> output: 82
input: 83 -> message: 33,33,37,25,37,25,6,37,37,25,6,37,25,6,37,37,25,6,37,25,6,37,37,25,6,37,25,6,37,37 -> output: 83
input: 84 -> message: 25,30,25,6,25,6,25,6,25,6,25,6,25,6,25,6,25,6,25,6,25,6,25,6,25,6,25,6,25,6 -> output: 84
input: 85 -> message: 33,30,30,16,16,37,11,16,37,11,16,37,11,16,16,37,11,16,37,11,16,37,11,16,37,11,16,37,11,16 -> output: 85
input: 86 -> message: 3,31,14,31,8,8,8,8,8,8,8,8,8,8,8,8,8,8,8,8,8,8,8,8,8,8,8,8,8,8 -> output: 86
input: 87 -> message: 25,11,11,11,11,11,25,6,11,11,25,6,6,37,11,25,6,6,37,25,6,6,11,37,25,6,6,11,37,25 -> output: 87
input: 88 -> message: 8,8,8,8,8,8,8,8,8,8,8,8,8,8,8,8,8,8,8,8,8,8,8,8,8,8,8,8,8,8 -> output: 88
input: 89 -> message: 31,33,25,25,6,25,6,25,6,25,6,25,6,25,6,25,6,25,6,25,6,25,6,25,6,25,6,25,6,25 -> output: 89
input: 90 -> message: 30,37,37,37,37,37,37,37,37,37,37,37,37,37,37,37,37,37,37,37,37,37,37,37,37,37,37,37,37,37 -> output: 90
input: 91 -> message: 33,30,37,37,37,37,37,37,37,37,37,37,37,37,37,37,37,37,37,37,37,37,37,37,37,37,37,37,37,37 -> output: 103
input: 92 -> message: 33,30,30,25,37,25,6,6,25,6,6,25,6,6,25,30,25,6,6,20,25,30,25,6,6,20,25,30,25,30 -> output: 652
input: 93 -> message: 30,16,16,16,16,37,16,11,37,16,16,11,37,16,11,37,16,11,37,16,16,37,11,16,16,37,11,16,16,37 -> output: 93
input: 94 -> message: 11,6,11,11,11,11,37,11,11,11,37,11,37,11,11,37,11,37,11,37,11,37,11,37,11,37,11,37,11,37 -> output: 94
input: 95 -> message: 31,14,14,14,30,30,30,30,30,30,30,30,30,30,30,14,30,14,30,14,30,14,30,14,30,14,30,14,30,14 -> output: 95
input: 96 -> message: 31,30,30,30,30,30,30,30,30,30,30,30,30,30,30,30,14,30,37,14,37,14,37,14,37,14,37,14,37,14 -> output: 96
input: 97 -> message: 31,33,25,25,25,30,25,6,25,6,25,6,25,30,25,6,25,6,25,6,25,6,25,6,25,6,25,6,25,6 -> output: 97
input: 98 -> message: 33,30,25,37,6,37,25,6,6,6,25,6,6,20,25,6,20,25,6,20,25,6,6,20,25,30,6,25,6,25 -> output: 98
input: 99 -> message: 25,30,25,25,30,25,6,25,6,25,6,25,30,25,6,25,6,25,6,25,6,25,6,25,6,25,6,25,6,25 -> output: 99
input: 100 -> message: 33,30,30,30,30,30,30,30,30,30,30,30,30,30,30,30,30,30,30,30,30,30,30,30,30,30,30,30,30,30 -> output: 880
input: 101 -> message: 31,30,11,11,11,11,11,11,11,11,11,11,11,11,11,11,11,11,11,11,11,11,11,11,11,11,11,11,11,11 -> output: 334
input: 102 -> message: 30,30,16,16,16,37,16,37,16,37,16,16,37,16,16,37,16,16,37,16,16,37,16,16,37,16,16,37,16,16 -> output: 102
input: 103 -> message: 33,30,37,37,37,37,37,37,37,37,37,37,37,37,37,37,37,37,37,37,37,37,37,37,37,37,37,37,37,37 -> output: 103
input: 104 -> message: 33,30,30,25,25,25,30,25,25,30,25,25,6,25,6,25,30,25,6,25,6,25,6,25,30,25,6,25,6,25 -> output: 104
input: 105 -> message: 31,33,37,25,37,37,37,25,6,37,6,37,25,6,37,6,25,6,37,37,25,6,37,37,25,6,37,37,25,6 -> output: 105
input: 106 -> message: 33,30,30,30,30,25,25,30,25,30,25,30,25,30,25,30,25,25,6,25,6,25,30,25,30,25,30,25,30,25 -> output: 106
input: 107 -> message: 30,25,25,25,6,25,6,25,6,25,6,25,6,25,6,25,6,25,6,25,6,25,6,25,6,25,6,25,6,25 -> output: 107
input: 108 -> message: 31,33,30,30,30,30,30,8,8,8,8,8,8,8,8,8,8,8,8,8,8,8,8,8,8,8,8,8,8,8 -> output: 108
input: 109 -> message: 31,30,30,30,30,30,30,16,16,37,16,37,16,37,16,37,16,37,16,37,16,37,16,16,37,16,23,37,16,23 -> output: 109
input: 110 -> message: 30,30,30,30,37,14,37,6,37,11,37,37,25,6,6,37,11,37,25,37,11,37,25,37,11,37,25,37,11,37 -> output: 110
input: 111 -> message: 31,31,30,30,30,30,30,30,30,30,30,30,30,30,30,30,30,30,30,30,30,30,30,30,30,30,30,30,30,30 -> output: 111
input: 112 -> message: 14,30,30,37,16,16,37,16,37,16,37,16,37,16,16,37,16,37,16,37,16,37,16,37,16,37,16,37,16,37 -> output: 112
input: 113 -> message: 31,25,37,37,37,37,25,6,37,37,25,6,37,37,25,6,37,37,25,6,37,37,25,6,37,37,25,6,37,37 -> output: 113
input: 114 -> message: 25,33,25,6,25,6,6,25,6,25,6,25,6,25,6,25,6,25,6,25,6,25,6,25,6,25,6,25,6,25 -> output: 114
input: 115 -> message: 31,25,25,25,30,25,6,25,6,25,30,25,6,25,6,25,6,25,6,25,6,25,30,25,6,25,6,25,6,25 -> output: 115
input: 116 -> message: 6,11,37,25,25,6,25,6,6,25,6,25,6,6,25,6,25,6,6,25,6,25,6,25,6,25,6,6,25,6 -> output: 116
input: 117 -> message: 31,33,30,30,30,30,30,30,30,30,30,30,30,30,30,30,30,30,30,30,30,30,30,30,30,30,30,30,30,30 -> output: 40
input: 118 -> message: 31,30,37,37,37,37,37,37,37,37,37,37,37,37,37,37,37,37,37,37,37,37,37,37,37,37,37,37,37,37 -> output: 118
input: 119 -> message: 31,30,37,16,37,16,37,16,37,16,16,37,16,37,16,37,16,37,16,37,16,37,16,37,16,37,16,37,16,37 -> output: 119
input: 120 -> message: 15,30,30,30,30,6,37,11,37,11,37,11,37,11,37,11,37,11,37,11,37,11,37,11,37,11,37,11,37,11 -> output: 120
input: 121 -> message: 31,31,31,14,14,30,30,30,30,30,30,30,30,30,30,30,30,30,30,30,30,30,30,30,30,30,30,30,14,30 -> output: 121
input: 122 -> message: 16,31,30,30,16,16,16,37,16,37,16,16,37,16,16,37,16,16,37,16,16,37,16,16,37,16,16,37,16,16 -> output: 122
input: 123 -> message: 33,16,11,37,11,37,11,37,11,37,11,37,11,37,11,37,11,37,11,37,11,37,11,37,11,37,11,37,11,37 -> output: 123
input: 124 -> message: 14,30,30,30,30,30,30,16,16,16,8,8,8,8,8,8,8,8,8,8,8,8,8,8,8,8,8,8,8,8 -> output: 124
input: 125 -> message: 31,14,30,26,8,8,8,8,8,8,8,8,8,8,8,8,8,8,8,8,8,8,8,8,8,8,8,8,8,8 -> output: 125
input: 126 -> message: 33,16,16,16,37,16,16,37,16,16,37,16,16,37,16,16,37,16,16,37,16,16,37,16,16,37,16,16,37,16 -> output: 126
input: 127 -> message: 31,33,30,30,30,30,30,30,30,16,16,16,16,8,8,8,8,8,8,8,8,8,8,8,8,8,8,8,8,8 -> output: 127
input: 128 -> message: 31,30,30,30,30,30,30,30,30,30,30,30,30,30,30,30,30,30,30,30,30,30,30,30,30,30,30,30,30,30 -> output: 16
input: 129 -> message: 29,25,25,25,25,30,25,6,25,6,25,6,25,6,25,6,25,6,25,6,25,6,25,6,25,6,25,6,25,6 -> output: 129
input: 130 -> message: 31,31,33,33,30,30,30,30,30,30,30,30,30,30,30,30,30,30,30,30,30,30,30,30,30,30,30,30,30,30 -> output: 130
input: 131 -> message: 31,30,30,25,25,30,25,25,6,25,6,25,6,25,30,25,6,25,6,25,30,25,30,25,30,25,30,25,6,25 -> output: 131
input: 132 -> message: 31,30,37,37,37,37,37,37,37,37,37,37,37,37,37,37,37,37,37,37,37,37,37,37,37,37,37,37,37,37 -> output: 118
input: 133 -> message: 31,30,37,37,25,37,6,25,6,37,37,25,6,6,6,25,6,6,25,6,6,20,25,6,37,25,6,25,6,6 -> output: 229
input: 134 -> message: 25,6,6,25,6,6,25,6,11,20,25,25,6,25,6,25,6,25,6,25,6,25,6,25,6,25,6,25,6,25 -> output: 141
input: 135 -> message: 33,30,37,37,25,37,37,37,37,25,6,6,37,37,37,25,6,6,37,37,25,6,37,37,25,6,37,25,6,37 -> output: 135
input: 136 -> message: 31,31,31,31,30,30,30,30,30,30,30,30,30,30,30,30,30,30,30,30,30,30,30,30,30,30,30,30,30,30 -> output: 63
input: 137 -> message: 31,30,30,30,30,37,37,37,37,37,37,37,37,37,37,37,37,37,37,37,37,37,37,37,37,37,37,37,37,37 -> output: 357
input: 138 -> message: 14,37,37,37,37,37,37,37,37,37,37,37,37,37,37,37,37,37,37,37,37,37,37,37,37,37,37,37,37,37 -> output: 172
input: 139 -> message: 33,31,31,25,25,30,25,30,25,6,25,6,25,6,25,30,25,6,25,6,25,6,25,30,25,6,25,6,25,30 -> output: 139
input: 140 -> message: 31,33,33,33,30,30,30,30,30,30,30,37,25,30,25,30,25,37,25,30,37,25,30,37,25,30,25,37,37,25 -> output: 140
input: 141 -> message: 25,6,6,25,6,6,25,6,25,6,25,6,25,6,25,6,25,6,25,6,25,6,25,6,25,6,25,6,25,6 -> output: 141
input: 142 -> message: 31,14,25,6,25,6,33,25,6,25,6,25,6,25,6,6,25,6,25,6,25,6,25,6,25,6,25,6,25,6 -> output: 142
input: 143 -> message: 30,30,37,37,37,25,6,6,37,37,25,6,6,37,25,6,37,25,6,37,25,6,37,25,6,37,25,30,37,25 -> output: 143
input: 144 -> message: 31,33,30,30,30,37,37,37,25,37,6,6,11,37,25,6,6,37,37,37,6,37,25,6,6,37,37,25,6,6 -> output: 283
input: 145 -> message: 31,33,33,25,25,25,6,25,6,25,6,25,6,25,6,25,6,25,6,25,6,25,6,25,6,25,6,25,6,25 -> output: 145
input: 146 -> message: 31,30,11,37,11,11,11,11,11,11,11,11,25,6,11,11,37,25,6,11,11,37,25,6,11,11,37,25,6,11 -> output: 146
input: 147 -> message: 33,25,6,25,6,25,6,6,25,6,25,6,25,6,25,6,25,6,25,6,25,6,25,6,25,6,25,6,25,6 -> output: 147
input: 148 -> message: 14,14,30,30,30,37,14,37,14,37,14,37,14,37,37,11,37,11,37,11,37,37,11,37,37,11,37,37,37,11 -> output: 148
input: 149 -> message: 30,37,37,37,37,37,37,37,37,37,37,37,37,37,37,37,37,37,37,37,37,37,37,37,37,37,37,37,37,37 -> output: 90
input: 150 -> message: 14,30,6,11,37,11,37,11,37,25,6,11,11,37,25,6,6,11,37,25,6,6,11,37,25,6,6,11,11,37 -> output: 150
input: 151 -> message: 25,6,6,25,6,6,25,6,25,6,25,6,25,6,25,6,25,6,25,6,25,6,25,6,25,6,25,6,25,6 -> output: 141
input: 152 -> message: 30,30,11,11,37,11,37,11,37,11,37,11,37,11,37,11,37,11,37,11,37,11,37,11,37,11,37,11,37,11 -> output: 152
input: 153 -> message: 33,6,11,11,25,6,6,11,37,25,6,6,11,37,25,6,6,20,25,6,11,37,25,25,6,6,20,25,6,6 -> output: 153
input: 154 -> message: 31,30,16,16,16,11,11,37,11,37,11,37,11,11,11,11,11,11,11,11,11,37,11,37,11,11,37,11,37,11 -> output: 154
input: 155 -> message: 31,30,30,37,6,11,37,25,6,6,6,33,25,6,6,11,11,25,6,6,11,37,25,25,6,6,11,37,25,25 -> output: 155
input: 156 -> message: 25,6,11,37,11,37,37,37,37,25,6,37,11,37,25,6,37,37,37,6,37,37,25,6,37,11,37,25,6,37 -> output: 156
input: 157 -> message: 31,31,14,30,30,30,30,30,30,30,30,30,30,30,30,30,30,30,30,30,30,30,30,30,30,30,30,30,30,30 -> output: 75
input: 158 -> message: 25,25,6,6,37,25,6,25,6,37,6,25,6,25,6,25,6,37,25,25,6,6,25,6,37,25,25,6,6,25 -> output: 158
input: 159 -> message: 33,33,25,25,25,30,25,6,25,6,25,30,25,6,25,6,25,6,25,6,25,6,25,6,25,6,25,6,25,30 -> output: 424
input: 160 -> message: 31,30,25,6,6,25,6,6,37,25,6,25,6,25,6,25,6,25,6,25,6,25,6,25,6,25,6,25,6,25 -> output: 160
input: 161 -> message: 31,30,16,16,16,16,16,13,11,16,37,11,16,16,11,37,11,16,11,37,11,37,16,11,37,11,37,11,37,11 -> output: 161
input: 162 -> message: 16,31,33,37,11,37,37,11,37,11,37,11,37,11,37,11,37,11,37,11,37,11,37,11,37,11,37,11,37,11 -> output: 162
input: 163 -> message: 31,33,30,30,16,11,11,37,11,37,11,37,11,37,11,37,11,37,11,37,11,37,11,37,11,37,11,37,11,37 -> output: 163
input: 164 -> message: 31,30,30,30,30,30,30,30,30,30,30,30,30,37,14,25,6,37,14,25,6,33,25,6,33,25,6,33,25,30 -> output: 164
input: 165 -> message: 33,30,30,30,30,30,30,30,30,30,25,30,14,30,25,30,14,30,25,37,6,11,14,25,6,33,25,6,33,25 -> output: 372
input: 166 -> message: 33,25,25,25,30,25,25,6,25,6,25,30,25,6,25,6,25,6,25,6,25,6,25,30,25,6,25,6,25,6 -> output: 166
input: 167 -> message: 25,6,11,11,37,11,37,11,37,11,37,11,37,11,37,11,37,11,37,37,11,37,37,11,37,37,11,37,11,37 -> output: 167
input: 168 -> message: 30,30,30,37,37,37,37,37,37,37,37,37,37,37,37,37,37,37,37,37,37,37,37,37,37,37,37,37,37,37 -> output: 168
input: 169 -> message: 31,30,30,30,30,37,25,37,14,6,37,14,37,14,25,6,6,11,6,37,11,25,6,6,6,37,25,30,6,25 -> output: 169
input: 170 -> message: 33,25,6,6,25,6,6,25,6,11,37,25,25,6,25,6,25,6,25,6,25,6,25,6,25,6,25,6,25,6 -> output: 170
input: 171 -> message: 30,30,30,30,30,25,30,25,37,6,25,6,37,25,6,6,6,25,30,25,6,6,6,25,30,25,6,6,25,30 -> output: 8
input: 172 -> message: 14,37,37,37,37,37,37,37,37,37,37,37,37,37,37,37,37,37,37,37,37,37,37,37,37,37,37,37,37,37 -> output: 172
input: 173 -> message: 31,31,31,33,30,30,30,30,30,30,30,30,30,30,30,30,30,30,30,30,30,30,30,30,30,30,30,30,30,30 -> output: 173
input: 174 -> message: 33,30,30,30,37,25,37,25,6,6,25,6,6,6,25,6,6,25,30,25,6,6,25,30,25,6,25,6,6,25 -> output: 174
input: 175 -> message: 31,14,25,25,25,30,25,6,25,6,25,6,25,30,25,6,25,6,25,6,25,6,25,6,25,6,25,6,25,6 -> output: 60
input: 176 -> message: 30,6,37,25,6,6,37,37,25,6,37,6,25,6,37,25,25,6,6,20,25,6,37,25,25,6,6,37,25,25 -> output: 176
input: 177 -> message: 14,30,37,11,37,11,37,11,37,37,37,37,11,37,11,37,11,37,11,37,37,11,37,37,11,37,37,11,37,37 -> output: 177
input: 178 -> message: 25,6,11,37,11,37,25,6,37,37,37,25,6,37,37,37,25,6,37,37,25,6,37,37,25,6,37,37,25,6 -> output: 156
input: 179 -> message: 8,31,8,8,8,8,8,8,8,8,8,8,8,8,8,8,8,8,8,8,8,8,8,8,8,8,8,8,8,8 -> output: 179
input: 180 -> message: 31,30,30,30,30,30,14,37,14,6,37,14,37,25,6,33,6,33,25,6,6,6,6,6,11,37,25,6,11,6 -> output: 180
input: 181 -> message: 30,30,11,11,11,11,11,11,11,11,11,11,11,11,11,11,11,11,11,11,37,11,11,11,11,11,37,11,37,11 -> output: 181
input: 182 -> message: 15,30,30,30,30,16,16,37,16,37,16,37,16,37,16,37,16,37,16,37,16,16,37,16,23,37,16,37,11,16 -> output: 182
input: 183 -> message: 33,30,30,30,16,16,16,16,8,8,8,8,8,8,8,8,8,8,8,8,8,8,8,8,8,8,8,8,8,8 -> output: 183
input: 184 -> message: 33,33,30,37,37,37,37,37,37,37,37,37,37,37,37,37,37,37,37,37,37,37,37,37,37,37,37,37,37,37 -> output: 184
input: 185 -> message: 31,33,33,30,30,37,37,37,37,37,37,37,25,37,37,37,37,37,37,37,37,37,37,37,37,37,37,37,37,37 -> output: 421
input: 186 -> message: 25,6,11,11,25,6,6,6,37,25,25,6,6,11,37,25,25,6,6,6,25,6,6,37,25,25,6,6,6,25 -> output: 186
input: 187 -> message: 31,33,25,25,6,37,25,6,25,6,37,25,6,25,6,6,25,6,25,6,25,6,25,6,25,6,25,6,25,6 -> output: 187
input: 188 -> message: 31,33,30,37,37,37,37,37,37,37,37,37,37,37,37,37,37,37,37,37,37,37,37,37,37,37,37,37,37,37 -> output: 188
input: 189 -> message: 37,37,11,37,11,37,11,37,37,37,37,11,37,37,37,37,37,37,37,37,37,37,37,37,37,37,37,37,37,37 -> output: 189
input: 190 -> message: 14,30,30,37,37,37,37,37,37,37,37,37,37,37,37,37,37,37,37,37,37,37,37,37,37,37,37,37,37,37 -> output: 190
input: 191 -> message: 33,30,30,30,30,30,11,11,11,11,11,11,11,11,11,11,11,11,11,11,11,11,11,11,11,11,11,11,11,11 -> output: 191
input: 192 -> message: 31,31,33,30,30,30,30,30,30,30,37,37,37,37,37,37,37,37,37,37,37,37,37,37,37,37,37,37,37,37 -> output: 192
input: 193 -> message: 31,33,33,30,30,30,30,37,37,25,37,37,37,6,37,25,6,11,37,25,6,6,37,25,6,37,37,25,6,6 -> output: 193
input: 194 -> message: 31,30,25,25,6,25,6,25,6,25,6,25,6,25,6,25,6,25,6,6,25,6,25,6,25,6,25,6,25,6 -> output: 194
input: 195 -> message: 31,14,30,30,30,30,37,14,37,14,37,14,37,14,37,14,37,14,37,14,37,14,37,14,37,14,37,14,37,14 -> output: 312
input: 196 -> message: 14,30,30,30,30,30,14,6,14,37,14,14,6,11,14,37,14,11,37,11,37,25,37,11,11,11,37,11,11,37 -> output: 196
input: 197 -> message: 31,31,31,31,8,31,8,8,8,8,8,8,8,8,8,8,8,8,8,8,8,8,8,8,8,8,8,8,8,8 -> output: 197
input: 198 -> message: 33,30,11,11,11,11,11,11,11,11,11,11,11,11,11,11,11,11,11,11,37,11,11,37,11,11,37,11,11,11 -> output: 198
input: 199 -> message: 30,11,16,11,11,37,11,37,11,37,11,11,11,37,11,37,11,37,11,37,11,37,11,37,11,37,11,37,11,37 -> output: 199
input: 200 -> message: 31,30,16,16,16,37,16,37,16,23,37,16,11,37,16,16,37,11,16,16,37,11,16,16,37,11,16,16,37,11 -> output: 200
input: 201 -> message: 31,14,14,30,30,30,30,30,30,30,30,30,30,30,30,14,30,37,30,37,30,37,30,37,14,37,14,37,37,37 -> output: 201
input: 202 -> message: 31,33,30,30,30,30,37,25,37,37,14,37,6,25,6,6,6,37,11,37,25,6,6,37,14,25,6,6,6,37 -> output: 283
input: 203 -> message: 33,25,37,37,25,6,37,37,25,6,37,37,25,6,37,37,25,6,37,37,25,6,37,37,25,6,37,37,25,6 -> output: 203
input: 204 -> message: 31,30,25,25,30,25,25,30,25,6,25,6,25,6,25,6,25,30,25,6,25,6,25,30,25,6,25,6,25,30 -> output: 530
input: 205 -> message: 31,30,25,37,25,6,6,25,6,25,6,25,6,25,6,6,25,6,25,6,25,6,25,6,25,6,25,6,25,6 -> output: 205
input: 206 -> message: 31,33,30,37,37,37,37,37,37,37,37,37,37,37,37,37,37,37,37,37,37,37,37,37,37,37,37,37,37,37 -> output: 188
input: 207 -> message: 33,25,6,6,37,25,6,25,6,37,25,25,6,6,25,6,37,25,6,25,6,6,25,6,37,25,25,6,6,25 -> output: 207
input: 208 -> message: 31,30,30,30,30,30,30,30,37,14,6,37,14,37,14,37,14,37,25,37,11,37,11,37,25,37,11,37,25,37 -> output: 208
input: 209 -> message: 25,6,25,6,25,6,6,25,6,25,6,25,6,25,6,25,6,25,6,25,6,25,6,25,6,25,6,25,6,25 -> output: 209
input: 210 -> message: 30,30,30,30,16,16,16,16,16,37,16,37,16,16,37,16,16,37,16,16,37,16,16,37,16,16,37,16,16,37 -> output: 210
input: 211 -> message: 30,30,30,25,6,11,37,25,6,6,6,6,6,6,20,25,30,25,6,20,25,30,6,25,6,6,20,25,30,11 -> output: 211
input: 212 -> message: 33,30,6,11,37,11,11,37,11,37,11,37,11,37,37,11,37,25,6,11,37,11,37,6,37,11,37,11,37,25 -> output: 586
input: 213 -> message: 31,31,14,31,14,14,31,8,8,8,8,8,8,8,8,8,8,8,8,8,8,8,8,8,8,8,8,8,8,8 -> output: 213
input: 214 -> message: 31,14,30,11,37,11,37,11,37,11,37,11,37,11,37,11,37,11,37,11,37,11,37,11,37,11,37,11,37,11 -> output: 436
input: 215 -> message: 14,25,25,25,25,25,30,25,6,25,6,25,6,25,6,25,6,25,6,25,30,25,6,25,6,25,6,25,6,25 -> output: 215
input: 216 -> message: 8,16,31,33,30,11,11,11,37,11,37,11,11,11,11,11,37,11,37,11,37,11,37,11,37,11,37,11,37,11 -> output: 216
input: 217 -> message: 31,33,30,25,25,25,30,25,30,25,25,30,25,6,25,6,25,6,25,6,25,30,25,6,25,6,25,30,25,6 -> output: 217
input: 218 -> message: 10,38,14,14,14,8,8,8,8,8,8,8,8,8,8,8,8,8,8,8,8,8,8,8,8,8,8,8,8,8 -> output: 218
input: 219 -> message: 31,11,37,11,37,11,37,11,37,11,37,11,37,11,37,11,37,11,37,11,37,11,37,11,37,11,37,11,37,37 -> output: 219
input: 220 -> message: 31,30,16,11,11,11,37,11,37,11,11,11,11,11,37,11,11,37,11,37,11,37,11,37,11,37,11,37,11,37 -> output: 220
input: 221 -> message: 31,30,30,16,16,16,16,37,16,37,16,16,37,16,16,37,16,16,37,16,16,37,16,16,37,16,16,37,16,16 -> output: 221
input: 222 -> message: 31,30,30,30,37,11,37,11,37,11,37,11,37,11,37,11,37,11,37,11,37,11,37,11,37,11,37,11,37,11 -> output: 222
input: 223 -> message: 33,25,25,25,6,25,6,25,6,25,6,25,6,25,6,25,6,25,6,25,6,25,6,25,6,25,6,25,6,25 -> output: 223
input: 224 -> message: 31,31,30,30,37,37,37,37,11,37,37,37,37,37,37,37,37,37,37,25,6,37,11,37,25,6,6,37,11,37 -> output: 224
input: 225 -> message: 33,25,25,6,6,37,25,6,25,6,25,6,25,6,25,6,25,6,25,6,6,25,6,25,6,25,6,25,6,25 -> output: 225
input: 226 -> message: 31,14,31,14,8,8,8,8,8,8,8,8,8,8,8,8,8,8,8,8,8,8,8,8,8,8,8,8,8,8 -> output: 226
input: 227 -> message: 33,30,30,30,37,6,11,37,6,37,11,37,25,6,11,37,25,6,6,11,37,25,6,11,37,25,6,6,11,37 -> output: 392
input: 228 -> message: 31,30,37,37,11,37,11,37,11,37,11,37,11,37,37,37,11,37,37,11,37,37,11,37,25,6,11,37,37,37 -> output: 228
input: 229 -> message: 31,30,37,25,37,6,37,37,25,6,6,37,6,25,6,25,6,6,37,25,6,37,25,6,25,6,6,37,25,6 -> output: 133
input: 230 -> message: 14,30,11,37,11,37,11,37,11,37,11,37,11,37,11,37,11,37,11,37,11,37,11,37,11,37,11,37,11,37 -> output: 230
input: 231 -> message: 30,30,30,16,8,8,8,8,8,8,8,8,8,8,8,8,8,8,8,8,8,8,8,8,8,8,8,8,8,8 -> output: 231
input: 232 -> message: 33,30,6,37,11,37,37,11,37,25,6,37,11,37,37,6,37,37,11,37,25,6,37,11,37,25,6,37,37,11 -> output: 232
input: 233 -> message: 33,30,30,30,30,16,16,16,37,16,37,16,37,16,37,16,37,16,37,16,16,37,16,16,37,16,16,37,16,16 -> output: 233
input: 234 -> message: 33,37,37,37,37,25,6,37,11,37,25,6,37,37,37,37,25,6,37,37,11,37,25,6,37,37,37,25,6,37 -> output: 477
input: 235 -> message: 25,25,6,25,6,6,25,6,37,25,25,6,25,6,25,6,25,6,25,6,25,6,25,6,25,6,25,6,25,6 -> output: 235
input: 236 -> message: 31,33,25,6,37,25,6,6,37,25,6,37,25,6,25,6,37,25,6,25,6,37,6,25,6,25,6,37,6,25 -> output: 236
input: 237 -> message: 31,30,6,37,11,37,25,6,6,11,37,25,6,6,6,25,6,6,6,25,6,6,20,25,6,6,20,25,6,6 -> output: 237
input: 238 -> message: 33,33,30,11,37,11,37,11,37,11,37,11,37,11,37,11,37,11,37,11,37,11,37,11,37,11,37,11,37,11 -> output: 238
input: 239 -> message: 31,33,30,30,25,25,37,25,6,25,6,25,6,25,6,25,6,25,6,25,6,25,6,25,6,25,6,25,6,25 -> output: 239
input: 240 -> message: 33,31,33,30,25,25,25,30,25,25,30,25,25,6,25,6,25,6,25,6,25,6,25,6,25,6,25,6,25,6 -> output: 240
input: 241 -> message: 3,14,14,14,14,8,8,8,8,8,8,8,8,8,8,8,8,8,8,8,8,8,8,8,8,8,8,8,8,8 -> output: 241
input: 242 -> message: 31,14,30,11,16,11,11,37,11,37,11,37,11,37,11,11,11,11,11,11,11,37,11,11,11,11,37,11,11,37 -> output: 242
input: 243 -> message: 33,33,25,37,25,6,6,37,25,6,37,25,6,37,25,6,37,25,6,37,25,6,37,6,25,6,37,25,6,37 -> output: 243
input: 244 -> message: 31,14,14,14,30,30,30,30,30,30,30,30,30,30,30,30,30,30,30,30,30,30,30,30,30,30,30,30,30,30 -> output: 95
input: 245 -> message: 31,31,30,30,30,30,30,30,30,30,30,30,30,30,30,30,30,30,30,30,30,30,30,30,30,30,30,30,30,30 -> output: 111
input: 246 -> message: 33,30,30,16,16,8,8,8,8,8,8,8,8,8,8,8,8,8,8,8,8,8,8,8,8,8,8,8,8,8 -> output: 246
input: 247 -> message: 31,31,31,33,33,30,30,30,30,30,30,30,30,30,30,30,30,37,25,37,25,37,11,37,25,37,11,37,25,37 -> output: 247
input: 248 -> message: 31,33,33,30,30,30,30,30,30,30,30,30,30,30,30,30,30,30,30,30,25,30,25,25,30,25,30,25,30,25 -> output: 248
input: 249 -> message: 33,33,33,30,30,30,30,30,30,30,25,30,25,30,25,30,25,30,25,6,25,6,37,25,30,25,30,25,30,25 -> output: 249
input: 250 -> message: 31,33,30,30,30,30,30,30,37,37,37,37,37,37,37,37,37,37,37,37,37,37,37,37,37,37,37,37,37,37 -> output: 250
input: 251 -> message: 33,25,6,6,25,6,6,11,37,25,25,6,11,37,25,25,6,6,25,6,6,25,6,11,6,25,6,25,6,6 -> output: 170
input: 252 -> message: 14,11,37,11,37,11,37,11,37,11,37,11,37,11,37,11,37,11,37,11,37,11,37,11,37,11,37,11,37,11 -> output: 252
input: 253 -> message: 14,37,11,37,37,37,37,37,37,37,37,37,37,37,37,37,37,37,37,37,37,37,37,37,37,37,37,37,37,37 -> output: 138
input: 254 -> message: 14,30,37,11,37,11,37,37,37,37,37,37,11,37,25,6,37,11,37,25,6,37,11,37,25,6,37,11,37,25 -> output: 991
input: 255 -> message: 14,30,37,37,37,37,37,37,37,37,37,37,37,37,37,37,37,37,37,37,37,37,37,37,37,37,37,37,37,37 -> output: 190
input: 256 -> message: 33,30,37,37,37,37,37,37,37,37,37,37,37,37,37,37,37,37,37,37,37,37,37,37,37,37,37,37,37,37 -> output: 103
input: 257 -> message: 14,30,30,11,16,11,11,37,11,37,11,37,11,11,11,11,37,11,11,11,11,37,11,11,37,11,37,11,37,11 -> output: 257
input: 258 -> message: 33,37,37,37,37,37,37,37,37,37,37,37,37,37,37,37,37,37,37,37,37,37,37,37,37,37,37,37,37,37 -> output: 258
input: 259 -> message: 31,33,30,30,37,11,37,11,37,11,37,11,37,11,37,11,37,11,37,11,37,11,37,11,11,37,11,37,11,37 -> output: 259
input: 260 -> message: 14,16,16,11,37,11,37,11,37,11,37,11,37,11,37,11,37,11,37,11,37,11,37,11,37,11,37,11,37,11 -> output: 260
input: 261 -> message: 31,33,30,30,30,30,37,37,37,37,37,37,37,37,37,37,37,37,37,37,37,37,37,37,37,37,37,37,37,37 -> output: 380
input: 262 -> message: 14,30,30,30,30,37,37,37,37,37,37,37,37,37,37,37,37,37,37,37,37,37,37,37,37,37,37,37,37,37 -> output: 262
input: 263 -> message: 31,33,30,25,25,30,25,30,25,6,25,6,25,30,25,6,25,6,25,6,25,6,25,30,25,6,25,6,25,30 -> output: 263
input: 264 -> message: 14,37,37,37,11,37,37,37,37,37,37,37,37,37,37,37,37,37,25,6,37,11,37,25,6,37,37,37,25,6 -> output: 138
input: 265 -> message: 25,30,25,6,6,25,6,25,6,25,6,25,6,6,25,6,25,6,25,6,25,6,25,6,25,6,25,6,25,6 -> output: 280
input: 266 -> message: 15,16,8,8,8,8,8,8,8,8,8,8,8,8,8,8,8,8,8,8,8,8,8,8,8,8,8,8,8,8 -> output: 266
input: 267 -> message: 33,14,14,30,30,30,30,30,30,30,30,30,30,30,30,30,30,30,30,30,30,30,30,30,30,30,30,30,30,30 -> output: 267
input: 268 -> message: 31,30,30,30,30,37,25,37,25,6,6,25,6,6,25,6,6,25,6,6,25,30,25,6,6,25,30,25,6,6 -> output: 307
input: 269 -> message: 33,30,37,11,37,37,37,37,37,11,37,25,6,37,11,37,37,37,11,37,25,6,37,11,37,25,6,37,11,37 -> output: 299
input: 270 -> message: 33,37,11,37,11,37,11,37,11,37,37,11,37,37,11,37,25,6,37,11,37,37,37,11,37,37,37,11,37,25 -> output: 270
input: 271 -> message: 22,30,16,16,16,37,16,11,37,11,16,37,11,16,37,11,16,37,11,16,37,11,16,16,37,11,16,16,37,11 -> output: 271
input: 272 -> message: 31,30,16,16,16,8,8,8,8,8,8,8,8,8,8,8,8,8,8,8,8,8,8,8,8,8,8,8,8,8 -> output: 272
input: 273 -> message: 33,30,16,16,16,16,16,37,16,16,37,16,16,37,16,16,37,16,16,37,16,16,37,16,16,37,16,16,37,16 -> output: 273
input: 274 -> message: 33,25,25,25,6,25,6,25,6,25,6,25,6,25,6,25,6,25,6,25,6,25,6,25,6,25,6,25,6,25 -> output: 223
input: 275 -> message: 31,30,30,30,30,30,30,37,25,30,14,25,6,6,37,14,25,6,33,25,6,6,6,25,6,6,6,25,6,6 -> output: 275
input: 276 -> message: 31,31,33,33,33,30,30,30,30,30,30,30,30,30,30,30,30,30,30,30,30,30,30,30,30,30,30,30,30,30 -> output: 140
input: 277 -> message: 31,31,30,30,30,30,30,30,37,30,37,37,37,25,37,11,37,11,37,25,37,11,6,37,37,25,37,11,6,37 -> output: 277
input: 278 -> message: 30,16,16,11,37,11,37,11,37,11,11,37,11,37,11,37,11,37,11,37,11,37,11,37,11,37,11,37,11,37 -> output: 391
input: 279 -> message: 31,30,30,37,25,37,6,25,6,6,37,37,25,6,6,25,6,6,6,20,25,30,25,6,25,6,6,20,25,6 -> output: 133
input: 280 -> message: 25,30,25,6,25,6,6,25,6,25,6,25,6,25,6,25,6,25,6,25,6,25,6,25,6,25,6,25,6,25 -> output: 280
input: 281 -> message: 31,33,30,30,37,37,37,37,37,37,37,37,37,37,37,37,37,37,37,37,37,37,37,37,37,37,37,37,37,37 -> output: 585
input: 282 -> message: 33,33,33,33,33,30,30,37,25,37,25,37,37,25,37,6,37,25,6,6,37,14,25,6,37,14,37,25,6,6 -> output: 282
input: 283 -> message: 31,33,30,30,30,37,37,25,37,37,6,37,37,37,25,6,6,6,6,37,25,6,6,37,37,25,6,6,37,25 -> output: 283
input: 284 -> message: 33,30,11,16,11,11,11,37,11,37,11,37,11,11,11,11,11,11,37,11,37,11,11,37,11,37,11,37,11,37 -> output: 284
input: 285 -> message: 31,30,30,37,25,37,6,37,6,25,6,6,37,11,37,25,6,6,6,37,25,30,6,25,6,6,20,25,6,6 -> output: 237
input: 286 -> message: 33,30,30,30,11,16,11,37,11,37,11,37,11,37,11,37,11,37,11,37,11,37,11,37,11,37,11,37,11,37 -> output: 286
input: 287 -> message: 33,33,30,30,30,30,37,25,37,37,25,6,11,37,25,6,6,37,37,25,6,6,37,14,37,25,6,6,6,37 -> output: 287
input: 288 -> message: 31,30,37,37,37,25,6,37,37,37,37,25,6,37,14,37,37,25,6,6,37,37,25,6,37,37,25,6,37,37 -> output: 298
input: 289 -> message: 14,30,30,25,25,30,25,30,25,30,25,6,25,6,25,6,25,6,25,6,25,6,25,6,25,6,25,6,25,30 -> output: 289
input: 290 -> message: 33,33,37,37,37,37,37,37,37,37,37,37,37,37,37,37,37,37,37,37,37,37,37,37,37,37,37,37,37,37 -> output: 184
input: 291 -> message: 31,14,30,30,30,16,16,16,37,16,37,16,16,37,16,16,37,16,16,37,16,16,37,16,16,37,16,16,37,16 -> output: 504
input: 292 -> message: 33,25,6,6,11,37,37,11,37,25,6,37,11,37,25,6,37,6,37,25,6,37,37,25,6,37,6,25,6,37 -> output: 292
input: 293 -> message: 31,33,30,30,30,30,30,30,30,30,30,30,37,30,37,14,37,14,37,25,37,11,14,37,25,37,11,14,37,25 -> output: 293
input: 294 -> message: 33,30,6,11,11,11,11,37,11,37,25,6,11,37,6,37,11,37,25,6,6,11,37,25,6,11,37,25,6,11 -> output: 294
input: 295 -> message: 33,30,30,11,11,37,11,37,11,37,11,37,11,37,11,37,11,37,11,37,11,37,11,37,11,37,11,37,11,37 -> output: 798
input: 296 -> message: 14,30,11,11,37,11,37,11,37,11,37,11,37,11,37,11,37,11,37,11,37,11,37,11,37,11,37,11,37,11 -> output: 230
input: 297 -> message: 31,31,14,14,14,14,30,30,30,30,30,30,30,30,30,14,30,14,30,14,30,14,30,14,30,14,30,14,14,14 -> output: 297
input: 298 -> message: 31,30,37,37,37,25,6,37,37,37,25,6,37,14,37,25,6,37,14,37,25,6,37,37,25,6,20,25,37,37 -> output: 298
input: 299 -> message: 33,30,30,37,37,11,37,37,37,37,37,11,37,25,6,37,11,37,37,37,37,37,37,37,37,37,37,37,37,37 -> output: 354
input: 300 -> message: 33,30,30,30,30,37,37,37,37,37,37,37,37,37,37,37,37,37,37,37,37,37,37,37,37,37,37,37,37,37 -> output: 523
input: 301 -> message: 33,31,30,30,30,30,30,30,30,30,30,30,30,30,30,30,30,30,30,30,30,30,30,30,30,30,30,30,30,30 -> output: 301
input: 302 -> message: 31,30,30,30,30,30,30,30,30,30,30,30,30,30,30,30,30,30,30,30,30,30,30,30,30,30,30,30,30,30 -> output: 16
input: 303 -> message: 33,30,25,25,25,30,25,6,25,6,25,6,25,6,25,30,25,6,25,6,25,6,25,6,25,6,25,6,25,6 -> output: 303
input: 304 -> message: 30,11,11,11,11,11,11,11,11,11,11,11,11,11,11,11,11,11,11,11,37,11,11,37,11,11,37,11,11,11 -> output: 304
input: 305 -> message: 30,6,11,11,11,25,6,11,11,25,6,6,11,11,37,25,6,6,6,6,11,37,25,6,6,11,37,25,6,6 -> output: 305
input: 306 -> message: 33,30,30,6,11,11,11,11,11,11,11,11,11,11,11,11,11,11,11,37,11,11,37,11,11,37,11,11,37,25 -> output: 306
input: 307 -> message: 31,30,30,30,30,30,14,37,25,37,14,25,6,6,6,6,6,37,11,25,6,6,25,6,6,6,25,30,25,6 -> output: 342
input: 308 -> message: 14,16,16,13,8,8,8,8,8,8,8,8,8,8,8,8,8,8,8,8,8,8,8,8,8,8,8,8,8,8 -> output: 308
input: 309 -> message: 31,33,30,30,30,30,30,30,37,37,37,37,37,37,37,25,37,37,37,37,25,6,37,14,37,37,25,6,37,14 -> output: 309
input: 310 -> message: 31,33,33,30,30,30,30,30,30,30,30,30,30,30,30,30,30,30,30,30,30,30,30,30,30,30,30,30,30,30 -> output: 597
input: 311 -> message: 33,33,30,30,30,30,30,30,30,30,30,37,30,37,14,37,14,37,14,37,14,25,37,14,6,37,14,37,14,37 -> output: 311
input: 312 -> message: 31,14,30,30,30,30,30,30,37,37,37,37,37,14,37,14,37,14,37,14,37,37,37,37,37,37,37,37,37,37 -> output: 312
input: 313 -> message: 31,30,30,30,30,16,8,8,8,8,8,8,8,8,8,8,8,8,8,8,8,8,8,8,8,8,8,8,8,8 -> output: 313
input: 314 -> message: 16,11,11,37,11,37,11,37,11,11,37,11,37,11,37,11,37,11,37,11,37,11,37,11,37,11,37,11,37,11 -> output: 314
input: 315 -> message: 14,14,14,25,37,25,25,6,25,6,6,25,6,25,6,25,6,37,25,6,25,6,25,6,25,6,25,6,25,6 -> output: 315
input: 316 -> message: 25,6,37,11,37,37,11,37,37,37,37,37,11,37,25,6,37,11,37,25,6,37,11,37,25,6,37,37,11,37 -> output: 156
input: 317 -> message: 31,30,30,30,30,30,30,30,37,37,37,37,37,37,37,37,37,30,37,30,37,37,37,37,37,37,37,37,37,37 -> output: 721
input: 318 -> message: 33,37,37,11,37,11,37,11,37,37,11,37,37,37,37,37,37,37,37,37,37,37,37,37,37,37,37,37,37,37 -> output: 258
input: 319 -> message: 33,30,25,25,6,25,6,25,6,25,6,25,30,25,6,25,6,25,6,25,6,25,6,25,6,25,6,25,6,25 -> output: 604
input: 320 -> message: 31,30,30,30,37,37,37,37,37,37,37,37,37,37,37,37,37,37,37,37,37,37,37,37,37,37,37,37,37,37 -> output: 357
input: 321 -> message: 31,30,30,30,30,30,30,30,37,30,37,37,37,37,37,37,37,37,37,37,37,37,37,37,37,37,37,37,37,37 -> output: 321
input: 322 -> message: 31,33,33,30,30,30,30,37,37,37,37,37,37,37,37,37,37,37,37,37,37,37,37,37,37,37,37,37,37,37 -> output: 322
input: 323 -> message: 14,30,16,37,16,37,16,37,16,37,16,37,16,37,16,37,16,37,16,37,16,16,37,16,37,16,37,16,37,16 -> output: 323
input: 324 -> message: 33,30,37,25,37,6,37,25,6,6,6,6,25,6,6,20,25,6,6,20,25,6,6,20,25,30,6,25,6,20 -> output: 98
input: 325 -> message: 33,31,33,25,25,25,30,25,25,6,25,6,25,6,25,30,25,6,25,6,25,6,25,30,25,6,25,6,25,6 -> output: 325
input: 326 -> message: 8,30,8,8,8,8,8,8,8,8,8,8,8,8,8,8,8,8,8,8,8,8,8,8,8,8,8,8,8,8 -> output: 326
input: 327 -> message: 33,33,25,25,6,25,6,6,25,6,6,37,25,30,25,6,25,6,25,6,6,20,25,6,20,25,6,25,6,25 -> output: 336
input: 328 -> message: 14,33,14,30,30,37,37,37,37,37,37,37,37,37,37,37,37,37,37,37,37,37,37,37,37,37,37,37,37,37 -> output: 328
input: 329 -> message: 37,11,37,11,37,11,37,25,37,11,37,37,25,6,37,11,37,25,6,37,37,37,37,25,6,37,11,37,25,6 -> output: 623
input: 330 -> message: 31,30,25,25,25,6,25,6,25,6,25,6,25,30,25,6,25,6,25,6,25,6,25,6,25,6,25,6,25,6 -> output: 194
input: 331 -> message: 14,30,11,16,11,11,37,11,37,11,37,11,37,11,11,11,11,37,11,11,37,11,37,11,37,11,37,11,37,11 -> output: 331
input: 332 -> message: 33,25,25,6,25,6,25,6,6,25,6,25,6,25,6,25,6,25,6,25,6,25,6,25,6,25,6,25,6,25 -> output: 332
input: 333 -> message: 31,33,11,11,37,11,37,11,37,11,37,11,37,11,37,11,37,11,37,11,37,11,37,11,37,11,37,11,37,11 -> output: 333
input: 334 -> message: 31,30,30,6,11,11,11,11,11,11,11,37,25,6,11,11,37,25,6,11,11,37,25,6,11,11,37,25,6,11 -> output: 334
input: 335 -> message: 33,30,37,37,11,37,11,37,11,37,37,37,11,37,25,6,37,11,37,37,11,37,25,6,37,11,37,37,37,11 -> output: 335
input: 336 -> message: 33,33,25,25,6,37,25,6,25,6,6,25,6,37,25,6,25,6,37,25,25,6,6,25,6,25,6,25,6,6 -> output: 962
input: 337 -> message: 33,33,30,30,30,25,37,37,25,6,6,37,25,6,6,37,37,25,6,6,6,25,6,6,25,6,6,20,25,6 -> output: 287
input: 338 -> message: 14,6,11,11,11,37,11,37,25,6,6,11,37,25,6,11,37,25,6,6,37,11,37,25,6,6,37,6,25,6 -> output: 338
input: 339 -> message: 31,14,16,16,8,8,8,8,8,8,8,8,8,8,8,8,8,8,8,8,8,8,8,8,8,8,8,8,8,8 -> output: 339
input: 340 -> message: 33,11,37,11,37,25,6,11,37,6,37,11,37,25,6,37,11,37,25,6,6,37,11,37,25,6,6,37,6,20 -> output: 340
input: 341 -> message: 31,31,33,30,30,30,30,30,30,30,30,30,30,30,30,30,30,30,30,30,30,30,30,30,30,30,30,30,30,30 -> output: 81
input: 342 -> message: 31,30,30,30,30,37,25,37,14,6,37,14,37,6,37,14,37,25,6,6,37,11,37,25,6,6,37,14,25,6 -> output: 342
input: 343 -> message: 31,31,30,30,30,30,30,37,30,37,37,37,37,37,25,6,6,37,37,37,37,37,25,6,6,37,11,6,37,37 -> output: 343
input: 344 -> message: 33,30,30,30,30,30,30,37,14,37,14,37,14,37,25,6,37,14,37,14,25,6,6,37,14,37,14,37,25,6 -> output: 344
input: 345 -> message: 14,30,30,30,30,30,30,30,30,30,30,30,30,30,30,30,30,30,25,30,25,30,25,30,25,30,25,30,25,30 -> output: 383
input: 346 -> message: 33,30,30,16,11,11,11,37,11,37,11,37,11,11,11,11,11,37,11,11,37,11,37,11,37,11,37,11,37,11 -> output: 346
input: 347 -> message: 33,30,30,25,30,25,6,25,6,25,6,25,6,25,30,25,6,6,25,30,25,6,25,30,25,6,6,25,30,25 -> output: 652
input: 348 -> message: 14,30,30,30,30,30,30,30,30,30,30,30,30,30,30,30,30,30,30,30,30,30,30,30,30,30,30,30,30,30 -> output: 348
input: 349 -> message: 14,16,16,37,16,37,16,37,16,37,16,37,16,37,16,37,16,37,16,37,16,37,16,37,16,37,16,37,16,37 -> output: 472
input: 350 -> message: 15,30,30,8,8,8,8,8,8,8,8,8,8,8,8,8,8,8,8,8,8,8,8,8,8,8,8,8,8,8 -> output: 350
input: 351 -> message: 33,30,30,37,37,37,37,37,37,37,37,37,37,37,37,37,37,37,37,37,37,37,37,37,37,37,37,37,37,37 -> output: 636
input: 352 -> message: 14,25,6,6,6,6,20,25,25,6,20,25,30,25,6,25,6,25,6,25,6,25,6,20,25,6,25,6,25,6 -> output: 352
input: 353 -> message: 31,31,33,33,33,33,30,30,30,30,37,25,37,25,37,6,25,6,6,25,6,6,25,6,6,25,6,6,25,6 -> output: 353
input: 354 -> message: 33,30,30,37,37,37,37,37,11,37,37,37,37,37,37,37,37,37,37,37,37,37,37,37,37,37,37,37,37,37 -> output: 636
input: 355 -> message: 33,33,30,30,30,30,30,30,16,16,16,16,16,16,37,16,37,16,37,16,16,37,16,16,37,16,37,16,37,16 -> output: 355
input: 356 -> message: 31,33,33,33,30,30,37,37,37,37,25,37,37,37,37,37,37,37,37,37,25,6,6,37,37,37,37,37,37,25 -> output: 356
input: 357 -> message: 31,30,30,30,30,37,37,37,37,37,37,37,37,37,37,37,37,37,37,37,37,37,37,37,37,37,37,37,37,37 -> output: 357
input: 358 -> message: 14,30,30,30,25,30,25,30,25,30,25,30,25,30,25,30,25,30,25,30,25,30,25,30,25,30,25,25,6,25 -> output: 383
input: 359 -> message: 31,33,37,37,37,25,6,11,37,25,6,37,11,37,25,6,37,11,6,37,25,6,37,11,37,25,6,37,11,37 -> output: 359
input: 360 -> message: 31,33,33,33,33,25,37,25,6,37,25,6,25,6,6,37,25,6,37,6,25,6,37,25,6,37,25,6,37,25 -> output: 360
input: 361 -> message: 33,30,30,30,30,30,30,30,30,30,30,30,30,30,30,30,30,30,30,30,30,30,30,30,37,14,37,14,11,37 -> output: 361
input: 362 -> message: 33,33,30,30,30,30,30,30,30,30,30,30,30,30,30,30,30,30,30,30,30,30,30,30,30,30,30,30,30,30 -> output: 522
input: 363 -> message: 30,16,16,37,16,37,16,37,16,37,16,37,16,37,16,37,16,37,16,37,16,37,16,37,16,37,16,37,16,37 -> output: 363
input: 364 -> message: 33,30,30,30,30,6,11,37,11,37,11,37,25,37,11,37,11,37,25,37,11,37,11,37,25,6,11,37,37,6 -> output: 382
input: 365 -> message: 15,30,16,8,8,8,8,8,8,8,8,8,8,8,8,8,8,8,8,8,8,8,8,8,8,8,8,8,8,8 -> output: 365
input: 366 -> message: 14,14,30,30,30,30,30,30,16,16,8,8,8,8,8,8,8,8,8,8,8,8,8,8,8,8,8,8,8,8 -> output: 366
input: 367 -> message: 33,25,6,6,6,11,11,25,6,6,6,25,6,11,37,25,25,6,6,6,25,6,6,11,37,25,25,6,6,6 -> output: 367
input: 368 -> message: 33,33,30,30,16,11,37,11,37,11,37,11,37,11,37,11,37,11,37,11,37,11,37,11,37,11,37,11,37,11 -> output: 368
input: 369 -> message: 31,30,30,16,11,37,16,37,11,37,11,37,11,37,11,37,11,37,11,37,11,37,11,37,11,37,11,37,11,37 -> output: 369
input: 370 -> message: 33,30,6,37,11,37,37,11,37,25,6,37,11,37,25,6,37,11,37,25,6,37,37,37,6,37,6,37,6,37 -> output: 232
input: 371 -> message: 14,30,30,30,30,30,30,30,30,30,30,30,30,30,30,30,30,30,30,30,14,30,14,30,14,30,14,30,14,30 -> output: 348
input: 372 -> message: 33,30,30,30,30,30,30,30,30,25,30,14,30,25,30,6,37,14,25,6,33,25,6,33,25,6,33,25,30,25 -> output: 372
input: 373 -> message: 14,30,30,30,30,30,37,37,37,37,37,37,37,37,37,37,37,37,37,37,37,37,37,37,37,37,37,37,37,37 -> output: 262
input: 374 -> message: 31,31,30,30,30,30,30,30,30,37,37,37,37,37,37,37,37,37,37,37,37,37,37,37,37,37,37,37,37,37 -> output: 374
input: 375 -> message: 33,33,30,37,37,37,37,11,37,37,37,37,37,37,37,37,37,37,37,37,37,37,37,37,37,37,37,37,37,37 -> output: 184
input: 376 -> message: 25,6,6,6,11,11,25,6,6,33,25,6,6,20,25,30,11,37,25,25,6,6,25,6,6,37,25,25,6,6 -> output: 186
input: 377 -> message: 31,30,30,30,30,30,30,30,30,30,14,30,14,30,14,30,14,30,14,37,14,25,6,14,6,37,14,25,6,33 -> output: 377
input: 378 -> message: 33,30,30,30,37,6,37,6,37,11,37,37,37,25,6,11,37,11,37,25,6,37,11,37,25,6,37,37,11,37 -> output: 378
input: 379 -> message: 33,33,30,30,37,37,37,37,37,37,37,37,37,37,37,37,37,37,37,37,37,37,37,37,37,37,37,37,37,37 -> output: 518
input: 380 -> message: 31,33,30,30,30,37,37,37,37,37,37,37,37,37,37,37,37,37,37,37,37,37,37,37,37,37,37,37,37,37 -> output: 380
input: 381 -> message: 31,30,30,30,30,30,30,30,30,30,30,30,30,30,30,30,30,30,30,30,30,30,30,30,30,30,30,30,30,30 -> output: 16
input: 382 -> message: 33,30,30,30,6,37,11,37,11,37,11,37,25,6,11,37,37,25,6,37,11,37,25,6,37,11,37,25,6,37 -> output: 392
input: 383 -> message: 14,30,30,30,30,30,25,30,25,30,25,30,25,30,25,30,25,30,25,30,25,30,25,30,25,30,25,6,25,6 -> output: 383
input: 384 -> message: 31,31,33,33,30,30,30,30,30,30,30,30,30,30,30,30,30,30,30,30,30,30,30,30,30,30,30,25,30,25 -> output: 130
input: 385 -> message: 31,33,30,30,30,30,30,30,30,30,30,30,30,30,30,30,30,30,30,30,30,30,30,30,30,30,30,30,30,30 -> output: 40
input: 386 -> message: 31,30,37,37,37,11,37,11,37,11,37,37,37,37,37,37,37,37,37,37,37,37,37,37,37,37,37,37,37,37 -> output: 118
input: 387 -> message: 33,33,33,30,30,30,30,30,30,30,30,30,37,30,37,25,30,37,25,37,11,14,37,14,37,25,37,11,14,37 -> output: 401
input: 388 -> message: 14,14,16,16,31,14,30,16,16,13,13,13,8,8,8,8,8,8,8,8,8,8,8,8,8,8,8,8,8,8 -> output: 388
input: 389 -> message: 31,31,30,30,30,30,30,16,16,16,37,16,37,16,37,16,37,16,37,16,37,16,37,16,16,37,16,16,37,16 -> output: 389
input: 390 -> message: 33,30,37,37,37,37,37,37,37,37,37,37,37,37,37,37,37,37,37,37,37,37,37,37,37,37,37,37,37,37 -> output: 103
input: 391 -> message: 30,16,16,11,37,11,37,11,37,11,37,11,37,11,37,11,37,11,37,11,37,11,37,11,37,11,37,11,37,11 -> output: 391
input: 392 -> message: 33,30,30,37,11,37,11,37,37,11,37,25,6,37,11,37,37,25,6,37,11,37,25,6,37,11,37,25,37,11 -> output: 392
input: 393 -> message: 33,30,37,37,25,6,37,37,37,25,6,6,37,6,25,6,37,6,25,6,37,6,25,6,37,6,25,6,37,6 -> output: 135
input: 394 -> message: 30,30,37,11,37,11,37,11,37,11,37,11,37,11,37,11,37,11,37,11,37,11,37,11,37,11,37,11,37,11 -> output: 981
input: 395 -> message: 25,6,37,6,37,25,6,37,25,25,6,6,37,25,25,6,37,6,25,6,37,25,25,6,37,6,25,6,37,25 -> output: 66
input: 396 -> message: 31,30,30,30,30,30,37,14,37,37,37,37,37,25,37,11,37,37,25,6,37,14,37,37,37,25,6,37,11,37 -> output: 698
input: 397 -> message: 33,25,25,6,25,6,25,6,25,30,25,6,6,25,6,25,6,25,6,25,6,6,25,6,25,6,25,6,25,6 -> output: 332
input: 398 -> message: 30,25,6,11,6,25,6,6,37,11,25,25,6,6,25,6,11,37,25,25,6,6,25,6,6,25,6,6,25,6 -> output: 398
input: 399 -> message: 14,30,30,30,30,30,30,30,30,30,30,14,30,14,30,14,30,14,30,14,25,37,14,25,6,6,14,6,25,6 -> output: 399
input: 400 -> message: 14,30,30,25,6,37,37,14,37,25,6,6,6,37,25,30,37,25,6,6,20,25,30,37,25,25,6,6,20,25 -> output: 400
input: 401 -> message: 33,33,33,30,30,30,30,30,30,30,30,30,30,30,37,30,37,25,37,25,37,11,37,25,37,14,37,14,37,25 -> output: 401
input: 402 -> message: 33,33,25,25,25,6,25,30,25,6,25,6,6,25,30,25,6,25,6,25,6,25,6,25,6,6,25,6,25,6 -> output: 327
input: 403 -> message: 33,33,33,37,25,37,25,6,37,25,6,6,37,25,6,25,6,6,25,6,37,25,6,37,6,25,6,37,25,6 -> output: 989
input: 404 -> message: 31,30,30,30,37,37,37,37,37,37,37,37,37,37,37,37,37,37,37,37,37,37,37,37,37,37,37,37,37,37 -> output: 357
input: 405 -> message: 33,30,11,16,11,11,37,11,37,11,37,11,37,11,37,11,37,11,37,11,37,11,37,11,37,11,37,11,37,11 -> output: 284
input: 406 -> message: 14,30,11,11,11,11,11,11,11,11,11,11,11,11,11,11,11,11,11,11,11,11,11,11,11,11,11,11,11,11 -> output: 406
input: 407 -> message: 14,30,30,37,37,37,37,37,37,37,37,37,37,37,37,37,37,37,37,37,37,37,37,37,37,37,37,37,25,6 -> output: 190
input: 408 -> message: 33,30,25,6,6,6,6,25,6,11,37,25,25,6,6,11,37,25,25,6,6,37,25,25,6,6,37,25,25,6 -> output: 98
input: 409 -> message: 14,30,6,11,37,11,37,11,37,37,11,37,11,37,25,37,11,37,37,11,37,25,6,37,11,37,25,37,11,37 -> output: 829
input: 410 -> message: 31,30,30,37,37,37,37,37,37,37,37,37,37,37,37,37,37,37,37,37,37,37,37,37,37,37,37,37,37,37 -> output: 797
input: 411 -> message: 30,30,16,16,16,16,37,16,16,37,16,16,37,16,16,37,16,16,37,16,16,37,16,16,37,16,16,37,16,16 -> output: 102
input: 412 -> message: 14,31,25,25,25,6,25,6,25,6,25,6,25,6,25,6,25,6,25,6,25,6,25,6,25,6,25,6,25,6 -> output: 546
input: 413 -> message: 11,37,11,37,11,37,11,37,37,11,37,37,11,37,11,37,37,11,37,37,11,37,37,11,37,37,11,37,37,11 -> output: 413
input: 414 -> message: 31,14,30,30,30,30,30,30,37,37,37,37,37,37,37,11,37,11,37,37,37,37,37,37,37,37,37,37,37,37 -> output: 414
input: 415 -> message: 14,25,25,6,25,6,25,6,6,25,30,25,6,25,6,25,6,25,6,25,6,25,6,25,6,25,6,25,6,25 -> output: 415
input: 416 -> message: 14,25,25,25,30,25,6,25,6,25,6,25,6,25,6,25,6,25,6,25,6,25,6,25,6,25,6,25,6,25 -> output: 553
input: 417 -> message: 31,30,30,30,37,25,37,6,37,6,37,14,6,37,14,37,25,6,6,11,37,25,6,6,6,20,25,30,37,25 -> output: 451
input: 418 -> message: 31,33,33,30,30,30,30,30,30,30,30,30,30,30,30,37,30,37,25,37,11,37,25,37,11,14,37,25,37,11 -> output: 28
input: 419 -> message: 31,30,37,6,37,11,37,11,37,25,6,37,11,37,25,6,37,37,37,25,6,37,11,37,25,6,37,37,6,37 -> output: 419
input: 420 -> message: 33,30,37,6,37,11,37,11,37,25,6,37,11,37,37,25,6,37,11,37,25,6,37,37,37,6,37,37,11,37 -> output: 299
input: 421 -> message: 31,33,33,30,30,30,30,37,37,37,37,37,37,37,37,37,37,37,37,37,37,37,37,37,37,37,37,37,37,37 -> output: 322
input: 422 -> message: 33,33,33,37,37,25,37,37,25,6,37,37,25,6,37,6,37,25,6,37,37,25,6,37,37,25,6,37,37,25 -> output: 422
input: 423 -> message: 14,30,30,30,30,16,16,16,16,16,37,16,16,37,16,16,37,16,16,37,16,16,37,16,16,37,16,16,37,16 -> output: 423
input: 424 -> message: 33,33,33,25,25,25,25,6,25,6,25,6,25,30,25,6,25,6,25,6,25,6,25,30,25,6,25,6,25,6 -> output: 476
input: 425 -> message: 33,33,25,25,25,6,25,30,25,6,25,6,25,6,25,6,25,6,25,6,25,6,25,6,25,6,25,6,25,6 -> output: 425
input: 426 -> message: 31,14,30,30,30,30,30,30,30,30,30,30,30,30,30,30,30,30,30,30,30,30,30,30,30,30,30,30,30,30 -> output: 426
input: 427 -> message: 11,37,11,37,37,11,37,37,37,37,37,37,37,37,37,37,37,37,37,37,37,37,37,37,37,37,37,37,37,37 -> output: 189
input: 428 -> message: 33,30,30,30,25,30,6,37,14,6,6,6,11,37,25,6,6,20,25,30,6,20,25,30,6,25,6,20,25,30 -> output: 567
input: 429 -> message: 33,30,30,30,30,30,37,37,14,37,25,37,14,37,14,37,25,6,33,30,37,25,6,37,11,37,37,25,6,37 -> output: 429
input: 430 -> message: 31,33,30,11,37,11,37,11,37,11,37,11,11,37,11,37,11,37,11,37,11,37,11,37,11,37,11,37,11,37 -> output: 883
input: 431 -> message: 33,30,30,37,37,37,37,37,37,37,37,37,37,37,37,37,37,37,37,37,37,37,37,37,37,37,37,37,37,37 -> output: 636
input: 432 -> message: 31,30,30,30,30,30,30,30,30,37,25,30,25,37,14,6,25,6,33,25,30,25,6,33,25,30,25,6,6,25 -> output: 432
input: 433 -> message: 25,6,11,37,11,37,37,37,37,11,37,37,11,37,25,6,37,11,37,37,11,37,25,6,37,11,37,37,37,11 -> output: 178
input: 434 -> message: 31,15,15,30,8,8,8,8,8,8,8,8,8,8,8,8,8,8,8,8,8,8,8,8,8,8,8,8,8,8 -> output: 434
input: 435 -> message: 31,30,11,16,11,11,37,11,37,11,37,11,37,11,37,11,37,11,37,11,37,11,37,11,37,11,37,11,37,11 -> output: 220
input: 436 -> message: 31,14,30,37,11,37,11,37,11,37,11,37,11,37,11,37,11,37,11,37,11,37,11,37,11,37,11,37,11,37 -> output: 436
input: 437 -> message: 31,30,37,11,37,11,37,11,37,11,37,11,37,11,37,11,37,11,37,11,37,11,37,11,37,11,37,11,37,11 -> output: 228
input: 438 -> message: 31,30,11,37,11,37,11,37,11,37,11,37,11,37,11,37,11,37,11,37,11,37,11,37,11,37,11,37,11,37 -> output: 740
input: 439 -> message: 33,30,6,37,11,37,11,37,11,37,11,37,37,11,37,25,6,37,11,37,37,11,37,6,37,11,37,25,6,37 -> output: 232
input: 440 -> message: 33,37,11,37,11,37,25,6,37,11,37,37,37,11,37,25,6,37,11,37,25,6,37,37,11,37,25,6,37,37 -> output: 440
input: 441 -> message: 33,33,33,37,37,37,37,25,6,37,11,37,25,6,37,11,37,25,6,37,11,37,25,6,37,37,37,25,6,37 -> output: 441
input: 442 -> message: 33,30,6,11,37,11,37,25,6,6,11,37,25,6,11,37,25,6,6,11,37,25,6,6,20,25,6,11,37,25 -> output: 294
input: 443 -> message: 31,33,30,30,30,30,30,30,30,30,30,30,30,30,30,30,30,30,30,30,30,30,30,30,30,30,30,30,30,30 -> output: 40
input: 444 -> message: 31,30,11,37,11,37,11,37,11,37,11,37,11,37,11,37,11,37,11,37,11,37,11,37,11,37,11,37,11,37 -> output: 740
input: 445 -> message: 31,14,30,30,30,30,14,37,14,37,14,37,14,6,14,25,6,6,37,14,37,14,6,11,37,11,37,25,6,11 -> output: 195
input: 446 -> message: 33,33,30,30,30,30,30,30,30,30,30,30,30,30,30,30,30,30,30,30,30,30,30,30,30,30,30,30,37,25 -> output: 822
input: 447 -> message: 31,14,30,30,30,30,30,30,30,30,14,30,14,30,14,37,14,37,14,37,14,37,14,37,14,37,14,37,14,37 -> output: 27
input: 448 -> message: 31,16,16,37,16,37,16,16,37,16,16,37,16,16,37,16,16,37,16,16,37,16,16,37,16,16,37,11,16,16 -> output: 11
input: 449 -> message: 33,30,30,37,37,37,37,37,37,37,37,37,37,37,37,37,37,37,25,6,37,11,37,37,37,37,25,6,37,11 -> output: 532
input: 450 -> message: 33,25,25,25,30,25,25,6,25,6,25,6,25,6,25,30,25,6,25,6,25,6,25,6,25,6,25,6,25,6 -> output: 223
input: 451 -> message: 31,30,30,30,37,25,37,6,37,6,37,14,37,11,6,25,6,6,37,37,37,25,6,6,6,37,37,25,6,6 -> output: 451
input: 452 -> message: 14,30,30,16,16,16,37,16,37,16,16,37,16,37,16,37,16,37,16,37,16,37,16,37,16,37,16,37,16,16 -> output: 112
input: 453 -> message: 16,11,37,11,37,11,37,11,37,11,37,11,37,11,37,11,37,11,37,11,37,11,37,11,37,11,37,11,37,11 -> output: 453
input: 454 -> message: 25,25,6,25,30,25,6,25,6,6,25,6,25,6,25,6,25,6,25,6,25,6,25,6,25,6,25,6,25,6 -> output: 235
input: 455 -> message: 31,31,31,33,33,30,30,30,30,30,30,30,30,30,30,30,30,30,30,30,30,30,30,30,30,30,30,30,30,30 -> output: 13
input: 456 -> message: 31,33,30,30,30,30,37,37,37,37,37,37,37,25,37,37,37,37,37,25,37,37,37,37,25,6,37,37,37,37 -> output: 456
input: 457 -> message: 33,33,37,37,37,37,37,37,37,37,37,25,6,11,37,37,37,37,37,37,37,37,37,37,37,37,37,37,37,37 -> output: 42
input: 458 -> message: 33,30,37,25,37,6,37,6,37,25,6,6,6,6,25,6,6,20,25,6,6,20,25,6,6,20,25,6,6,20 -> output: 324
input: 459 -> message: 33,30,6,11,37,11,37,11,37,11,37,11,37,11,37,11,37,11,37,11,37,11,37,11,37,11,37,11,37,11 -> output: 295
input: 460 -> message: 14,16,16,8,8,8,8,8,8,8,8,8,8,8,8,8,8,8,8,8,8,8,8,8,8,8,8,8,8,8 -> output: 460
input: 461 -> message: 31,14,30,30,30,30,30,30,30,30,30,16,16,16,16,8,8,8,8,8,8,8,8,8,8,8,8,8,8,8 -> output: 461
input: 462 -> message: 14,30,30,30,30,30,14,30,14,30,14,37,14,6,14,37,14,37,14,37,14,37,14,37,14,37,14,25,6,33 -> output: 668
input: 463 -> message: 14,30,30,30,30,30,30,30,30,30,30,30,30,30,30,30,30,30,30,30,30,30,30,30,30,30,30,30,30,30 -> output: 348
input: 464 -> message: 14,30,6,11,37,11,37,11,37,11,37,11,37,11,37,11,37,11,37,11,37,11,37,11,37,11,37,11,37,11 -> output: 230
input: 465 -> message: 31,30,37,37,37,37,37,37,37,37,37,37,37,37,37,37,37,37,37,37,37,37,37,37,37,37,37,37,37,37 -> output: 118
input: 466 -> message: 14,30,30,30,30,30,14,30,14,37,25,37,14,25,6,6,37,14,25,6,6,6,25,6,6,25,6,6,25,6 -> output: 466
input: 467 -> message: 30,30,30,30,30,30,30,30,30,30,30,30,30,30,30,30,14,30,14,30,14,37,14,25,37,11,37,14,25,37 -> output: 467
input: 468 -> message: 33,30,30,30,30,30,30,37,14,37,14,37,14,37,14,37,25,37,11,37,25,37,11,37,25,37,11,37,25,37 -> output: 344
input: 469 -> message: 14,30,30,30,16,8,8,8,8,8,8,8,8,8,8,8,8,8,8,8,8,8,8,8,8,8,8,8,8,8 -> output: 469
input: 470 -> message: 31,30,30,30,30,37,25,37,11,37,25,6,11,37,25,6,6,37,37,37,25,6,6,37,11,37,25,6,6,37 -> output: 451
input: 471 -> message: 33,33,30,30,25,25,6,25,6,25,6,25,6,25,6,25,6,25,30,25,6,25,6,6,25,30,25,6,25,6 -> output: 471
input: 472 -> message: 14,16,16,37,16,37,16,37,16,37,16,37,16,37,16,37,16,37,16,37,16,37,16,37,16,37,16,37,16,37 -> output: 472
input: 473 -> message: 14,30,30,30,30,37,11,37,37,11,37,11,37,11,37,11,37,11,37,11,37,11,37,11,37,11,37,11,37,11 -> output: 473
input: 474 -> message: 14,30,30,30,30,30,30,30,30,30,30,30,30,30,30,30,14,30,14,30,14,30,14,30,14,25,6,14,6,14 -> output: 371
input: 475 -> message: 31,33,30,30,30,30,30,30,30,30,30,30,37,30,25,30,25,37,11,14,25,6,6,37,14,25,6,33,25,6 -> output: 655
input: 476 -> message: 33,33,33,25,25,25,6,25,6,25,6,25,6,25,6,25,6,25,6,25,6,25,6,25,6,25,6,25,6,25 -> output: 476
input: 477 -> message: 33,37,37,37,11,37,25,6,37,11,37,25,6,37,37,37,25,6,37,11,37,25,6,37,37,37,25,6,37,11 -> output: 477
input: 478 -> message: 25,6,11,11,37,11,37,25,6,37,11,37,25,6,6,37,6,25,6,37,6,25,6,37,6,25,6,37,6,25 -> output: 87
input: 479 -> message: 31,31,31,31,30,30,30,30,30,30,30,30,30,30,30,30,30,30,30,30,30,30,30,30,30,30,30,30,30,30 -> output: 63
input: 480 -> message: 25,25,6,6,6,25,6,33,25,25,6,25,6,25,6,25,6,25,6,25,6,25,6,25,6,25,6,25,6,25 -> output: 52
input: 481 -> message: 33,30,30,30,16,16,37,16,37,16,37,16,37,16,37,16,16,37,16,16,37,16,37,16,37,16,37,16,37,16 -> output: 481
input: 482 -> message: 33,30,37,37,25,6,6,37,37,25,6,6,37,25,6,6,20,25,6,37,6,25,6,37,37,25,6,37,25,6 -> output: 953
input: 483 -> message: 33,30,30,37,37,37,37,37,37,37,37,37,37,37,25,6,37,11,37,25,6,37,11,37,25,6,37,11,37,25 -> output: 532
input: 484 -> message: 14,16,8,8,8,8,8,8,8,8,8,8,8,8,8,8,8,8,8,8,8,8,8,8,8,8,8,8,8,8 -> output: 484
input: 485 -> message: 30,37,11,37,11,37,11,37,11,37,11,37,37,11,37,11,37,11,37,11,37,11,37,11,37,11,37,11,37,11 -> output: 485
input: 486 -> message: 31,30,37,37,25,6,37,25,6,37,25,6,6,25,6,25,6,6,25,6,6,20,25,6,25,6,25,6,25,6 -> output: 133
input: 487 -> message: 33,30,30,30,37,37,37,37,37,37,37,37,37,37,37,37,37,37,37,37,37,37,37,37,37,37,37,37,37,37 -> output: 686
input: 488 -> message: 14,30,25,6,6,6,33,25,30,25,6,6,20,25,30,25,6,20,25,6,20,25,25,6,25,6,25,6,25,6 -> output: 488
input: 489 -> message: 14,30,30,30,30,37,37,37,37,37,14,37,37,14,37,37,37,37,37,37,37,37,37,37,37,37,37,37,37,37 -> output: 262
input: 490 -> message: 33,31,33,30,30,30,30,30,30,30,30,30,30,30,30,30,30,30,30,30,30,30,30,30,30,30,25,30,25,30 -> output: 240
input: 491 -> message: 31,30,30,30,30,16,37,16,37,16,37,16,37,11,16,37,16,37,11,16,37,11,16,37,11,16,37,11,16,37 -> output: 109
input: 492 -> message: 14,30,30,30,30,14,37,25,6,6,14,25,6,6,6,25,6,6,25,6,33,25,30,25,6,6,25,6,6,25 -> output: 587
input: 493 -> message: 31,30,37,25,37,6,37,6,6,25,6,6,6,37,11,25,6,6,25,6,6,25,6,6,25,6,6,20,25,6 -> output: 237
input: 494 -> message: 14,6,11,37,11,37,11,37,37,11,37,25,37,11,37,37,6,37,11,37,25,6,37,11,37,25,37,6,37,11 -> output: 494
input: 495 -> message: 33,30,37,11,37,11,37,11,37,11,37,11,37,11,37,11,37,11,37,11,37,11,37,11,37,11,37,11,37,11 -> output: 495
input: 496 -> message: 31,31,30,30,30,30,37,37,37,37,37,37,37,37,37,37,37,37,37,37,37,37,37,37,37,37,37,37,37,37 -> output: 496
input: 497 -> message: 33,33,33,25,25,25,6,25,6,25,6,25,6,25,6,25,6,25,6,25,6,6,25,6,25,6,25,6,25,6 -> output: 845
input: 498 -> message: 14,30,30,16,16,37,16,37,16,37,16,16,37,11,16,16,37,11,16,16,37,11,16,16,37,11,16,16,37,11 -> output: 498
input: 499 -> message: 31,14,30,30,30,30,37,37,37,37,37,37,37,11,37,11,37,11,37,11,37,11,37,11,37,11,37,37,37,37 -> output: 499
input: 500 -> message: 33,30,30,30,30,25,37,25,30,25,6,33,25,30,25,6,6,6,37,25,30,25,6,6,25,6,6,6,25,30 -> output: 174
input: 501 -> message: 30,6,11,37,11,37,11,37,11,37,11,37,11,37,11,37,11,37,11,37,11,37,11,37,11,37,11,37,11,37 -> output: 501
input: 502 -> message: 30,30,16,16,16,11,37,11,37,11,37,11,37,11,37,11,37,11,11,37,11,37,11,11,37,11,37,11,37,11 -> output: 821
input: 503 -> message: 31,31,30,30,30,30,30,37,37,37,37,11,37,11,37,11,37,11,37,11,37,11,37,37,11,37,11,37,11,37 -> output: 496
input: 504 -> message: 31,14,30,30,16,16,37,16,37,16,37,16,16,37,16,37,16,37,16,37,16,37,16,37,16,37,16,37,16,37 -> output: 504
input: 505 -> message: 31,33,33,33,30,37,25,37,37,25,37,6,37,37,37,25,6,6,6,37,37,25,6,6,37,25,6,6,37,25 -> output: 510
input: 506 -> message: 31,31,30,30,30,30,30,30,30,30,30,30,30,30,30,37,30,37,37,37,37,37,37,37,37,37,37,37,37,37 -> output: 506
input: 507 -> message: 14,11,16,11,11,37,11,37,11,11,37,11,11,11,37,11,37,11,37,11,37,11,37,11,37,11,37,11,37,11 -> output: 507
input: 508 -> message: 33,33,25,25,6,25,6,25,6,25,6,25,6,25,6,25,6,25,6,25,6,25,6,25,6,25,6,25,6,25 -> output: 327
input: 509 -> message: 31,30,37,37,11,37,11,37,11,37,11,37,11,37,11,37,11,37,11,37,11,37,11,37,37,11,37,37,11,37 -> output: 228
input: 510 -> message: 31,33,33,33,30,30,30,37,37,25,37,37,37,37,25,6,6,6,37,37,25,6,6,37,25,6,37,14,25,6 -> output: 356
input: 511 -> message: 31,33,30,30,30,30,30,37,37,37,37,37,37,37,37,37,37,37,37,37,37,37,37,37,37,37,37,37,37,37 -> output: 250
input: 512 -> message: 31,33,30,30,30,30,37,37,37,37,37,37,37,37,37,37,37,37,37,37,37,37,37,37,37,37,37,37,37,37 -> output: 380
input: 513 -> message: 31,33,30,30,30,37,25,37,6,37,6,37,25,6,6,37,11,37,25,6,6,37,37,37,37,25,6,6,37,25 -> output: 283
input: 514 -> message: 33,33,30,30,37,37,37,37,37,37,37,37,37,37,37,37,37,37,37,37,37,37,37,37,37,37,37,37,37,37 -> output: 518
input: 515 -> message: 14,14,14,14,14,30,30,30,30,30,30,30,30,30,30,30,14,30,14,30,14,30,14,30,14,30,14,30,14,30 -> output: 515
input: 516 -> message: 33,30,30,30,30,30,30,30,6,11,11,11,11,11,11,11,11,11,11,11,11,11,11,11,11,11,11,11,11,11 -> output: 191
input: 517 -> message: 14,6,11,11,37,11,37,25,6,6,11,37,25,6,6,37,11,25,6,6,37,25,25,6,6,37,11,25,25,6 -> output: 517
input: 518 -> message: 33,33,30,30,30,30,37,37,37,37,37,37,37,37,37,37,37,37,37,37,37,37,37,37,37,37,37,37,37,37 -> output: 355
input: 519 -> message: 31,30,37,37,37,37,37,37,37,37,37,25,6,6,37,11,37,25,6,37,11,37,25,6,37,11,37,25,6,37 -> output: 519
input: 520 -> message: 33,25,25,6,25,6,25,6,25,6,25,6,25,6,25,6,25,6,25,6,25,6,25,6,25,6,25,6,25,6 -> output: 520
input: 521 -> message: 25,6,6,11,37,25,25,6,6,37,25,25,6,6,37,25,25,6,6,37,25,25,6,6,37,25,25,6,6,37 -> output: 534
input: 522 -> message: 33,33,30,30,30,30,30,30,30,30,30,30,30,30,30,30,30,30,30,30,30,30,30,30,30,30,30,30,30,30 -> output: 522
input: 523 -> message: 33,30,30,30,30,30,37,37,37,37,37,37,37,37,37,37,37,37,37,37,37,37,37,37,37,37,37,37,37,37 -> output: 523
input: 524 -> message: 33,30,30,30,30,30,30,30,25,30,25,37,6,25,6,11,14,25,6,25,6,6,6,6,25,30,25,6,6,6 -> output: 984
input: 525 -> message: 33,33,30,30,30,30,30,30,30,30,30,30,30,30,30,30,30,30,30,30,30,30,30,30,30,30,30,30,30,30 -> output: 522
input: 526 -> message: 31,37,37,37,11,37,37,37,37,37,37,25,6,37,11,37,25,6,37,37,37,37,37,37,37,37,37,37,37,37 -> output: 702
input: 527 -> message: 33,30,30,16,16,16,37,16,37,16,16,37,16,37,16,37,16,37,16,16,37,16,16,37,16,16,37,16,16,37 -> output: 610
input: 528 -> message: 33,30,37,37,37,11,37,37,37,37,25,6,37,11,37,25,6,37,11,37,25,6,37,11,37,25,6,37,11,37 -> output: 390
input: 529 -> message: 33,30,37,37,11,37,11,37,11,37,37,11,37,37,11,37,25,6,11,37,11,37,37,37,11,37,25,6,37,11 -> output: 335
input: 530 -> message: 31,30,25,25,25,6,25,6,25,6,25,30,25,6,25,6,25,6,25,6,25,6,25,6,25,6,25,6,25,6 -> output: 194
input: 531 -> message: 33,30,37,11,37,37,37,37,37,37,37,37,37,37,37,37,37,37,37,37,37,37,37,37,37,37,37,37,37,37 -> output: 256
input: 532 -> message: 33,30,30,37,37,37,37,37,37,37,37,37,37,37,37,37,37,37,37,37,37,37,37,37,37,37,37,37,37,37 -> output: 636
input: 533 -> message: 14,6,11,25,6,33,25,6,25,6,6,25,6,25,6,25,6,25,6,25,6,25,6,25,6,25,6,25,6,25 -> output: 533
input: 534 -> message: 25,6,6,11,37,25,6,37,11,37,25,6,37,6,25,6,37,6,25,6,37,6,25,6,37,6,25,6,37,6 -> output: 534
input: 535 -> message: 33,30,6,11,37,25,6,6,6,6,20,25,6,20,25,6,6,20,25,6,6,20,25,6,20,25,6,6,20,25 -> output: 638
input: 536 -> message: 14,30,30,30,30,30,14,37,14,37,14,37,14,37,14,37,14,37,14,37,14,37,14,11,37,11,37,37,11,37 -> output: 536
input: 537 -> message: 30,30,37,37,37,11,37,37,37,37,37,37,37,37,37,37,37,37,37,37,37,37,37,37,37,37,37,37,37,37 -> output: 537
input: 538 -> message: 30,16,16,16,16,37,16,16,37,16,16,37,16,16,37,16,16,37,16,16,37,16,16,37,16,16,37,16,16,37 -> output: 538
input: 539 -> message: 14,30,30,25,30,25,6,6,25,6,6,25,6,33,25,30,25,6,25,30,25,6,6,25,30,25,6,6,25,6 -> output: 539
input: 540 -> message: 14,31,30,30,30,30,25,30,25,30,25,30,25,30,25,30,25,25,30,25,25,30,25,6,25,6,25,6,25,6 -> output: 540
input: 541 -> message: 31,31,31,33,33,30,30,30,30,30,30,30,30,30,30,30,30,30,30,30,30,30,30,30,30,30,30,30,30,30 -> output: 13
input: 542 -> message: 14,30,30,30,30,30,30,14,30,37,14,37,14,37,14,37,14,25,6,6,37,14,37,14,37,14,37,14,37,14 -> output: 668
input: 543 -> message: 31,31,33,33,37,37,37,25,37,37,37,37,37,25,6,6,11,37,25,6,37,11,25,6,37,11,37,25,6,37 -> output: 543
input: 544 -> message: 14,30,30,30,30,16,16,37,16,37,16,37,16,37,16,37,16,37,16,16,37,16,16,37,16,37,16,37,16,37 -> output: 544
input: 545 -> message: 31,30,30,25,30,25,30,25,6,25,6,25,6,25,6,25,6,25,6,25,30,25,6,25,30,25,6,25,6,6 -> output: 268
input: 546 -> message: 14,31,25,25,25,6,25,6,25,6,25,6,25,6,25,6,25,6,25,6,25,6,25,6,25,6,6,25,6,25 -> output: 546
input: 547 -> message: 33,25,25,6,25,6,6,6,25,6,6,25,6,25,6,25,6,25,6,25,6,25,6,25,6,25,6,25,6,6 -> output: 332
input: 548 -> message: 31,33,11,37,11,37,11,37,11,37,11,37,11,37,11,37,11,37,11,37,11,37,11,37,37,11,37,37,11,37 -> output: 742
input: 549 -> message: 33,33,30,30,30,30,30,30,30,37,37,37,37,37,37,37,37,37,37,37,37,37,37,37,37,37,37,37,37,37 -> output: 355
input: 550 -> message: 31,31,31,31,31,31,31,31,31,31,31,31,31,31,31,31,31,31,31,31,31,31,31,31,31,31,31,31,31,31 -> output: 550
input: 551 -> message: 30,30,6,11,37,25,6,11,37,25,6,6,11,6,25,6,6,11,37,25,25,6,6,11,37,25,25,6,6,11 -> output: 551
input: 552 -> message: 14,30,37,37,37,37,11,37,37,37,37,37,37,37,37,37,37,37,37,37,37,37,37,37,37,37,37,37,37,37 -> output: 255
input: 553 -> message: 14,25,25,25,30,25,6,25,6,25,6,25,6,25,6,25,6,25,6,25,6,25,6,25,6,25,6,25,6,25 -> output: 553
input: 554 -> message: 31,33,33,33,30,25,25,37,25,6,25,6,25,6,25,6,25,6,25,6,25,6,25,6,25,6,6,25,30,25 -> output: 677
input: 555 -> message: 33,31,33,33,30,30,30,25,37,25,37,25,6,25,6,25,6,6,25,6,25,6,25,6,25,6,25,6,25,6 -> output: 555
input: 556 -> message: 33,30,30,30,25,30,25,6,25,6,6,6,25,30,25,6,6,25,6,6,25,30,25,6,6,25,6,6,25,30 -> output: 174
input: 557 -> message: 31,31,33,33,30,30,30,30,30,30,30,30,30,30,30,30,30,30,25,30,25,30,25,37,25,6,25,6,25,6 -> output: 79
input: 558 -> message: 33,37,37,37,37,37,37,37,11,37,37,37,37,37,37,37,37,37,37,37,37,37,37,37,37,37,37,37,37,37 -> output: 258
input: 559 -> message: 14,6,11,11,37,11,37,11,37,37,37,11,37,25,37,11,37,37,11,37,25,37,11,37,6,37,11,37,25,37 -> output: 559
input: 560 -> message: 14,6,11,37,11,37,37,25,6,37,11,37,25,6,37,37,25,6,37,37,37,25,6,37,37,25,6,37,37,25 -> output: 727
input: 561 -> message: 16,8,8,8,8,8,8,8,8,8,8,8,8,8,8,8,8,8,8,8,8,8,8,8,8,8,8,8,8,8 -> output: 561
input: 562 -> message: 33,30,37,37,37,37,37,11,37,37,37,37,37,37,37,37,37,37,37,37,37,37,37,37,37,37,37,37,37,37 -> output: 256
input: 563 -> message: 33,30,37,37,25,6,37,37,37,25,6,6,37,6,25,6,37,6,25,6,37,6,25,6,37,6,25,6,37,6 -> output: 135
input: 564 -> message: 31,30,30,30,37,25,37,6,37,6,37,11,6,25,6,37,14,37,25,6,6,6,37,11,37,25,6,6,11,37 -> output: 451
input: 565 -> message: 31,30,30,37,25,37,6,25,6,6,37,37,25,6,6,25,6,6,6,20,25,30,25,6,6,20,25,30,25,6 -> output: 133
input: 566 -> message: 31,30,37,37,11,37,37,37,37,11,37,25,6,37,11,37,25,6,37,11,37,25,6,37,11,37,25,6,37,11 -> output: 896
input: 567 -> message: 33,30,30,30,30,37,25,37,11,37,6,11,37,25,6,6,6,6,6,6,11,37,25,6,11,11,25,6,6,11 -> output: 620
input: 568 -> message: 33,30,11,11,11,11,11,11,11,37,11,11,11,37,11,11,37,11,37,11,37,11,37,11,37,11,37,11,37,11 -> output: 568
input: 569 -> message: 14,30,30,30,30,30,30,30,37,16,16,37,16,37,16,16,37,16,37,16,16,37,16,37,16,37,16,16,37,16 -> output: 787
input: 570 -> message: 33,25,6,6,6,25,6,6,25,6,6,20,25,6,25,6,25,6,25,6,6,25,6,25,6,6,25,6,25,6 -> output: 170
input: 571 -> message: 14,30,30,6,11,37,11,37,25,6,11,37,25,6,6,6,11,37,25,6,6,11,37,25,6,6,20,25,6,6 -> output: 150
input: 572 -> message: 33,33,33,30,30,30,37,25,37,37,25,37,6,37,6,25,6,37,37,6,25,6,37,37,25,6,6,37,25,6 -> output: 572
input: 573 -> message: 31,33,30,30,30,37,37,37,37,37,37,37,37,37,37,37,37,37,37,37,37,37,37,37,37,37,37,37,37,37 -> output: 380
input: 574 -> message: 31,33,33,30,30,30,30,30,37,25,37,37,37,14,37,14,37,25,6,6,37,11,6,37,25,6,6,37,11,37 -> output: 193
input: 575 -> message: 33,25,37,37,25,6,37,37,25,6,37,37,25,6,37,37,25,6,37,37,25,6,37,37,25,6,37,37,25,6 -> output: 203
input: 576 -> message: 14,30,30,6,11,37,11,37,25,37,11,37,11,37,25,37,11,37,6,37,11,37,25,6,11,37,11,37,25,6 -> output: 150
input: 577 -> message: 33,30,30,30,30,30,37,14,6,37,14,25,6,6,33,37,14,6,11,37,11,37,25,6,11,11,37,25,6,6 -> output: 966
input: 578 -> message: 33,33,30,30,37,37,37,37,37,37,37,37,37,37,37,37,37,37,37,37,37,37,37,37,37,37,37,37,37,37 -> output: 518
input: 579 -> message: 33,31,33,25,25,25,6,25,6,25,6,25,6,25,6,25,6,25,6,25,6,25,6,25,6,25,6,25,6,25 -> output: 579
input: 580 -> message: 33,30,30,30,30,30,30,37,37,37,37,37,37,37,37,37,37,37,37,37,37,37,37,37,37,37,37,37,37,37 -> output: 523
input: 581 -> message: 31,31,8,8,8,8,8,8,8,8,8,8,8,8,8,8,8,8,8,8,8,8,8,8,8,8,8,8,8,8 -> output: 581
input: 582 -> message: 33,30,30,37,37,6,37,6,37,25,6,6,6,37,11,37,25,6,6,20,25,6,6,20,25,6,6,20,25,6 -> output: 449
input: 583 -> message: 16,11,37,11,37,11,37,11,11,37,11,37,11,37,11,37,11,37,11,37,11,37,11,37,11,37,11,37,11,37 -> output: 453
input: 584 -> message: 14,30,30,30,30,37,37,37,37,37,37,37,37,37,37,37,37,37,37,37,37,37,37,37,37,37,37,37,37,37 -> output: 262
input: 585 -> message: 31,33,30,30,37,37,37,37,37,37,37,37,37,37,37,37,37,37,37,37,37,37,37,37,37,37,37,37,37,37 -> output: 585
input: 586 -> message: 33,30,6,37,11,37,11,37,37,11,37,25,6,37,11,37,37,6,37,11,37,25,6,37,11,37,25,6,37,37 -> output: 232
input: 587 -> message: 14,30,30,30,30,30,14,37,25,6,14,25,6,6,33,25,6,6,25,6,6,6,25,6,33,25,6,6,25,6 -> output: 587
input: 588 -> message: 33,30,30,37,37,37,37,37,37,25,6,6,6,37,11,37,25,6,6,37,25,6,37,6,37,25,6,37,6,25 -> output: 449
input: 589 -> message: 33,30,30,37,25,37,6,11,37,6,37,25,6,6,6,37,11,37,25,6,6,20,25,6,6,20,25,6,6,20 -> output: 945
input: 590 -> message: 30,30,16,16,37,16,37,11,16,37,16,11,37,16,37,16,37,16,16,37,11,16,16,37,11,16,16,37,11,16 -> output: 590
input: 591 -> message: 31,30,37,37,37,25,6,6,37,37,37,25,6,6,37,25,6,37,37,25,6,37,37,25,6,37,37,25,6,37 -> output: 519
input: 592 -> message: 14,14,14,30,30,30,30,30,30,30,30,14,30,14,30,14,30,14,30,14,30,14,30,14,30,14,30,14,37,14 -> output: 515
input: 593 -> message: 33,33,30,30,30,30,25,30,25,30,25,30,25,30,25,25,6,25,6,25,6,25,30,25,30,25,30,25,6,25 -> output: 593
input: 594 -> message: 14,30,30,30,30,30,30,30,30,14,30,14,30,14,30,14,30,14,30,14,30,14,37,14,14,37,14,14,14,14 -> output: 594
input: 595 -> message: 14,30,30,25,6,6,25,6,6,6,25,30,25,30,25,6,6,25,6,6,20,25,30,25,30,25,6,25,6,6 -> output: 734
input: 596 -> message: 14,30,6,11,37,11,37,11,37,11,37,11,37,11,37,11,37,11,37,11,37,11,37,11,37,11,37,11,37,11 -> output: 230
input: 597 -> message: 31,33,30,30,30,30,30,30,30,30,30,30,30,30,30,30,30,30,30,30,30,30,30,30,30,30,30,30,30,30 -> output: 40
input: 598 -> message: 33,25,6,6,11,37,25,6,37,37,25,6,37,37,25,6,37,37,25,6,37,6,25,6,37,6,25,6,37,6 -> output: 292
input: 599 -> message: 14,30,30,30,30,30,30,30,30,30,30,30,30,30,30,30,30,30,30,30,14,30,14,30,14,30,14,30,14,30 -> output: 348
input: 600 -> message: 31,30,16,11,11,37,11,37,11,37,11,37,11,37,11,37,11,37,11,37,11,37,11,37,11,37,11,37,11,37 -> output: 792
input: 601 -> message: 33,37,11,37,11,37,37,25,6,37,11,37,37,6,37,37,11,37,25,6,37,11,37,25,6,37,11,37,25,6 -> output: 440
input: 602 -> message: 31,30,16,16,16,37,16,37,16,16,37,16,16,37,16,16,37,16,16,37,16,16,37,16,16,37,16,16,37,16 -> output: 602
input: 603 -> message: 31,33,30,30,30,30,30,30,30,25,30,25,37,25,6,25,6,25,30,25,30,25,30,25,6,37,14,25,6,6 -> output: 603
input: 604 -> message: 33,30,25,25,6,25,6,25,6,25,6,25,6,25,6,25,6,6,25,30,25,6,25,6,25,6,6,25,6,25 -> output: 931
input: 605 -> message: 31,14,30,30,30,30,30,30,30,37,30,37,37,37,37,37,37,37,37,37,37,37,37,37,37,37,37,37,37,37 -> output: 605
input: 606 -> message: 33,33,33,25,6,37,25,6,6,37,25,6,37,25,6,37,25,6,37,25,6,37,11,37,25,25,6,37,6,25 -> output: 989
input: 607 -> message: 14,14,14,14,30,30,30,30,30,30,14,14,37,14,14,37,14,14,14,14,14,14,14,14,14,14,14,14,14,37 -> output: 710
input: 608 -> message: 33,30,30,30,30,37,25,37,6,11,37,25,6,6,6,37,6,37,14,25,6,6,6,20,30,25,6,20,25,30 -> output: 620
input: 609 -> message: 25,6,11,37,11,37,11,37,11,37,37,37,11,37,37,11,37,37,11,37,37,11,37,37,11,37,37,11,37,37 -> output: 167
input: 610 -> message: 33,30,30,16,16,16,16,16,37,16,37,16,16,37,16,16,37,16,16,37,16,16,37,16,16,37,16,16,37,16 -> output: 610
input: 611 -> message: 14,25,6,33,25,6,37,25,6,37,25,6,25,6,37,25,25,6,37,25,25,6,37,25,25,6,37,25,25,6 -> output: 611
input: 612 -> message: 31,33,30,30,30,30,30,30,30,30,37,30,37,25,37,14,6,37,14,6,37,14,37,25,37,11,6,37,14,25 -> output: 293
input: 613 -> message: 33,33,33,25,25,37,25,6,25,6,25,6,25,6,25,6,25,6,25,6,6,25,6,25,6,25,6,25,6,25 -> output: 497
input: 614 -> message: 31,31,14,14,14,30,30,30,30,30,30,30,30,30,30,30,30,30,30,30,30,30,30,30,30,30,30,30,30,30 -> output: 614
input: 615 -> message: 33,25,25,30,25,6,25,6,6,25,6,25,6,6,25,30,25,6,25,6,25,6,25,6,6,25,6,25,6,25 -> output: 332
input: 616 -> message: 31,33,33,30,30,30,30,30,30,37,30,37,37,37,37,37,37,37,37,25,37,37,37,37,37,25,6,37,37,37 -> output: 28
input: 617 -> message: 33,25,6,6,11,37,37,25,6,37,11,37,25,6,37,6,25,6,37,6,25,6,37,6,25,6,37,6,25,6 -> output: 292
input: 618 -> message: 31,30,30,30,30,30,30,37,14,37,25,37,14,6,37,14,37,14,37,14,25,6,6,33,25,6,11,6,37,11 -> output: 208
input: 619 -> message: 31,14,14,30,30,30,14,37,37,14,37,14,37,14,37,14,37,37,37,37,37,37,37,11,37,14,37,14,37,37 -> output: 619
input: 620 -> message: 33,30,30,30,30,30,37,14,6,37,14,37,25,6,33,6,11,37,11,37,25,6,11,37,25,6,33,37,11,37 -> output: 966
input: 621 -> message: 33,25,25,6,25,6,25,6,25,6,25,6,25,6,25,6,25,6,25,6,25,6,25,6,25,6,25,6,25,6 -> output: 520
input: 622 -> message: 14,30,16,16,37,16,37,16,37,16,37,16,37,16,37,16,37,16,37,16,37,16,37,16,37,16,37,16,37,16 -> output: 622
input: 623 -> message: 37,37,11,37,11,37,25,6,37,11,37,37,25,6,37,37,37,37,37,37,37,6,37,37,11,37,25,6,37,11 -> output: 329
input: 624 -> message: 14,30,30,30,37,25,37,14,25,6,6,6,6,25,6,6,25,6,33,25,30,25,6,25,6,6,25,6,6,25 -> output: 624
input: 625 -> message: 33,25,6,6,6,11,11,25,6,6,6,25,6,11,37,25,25,6,6,6,25,6,6,20,25,6,6,20,25,6 -> output: 367
input: 626 -> message: 16,16,11,37,11,37,11,37,11,37,11,37,11,37,11,37,11,37,11,37,11,37,11,37,11,37,11,37,11,37 -> output: 626
input: 627 -> message: 14,30,25,6,11,11,25,25,6,6,6,25,6,33,25,25,6,6,25,6,6,25,6,25,6,25,6,25,6,25 -> output: 488
input: 628 -> message: 30,30,16,8,8,8,8,8,8,8,8,8,8,8,8,8,8,8,8,8,8,8,8,8,8,8,8,8,8,8 -> output: 628
input: 629 -> message: 31,31,30,30,30,30,30,30,30,30,37,30,37,37,37,37,37,37,37,37,37,37,37,25,37,37,37,37,37,37 -> output: 629
input: 630 -> message: 31,30,30,11,37,11,37,11,37,11,37,11,37,11,37,11,37,11,37,11,37,11,37,11,37,11,37,11,37,11 -> output: 630
input: 631 -> message: 33,25,6,6,11,11,25,6,6,11,37,25,6,6,25,6,6,11,37,25,25,6,6,6,25,6,6,11,37,25 -> output: 625
input: 632 -> message: 14,25,6,6,33,25,6,25,6,6,25,6,25,6,25,6,25,6,25,6,25,6,25,6,25,6,25,6,6,25 -> output: 352
input: 633 -> message: 33,14,30,30,30,30,30,30,30,30,30,30,30,30,30,30,30,30,30,30,30,30,30,30,30,14,30,14,30,14 -> output: 633
input: 634 -> message: 14,25,25,6,25,6,25,30,25,6,25,6,25,6,25,6,6,25,6,25,6,25,6,25,6,25,6,25,6,25 -> output: 415
input: 635 -> message: 31,33,33,30,37,37,37,37,37,37,37,37,37,37,37,37,37,37,37,37,37,37,37,37,37,37,37,37,37,37 -> output: 635
input: 636 -> message: 33,30,30,37,37,37,37,37,37,37,37,37,37,37,37,37,37,37,37,37,37,37,37,37,37,37,37,37,37,37 -> output: 636
input: 637 -> message: 33,33,30,30,30,30,30,30,30,30,30,30,30,30,30,30,30,30,30,30,30,30,30,30,30,30,30,30,30,30 -> output: 522
input: 638 -> message: 33,30,30,25,37,6,11,37,6,6,6,25,6,6,11,37,25,6,6,20,25,6,6,20,25,6,6,20,25,6 -> output: 831
input: 639 -> message: 31,31,33,33,30,30,30,30,30,30,37,30,37,25,37,37,37,37,37,37,25,6,6,6,37,11,6,25,6,6 -> output: 639
input: 640 -> message: 33,30,30,30,30,37,25,37,6,37,14,6,37,25,6,6,11,37,25,6,6,37,11,37,25,6,6,6,20,25 -> output: 966
input: 641 -> message: 31,14,14,30,30,30,30,30,30,30,30,30,30,30,30,30,30,30,30,30,30,30,30,30,30,30,30,14,30,14 -> output: 201
input: 642 -> message: 31,30,37,25,37,6,37,25,6,6,6,25,6,6,6,20,25,30,6,25,6,25,6,6,20,25,30,37,25,25 -> output: 133
input: 643 -> message: 33,33,30,30,30,30,30,30,37,30,25,30,37,25,30,37,25,6,37,14,6,37,14,25,6,6,6,37,11,37 -> output: 643
input: 644 -> message: 33,33,33,30,30,30,30,30,30,30,30,30,30,30,30,30,37,25,37,25,37,11,37,25,37,14,30,37,25,37 -> output: 401
input: 645 -> message: 31,33,33,30,30,30,30,37,25,37,37,37,14,37,25,6,11,6,25,6,6,37,37,37,25,6,6,37,37,37 -> output: 193
input: 646 -> message: 14,14,30,30,30,30,30,30,30,30,30,30,30,30,30,30,30,30,30,30,30,30,30,30,30,30,30,30,30,30 -> output: 858
input: 647 -> message: 33,30,37,6,37,11,37,25,6,6,6,37,6,25,6,6,20,25,6,6,20,25,6,6,20,25,6,6,20,25 -> output: 582
input: 648 -> message: 33,33,25,25,30,25,6,25,6,25,6,25,6,25,6,25,6,25,6,25,6,25,6,25,6,25,6,25,6,25 -> output: 327
input: 649 -> message: 25,30,25,6,6,25,6,25,6,6,25,6,25,6,25,6,25,6,25,6,25,6,25,6,25,6,25,6,25,6 -> output: 280
input: 650 -> message: 31,30,30,30,30,30,30,37,14,37,14,37,14,37,14,37,14,37,37,37,37,37,37,37,37,37,37,37,37,37 -> output: 137
input: 651 -> message: 31,33,33,33,30,30,30,30,30,30,30,30,30,30,25,30,25,37,25,6,25,6,37,25,30,25,30,25,30,25 -> output: 140
input: 652 -> message: 33,30,30,25,25,6,25,6,6,25,6,25,6,25,30,25,6,6,25,30,25,6,6,25,30,25,6,6,25,30 -> output: 652
input: 653 -> message: 33,30,30,30,37,11,37,11,37,11,37,11,37,11,37,11,37,11,37,11,37,11,37,11,37,11,37,11,37,11 -> output: 653
input: 654 -> message: 30,37,11,37,11,37,11,37,11,37,11,37,11,37,11,37,11,37,11,37,11,37,11,37,11,37,11,37,11,37 -> output: 485
input: 655 -> message: 31,33,30,30,30,30,30,30,30,30,30,37,30,25,30,37,25,30,25,6,33,25,30,14,25,6,6,37,14,25 -> output: 655
input: 656 -> message: 33,30,30,37,25,37,6,37,6,6,37,25,6,6,6,11,37,25,30,6,20,25,6,6,20,25,6,20,25,6 -> output: 945
input: 657 -> message: 14,16,11,11,37,11,37,11,37,11,37,11,37,11,37,11,37,11,37,11,37,11,37,11,37,11,37,11,37,11 -> output: 657
input: 658 -> message: 33,30,30,30,30,37,25,37,25,6,6,6,37,14,6,37,25,6,6,6,25,6,6,20,25,30,25,30,25,6 -> output: 640
input: 659 -> message: 31,33,33,30,30,30,30,30,30,30,37,25,30,25,37,25,30,25,6,37,14,25,6,6,25,6,6,6,25,30 -> output: 715
input: 660 -> message: 33,30,30,11,16,11,11,37,11,37,11,37,11,37,11,37,11,37,11,37,11,37,11,37,11,37,11,37,11,37 -> output: 286
input: 661 -> message: 14,25,25,6,6,6,20,25,30,25,6,20,25,25,6,20,25,6,20,25,25,6,20,25,6,25,6,25,6,6 -> output: 903
input: 662 -> message: 31,33,33,33,25,25,37,25,6,25,6,37,25,6,25,6,6,25,6,25,6,37,25,6,6,37,25,6,25,6 -> output: 360
input: 663 -> message: 31,30,37,37,37,37,37,37,37,37,37,37,37,37,37,37,37,37,37,37,37,37,37,37,37,37,37,37,37,37 -> output: 118
input: 664 -> message: 30,30,30,30,30,30,16,37,16,37,16,37,16,37,16,37,16,37,16,37,16,37,16,37,16,37,16,16,37,16 -> output: 62
input: 665 -> message: 33,30,6,11,37,11,37,25,6,6,11,37,25,6,11,37,25,6,11,37,25,6,6,11,37,25,6,6,20,25 -> output: 294
input: 666 -> message: 31,30,30,30,30,30,30,30,37,14,37,14,37,14,37,14,37,14,37,14,37,14,37,14,37,25,37,14,37,14 -> output: 137
input: 667 -> message: 30,30,6,11,37,11,37,25,6,11,37,25,6,6,11,37,25,6,6,11,37,25,6,6,11,37,25,6,6,11 -> output: 551
input: 668 -> message: 14,30,30,30,30,30,30,30,14,30,14,30,14,30,14,37,14,37,14,37,14,37,14,37,14,37,14,37,14,25 -> output: 594
input: 669 -> message: 14,30,30,30,30,30,16,16,16,16,16,16,37,16,37,16,16,37,16,16,37,16,16,37,16,16,16,37,16,16 -> output: 124
input: 670 -> message: 31,30,37,37,37,37,37,37,37,37,37,37,37,37,37,37,37,37,37,37,37,37,37,37,37,37,37,37,37,37 -> output: 118
input: 671 -> message: 31,31,31,31,31,31,30,30,30,30,30,30,30,30,30,30,30,30,30,30,30,30,30,30,30,30,30,30,30,30 -> output: 671
input: 672 -> message: 33,30,25,6,6,6,33,25,6,6,20,25,30,6,20,25,30,25,6,20,25,6,20,25,6,20,25,6,20,25 -> output: 98
input: 673 -> message: 14,30,30,30,30,30,30,30,30,30,30,30,30,30,30,30,30,30,30,30,30,30,30,30,30,30,30,30,30,30 -> output: 348
input: 674 -> message: 33,33,33,30,30,30,30,30,30,30,30,30,30,30,30,30,30,30,30,30,30,30,30,30,30,30,30,30,30,30 -> output: 855
input: 675 -> message: 14,30,30,30,30,30,37,37,37,37,14,37,14,37,14,37,37,37,14,37,37,37,37,37,37,37,37,37,37,37 -> output: 489
input: 676 -> message: 14,30,30,16,16,37,16,37,16,37,16,37,16,37,16,37,16,37,16,37,16,37,16,16,37,16,37,16,37,16 -> output: 112
input: 677 -> message: 31,33,33,30,30,25,37,25,30,25,6,25,6,25,6,25,6,25,6,25,6,25,6,25,6,25,6,25,6,25 -> output: 677
input: 678 -> message: 31,30,30,30,30,30,30,30,37,14,37,14,37,14,37,14,37,25,37,11,37,14,37,25,37,11,37,37,25,6 -> output: 208
input: 679 -> message: 31,30,16,11,11,11,37,11,37,11,37,11,11,11,11,11,11,11,11,11,11,11,11,11,11,11,11,11,11,11 -> output: 220
input: 680 -> message: 33,31,30,25,25,25,30,25,30,25,25,30,25,6,25,30,25,6,25,6,25,6,25,6,25,6,25,30,25,6 -> output: 680
input: 681 -> message: 30,6,11,37,11,37,11,37,37,11,37,37,11,37,25,6,37,11,37,37,37,11,37,25,6,37,11,37,37,37 -> output: 681
input: 682 -> message: 16,16,16,37,16,16,37,16,16,37,16,16,37,16,16,37,16,16,37,16,16,37,16,16,37,16,16,37,16,16 -> output: 122
input: 683 -> message: 14,30,37,11,37,37,11,37,11,37,11,37,11,37,11,37,11,37,11,37,11,37,11,37,11,37,11,37,11,37 -> output: 177
input: 684 -> message: 33,30,30,37,25,37,6,37,25,6,6,6,37,14,37,25,6,6,6,6,20,25,30,6,25,30,6,25,6,6 -> output: 945
input: 685 -> message: 33,30,30,30,30,30,37,14,6,11,37,37,25,37,11,37,11,37,11,37,25,37,11,37,11,37,25,37,11,37 -> output: 620
input: 686 -> message: 33,30,30,30,30,37,37,37,37,37,37,37,37,37,37,37,37,37,37,37,37,37,37,37,37,37,37,37,37,37 -> output: 523
input: 687 -> message: 14,30,30,11,11,37,11,37,11,37,11,37,11,37,11,37,11,37,11,37,11,37,11,37,11,37,11,37,11,37 -> output: 230
input: 688 -> message: 31,30,30,30,30,37,25,37,11,37,25,6,6,37,25,6,6,37,37,14,25,6,6,37,25,30,37,25,6,6 -> output: 342
input: 689 -> message: 31,30,37,37,37,37,37,25,6,6,6,37,37,25,6,6,37,25,6,37,25,6,37,25,6,37,37,25,6,37 -> output: 519
input: 690 -> message: 33,33,30,30,30,30,30,30,30,30,30,30,30,30,30,30,30,30,30,30,30,30,30,30,30,30,30,30,30,30 -> output: 522
input: 691 -> message: 33,30,30,30,25,30,25,25,25,6,25,30,25,6,25,30,25,6,25,6,25,30,25,6,25,30,25,30,25,6 -> output: 106
input: 692 -> message: 33,31,33,30,25,25,25,30,25,25,6,25,30,25,6,25,6,25,6,25,6,25,6,25,6,25,6,25,30,25 -> output: 490
input: 693 -> message: 14,30,30,30,16,16,16,16,16,13,13,30,16,16,16,16,16,16,16,16,16,37,16,16,16,37,16,16,16,16 -> output: 423
input: 694 -> message: 31,30,37,37,37,11,37,37,11,37,37,37,37,25,6,37,11,37,37,37,37,37,37,37,37,37,37,37,37,37 -> output: 465
input: 695 -> message: 33,30,37,11,37,11,37,11,37,11,37,11,37,11,37,11,37,37,11,37,11,37,11,37,11,37,37,11,37,11 -> output: 495
input: 696 -> message: 31,33,30,37,25,37,25,6,25,6,6,25,6,25,6,25,6,25,6,25,6,25,6,6,25,6,6,25,6,25 -> output: 914
input: 697 -> message: 31,30,30,30,37,37,37,37,37,37,37,37,37,37,37,37,37,37,37,37,37,37,37,37,37,37,37,37,37,37 -> output: 357
input: 698 -> message: 31,30,30,30,30,30,37,37,37,37,37,37,37,37,37,37,37,37,37,37,37,37,37,37,37,37,37,37,37,37 -> output: 721
input: 699 -> message: 14,14,30,30,30,30,30,30,30,25,30,25,30,25,30,25,30,25,30,25,30,25,30,25,30,25,30,25,30,25 -> output: 858
input: 700 -> message: 33,33,25,25,6,25,6,25,6,25,6,25,6,25,6,25,6,25,6,25,6,25,6,25,6,25,6,25,6,25 -> output: 327
input: 701 -> message: 33,30,25,25,30,25,6,25,6,25,6,25,6,25,6,25,6,25,6,25,6,25,6,25,6,25,6,25,6,25 -> output: 604
input: 702 -> message: 31,33,37,37,37,11,37,37,11,37,11,37,37,37,37,37,37,37,37,37,37,37,37,37,37,37,37,37,37,37 -> output: 765
input: 703 -> message: 14,30,30,37,37,14,37,14,37,14,37,14,37,14,37,14,37,14,37,14,37,14,37,14,37,14,37,37,14,37 -> output: 228
input: 704 -> message: 14,30,30,30,30,30,30,30,30,30,30,30,30,30,30,30,30,30,30,30,30,30,30,30,30,30,30,30,30,30 -> output: 348
input: 705 -> message: 31,37,37,37,25,6,37,11,37,25,6,37,37,25,6,37,37,25,6,37,37,25,6,37,37,25,6,37,37,25 -> output: 705
input: 706 -> message: 31,30,37,25,37,6,37,11,6,25,6,6,37,25,6,6,37,25,6,37,25,6,37,25,6,37,25,6,37,25 -> output: 229
input: 707 -> message: 31,31,31,30,30,30,30,30,30,30,30,30,30,30,30,30,30,37,30,37,37,37,37,37,37,37,37,37,30,37 -> output: 707
input: 708 -> message: 31,33,30,30,37,37,37,37,37,37,37,25,37,37,37,37,37,37,25,37,11,37,25,37,37,37,37,37,37,37 -> output: 185
input: 709 -> message: 31,33,30,30,37,37,37,37,37,37,37,11,37,11,37,11,37,11,37,11,37,11,37,37,37,37,37,37,37,37 -> output: 709
input: 710 -> message: 14,14,14,14,30,30,30,30,30,30,30,30,30,30,30,30,30,30,30,30,30,14,30,14,30,14,30,14,30,14 -> output: 515
input: 711 -> message: 33,37,37,37,37,25,6,37,11,37,25,6,37,37,37,25,6,37,11,37,25,6,37,37,25,6,37,37,25,6 -> output: 477
input: 712 -> message: 30,37,37,11,37,37,37,37,37,37,37,37,37,37,37,37,37,37,37,37,37,37,37,37,37,37,37,37,37,37 -> output: 90
input: 713 -> message: 33,30,37,37,37,37,11,37,25,6,11,37,25,6,37,11,37,25,6,37,11,37,25,6,37,6,37,25,6,37 -> output: 713
input: 714 -> message: 33,30,30,25,6,25,6,6,6,6,25,30,25,30,25,6,6,25,6,6,25,30,6,25,6,6,20,25,30,25 -> output: 652
input: 715 -> message: 31,33,33,30,30,30,30,30,30,30,30,30,30,30,30,30,30,30,30,30,30,30,30,30,30,30,30,30,30,30 -> output: 597
input: 716 -> message: 15,30,16,16,8,8,8,8,8,8,8,8,8,8,8,8,8,8,8,8,8,8,8,8,8,8,8,8,8,8 -> output: 716
input: 717 -> message: 11,37,11,37,11,37,37,11,37,37,11,37,37,37,11,37,37,37,11,37,37,37,11,37,37,37,11,37,25,6 -> output: 413
input: 718 -> message: 14,30,30,37,37,37,11,37,37,37,37,37,37,37,11,37,25,6,37,11,37,25,6,37,11,37,25,6,37,11 -> output: 991
input: 719 -> message: 14,30,30,30,37,14,37,14,37,14,37,14,37,14,37,14,37,14,37,14,37,14,37,14,37,14,37,14,37,14 -> output: 675
input: 720 -> message: 33,30,37,37,37,37,37,37,37,37,37,37,37,37,37,37,37,37,37,37,37,37,37,37,37,37,37,37,37,37 -> output: 103
input: 721 -> message: 31,30,30,30,30,30,30,37,37,37,37,37,37,37,37,37,37,37,37,37,37,37,37,37,37,37,37,37,37,37 -> output: 721
input: 722 -> message: 31,30,30,37,37,37,37,37,37,37,37,37,37,37,37,37,37,37,37,37,37,37,37,37,37,37,37,37,37,37 -> output: 797
input: 723 -> message: 33,30,30,30,30,30,30,16,16,16,8,8,8,8,8,8,8,8,8,8,8,8,8,8,8,8,8,8,8,8 -> output: 723
input: 724 -> message: 25,30,25,6,25,6,25,6,25,6,25,6,25,6,25,6,25,6,25,6,25,6,25,6,25,6,25,6,25,6 -> output: 84
input: 725 -> message: 31,30,11,11,37,11,37,11,11,11,11,37,11,11,11,11,37,11,11,37,11,37,11,37,11,37,11,37,11,37 -> output: 101
input: 726 -> message: 31,33,33,33,30,30,30,30,30,37,25,37,25,37,25,6,37,25,6,37,25,6,37,25,6,37,25,6,37,25 -> output: 726
input: 727 -> message: 14,6,11,37,37,11,37,25,37,37,11,37,25,6,37,37,25,6,37,37,11,37,25,6,37,37,6,37,37,25 -> output: 727
input: 728 -> message: 33,33,30,30,30,37,25,37,37,25,6,6,6,37,37,25,6,6,6,37,25,6,6,6,20,25,6,6,20,25 -> output: 287
input: 729 -> message: 30,25,6,6,6,25,6,11,37,25,25,6,6,25,6,11,37,25,25,6,6,25,6,6,25,6,6,25,6,11 -> output: 729
input: 730 -> message: 33,30,30,11,37,11,37,11,37,11,37,11,37,11,37,11,37,11,37,11,37,11,37,11,37,11,37,11,37,11 -> output: 937
input: 731 -> message: 17,14,14,14,14,30,30,30,30,30,30,30,14,30,14,30,14,30,14,30,14,30,14,30,14,30,14,30,14,30 -> output: 731
input: 732 -> message: 31,33,11,11,11,11,11,11,11,11,11,11,11,11,11,11,11,11,11,11,11,11,11,11,11,11,11,11,11,11 -> output: 732
input: 733 -> message: 33,33,30,30,30,30,30,30,30,30,30,30,30,30,30,25,37,25,30,25,6,25,6,25,6,33,25,30,25,6 -> output: 760
input: 734 -> message: 14,30,25,6,6,33,25,30,6,25,6,6,20,25,30,25,6,6,20,25,30,25,6,20,25,30,25,6,20,25 -> output: 488
input: 735 -> message: 31,33,30,30,30,37,37,37,37,25,6,37,37,37,37,25,6,6,37,37,25,6,37,14,37,25,6,6,37,14 -> output: 794
input: 736 -> message: 33,30,30,37,25,37,6,37,6,37,25,6,6,6,11,37,25,6,6,37,25,6,6,20,25,6,6,20,25,6 -> output: 945
input: 737 -> message: 31,30,30,30,11,11,11,11,11,11,11,11,11,11,11,11,11,11,11,11,11,11,11,11,11,11,11,11,11,11 -> output: 33
input: 738 -> message: 33,30,30,30,30,37,6,11,37,11,37,25,37,11,37,11,37,25,37,11,37,11,37,25,37,11,37,6,11,37 -> output: 378
input: 739 -> message: 33,25,25,25,30,25,6,25,6,25,6,25,6,25,6,25,6,25,6,25,6,25,6,25,6,25,6,25,6,25 -> output: 223
input: 740 -> message: 31,30,11,37,11,37,11,37,11,37,11,37,11,37,11,37,11,37,11,37,11,37,11,37,11,37,11,37,11,37 -> output: 740
input: 741 -> message: 33,30,30,30,37,37,14,37,25,6,6,37,37,37,37,25,6,6,37,37,37,25,6,6,37,37,25,6,6,20 -> output: 449
input: 742 -> message: 31,33,11,37,11,37,11,37,11,37,11,37,11,37,11,37,11,37,11,37,11,37,11,37,11,37,11,37,11,37 -> output: 742
input: 743 -> message: 31,30,30,30,37,25,37,25,6,6,25,6,6,25,6,6,25,30,25,6,6,25,30,25,6,6,25,30,25,6 -> output: 307
input: 744 -> message: 33,30,30,30,30,37,14,37,25,37,14,6,37,14,37,25,6,6,11,37,37,25,6,6,37,11,37,25,6,6 -> output: 429
input: 745 -> message: 11,37,37,11,37,11,37,11,37,11,37,11,37,11,37,37,11,37,11,37,11,37,37,11,37,37,11,37,37,11 -> output: 413
input: 746 -> message: 11,37,11,37,11,37,11,37,11,37,11,37,11,37,11,37,11,37,11,37,11,37,11,37,11,37,11,37,37,11 -> output: 413
input: 747 -> message: 14,14,14,8,8,8,8,8,8,8,8,8,8,8,8,8,8,8,8,8,8,8,8,8,8,8,8,8,8,8 -> output: 747
input: 748 -> message: 33,30,30,16,37,11,16,37,11,37,16,37,11,16,37,16,37,11,16,37,11,16,37,11,16,37,11,16,37,11 -> output: 85
input: 749 -> message: 33,30,30,37,37,37,37,37,37,37,37,37,37,37,37,37,37,37,37,37,37,37,37,37,37,37,37,37,37,37 -> output: 636
input: 750 -> message: 33,30,30,6,11,11,11,11,11,11,11,11,11,11,11,11,11,11,11,37,11,11,37,11,37,11,37,11,11,37 -> output: 306
input: 751 -> message: 14,30,30,30,30,30,30,30,30,30,30,30,30,30,30,30,30,30,30,30,30,30,30,30,30,30,30,30,30,14 -> output: 348
input: 752 -> message: 14,30,30,30,37,14,25,6,37,14,6,37,14,6,11,37,25,6,6,6,20,25,6,6,20,25,30,25,6,6 -> output: 882
input: 753 -> message: 33,30,30,16,16,16,37,16,37,16,37,16,37,16,16,37,16,37,16,37,16,37,16,16,37,16,16,37,16,16 -> output: 610
input: 754 -> message: 31,30,30,30,30,37,14,6,37,14,25,6,6,33,6,6,11,37,25,6,11,6,25,6,6,11,11,25,6,6 -> output: 180
input: 755 -> message: 31,31,14,30,30,30,30,30,30,30,30,30,30,30,37,30,37,37,37,37,37,37,37,37,37,37,37,30,37,30 -> output: 755
input: 756 -> message: 33,25,6,6,6,11,37,25,6,6,25,6,37,11,25,25,6,6,25,6,6,37,25,25,6,6,37,25,25,6 -> output: 251
input: 757 -> message: 37,11,37,11,37,37,11,37,25,6,37,11,37,37,37,11,37,25,6,37,11,37,37,37,37,37,37,37,37,37 -> output: 329
input: 758 -> message: 14,16,26,8,8,8,8,8,8,8,8,8,8,8,8,8,8,8,8,8,8,8,8,8,8,8,8,8,8,8 -> output: 758
input: 759 -> message: 33,30,37,37,37,37,37,37,37,37,37,37,37,37,37,37,37,37,37,37,37,37,37,37,37,37,37,37,37,37 -> output: 103
input: 760 -> message: 33,33,30,30,30,30,30,37,25,30,25,30,25,6,37,25,6,25,6,6,6,25,30,25,6,6,25,6,6,6 -> output: 760
input: 761 -> message: 33,30,30,37,37,6,37,11,37,37,37,25,6,6,37,11,37,25,6,37,11,37,25,6,37,37,6,37,25,6 -> output: 449
input: 762 -> message: 33,25,25,6,25,6,25,6,25,6,25,6,25,6,25,6,25,6,25,6,25,6,25,6,25,6,25,6,25,6 -> output: 520
input: 763 -> message: 33,30,30,30,37,25,37,6,6,6,11,37,25,6,6,6,6,33,25,30,6,20,25,30,6,20,25,30,6,20 -> output: 567
input: 764 -> message: 31,30,30,30,30,30,30,30,30,30,30,30,30,30,30,30,30,30,30,30,37,25,37,25,37,14,25,6,33,25 -> output: 377
input: 765 -> message: 31,33,37,37,37,37,37,37,37,37,37,37,37,37,37,37,37,37,37,37,37,37,37,37,37,37,37,37,37,37 -> output: 188
input: 766 -> message: 14,30,11,11,37,11,37,11,37,11,37,11,37,11,37,11,37,11,37,11,37,11,37,11,37,11,37,11,37,11 -> output: 230
input: 767 -> message: 33,25,25,25,6,25,6,25,6,25,6,25,6,25,6,25,6,25,6,25,6,25,6,25,6,25,6,25,6,25 -> output: 223
input: 768 -> message: 31,30,37,11,37,25,6,37,11,37,25,6,37,11,37,25,6,37,25,6,6,37,25,6,37,11,37,25,6,37 -> output: 419
input: 769 -> message: 14,30,30,30,30,14,37,25,37,14,6,37,14,37,14,6,14,37,14,6,11,37,14,25,6,6,11,11,37,25 -> output: 990
input: 770 -> message: 31,33,30,30,30,30,30,37,30,37,25,37,14,25,6,6,37,11,6,25,6,6,37,37,25,6,6,37,37,25 -> output: 202
input: 771 -> message: 33,33,25,37,25,6,25,6,25,6,37,25,6,37,25,6,25,6,37,25,25,6,6,25,6,37,25,25,6,6 -> output: 336
input: 772 -> message: 14,25,30,25,6,25,6,25,6,25,6,25,6,25,6,25,6,25,6,25,6,25,6,25,6,25,6,25,6,25 -> output: 772
input: 773 -> message: 31,30,37,37,37,37,37,37,37,37,37,37,37,37,37,37,37,25,6,37,11,37,25,6,37,11,37,25,6,37 -> output: 465
input: 774 -> message: 33,30,25,6,37,37,25,6,37,25,6,37,25,6,37,25,6,37,25,6,37,25,6,37,25,25,6,6,37,25 -> output: 98
input: 775 -> message: 31,14,30,16,16,16,37,16,16,37,16,16,37,16,16,37,16,16,37,16,16,37,16,16,37,16,16,37,16,16 -> output: 504
input: 776 -> message: 31,30,16,16,16,16,37,16,16,37,16,16,37,16,16,37,16,16,37,16,16,37,16,16,37,16,16,37,16,16 -> output: 776
input: 777 -> message: 14,30,30,30,25,6,37,25,6,6,6,6,37,25,30,25,6,6,25,6,33,25,30,25,30,25,6,6,25,30 -> output: 624
input: 778 -> message: 31,33,30,30,30,30,30,30,30,30,30,30,30,30,16,16,16,16,16,37,16,37,16,16,37,16,16,16,37,16 -> output: 127
input: 779 -> message: 31,31,31,31,14,30,30,30,30,30,30,30,30,30,30,30,30,30,30,30,30,30,30,30,30,30,30,30,30,30 -> output: 6
input: 780 -> message: 31,30,30,30,30,16,16,16,16,8,8,8,8,8,8,8,8,8,8,8,8,8,8,8,8,8,8,8,8,8 -> output: 780
input: 781 -> message: 33,30,25,37,25,6,6,6,37,25,6,6,25,6,6,20,25,30,6,25,6,20,25,6,20,25,6,6,20,25 -> output: 98
input: 782 -> message: 31,33,30,30,30,30,30,30,30,30,30,37,30,37,37,37,37,37,37,37,37,37,37,37,37,37,37,37,37,37 -> output: 250
input: 783 -> message: 25,6,11,37,11,37,37,37,37,11,37,25,6,37,11,37,37,37,11,37,25,6,37,11,37,37,37,11,37,25 -> output: 178
input: 784 -> message: 11,37,11,37,11,37,11,37,37,11,37,37,37,11,37,37,11,37,37,11,37,37,37,11,37,37,37,11,37,25 -> output: 413
input: 785 -> message: 25,25,6,6,33,25,6,25,6,25,6,25,6,25,6,25,6,25,6,25,6,25,6,25,6,25,6,25,6,25 -> output: 52
input: 786 -> message: 14,30,30,37,37,37,37,37,37,37,37,37,37,37,37,37,37,37,37,37,37,37,37,37,37,37,37,37,37,37 -> output: 190
input: 787 -> message: 14,30,30,30,30,30,30,16,16,37,16,37,16,37,16,37,16,37,16,37,16,37,16,16,37,16,16,37,16,16 -> output: 787
input: 788 -> message: 33,11,37,11,37,11,37,37,37,37,11,37,25,6,37,11,37,37,37,11,37,25,6,37,11,37,25,6,37,11 -> output: 440
input: 789 -> message: 14,30,30,16,16,16,8,8,8,8,8,8,8,8,8,8,8,8,8,8,8,8,8,8,8,8,8,8,8,8 -> output: 971
input: 790 -> message: 14,30,30,30,37,11,37,37,37,37,37,37,37,37,37,37,37,37,37,37,37,37,37,37,37,37,37,37,37,37 -> output: 262
input: 791 -> message: 37,37,11,37,25,37,37,37,37,37,37,37,37,25,6,37,37,37,37,37,37,37,37,37,37,37,37,37,37,37 -> output: 791
input: 792 -> message: 31,30,11,16,11,37,11,37,11,37,11,37,11,37,11,37,11,37,11,37,11,37,11,37,11,37,11,37,11,37 -> output: 792
input: 793 -> message: 3,30,37,16,37,11,37,16,37,11,37,37,37,37,37,37,37,37,37,37,37,37,37,37,37,37,37,37,37,37 -> output: 793
input: 794 -> message: 31,33,30,30,30,30,30,37,37,37,37,37,37,37,37,37,25,37,37,37,37,37,37,37,37,25,6,37,37,37 -> output: 250
input: 795 -> message: 14,14,30,30,30,30,30,30,30,30,30,30,30,30,30,30,30,30,30,30,30,30,30,30,30,30,30,30,30,30 -> output: 858
input: 796 -> message: 31,33,30,30,30,30,30,37,25,37,37,14,37,14,6,37,14,25,6,6,11,37,37,25,6,6,37,11,37,25 -> output: 879
input: 797 -> message: 31,30,30,37,37,37,37,37,37,37,37,37,37,37,37,37,37,37,37,37,37,37,37,37,37,37,37,37,37,37 -> output: 797
input: 798 -> message: 33,30,30,6,37,11,37,11,37,11,37,11,37,11,37,11,37,11,37,11,37,11,37,11,37,11,37,11,37,11 -> output: 937
input: 799 -> message: 31,30,30,30,30,37,37,37,37,37,37,37,37,37,37,37,37,37,37,37,37,37,37,37,37,37,37,37,37,37 -> output: 357
input: 800 -> message: 14,30,37,11,37,11,37,37,11,37,37,37,37,37,37,37,37,37,37,37,37,37,37,37,37,37,37,37,37,37 -> output: 255
input: 801 -> message: 31,33,30,30,30,30,30,37,37,37,37,37,37,37,37,37,37,37,37,37,37,37,37,37,37,37,37,37,37,37 -> output: 250
input: 802 -> message: 31,33,30,30,30,30,30,30,30,30,30,30,30,30,30,37,30,25,30,25,30,25,37,25,6,25,6,25,6,25 -> output: 475
input: 803 -> message: 33,30,30,30,30,30,30,30,37,37,37,37,37,37,37,37,37,37,37,37,37,37,37,37,37,37,37,37,37,37 -> output: 803
input: 804 -> message: 22,30,11,16,11,37,11,37,11,37,11,37,11,37,11,37,11,37,11,37,11,37,11,37,11,37,11,37,11,37 -> output: 804
input: 805 -> message: 31,30,30,30,30,37,14,37,25,37,11,37,25,6,37,11,37,25,37,11,37,25,37,11,37,25,37,11,37,25 -> output: 404
input: 806 -> message: 33,30,37,25,37,6,37,25,6,6,6,6,25,6,6,20,25,6,6,20,25,6,20,25,6,6,20,25,30,6 -> output: 324
input: 807 -> message: 33,33,25,25,6,25,6,25,30,25,6,25,6,25,6,25,6,25,6,25,6,6,25,6,25,6,25,6,25,6 -> output: 327
input: 808 -> message: 31,33,30,37,25,37,37,25,6,6,37,37,25,6,6,37,25,6,6,25,6,6,25,6,6,25,6,6,25,6 -> output: 58
input: 809 -> message: 31,30,37,37,11,37,11,37,37,37,11,37,25,6,37,11,37,25,6,37,11,37,25,6,37,11,37,25,6,37 -> output: 566
input: 810 -> message: 31,30,30,37,11,37,11,37,11,37,11,37,11,11,37,11,37,11,37,11,37,11,37,11,37,11,37,11,37,11 -> output: 630
input: 811 -> message: 31,33,30,30,30,30,30,30,30,30,30,30,30,30,30,30,30,30,30,30,30,30,30,30,30,30,30,30,30,30 -> output: 40
input: 812 -> message: 31,33,30,30,16,16,16,16,37,16,37,16,37,16,16,37,16,16,37,16,16,37,16,16,37,16,16,37,16,16 -> output: 37
input: 813 -> message: 14,30,30,30,30,30,30,30,37,14,37,14,37,14,37,37,37,37,37,37,37,37,37,37,37,37,37,37,37,37 -> output: 813
input: 814 -> message: 33,30,30,16,16,16,16,16,37,16,16,37,16,16,37,16,16,37,16,16,37,16,16,37,16,16,37,16,16,37 -> output: 610
input: 815 -> message: 31,14,30,30,30,30,30,30,30,30,30,30,30,30,30,30,30,30,30,30,30,30,30,14,30,14,30,14,30,14 -> output: 426
input: 816 -> message: 33,33,33,25,25,37,25,6,25,6,25,6,25,6,25,6,25,6,37,25,6,25,6,6,25,6,25,6,25,6 -> output: 497
input: 817 -> message: 31,30,11,11,37,11,37,11,11,11,11,11,11,37,11,11,11,37,11,37,11,11,37,11,37,11,37,11,37,11 -> output: 101
input: 818 -> message: 30,6,11,11,37,25,6,11,37,6,37,11,37,25,6,11,37,25,6,6,11,37,25,6,6,11,37,25,6,6 -> output: 305
input: 819 -> message: 14,30,30,30,30,30,30,30,14,30,14,30,14,30,14,25,6,14,6,14,6,14,6,6,14,25,6,6,33,25 -> output: 399
input: 820 -> message: 33,30,30,30,37,25,37,6,11,37,6,37,6,37,11,37,25,6,6,6,11,37,25,6,6,11,37,25,6,6 -> output: 620
input: 821 -> message: 30,30,30,16,16,16,37,11,16,37,11,16,37,11,16,11,37,11,37,11,37,11,37,11,37,11,37,11,11,37 -> output: 590
input: 822 -> message: 33,33,30,30,30,30,30,30,30,30,30,30,30,30,30,30,30,25,30,25,37,25,30,25,37,25,6,25,6,25 -> output: 822
input: 823 -> message: 14,6,11,11,11,37,11,37,37,11,37,25,6,37,11,37,25,6,37,11,37,25,6,37,11,37,25,6,6,37 -> output: 338
input: 824 -> message: 33,30,25,25,6,6,25,6,25,6,25,6,25,6,6,25,6,6,25,30,25,6,25,6,25,6,6,20,25,30 -> output: 92
input: 825 -> message: 31,30,30,16,11,16,11,37,11,37,11,37,11,37,11,37,11,37,11,37,11,37,11,37,11,37,11,37,11,37 -> output: 369
input: 826 -> message: 14,30,30,30,30,30,30,30,30,30,30,30,30,30,14,30,14,30,14,30,14,30,14,30,14,30,14,30,14,30 -> output: 371
input: 827 -> message: 31,14,30,30,30,30,30,30,30,30,30,30,30,30,30,30,30,30,14,30,14,30,14,30,14,30,14,30,14,30 -> output: 426
input: 828 -> message: 31,30,30,30,30,30,30,37,14,37,14,37,14,37,14,25,6,6,33,37,14,37,14,37,14,37,11,37,25,37 -> output: 208
input: 829 -> message: 14,30,6,11,37,11,37,11,37,37,11,37,11,37,25,37,11,37,37,11,37,25,6,37,11,37,25,37,11,37 -> output: 829
input: 830 -> message: 33,30,30,30,30,37,14,37,25,37,14,6,37,14,37,25,6,6,6,11,37,11,37,25,6,6,37,11,37,25 -> output: 429
input: 831 -> message: 33,30,30,25,37,6,6,6,11,6,6,37,25,6,6,20,25,6,6,11,11,37,25,6,6,11,37,25,6,6 -> output: 831
input: 832 -> message: 33,25,6,6,11,6,37,25,6,37,11,37,25,6,37,6,25,6,37,6,25,6,37,6,25,6,37,6,25,6 -> output: 292
input: 833 -> message: 33,33,25,37,25,6,6,6,37,25,6,37,25,6,37,25,6,37,25,6,37,25,6,37,25,6,37,25,6,25 -> output: 243
input: 834 -> message: 33,30,30,25,37,6,6,6,6,11,37,25,6,6,11,11,37,25,6,6,11,11,37,25,6,6,20,25,6,6 -> output: 831
input: 835 -> message: 33,30,11,11,37,11,37,11,37,11,37,11,37,11,37,11,37,11,37,11,37,11,37,11,37,11,37,11,37,11 -> output: 495
input: 836 -> message: 33,37,6,37,25,6,37,11,37,25,6,37,37,25,6,37,37,25,6,37,37,25,6,37,6,25,6,37,6,25 -> output: 598
input: 837 -> message: 31,31,33,33,33,30,30,30,30,30,30,30,30,30,30,30,30,30,30,37,25,37,25,37,25,6,25,6,25,6 -> output: 276
input: 838 -> message: 14,30,30,14,25,6,25,6,6,25,6,25,6,33,25,30,25,6,6,25,6,6,25,30,25,6,25,6,6,25 -> output: 539
input: 839 -> message: 33,33,30,25,25,25,6,25,6,25,30,25,6,25,6,25,6,25,6,25,6,25,6,25,6,25,6,25,6,25 -> output: 471
input: 840 -> message: 31,31,33,33,33,30,30,30,30,30,30,30,30,30,30,30,30,30,30,30,30,30,25,37,25,37,25,6,25,6 -> output: 276
input: 841 -> message: 33,33,30,25,25,6,6,25,6,6,25,6,6,6,37,25,30,25,6,20,25,6,20,25,30,6,25,6,25,6 -> output: 337
input: 842 -> message: 33,30,30,30,37,11,37,11,37,37,11,37,11,37,11,37,11,37,11,37,11,37,11,37,11,37,11,37,11,37 -> output: 937
input: 843 -> message: 16,16,37,16,16,37,16,16,37,16,16,37,16,16,37,16,16,37,16,16,37,16,16,37,16,16,37,16,23,37 -> output: 122
input: 844 -> message: 31,33,30,30,30,37,25,37,37,6,37,37,25,6,6,6,37,37,25,6,6,37,37,25,6,6,37,25,6,25 -> output: 283
input: 845 -> message: 33,33,33,25,25,25,6,25,6,25,6,25,6,25,6,25,6,25,6,25,6,25,6,25,6,25,6,25,6,25 -> output: 476
input: 846 -> message: 33,30,25,6,6,6,11,6,25,6,11,6,25,6,6,11,11,25,6,6,33,25,6,6,20,25,30,11,6,25 -> output: 408
input: 847 -> message: 33,33,33,30,30,30,30,37,37,37,37,14,37,25,37,37,14,37,25,6,6,37,14,37,25,6,6,37,14,37 -> output: 42
input: 848 -> message: 33,25,6,6,6,11,11,25,6,6,25,6,6,11,37,25,25,6,6,37,25,25,6,6,37,25,25,6,6,37 -> output: 625
input: 849 -> message: 31,31,14,30,30,30,30,30,30,30,30,30,30,30,37,30,37,37,37,37,37,37,37,37,37,37,37,30,37,30 -> output: 755
input: 850 -> message: 31,30,30,30,37,14,37,37,6,11,37,37,25,6,11,37,37,37,37,37,37,37,37,37,37,37,25,6,6,11 -> output: 404
input: 851 -> message: 14,37,37,11,37,37,11,37,37,37,37,37,37,37,37,37,37,37,37,37,37,37,37,37,37,37,37,37,37,37 -> output: 138
input: 852 -> message: 31,30,30,30,30,30,37,25,30,25,6,25,6,33,25,30,25,6,37,14,25,6,6,25,6,6,25,30,25,6 -> output: 307
input: 853 -> message: 33,25,25,25,30,25,6,25,6,25,6,25,6,25,6,25,6,25,6,25,6,25,6,25,6,25,6,25,6,25 -> output: 223
input: 854 -> message: 14,6,11,37,11,37,37,37,11,37,25,37,11,37,25,6,37,11,37,25,6,37,37,6,37,37,25,6,37,11 -> output: 727
input: 855 -> message: 33,33,33,30,30,30,30,30,30,30,30,30,30,30,30,30,30,30,30,37,30,25,37,14,25,6,11,14,37,14 -> output: 401
input: 856 -> message: 31,31,31,31,31,30,30,30,30,30,30,30,30,30,30,30,30,30,30,30,30,30,30,30,30,30,30,30,30,30 -> output: 671
input: 857 -> message: 31,30,30,30,30,30,30,37,37,37,37,37,37,37,37,37,37,37,37,37,37,37,37,37,37,37,37,37,37,37 -> output: 721
input: 858 -> message: 14,14,30,30,30,30,30,30,30,30,30,30,30,30,30,30,30,30,30,30,30,30,30,30,30,30,30,30,30,30 -> output: 858
input: 859 -> message: 33,33,37,37,37,37,37,37,37,37,37,37,37,37,37,37,37,37,37,37,37,37,37,37,37,37,37,37,37,37 -> output: 184
input: 860 -> message: 31,31,33,30,30,30,30,30,30,30,37,30,37,37,14,37,37,25,37,11,37,25,37,6,6,37,14,30,37,25 -> output: 192
input: 861 -> message: 33,33,30,30,30,30,37,25,37,37,14,37,25,6,6,6,37,11,6,37,25,6,6,37,11,37,25,6,6,37 -> output: 287
input: 862 -> message: 31,33,30,30,37,25,37,25,6,25,6,6,25,6,6,25,6,25,6,25,6,25,6,25,6,6,25,6,6,25 -> output: 914
input: 863 -> message: 25,6,6,6,25,6,6,20,25,30,25,6,25,6,25,6,25,6,25,6,25,6,25,6,25,6,25,6,25,6 -> output: 141
input: 864 -> message: 25,25,6,6,37,25,25,6,6,25,6,25,6,25,6,25,6,25,6,25,6,25,6,25,6,25,6,25,6,25 -> output: 52
input: 865 -> message: 33,33,30,30,30,25,37,6,37,14,37,6,25,6,6,6,6,20,30,25,30,6,20,25,30,6,20,25,30,6 -> output: 287
input: 866 -> message: 33,30,30,30,30,30,30,30,30,30,30,30,30,30,30,30,30,30,30,30,30,30,30,30,30,30,30,30,30,30 -> output: 880
input: 867 -> message: 31,31,31,30,30,30,30,30,30,30,30,30,30,30,30,30,30,30,30,30,30,30,30,30,30,30,30,30,30,30 -> output: 173
input: 868 -> message: 14,30,30,30,30,37,37,37,37,37,37,37,37,37,37,37,37,37,37,37,37,37,37,37,37,37,37,37,37,37 -> output: 262
input: 869 -> message: 31,33,30,30,37,25,37,25,6,25,6,6,25,6,25,6,25,6,25,6,25,6,25,6,25,6,25,6,6,25 -> output: 603
input: 870 -> message: 14,30,6,11,37,11,37,11,37,11,37,37,11,37,25,37,11,37,6,37,11,37,25,37,11,37,25,37,11,37 -> output: 829
input: 871 -> message: 31,30,30,30,37,25,37,6,37,6,37,11,6,25,6,6,37,14,37,25,6,6,6,37,25,30,6,25,6,20 -> output: 180
input: 872 -> message: 33,30,6,11,37,11,37,25,6,37,11,37,25,6,37,11,37,25,6,6,37,6,20,25,6,6,20,25,6,6 -> output: 294
input: 873 -> message: 14,30,30,30,30,30,14,30,14,37,14,6,14,37,14,37,14,37,14,37,14,37,14,37,14,37,14,11,37,25 -> output: 536
input: 874 -> message: 31,30,30,37,37,37,37,37,37,37,37,37,37,37,37,37,37,37,37,37,37,37,37,37,37,37,37,37,37,37 -> output: 797
input: 875 -> message: 31,33,30,30,30,30,30,30,30,30,37,14,37,14,37,14,37,14,37,14,37,14,37,25,37,11,37,25,37,11 -> output: 875
input: 876 -> message: 33,25,25,30,25,6,25,6,25,6,25,6,25,6,25,6,25,6,25,6,25,6,25,6,25,6,25,6,25,6 -> output: 274
input: 877 -> message: 33,30,37,37,37,37,37,37,37,37,37,37,37,37,37,37,37,37,37,37,37,37,37,37,37,37,37,37,37,37 -> output: 103
input: 878 -> message: 33,33,33,33,30,30,37,25,37,25,37,6,37,25,37,6,25,6,6,37,37,25,6,6,37,25,6,25,6,6 -> output: 572
input: 879 -> message: 31,33,30,30,30,30,30,30,37,30,37,25,37,14,6,37,14,37,25,37,11,6,37,14,37,25,6,6,37,14 -> output: 879
input: 880 -> message: 33,30,30,30,30,30,30,30,30,30,30,30,30,30,30,30,30,30,30,30,30,30,30,30,30,30,30,30,30,30 -> output: 880
input: 881 -> message: 31,31,30,30,30,30,30,30,30,30,30,30,37,30,37,14,37,14,37,14,37,14,37,25,37,11,37,25,37,11 -> output: 277
input: 882 -> message: 14,30,30,30,37,14,37,14,37,25,6,37,14,6,37,14,37,14,37,14,37,14,37,37,14,37,25,6,6,6 -> output: 719
input: 883 -> message: 31,33,30,37,37,11,37,11,37,11,37,11,37,11,37,11,37,11,37,11,37,37,11,37,37,11,37,11,37,11 -> output: 883
input: 884 -> message: 33,30,30,30,30,25,30,25,6,37,25,30,25,6,33,25,30,25,6,6,25,6,6,6,25,30,25,6,6,25 -> output: 174
input: 885 -> message: 31,30,37,25,6,37,6,37,25,6,6,37,25,6,37,25,6,37,25,6,37,25,6,25,6,6,37,25,25,6 -> output: 133
input: 886 -> message: 14,33,25,25,6,25,6,25,6,25,6,25,6,25,6,25,6,25,6,25,6,25,6,25,6,25,6,25,6,25 -> output: 886
input: 887 -> message: 33,33,25,25,25,6,25,6,25,30,25,6,25,6,25,6,25,6,25,6,25,6,25,6,25,6,25,6,25,6 -> output: 425
input: 888 -> message: 25,25,6,6,25,6,6,25,6,25,6,11,25,25,6,25,6,25,6,25,6,25,6,25,6,25,6,25,6,25 -> output: 52
input: 889 -> message: 37,25,6,37,37,25,6,37,37,25,25,6,37,37,25,25,6,37,37,25,25,6,37,37,25,25,6,37,37,25 -> output: 889
input: 890 -> message: 31,33,30,30,37,37,37,37,37,37,37,37,37,37,37,37,37,37,37,37,37,37,37,37,37,37,37,37,37,37 -> output: 585
input: 891 -> message: 14,30,30,25,30,25,6,25,6,6,25,6,6,25,30,25,6,25,6,6,25,30,25,6,25,6,6,25,30,25 -> output: 539
input: 892 -> message: 31,30,37,37,25,37,25,6,6,37,25,6,6,25,6,6,25,6,25,6,6,20,25,6,20,25,6,25,6,25 -> output: 133
input: 893 -> message: 31,14,30,30,30,30,30,30,14,30,37,14,37,14,37,14,37,14,37,37,37,37,37,37,37,37,37,37,37,37 -> output: 312
input: 894 -> message: 33,33,25,6,37,25,6,6,37,25,6,37,25,6,25,6,6,37,25,25,6,6,37,25,25,6,6,37,25,25 -> output: 243
input: 895 -> message: 22,30,30,30,16,16,16,8,8,8,8,8,8,8,8,8,8,8,8,8,8,8,8,8,8,8,8,8,8,8 -> output: 895
input: 896 -> message: 31,30,37,11,37,37,37,11,37,25,6,37,11,37,37,37,37,37,37,37,37,37,37,37,37,37,37,37,37,25 -> output: 228
input: 897 -> message: 14,30,30,30,30,30,14,30,14,30,14,37,14,25,6,6,6,25,37,6,25,6,6,25,6,6,6,25,6,6 -> output: 769
input: 898 -> message: 33,31,33,25,25,6,25,6,25,6,6,25,6,6,37,25,6,25,6,37,25,6,25,6,25,6,6,25,6,37 -> output: 898
input: 899 -> message: 31,30,37,37,37,11,37,37,37,37,37,25,6,11,37,37,25,6,37,11,37,25,6,37,11,37,25,6,37,11 -> output: 896
input: 900 -> message: 33,33,30,30,30,30,30,30,30,30,30,30,30,30,30,30,30,25,30,25,30,25,37,25,6,25,6,25,6,25 -> output: 733
input: 901 -> message: 31,30,30,30,16,16,16,37,16,37,16,37,16,16,37,16,16,37,16,16,37,16,16,37,16,16,37,16,16,37 -> output: 901
input: 902 -> message: 15,30,26,8,8,8,8,8,8,8,8,8,8,8,8,8,8,8,8,8,8,8,8,8,8,8,8,8,8,8 -> output: 45
input: 903 -> message: 14,25,6,25,6,6,6,20,25,30,25,6,20,25,25,6,20,25,25,6,20,25,6,25,6,25,6,25,6,25 -> output: 352
input: 904 -> message: 31,14,30,30,30,30,30,30,30,30,14,30,37,14,37,14,37,14,37,14,37,14,37,14,37,14,37,14,37,14 -> output: 312
input: 905 -> message: 31,30,30,30,37,37,37,11,37,11,37,11,37,37,11,37,37,11,37,25,6,11,37,11,37,25,6,11,37,11 -> output: 404
input: 906 -> message: 33,30,30,37,25,37,6,37,11,37,25,6,37,6,37,25,6,37,6,25,6,37,6,25,6,37,37,25,6,37 -> output: 945
input: 907 -> message: 33,33,25,6,25,6,25,6,37,25,6,37,25,6,37,25,6,25,6,6,25,6,37,25,6,25,6,6,25,6 -> output: 243
input: 908 -> message: 31,30,30,30,37,25,37,6,6,37,25,6,6,37,11,37,25,6,6,37,25,30,6,25,6,6,20,25,30,6 -> output: 169
input: 909 -> message: 33,30,30,30,37,37,37,37,37,37,37,37,25,6,37,37,37,37,37,37,37,37,37,37,37,37,37,37,25,6 -> output: 532
input: 910 -> message: 31,30,37,11,37,37,37,37,11,37,11,37,37,37,37,37,37,37,37,37,37,37,37,37,37,37,37,37,37,37 -> output: 118
input: 911 -> message: 31,31,31,33,33,30,30,30,30,30,30,30,25,30,25,30,25,30,25,30,25,6,11,37,25,30,37,25,30,37 -> output: 247
input: 912 -> message: 33,33,33,25,25,37,25,6,25,6,25,6,25,6,25,6,25,6,25,6,37,25,6,25,6,25,6,6,25,6 -> output: 497
input: 913 -> message: 31,33,33,33,25,37,25,37,6,25,6,25,6,6,25,6,25,6,6,37,25,6,37,25,6,25,6,37,25,6 -> output: 360
input: 914 -> message: 31,33,33,30,30,37,25,37,25,6,25,6,37,25,6,37,14,25,6,6,25,6,25,6,6,25,6,25,6,25 -> output: 645
input: 915 -> message: 30,25,25,6,25,6,25,6,25,6,25,6,25,6,25,6,25,6,25,6,25,6,25,6,25,6,25,6,25,6 -> output: 915
input: 916 -> message: 14,30,37,11,37,11,37,37,11,37,25,6,37,11,37,25,6,37,11,37,25,6,37,11,37,25,6,37,37,25 -> output: 916
input: 917 -> message: 31,30,30,30,30,30,8,8,8,8,8,8,8,8,8,8,8,8,8,8,8,8,8,8,8,8,8,8,8,8 -> output: 917
input: 918 -> message: 33,37,25,6,37,37,25,6,37,6,25,6,37,37,25,6,37,6,25,6,37,37,25,6,37,37,25,6,37,37 -> output: 836
input: 919 -> message: 14,11,37,11,37,11,37,11,37,11,37,11,37,11,37,11,37,11,37,11,37,11,37,11,37,11,37,11,37,11 -> output: 252
input: 920 -> message: 33,30,30,30,37,25,37,25,6,6,6,37,14,6,37,14,6,25,6,6,6,20,25,30,25,30,11,25,30,25 -> output: 640
input: 921 -> message: 14,30,30,37,11,37,11,37,11,37,11,37,11,37,11,37,11,37,11,37,11,37,11,37,11,37,11,37,11,37 -> output: 230
input: 922 -> message: 33,25,25,25,30,25,6,25,6,25,6,25,6,25,6,25,6,25,6,25,6,25,6,25,6,25,6,25,6,25 -> output: 223
input: 923 -> message: 31,33,33,30,30,30,30,30,37,37,37,25,37,37,6,11,6,37,25,6,11,37,25,6,37,37,11,37,25,6 -> output: 418
input: 924 -> message: 33,33,25,25,6,25,6,25,6,37,25,6,25,6,37,25,6,25,6,25,6,25,6,25,6,25,6,25,6,25 -> output: 336
input: 925 -> message: 14,25,25,6,25,6,25,6,25,6,25,6,25,6,25,6,25,6,25,6,25,6,25,6,25,6,25,6,25,6 -> output: 415
input: 926 -> message: 30,6,37,11,37,11,37,37,25,6,37,11,37,37,25,6,37,11,37,25,6,37,37,11,37,25,6,37,37,37 -> output: 77
input: 927 -> message: 11,11,37,11,37,11,11,11,37,11,11,11,37,11,37,11,37,11,37,11,37,11,37,11,37,11,37,11,37,11 -> output: 94
input: 928 -> message: 33,33,37,25,6,37,25,6,6,37,25,6,25,6,6,37,25,25,6,6,37,25,25,6,6,37,25,25,6,6 -> output: 83
input: 929 -> message: 31,14,30,30,30,30,30,25,30,25,30,25,30,25,30,25,30,25,30,25,30,25,25,30,25,30,25,30,25,6 -> output: 929
input: 930 -> message: 33,33,25,25,6,25,6,25,6,37,25,6,25,6,37,25,6,25,6,25,6,25,6,25,6,25,6,25,6,25 -> output: 336
input: 931 -> message: 33,30,25,25,6,25,6,25,6,25,30,25,6,25,6,25,6,25,6,25,6,25,6,25,6,25,6,6,25,6 -> output: 931
input: 932 -> message: 31,31,30,26,8,8,8,8,8,8,8,8,8,8,8,8,8,8,8,8,8,8,8,8,8,8,8,8,8,8 -> output: 932
input: 933 -> message: 14,6,11,11,25,6,11,11,25,6,6,6,33,25,25,6,6,25,6,6,20,25,6,20,25,6,6,20,25,6 -> output: 933
input: 934 -> message: 33,30,30,37,37,37,37,37,37,37,37,37,37,37,37,37,37,37,37,37,37,37,37,37,37,37,37,37,37,37 -> output: 636
input: 935 -> message: 14,30,30,30,30,30,30,14,30,37,14,37,14,37,14,37,14,37,25,37,14,37,14,37,14,37,14,37,14,25 -> output: 668
input: 936 -> message: 33,30,37,37,37,37,37,37,37,37,37,37,37,25,6,37,37,37,37,37,25,6,37,37,37,37,37,37,37,37 -> output: 91
input: 937 -> message: 33,30,30,6,37,11,37,11,37,11,37,11,37,11,37,11,37,11,37,11,37,11,37,11,37,11,37,11,37,11 -> output: 937
input: 938 -> message: 33,33,30,30,30,30,30,30,16,16,16,8,8,8,8,8,8,8,8,8,8,8,8,8,8,8,8,8,8,8 -> output: 938
input: 939 -> message: 33,33,30,30,30,37,25,37,37,25,6,6,6,37,37,25,6,6,37,14,25,6,6,25,6,6,20,25,6,6 -> output: 287
input: 940 -> message: 33,30,37,37,37,11,37,37,37,37,37,37,37,37,37,37,37,37,37,37,37,37,37,37,37,37,37,37,37,37 -> output: 256
input: 941 -> message: 14,30,30,30,37,37,37,37,37,37,37,37,37,37,37,37,37,37,37,37,37,37,37,37,37,37,37,37,37,37 -> output: 262
input: 942 -> message: 33,30,37,37,11,37,37,11,37,11,37,11,37,11,37,11,37,11,37,11,37,11,37,11,37,11,37,11,37,11 -> output: 877
input: 943 -> message: 33,30,37,37,11,37,37,11,37,25,6,37,11,37,37,37,37,37,37,37,37,37,37,37,37,37,37,37,37,37 -> output: 335
input: 944 -> message: 33,33,30,30,30,37,25,37,6,37,14,37,6,25,6,6,6,6,37,11,37,25,30,6,37,25,6,33,25,30 -> output: 287
input: 945 -> message: 33,30,30,37,25,37,6,37,6,37,6,25,6,6,6,11,37,25,6,6,20,25,30,6,20,25,6,6,20,25 -> output: 945
input: 946 -> message: 31,14,14,30,30,30,30,30,14,30,14,30,14,37,14,14,14,37,14,14,37,14,14,37,14,14,37,14,14,37 -> output: 201
input: 947 -> message: 33,25,25,6,25,6,25,6,25,30,25,6,25,6,6,25,6,25,6,25,6,25,6,25,6,25,6,25,6,25 -> output: 332
input: 948 -> message: 33,37,11,37,37,11,37,11,37,11,37,11,37,11,37,11,37,11,37,11,37,11,37,11,37,11,37,11,37,11 -> output: 123
input: 949 -> message: 33,33,30,30,37,37,25,37,6,37,25,6,6,37,37,25,6,6,6,37,25,6,6,37,25,6,6,20,25,6 -> output: 949
input: 950 -> message: 33,25,6,6,37,25,6,25,6,37,25,25,6,6,25,6,25,6,6,25,6,25,6,25,6,6,20,25,6,25 -> output: 170
input: 951 -> message: 14,30,30,30,37,25,37,6,11,37,25,6,6,6,37,37,37,25,6,6,6,11,37,25,6,6,37,25,30,11 -> output: 882
input: 952 -> message: 33,33,30,30,30,30,30,37,25,30,25,37,25,6,37,14,25,6,6,6,25,6,6,6,25,30,25,6,6,25 -> output: 760
input: 953 -> message: 33,30,37,11,37,25,6,6,37,11,37,25,6,37,6,25,6,6,37,11,37,25,6,37,11,37,25,6,37,11 -> output: 713
input: 954 -> message: 33,33,25,6,37,25,6,6,37,25,6,37,25,6,37,25,6,37,6,25,6,37,25,6,37,25,6,37,6,25 -> output: 243
input: 955 -> message: 33,30,30,37,37,6,37,6,37,11,37,25,6,6,37,6,37,25,6,6,37,37,25,6,6,20,25,6,6,20 -> output: 449
input: 956 -> message: 33,33,30,30,30,37,25,37,37,25,6,6,37,6,37,25,6,6,37,14,25,6,6,6,25,6,6,20,25,30 -> output: 287
input: 957 -> message: 33,30,6,37,11,37,25,6,6,6,6,37,11,25,6,6,20,25,6,6,20,25,6,6,20,25,6,6,20,25 -> output: 647
input: 958 -> message: 14,30,30,30,30,30,30,30,14,30,14,30,14,30,14,37,14,37,14,11,14,37,14,37,14,37,14,37,14,11 -> output: 594
input: 959 -> message: 33,30,6,37,11,37,25,6,6,6,37,11,25,25,6,6,37,6,25,6,37,6,25,6,6,20,25,6,6,20 -> output: 647
input: 960 -> message: 31,30,30,11,11,11,11,11,11,11,11,11,37,11,11,11,11,37,11,11,37,11,37,11,37,11,37,11,37,11 -> output: 960
input: 961 -> message: 31,33,30,30,30,30,30,37,14,37,14,37,37,25,37,14,37,14,37,14,37,25,6,37,14,37,14,37,11,37 -> output: 309
input: 962 -> message: 33,33,25,25,6,25,6,37,25,6,37,25,6,25,6,37,25,25,6,6,25,6,37,25,25,6,6,25,6,25 -> output: 336
input: 963 -> message: 31,30,11,37,11,37,11,37,11,11,37,11,37,11,37,11,37,11,37,11,37,11,37,11,37,11,37,11,37,11 -> output: 566
input: 964 -> message: 33,33,30,30,30,30,30,37,25,37,14,6,37,14,37,14,37,25,6,6,11,37,37,25,6,6,11,37,25,6 -> output: 643
input: 965 -> message: 14,14,30,30,30,30,30,30,30,30,30,30,30,30,30,30,30,30,30,30,30,30,14,30,14,30,14,30,14,30 -> output: 646
input: 966 -> message: 33,30,30,30,30,30,37,14,37,14,37,25,6,33,30,37,25,6,6,6,11,37,11,37,25,6,11,37,11,37 -> output: 429
input: 967 -> message: 33,30,30,30,37,37,37,37,37,37,37,37,37,37,37,37,37,37,37,37,37,37,37,37,37,37,37,37,37,37 -> output: 686
input: 968 -> message: 31,14,30,30,30,30,30,37,14,37,14,37,14,37,14,37,14,37,37,37,37,14,37,14,37,14,37,14,37,14 -> output: 312
input: 969 -> message: 33,30,30,30,37,25,37,6,37,6,37,25,6,6,6,37,11,37,25,6,6,37,25,6,6,20,25,30,6,20 -> output: 945
input: 970 -> message: 33,25,37,25,6,37,6,25,6,37,25,6,37,25,6,37,25,6,37,25,25,6,37,6,25,6,37,25,25,6 -> output: 203
input: 971 -> message: 14,30,30,16,16,16,8,8,8,8,8,8,8,8,8,8,8,8,8,8,8,8,8,8,8,8,8,8,8,8 -> output: 971
input: 972 -> message: 33,33,33,25,25,37,6,25,6,25,6,6,25,6,37,25,6,37,25,6,37,25,6,25,6,6,20,25,6,37 -> output: 403
input: 973 -> message: 33,33,30,25,25,25,25,30,25,25,6,25,6,25,6,25,6,25,6,25,6,25,6,25,6,25,6,25,6,25 -> output: 973
input: 974 -> message: 33,30,16,16,11,37,11,37,11,37,11,37,11,37,11,37,11,37,11,37,11,37,11,37,11,37,11,37,11,37 -> output: 72
input: 975 -> message: 37,11,37,11,37,37,25,6,37,11,37,25,6,37,37,37,25,6,37,37,11,37,25,6,37,37,37,25,6,37 -> output: 329
input: 976 -> message: 31,30,30,30,30,30,30,30,30,30,14,30,14,30,14,30,14,30,14,30,14,37,14,25,37,11,37,14,25,37 -> output: 377
input: 977 -> message: 33,33,30,30,30,30,30,30,30,30,30,30,30,30,30,30,30,30,30,30,30,30,30,30,30,30,30,30,30,30 -> output: 522
input: 978 -> message: 33,30,30,30,37,25,37,6,11,37,25,6,6,37,11,37,25,6,6,37,11,37,25,6,11,37,25,6,11,37 -> output: 656
input: 979 -> message: 14,30,30,30,30,14,37,25,37,14,25,6,6,6,6,25,6,6,6,25,6,33,25,6,6,25,6,33,25,30 -> output: 587
input: 980 -> message: 33,30,37,11,37,11,37,11,37,11,37,11,37,11,37,11,37,11,37,11,37,11,37,11,37,11,37,11,37,11 -> output: 495
input: 981 -> message: 30,30,37,11,37,37,37,37,11,37,37,37,37,37,37,37,37,37,37,37,37,37,37,37,37,37,37,37,37,37 -> output: 537
input: 982 -> message: 31,33,33,33,30,30,30,37,25,37,25,37,25,6,25,6,25,6,6,25,6,25,6,25,6,25,6,25,6,25 -> output: 140
input: 983 -> message: 33,33,25,25,30,25,6,25,6,25,6,25,6,25,6,25,6,25,6,25,6,25,6,25,6,25,6,6,25,30 -> output: 327
input: 984 -> message: 33,30,30,30,30,37,25,30,25,6,37,25,6,6,6,37,25,30,25,6,6,6,37,25,30,25,6,6,25,6 -> output: 524
input: 985 -> message: 14,25,25,6,25,30,25,6,25,6,6,25,6,25,6,25,6,25,6,25,6,25,6,25,6,25,6,25,6,25 -> output: 415
input: 986 -> message: 33,25,25,30,25,6,25,6,25,6,25,6,25,6,25,6,25,6,25,6,25,6,25,6,25,6,25,6,25,6 -> output: 274
input: 987 -> message: 30,11,11,37,11,37,11,37,11,11,37,11,37,11,37,11,37,11,37,11,37,11,37,11,37,11,37,11,37,11 -> output: 987
input: 988 -> message: 31,33,30,30,30,30,30,37,37,37,37,37,37,37,37,25,37,37,37,37,37,37,25,6,37,37,37,37,37,37 -> output: 250
input: 989 -> message: 33,33,33,30,37,25,37,37,25,6,37,6,37,25,6,6,37,25,6,25,6,6,6,25,6,37,25,6,6,37 -> output: 572
input: 990 -> message: 14,30,30,30,30,37,14,25,6,37,14,6,37,14,6,11,37,37,25,6,6,11,37,25,6,6,20,25,30,25 -> output: 752
input: 991 -> message: 14,30,37,11,37,37,37,11,37,37,11,37,37,11,37,37,37,37,37,37,37,37,37,37,37,37,37,37,37,37 -> output: 255
input: 992 -> message: 33,30,30,25,25,25,6,25,6,25,6,25,6,25,30,25,6,6,25,30,25,6,25,30,25,6,6,25,30,25 -> output: 931
input: 993 -> message: 25,25,25,6,25,6,6,25,6,25,6,25,6,6,25,6,25,6,25,6,25,6,25,6,25,6,25,6,25,6 -> output: 50
input: 994 -> message: 31,30,30,30,25,37,25,6,6,6,25,6,6,25,6,33,25,30,25,6,6,25,30,25,6,6,25,30,25,30 -> output: 307
input: 995 -> message: 33,30,30,37,37,37,37,37,37,37,37,37,37,37,37,37,37,37,37,37,37,37,37,37,37,37,37,37,37,37 -> output: 636
input: 996 -> message: 33,33,30,30,30,30,30,30,30,30,30,30,30,30,30,30,30,30,30,30,30,30,30,30,30,30,30,30,30,30 -> output: 522
input: 997 -> message: 33,30,30,30,30,25,30,25,37,25,6,25,6,6,25,6,6,25,6,6,25,30,25,6,6,25,30,25,6,6 -> output: 984
input: 998 -> message: 33,25,25,30,25,6,25,6,25,6,25,6,25,6,25,6,25,6,25,6,25,6,25,6,25,6,25,6,25,6 -> output: 274
input: 999 -> message: 33,30,37,11,37,11,37,37,37,11,37,25,6,37,11,37,25,6,37,11,37,25,6,37,37,11,37,25,6,37 -> output: 232
{"powerlaw": 0.8507729768753052, "unif": 0.458}
Epoch: 101
{"powerlaw": 0.8691390752792358, "unif": 0.5}
Epoch: 102
{"powerlaw": 0.8843357563018799, "unif": 0.532}
Epoch: 103
{"powerlaw": 0.8687663674354553, "unif": 0.497}
Epoch: 104
{"powerlaw": 0.8787216544151306, "unif": 0.527}
Epoch: 105
{"powerlaw": 0.8856053352355957, "unif": 0.544}
Epoch: 106
{"powerlaw": 0.8852267861366272, "unif": 0.545}
Epoch: 107
{"powerlaw": 0.8876947164535522, "unif": 0.564}
Epoch: 108
{"powerlaw": 0.8448388576507568, "unif": 0.458}
Epoch: 109
{"powerlaw": 0.8861151933670044, "unif": 0.554}
Epoch: 110
{"powerlaw": 0.8464477062225342, "unif": 0.479}
Epoch: 111
{"powerlaw": 0.8669561743736267, "unif": 0.52}
Epoch: 112
{"powerlaw": 0.8837786316871643, "unif": 0.548}
Epoch: 113
{"powerlaw": 0.8380279541015625, "unif": 0.448}
Epoch: 114
{"powerlaw": 0.8655202388763428, "unif": 0.52}
Epoch: 115
{"powerlaw": 0.8749473690986633, "unif": 0.542}
Epoch: 116
{"powerlaw": 0.9095854759216309, "unif": 0.619}
Epoch: 117
{"powerlaw": 0.8916059732437134, "unif": 0.571}
Epoch: 118
{"powerlaw": 0.9124183058738708, "unif": 0.608}
Epoch: 119
{"powerlaw": 0.8855692744255066, "unif": 0.58}
Epoch: 120
{"powerlaw": 0.9046314358711243, "unif": 0.611}
Epoch: 121
{"powerlaw": 0.9063165187835693, "unif": 0.645}
Epoch: 122
{"powerlaw": 0.9274856448173523, "unif": 0.674}
Epoch: 123
{"powerlaw": 0.8993072509765625, "unif": 0.603}
Epoch: 124
{"powerlaw": 0.9164311289787292, "unif": 0.673}
Epoch: 125
{"powerlaw": 0.9268277883529663, "unif": 0.682}
Epoch: 126
{"powerlaw": 0.9128978848457336, "unif": 0.664}
Epoch: 127
{"powerlaw": 0.9130187630653381, "unif": 0.644}
Epoch: 128
{"powerlaw": 0.9139007925987244, "unif": 0.658}
Epoch: 129
{"powerlaw": 0.9188411831855774, "unif": 0.687}
Epoch: 130
{"powerlaw": 0.9130256175994873, "unif": 0.665}
Epoch: 131
{"powerlaw": 0.9200133085250854, "unif": 0.687}
Epoch: 132
{"powerlaw": 0.911267876625061, "unif": 0.64}
Epoch: 133
{"powerlaw": 0.8915407061576843, "unif": 0.595}
Epoch: 134
{"powerlaw": 0.9373911619186401, "unif": 0.718}
Epoch: 135
{"powerlaw": 0.9243642091751099, "unif": 0.685}
Epoch: 136
{"powerlaw": 0.9161669611930847, "unif": 0.677}
Epoch: 137
{"powerlaw": 0.9271807670593262, "unif": 0.703}
Epoch: 138
{"powerlaw": 0.9384849667549133, "unif": 0.751}
Epoch: 139
{"powerlaw": 0.9449781775474548, "unif": 0.766}
Epoch: 140
{"powerlaw": 0.9435806274414062, "unif": 0.775}
Epoch: 141
{"powerlaw": 0.9346335530281067, "unif": 0.735}
Epoch: 142
{"powerlaw": 0.9256793856620789, "unif": 0.705}
Epoch: 143
{"powerlaw": 0.920242965221405, "unif": 0.707}
Epoch: 144
{"powerlaw": 0.9345493912696838, "unif": 0.714}
Epoch: 145
{"powerlaw": 0.9161272644996643, "unif": 0.686}
Epoch: 146
{"powerlaw": 0.918192446231842, "unif": 0.668}
Epoch: 147
{"powerlaw": 0.9275892972946167, "unif": 0.704}
Epoch: 148
{"powerlaw": 0.9467324614524841, "unif": 0.769}
Epoch: 149
{"powerlaw": 0.940559446811676, "unif": 0.75}
Epoch: 150
input: 0 -> message: 10,30,30,30,30,25,25,25,25,25,25,25,25,25,6,6,6,6,6,6,6,6,6,6,6,6,6,6,6,6 -> output: 0
input: 1 -> message: 31,31,25,25,25,25,25,6,37,6,37,25,6,37,6,37,25,6,37,6,37,6,6,37,6,6,37,6,6,37 -> output: 1
input: 2 -> message: 31,31,33,33,33,33,33,33,33,33,33,33,33,33,33,33,33,33,33,33,33,33,33,33,33,33,33,33,33,33 -> output: 2
input: 3 -> message: 25,25,25,25,25,25,25,25,25,25,6,25,6,6,25,6,6,6,25,6,6,6,6,6,6,6,6,6,6,6 -> output: 3
input: 4 -> message: 10,31,31,31,25,25,25,25,25,25,25,25,25,25,6,6,6,6,6,6,6,6,6,6,6,6,6,6,6,6 -> output: 4
input: 5 -> message: 25,31,31,25,25,25,25,25,6,6,6,6,6,6,6,6,6,6,6,6,6,6,6,6,6,6,6,6,6,6 -> output: 5
input: 6 -> message: 31,31,31,31,31,31,30,30,30,30,30,30,25,25,25,25,25,25,25,25,25,25,25,25,25,25,25,6,37,25 -> output: 6
input: 7 -> message: 31,25,25,25,6,6,6,6,6,6,6,6,6,6,6,6,6,6,6,6,6,6,6,6,6,6,6,6,6,6 -> output: 7
input: 8 -> message: 30,30,30,30,30,25,25,25,25,25,25,25,25,25,25,25,6,6,6,25,6,6,6,6,6,6,6,6,6,6 -> output: 8
input: 9 -> message: 31,14,33,33,33,33,33,33,33,33,33,33,33,33,33,33,33,33,33,33,33,33,33,33,33,33,33,33,33,33 -> output: 9
input: 10 -> message: 30,16,16,16,37,16,30,16,37,16,37,16,11,16,37,16,11,16,37,16,11,16,37,16,11,16,37,16,11,16 -> output: 538
input: 11 -> message: 31,16,37,16,16,37,16,11,16,37,16,16,37,16,11,16,37,16,11,16,37,16,16,37,16,11,16,37,16,11 -> output: 11
input: 12 -> message: 17,17,31,31,31,31,31,31,31,30,30,30,30,30,30,30,30,30,30,30,30,30,30,30,30,30,30,30,30,30 -> output: 12
input: 13 -> message: 31,31,33,33,30,30,30,30,30,30,30,16,30,30,16,37,16,37,16,37,16,37,16,37,16,37,16,37,16,37 -> output: 13
input: 14 -> message: 25,16,11,16,37,16,11,16,37,16,11,16,37,16,11,16,37,16,11,16,37,16,11,16,37,16,11,16,37,16 -> output: 14
input: 15 -> message: 30,0 -> output: 15
input: 16 -> message: 31,30,30,30,30,30,30,30,25,25,25,25,25,25,25,25,25,25,25,6,6,6,6,6,6,6,6,6,6,6 -> output: 16
input: 17 -> message: 30,6,6,6,6,6,6,6,6,6,6,6,6,6,6,6,6,6,6,6,6,6,6,6,6,6,6,6,6,6 -> output: 983
input: 18 -> message: 14,8,31,30,30,30,30,30,30,30,30,30,30,30,30,30,30,30,30,30,30,30,30,30,30,30,30,30,30,30 -> output: 18
input: 19 -> message: 10,38,22,33,33,33,33,33,33,33,16,37,6,16,6,16,37,6,16,6,16,37,6,16,6,16,6,16,37,6 -> output: 19
input: 20 -> message: 8,38,31,30,16,16,16,16,16,16,30,16,30,16,30,16,30,16,37,16,16,37,16,37,16,37,16,37,16,37 -> output: 20
input: 21 -> message: 31,30,30,30,16,37,16,37,16,37,16,37,16,37,16,37,16,37,16,37,16,37,16,37,16,37,16,37,16,37 -> output: 21
input: 22 -> message: 17,31,31,33,14,30,30,30,30,30,30,30,30,30,30,30,30,30,30,30,37,30,25,25,25,6,6,37,25,25 -> output: 22
input: 23 -> message: 25,16,11,16,37,6,16,6,16,6,16,11,16,6,16,6,16,6,16,11,37,16,11,16,6,16,11,16,6,16 -> output: 23
input: 24 -> message: 30,30,30,30,30,16,37,16,16,37,16,37,16,37,16,37,16,37,16,16,37,16,37,16,37,16,37,16,37,16 -> output: 24
input: 25 -> message: 3,14,30,30,30,30,30,30,30,30,30,30,30,30,30,30,30,30,30,30,30,30,30,30,30,30,30,30,30,30 -> output: 25
input: 26 -> message: 17,17,17,17,17,17,17,17,17,17,17,17,17,17,17,17,17,17,17,17,17,17,17,17,17,17,17,17,17,17 -> output: 26
input: 27 -> message: 31,14,33,30,30,30,30,37,30,37,25,25,6,37,25,6,37,6,37,25,6,6,6,37,6,37,6,37,6,37 -> output: 27
input: 28 -> message: 31,33,30,30,30,30,30,30,30,37,30,37,25,25,25,6,37,25,25,6,37,25,6,37,25,6,37,6,37,6 -> output: 28
input: 29 -> message: 17,14,14,30,30,30,30,30,30,30,30,30,30,30,30,30,30,30,30,30,30,30,30,30,30,30,30,30,30,30 -> output: 29
input: 30 -> message: 31,31,33,33,33,30,30,6,25,6,6,6,6,6,6,6,6,6,6,6,6,6,6,6,6,6,6,6,6,6 -> output: 30
input: 31 -> message: 30,30,30,37,16,37,16,37,16,37,16,11,37,16,37,16,11,37,16,11,16,37,16,37,16,11,16,37,16,37 -> output: 31
input: 32 -> message: 15,30,16,11,16,37,16,11,16,37,16,11,16,37,16,11,16,37,16,11,16,37,16,16,11,16,37,16,11,16 -> output: 32
input: 33 -> message: 31,30,30,30,30,30,30,30,6,30,25,25,25,25,25,6,25,6,6,6,6,6,6,6,6,6,6,6,6,6 -> output: 33
input: 34 -> message: 17,31,14,14,30,30,30,30,30,30,30,30,30,30,30,30,30,30,30,30,30,30,30,30,30,30,30,30,30,30 -> output: 34
input: 35 -> message: 17,31,15,38,38,8,31,30,30,8,31,30,30,30,8,31,30,30,30,30,30,30,30,30,30,30,30,30,30,30 -> output: 35
input: 36 -> message: 31,30,30,30,30,30,30,37,30,37,25,37,25,25,6,37,37,25,6,37,6,37,6,37,6,37,6,37,6,37 -> output: 36
input: 37 -> message: 31,33,16,16,37,16,16,37,16,16,37,16,16,37,16,37,16,16,37,16,37,16,37,16,16,37,16,37,16,37 -> output: 37
input: 38 -> message: 8,17,31,8,8,8,8,8,8,8,8,8,8,8,8,8,8,8,8,8,8,8,8,8,8,8,8,8,8,8 -> output: 38
input: 39 -> message: 25,16,11,11,16,11,11,16,6,11,16,6,11,16,6,11,16,6,11,16,6,11,16,6,11,16,6,11,16,6 -> output: 39
input: 40 -> message: 31,33,30,30,30,30,30,25,25,25,25,25,25,25,25,25,6,25,6,6,6,6,6,6,6,6,6,6,6,6 -> output: 40
input: 41 -> message: 25,30,6,6,6,6,6,37,6,6,6,6,16,6,6,37,6,6,16,6,6,6,16,6,6,6,16,6,6,6 -> output: 41
input: 42 -> message: 33,31,33,33,33,33,33,33,33,33,33,33,33,33,33,33,33,33,33,37,37,37,37,37,37,37,6,37,6,37 -> output: 42
input: 43 -> message: 30,30,30,30,6,25,25,25,6,6,6,6,6,6,6,6,6,6,6,6,6,6,6,6,6,6,6,6,6,6 -> output: 43
input: 44 -> message: 3,14,16,16,37,16,37,16,37,16,37,16,37,16,37,16,37,16,37,16,37,16,37,16,37,16,37,16,37,16 -> output: 44
input: 45 -> message: 14,30,8,31,30,30,30,30,30,30,30,30,30,30,30,30,30,30,30,30,30,30,30,30,30,30,30,30,30,30 -> output: 45
input: 46 -> message: 14,30,16,30,30,16,30,30,30,30,30,30,30,16,30,30,30,30,30,30,30,30,16,30,30,30,30,30,30,30 -> output: 46
input: 47 -> message: 25,31,33,37,6,16,37,6,16,37,6,16,6,16,37,6,16,6,16,37,6,16,6,16,6,16,6,16,6,16 -> output: 47
input: 48 -> message: 25,31,33,33,6,6,16,6,6,11,6,16,6,11,6,16,6,11,6,16,6,11,6,16,6,11,6,16,6,11 -> output: 48
input: 49 -> message: 17,17,14,14,8,31,31,30,30,8,31,30,30,30,30,30,30,30,30,30,30,30,30,30,30,30,30,30,30,30 -> output: 49
input: 50 -> message: 25,25,25,6,6,6,6,6,6,6,6,6,6,6,6,6,6,6,6,6,6,6,6,6,6,6,6,6,6,6 -> output: 50
input: 51 -> message: 25,33,6,6,6,6,6,6,33,6,33,6,33,6,33,6,11,6,6,16,6,6,11,6,16,6,11,6,6,16 -> output: 51
input: 52 -> message: 25,25,6,6,6,6,6,6,6,6,6,6,6,6,6,6,6,6,6,16,6,6,11,6,6,6,6,6,6,6 -> output: 52
input: 53 -> message: 31,31,14,30,30,30,30,30,30,30,30,30,30,6,30,25,25,25,25,25,25,25,6,25,6,25,6,25,6,6 -> output: 53
input: 54 -> message: 30,26,8,31,31,30,30,30,30,30,30,30,30,30,30,30,30,30,30,30,30,30,30,30,30,30,30,30,30,30 -> output: 54
input: 55 -> message: 25,25,6,6,16,6,6,16,6,6,16,6,16,6,6,16,6,6,16,6,16,6,6,16,6,6,16,6,6,16 -> output: 55
input: 56 -> message: 31,31,30,30,30,30,30,25,25,25,25,25,25,25,25,25,6,6,6,6,6,6,6,6,6,6,6,6,6,6 -> output: 56
input: 57 -> message: 30,30,6,6,16,11,37,6,16,11,37,6,16,6,16,11,37,6,16,6,16,6,11,37,6,16,6,16,11,37 -> output: 57
input: 58 -> message: 31,33,30,6,6,6,6,37,6,6,16,6,6,16,6,6,16,6,6,11,6,16,6,6,16,6,6,16,6,11 -> output: 58
input: 59 -> message: 8,14,14,30,30,30,30,30,30,30,30,30,30,30,30,30,30,30,30,30,30,30,30,30,30,30,30,30,30,30 -> output: 59
input: 60 -> message: 31,14,25,25,6,6,6,6,6,6,6,6,6,6,6,6,6,6,6,6,6,6,6,6,6,6,6,6,6,6 -> output: 60
input: 61 -> message: 17,17,17,12,12,17,6,11,16,11,11,16,11,11,16,11,11,16,11,16,11,16,11,16,11,16,11,16,11,16 -> output: 61
input: 62 -> message: 30,30,30,30,30,30,30,30,37,30,37,25,25,25,25,25,37,25,25,25,37,25,25,37,25,25,37,25,25,37 -> output: 62
input: 63 -> message: 31,31,31,31,30,30,30,30,30,30,30,30,30,30,30,30,30,30,37,25,25,25,25,6,6,37,25,25,6,6 -> output: 63
input: 64 -> message: 31,37,25,25,25,6,6,6,6,6,6,6,6,6,6,6,6,6,6,6,6,6,6,6,6,6,6,6,6,6 -> output: 64
input: 65 -> message: 31,31,30,30,30,30,37,37,16,37,37,16,37,16,37,16,37,6,16,37,16,11,37,16,11,37,16,11,16,37 -> output: 65
input: 66 -> message: 25,33,37,25,6,37,6,6,37,6,6,37,6,6,37,6,6,37,6,6,37,6,6,37,6,6,37,6,6,37 -> output: 66
input: 67 -> message: 30,30,16,11,16,11,37,16,11,16,11,16,11,16,11,16,11,37,16,11,16,11,16,11,16,6,16,11,16,37 -> output: 67
input: 68 -> message: 25,25,37,16,6,16,11,37,6,16,6,16,6,16,11,37,6,16,6,16,6,16,11,16,6,16,11,37,6,16 -> output: 68
input: 69 -> message: 30,30,30,6,11,11,16,11,11,11,11,16,11,11,11,16,11,11,11,11,16,11,11,11,11,16,11,11,11,11 -> output: 69
input: 70 -> message: 17,31,14,30,30,30,30,30,30,30,30,30,30,30,30,30,30,30,30,30,30,6,30,6,6,6,6,6,37,6 -> output: 70
input: 71 -> message: 31,8,30,30,30,30,25,25,25,25,25,25,25,25,25,25,6,6,6,6,6,6,6,6,6,6,6,6,6,6 -> output: 71
input: 72 -> message: 33,30,16,16,11,37,16,16,37,16,11,16,37,16,11,16,37,16,11,16,37,16,11,16,37,16,11,16,37,16 -> output: 72
input: 73 -> message: 31,31,14,33,33,33,30,30,30,30,30,30,30,30,30,30,30,30,30,6,30,25,25,25,25,25,25,25,25,25 -> output: 73
input: 74 -> message: 31,31,25,25,25,25,25,25,25,25,6,25,6,6,6,6,6,6,6,6,6,6,6,6,6,6,6,6,6,6 -> output: 74
input: 75 -> message: 31,31,14,14,30,30,30,30,30,30,30,30,30,30,30,30,30,30,30,30,6,30,25,25,25,25,25,25,25,6 -> output: 75
input: 76 -> message: 30,25,25,25,25,25,25,25,25,25,25,25,25,25,25,25,25,25,25,25,25,25,25,25,25,25,25,25,25,25 -> output: 76
input: 77 -> message: 30,6,6,37,6,16,6,11,37,6,16,6,16,6,16,6,11,37,6,16,6,16,6,16,6,11,16,6,11,16 -> output: 77
input: 78 -> message: 14,14,33,33,33,33,33,33,33,16,37,30,37,6,16,37,6,16,37,6,16,37,6,16,37,6,16,6,16,37 -> output: 78
input: 79 -> message: 31,31,33,33,25,25,25,25,25,25,6,6,6,6,6,6,6,6,6,6,6,6,6,6,6,6,6,6,6,6 -> output: 79
input: 80 -> message: 31,33,33,33,37,6,37,6,16,6,16,6,37,6,16,6,16,6,16,6,11,6,16,6,16,6,16,6,16,6 -> output: 80
input: 81 -> message: 31,31,33,30,30,30,30,30,30,30,30,30,30,30,37,30,37,25,37,25,25,25,25,6,37,25,25,25,6,37 -> output: 81
input: 82 -> message: 14,31,14,30,30,30,30,30,25,25,25,25,25,25,25,25,25,25,25,25,25,25,25,25,25,6,25,6,6,25 -> output: 82
input: 83 -> message: 33,33,33,33,33,37,6,37,6,37,6,16,6,37,6,16,6,16,6,16,37,6,16,6,16,6,16,11,37,6 -> output: 83
input: 84 -> message: 25,30,25,25,25,6,6,6,6,6,6,6,6,6,6,6,6,6,6,6,6,6,6,6,6,6,6,6,6,6 -> output: 84
input: 85 -> message: 33,30,30,16,11,16,11,16,11,37,16,11,16,11,16,11,16,11,16,11,16,11,16,11,16,11,16,11,16,11 -> output: 346
input: 86 -> message: 3,31,14,31,8,31,31,30,31,30,30,30,30,30,30,30,30,30,30,30,30,30,30,30,30,30,30,30,30,30 -> output: 86
input: 87 -> message: 25,11,16,11,11,16,11,11,6,16,6,11,16,6,11,16,6,11,16,6,11,16,6,11,16,6,11,16,6,11 -> output: 87
input: 88 -> message: 8,30,30,30,30,25,25,25,25,25,25,25,25,25,25,6,25,6,25,6,25,6,25,6,25,6,25,6,25,6 -> output: 88
input: 89 -> message: 31,33,25,25,6,6,6,6,6,6,6,6,6,6,6,6,6,6,6,6,6,6,33,6,6,6,6,33,6,6 -> output: 89
input: 90 -> message: 30,37,25,37,25,6,37,6,6,6,6,6,6,37,6,6,6,6,6,6,37,6,6,6,6,6,37,6,6,6 -> output: 90
input: 91 -> message: 33,33,30,37,37,6,37,6,16,37,6,16,37,6,16,37,6,16,37,6,16,37,6,16,37,6,16,37,6,16 -> output: 91
input: 92 -> message: 33,30,25,25,25,6,6,6,6,6,6,6,6,6,6,6,6,6,6,6,6,6,6,6,6,6,6,6,6,6 -> output: 92
input: 93 -> message: 30,16,16,30,16,30,16,11,16,11,16,11,16,11,16,11,16,11,16,11,16,11,37,16,11,16,11,16,11,16 -> output: 93
input: 94 -> message: 11,11,6,16,11,6,11,6,11,6,16,6,11,6,16,6,11,16,6,11,16,6,11,16,6,11,16,6,11,16 -> output: 94
input: 95 -> message: 31,14,33,30,30,30,30,30,30,30,30,30,30,30,37,30,37,25,37,25,25,37,25,25,6,37,37,25,25,6 -> output: 95
input: 96 -> message: 31,30,30,30,30,30,30,30,30,30,37,30,37,25,25,25,25,6,37,25,25,6,37,25,25,6,37,14,37,25 -> output: 96
input: 97 -> message: 31,33,25,25,25,25,25,25,6,6,6,6,6,6,6,6,6,6,6,6,6,6,6,6,6,6,6,6,6,6 -> output: 97
input: 98 -> message: 33,30,37,6,6,6,6,37,6,6,6,6,6,6,6,6,16,6,6,6,6,6,16,6,6,6,6,16,6,6 -> output: 98
input: 99 -> message: 25,30,25,25,25,25,25,25,25,25,25,25,25,25,25,25,6,25,6,25,6,25,6,25,6,25,6,25,6,25 -> output: 99
input: 100 -> message: 33,30,30,30,30,30,30,25,25,25,25,25,25,25,25,25,25,25,25,25,25,6,25,6,6,25,6,6,25,6 -> output: 100
input: 101 -> message: 31,30,11,11,11,16,11,11,16,11,11,11,16,11,11,6,16,11,11,16,11,11,16,11,11,16,11,11,16,11 -> output: 101
input: 102 -> message: 30,30,16,37,16,37,16,37,16,37,16,16,37,16,37,16,37,16,16,37,16,37,16,37,16,37,16,37,16,37 -> output: 102
input: 103 -> message: 33,30,37,25,37,25,6,37,6,37,6,37,6,37,6,37,25,6,37,6,37,6,37,6,37,6,37,6,37,6 -> output: 103
input: 104 -> message: 33,30,25,25,25,25,25,25,25,25,25,25,6,25,6,6,25,6,6,6,6,6,6,6,25,6,6,6,6,6 -> output: 104
input: 105 -> message: 31,33,37,25,37,25,6,6,6,6,6,6,37,6,6,6,6,6,37,6,6,6,6,6,6,37,6,6,6,6 -> output: 105
input: 106 -> message: 33,30,30,30,30,25,25,25,25,25,25,25,25,25,25,25,25,25,25,6,25,6,25,6,25,6,25,6,25,6 -> output: 106
input: 107 -> message: 30,25,25,25,6,6,6,6,6,6,6,6,6,6,6,6,6,6,6,6,6,6,6,6,6,6,6,6,6,6 -> output: 107
input: 108 -> message: 31,33,30,30,30,30,30,30,30,30,30,30,30,30,30,30,30,30,30,30,30,30,30,30,30,30,30,30,30,30 -> output: 108
input: 109 -> message: 31,30,30,30,37,30,25,25,25,25,6,37,25,25,6,37,6,37,25,6,37,6,37,25,6,37,6,37,25,6 -> output: 109
input: 110 -> message: 30,30,30,6,25,6,6,6,6,6,6,6,6,6,6,6,6,6,6,6,6,6,6,6,6,6,6,6,6,6 -> output: 367
input: 111 -> message: 31,31,30,30,25,25,25,25,25,25,25,25,25,25,6,6,6,6,6,6,6,6,6,6,6,6,6,6,6,6 -> output: 111
input: 112 -> message: 14,30,30,30,16,37,16,37,16,37,16,37,16,37,16,37,16,37,16,37,16,37,16,37,16,37,16,37,16,37 -> output: 112
input: 113 -> message: 31,25,37,25,25,6,37,6,6,6,6,37,6,6,6,37,6,6,37,6,6,6,6,37,6,6,37,6,6,37 -> output: 113
input: 114 -> message: 25,33,25,25,6,6,6,6,6,6,6,6,6,6,6,6,6,6,6,6,6,6,6,6,6,6,6,6,6,6 -> output: 114
input: 115 -> message: 31,25,25,25,25,25,6,6,6,6,6,6,6,6,6,6,6,6,6,6,6,6,6,6,6,6,6,6,6,6 -> output: 115
input: 116 -> message: 6,6,6,6,6,6,6,6,6,6,6,6,6,6,6,6,6,6,6,6,6,6,6,6,6,6,6,6,6,6 -> output: 767
input: 117 -> message: 31,33,30,30,30,25,25,25,25,25,25,25,25,25,25,25,25,25,6,6,6,25,6,6,6,6,6,6,6,6 -> output: 117
input: 118 -> message: 31,30,37,37,37,37,16,37,37,16,37,16,37,16,37,16,37,16,37,16,37,16,37,16,37,16,37,16,37,16 -> output: 118
input: 119 -> message: 31,30,16,37,16,37,16,37,16,11,37,16,37,16,11,16,37,16,37,16,11,16,37,16,37,16,11,16,37,16 -> output: 119
input: 120 -> message: 15,30,30,30,6,6,16,6,37,6,16,11,37,6,16,6,16,37,6,16,6,16,37,6,16,6,16,37,6,16 -> output: 120
input: 121 -> message: 31,31,31,14,30,30,30,30,30,30,30,30,30,30,25,25,25,25,25,25,25,25,25,25,25,25,25,25,25,25 -> output: 121
input: 122 -> message: 16,33,30,30,16,37,16,16,37,16,16,37,16,16,37,16,11,16,37,16,37,16,11,16,37,16,11,16,37,16 -> output: 122
input: 123 -> message: 33,16,16,11,16,11,16,11,16,11,16,11,16,11,16,11,16,11,16,11,16,11,16,37,16,11,16,11,16,11 -> output: 123
input: 124 -> message: 14,30,30,30,30,30,30,30,30,30,30,30,30,30,30,30,30,30,30,30,30,30,30,30,30,30,37,30,37,25 -> output: 124
input: 125 -> message: 31,14,30,30,30,30,30,30,30,30,30,30,30,30,30,30,30,30,30,30,30,30,30,30,30,30,30,30,30,30 -> output: 125
input: 126 -> message: 33,16,16,16,16,37,16,37,16,37,16,37,16,37,16,11,16,37,16,37,16,37,16,11,16,37,16,37,16,11 -> output: 126
input: 127 -> message: 31,33,30,30,30,30,30,30,30,30,37,30,37,30,37,25,37,25,6,37,37,25,6,37,37,37,25,6,37,37 -> output: 127
input: 128 -> message: 31,30,30,30,30,25,25,25,25,25,25,25,25,25,25,25,6,6,25,6,6,6,6,6,6,6,6,6,6,6 -> output: 128
input: 129 -> message: 29,25,25,25,25,25,25,6,6,6,6,6,6,6,6,6,6,6,6,6,6,6,6,6,6,6,6,6,6,6 -> output: 129
input: 130 -> message: 31,31,33,33,33,33,33,33,30,25,25,25,25,25,25,25,25,25,25,25,25,6,6,6,6,6,6,6,6,6 -> output: 130
input: 131 -> message: 31,30,30,25,25,25,25,25,6,6,6,6,6,6,6,6,6,6,6,6,6,6,6,6,6,6,6,6,6,6 -> output: 131
input: 132 -> message: 31,30,37,37,25,37,25,6,37,37,25,37,6,37,37,25,37,6,37,37,25,37,6,37,37,25,37,6,37,37 -> output: 132
input: 133 -> message: 31,30,37,25,6,6,6,6,6,6,37,6,6,6,37,6,6,6,6,37,6,6,37,6,6,37,6,6,37,6 -> output: 133
input: 134 -> message: 25,6,6,11,6,16,6,11,6,11,6,11,6,11,6,11,6,11,6,11,6,11,6,11,6,11,6,11,6,16 -> output: 134
input: 135 -> message: 33,33,33,33,37,25,25,25,25,6,37,25,25,6,37,25,6,37,25,6,37,25,6,37,25,6,37,25,6,37 -> output: 135
input: 136 -> message: 31,31,31,31,31,31,25,25,25,25,25,25,25,25,25,6,6,6,6,6,6,6,6,6,6,6,6,6,6,37 -> output: 136
input: 137 -> message: 31,14,30,30,30,30,30,30,37,30,37,25,25,6,37,25,6,37,6,6,37,6,6,37,6,37,6,37,6,37 -> output: 137
input: 138 -> message: 14,37,37,37,6,16,37,6,16,37,6,16,37,6,16,37,6,16,37,6,16,37,6,16,37,6,16,37,6,16 -> output: 138
input: 139 -> message: 33,31,31,31,25,25,25,25,25,25,25,25,25,6,6,6,6,6,6,6,6,6,6,6,6,6,6,6,6,6 -> output: 139
input: 140 -> message: 31,33,33,33,30,30,30,30,30,25,25,25,25,25,25,25,25,25,25,25,25,25,6,6,6,6,6,6,6,6 -> output: 140
input: 141 -> message: 25,6,6,6,6,6,6,6,6,6,6,6,6,6,6,6,6,6,6,6,6,6,6,6,6,6,6,6,6,6 -> output: 141
input: 142 -> message: 31,14,25,6,6,6,6,6,6,6,6,6,6,6,6,6,6,16,6,37,6,6,6,6,6,6,6,6,6,6 -> output: 60
input: 143 -> message: 30,30,30,25,25,25,25,25,6,37,25,25,6,6,6,6,6,6,6,6,6,6,6,6,6,6,6,6,6,37 -> output: 143
input: 144 -> message: 31,33,30,30,6,16,11,11,11,11,6,16,11,6,16,11,6,16,11,6,16,11,6,16,11,6,16,11,6,16 -> output: 144
input: 145 -> message: 31,33,33,25,25,25,25,25,25,25,25,25,6,25,6,6,6,6,6,6,6,6,6,6,6,6,6,6,6,6 -> output: 145
input: 146 -> message: 31,30,11,11,11,11,11,11,6,11,11,11,11,11,11,11,11,11,16,11,11,11,11,11,11,11,11,11,11,11 -> output: 146
input: 147 -> message: 33,30,6,6,6,6,6,6,6,6,6,6,6,6,6,6,6,6,6,6,6,6,6,6,6,6,6,6,6,6 -> output: 147
input: 148 -> message: 14,14,14,37,6,6,16,6,11,37,6,16,6,6,16,6,6,16,6,16,6,11,37,6,16,6,16,6,11,37 -> output: 148
input: 149 -> message: 30,37,25,25,37,25,25,6,37,25,6,37,25,6,37,25,6,37,25,6,37,25,6,37,25,6,37,25,6,37 -> output: 149
input: 150 -> message: 14,30,30,6,6,6,6,6,6,6,6,6,6,6,6,6,6,6,6,6,6,6,6,6,6,6,6,6,6,6 -> output: 150
input: 151 -> message: 25,6,25,25,6,25,6,6,6,6,6,6,6,6,6,6,6,6,6,6,6,6,6,6,6,6,6,6,6,6 -> output: 151
input: 152 -> message: 30,30,37,16,11,37,16,11,37,16,11,37,16,11,16,11,16,11,37,16,11,16,11,16,11,16,11,16,11,16 -> output: 152
input: 153 -> message: 33,11,11,11,6,11,6,11,11,6,11,16,6,11,6,11,6,11,6,11,6,11,6,11,6,11,6,11,6,11 -> output: 153
input: 154 -> message: 31,30,16,30,30,30,16,30,16,11,37,16,11,16,11,16,11,16,11,16,11,16,11,16,11,37,16,11,16,11 -> output: 154
input: 155 -> message: 31,30,30,6,11,11,11,16,11,11,11,16,11,11,6,11,16,6,11,11,16,11,11,11,11,16,11,11,11,11 -> output: 155
input: 156 -> message: 25,6,6,6,16,6,6,16,6,6,11,6,16,6,6,16,6,11,6,16,6,6,16,6,11,6,16,6,6,16 -> output: 534
input: 157 -> message: 31,31,14,30,30,30,30,30,30,30,30,30,30,30,30,6,30,16,37,30,16,37,16,6,16,37,16,37,16,37 -> output: 157
input: 158 -> message: 25,25,6,37,6,6,6,37,6,6,37,6,37,6,37,6,37,6,37,6,37,6,37,6,37,6,37,6,37,6 -> output: 158
input: 159 -> message: 33,33,33,25,25,25,25,25,25,25,25,6,6,6,6,6,6,6,6,6,6,6,6,6,6,6,6,6,6,6 -> output: 159
input: 160 -> message: 31,30,6,25,6,6,6,6,6,6,6,6,6,6,6,6,6,6,6,6,6,6,6,6,6,6,6,6,6,6 -> output: 160
input: 161 -> message: 31,30,16,30,30,16,30,30,16,30,30,16,30,16,30,30,16,30,16,30,16,37,16,11,16,37,16,11,16,11 -> output: 154
input: 162 -> message: 16,31,33,37,37,37,16,37,6,16,37,16,11,37,16,37,16,11,37,16,37,16,37,16,37,16,37,16,37,16 -> output: 162
input: 163 -> message: 31,33,30,30,16,30,16,11,37,16,11,37,16,11,16,11,37,16,11,16,11,16,11,16,11,37,16,11,16,11 -> output: 163
input: 164 -> message: 31,30,30,30,30,6,25,25,25,25,6,25,6,6,6,6,6,6,6,6,6,6,6,6,6,6,6,6,6,6 -> output: 164
input: 165 -> message: 33,30,30,30,30,30,30,25,25,25,25,25,6,25,6,6,6,6,6,6,6,6,6,6,6,6,6,6,6,6 -> output: 165
input: 166 -> message: 33,25,25,25,25,25,25,25,25,25,25,25,25,25,25,25,25,25,25,25,25,25,25,25,25,25,25,25,25,25 -> output: 166
input: 167 -> message: 25,16,11,11,6,16,6,16,6,16,11,37,6,16,6,16,6,16,6,11,6,16,6,16,6,11,6,16,6,16 -> output: 167
input: 168 -> message: 30,30,30,30,37,37,37,16,37,16,37,37,16,37,16,37,16,37,16,37,16,37,16,37,16,37,16,37,16,37 -> output: 168
input: 169 -> message: 31,30,30,30,6,6,6,6,6,6,6,6,6,6,6,6,6,6,6,6,6,6,6,6,6,6,6,6,6,6 -> output: 169
input: 170 -> message: 33,6,6,6,6,6,6,6,6,6,6,37,6,6,6,6,37,6,6,37,6,6,37,6,6,37,6,6,37,6 -> output: 170
input: 171 -> message: 30,30,25,25,25,25,25,25,6,6,6,6,6,6,6,6,6,6,6,6,6,6,6,6,6,6,6,6,6,6 -> output: 171
input: 172 -> message: 14,25,25,37,25,25,25,37,25,25,25,37,25,25,25,37,25,25,25,37,25,25,25,37,25,25,25,37,25,25 -> output: 172
input: 173 -> message: 31,31,31,30,30,30,30,30,30,30,30,30,25,25,25,25,25,25,25,25,25,25,25,25,25,25,6,6,6,6 -> output: 173
input: 174 -> message: 33,30,30,37,25,25,6,6,6,6,6,6,37,6,6,6,6,6,6,6,6,6,6,37,6,6,6,6,6,6 -> output: 608
input: 175 -> message: 31,14,30,25,25,25,25,25,25,25,25,25,25,25,25,25,6,25,6,25,6,25,6,25,6,25,6,25,6,25 -> output: 175
input: 176 -> message: 30,6,6,6,6,6,6,6,37,6,6,6,37,6,6,37,6,37,6,6,6,6,6,37,6,6,6,16,6,37 -> output: 176
input: 177 -> message: 14,30,37,37,37,16,37,6,16,37,6,16,37,6,16,37,6,16,37,6,16,37,6,16,37,6,16,37,6,16 -> output: 177
input: 178 -> message: 25,6,16,11,6,16,6,16,11,37,6,16,6,16,6,16,6,16,6,11,6,16,6,16,6,11,6,16,6,16 -> output: 178
input: 179 -> message: 8,31,30,30,6,16,11,11,11,11,16,6,11,16,6,11,16,6,11,16,6,11,16,6,11,16,6,11,16,6 -> output: 179
input: 180 -> message: 31,30,30,30,6,6,16,6,11,6,16,11,6,11,6,16,11,6,16,6,11,6,16,6,11,6,16,6,11,6 -> output: 180
input: 181 -> message: 30,30,16,11,11,16,11,11,16,6,11,16,6,16,11,16,6,11,16,6,16,11,16,6,11,16,6,16,11,16 -> output: 181
input: 182 -> message: 15,30,30,30,30,30,30,16,37,16,37,16,37,16,37,16,37,16,37,16,37,16,16,37,16,37,16,16,37,16 -> output: 182
input: 183 -> message: 33,30,30,30,16,30,16,30,16,30,16,37,16,37,16,37,16,16,37,16,37,16,11,16,37,16,16,37,16,11 -> output: 183
input: 184 -> message: 33,33,33,37,37,16,37,37,16,37,37,16,37,16,37,16,37,16,37,16,37,16,37,16,37,16,37,16,37,16 -> output: 184
input: 185 -> message: 31,33,33,30,30,37,37,25,6,37,6,37,6,6,37,6,6,6,37,6,6,6,37,6,6,37,6,6,37,6 -> output: 185
input: 186 -> message: 25,6,6,6,6,6,6,6,6,6,6,6,6,6,6,6,16,6,6,6,6,6,11,6,6,6,6,6,6,6 -> output: 141
input: 187 -> message: 31,33,37,25,25,6,6,6,6,6,37,6,6,6,6,6,6,6,6,37,6,6,6,6,6,37,6,6,6,6 -> output: 187
input: 188 -> message: 31,33,16,37,16,37,16,37,16,37,16,37,16,37,16,37,16,37,16,37,16,37,16,37,16,37,16,37,16,37 -> output: 188
input: 189 -> message: 37,37,16,37,37,16,37,16,37,16,37,16,37,16,37,16,37,16,37,16,37,16,37,16,37,16,37,16,37,16 -> output: 189
input: 190 -> message: 14,30,37,25,37,25,25,6,37,6,37,25,6,37,6,37,25,6,37,6,37,25,6,37,6,37,25,6,37,6 -> output: 190
input: 191 -> message: 33,30,30,30,30,30,30,30,30,30,30,30,37,37,6,6,37,6,6,6,37,6,6,6,6,6,6,6,6,6 -> output: 191
input: 192 -> message: 31,31,33,33,30,30,30,37,37,37,25,6,37,37,37,25,6,37,37,6,37,37,6,37,6,37,6,37,6,37 -> output: 192
input: 193 -> message: 31,33,33,30,30,37,25,25,6,6,37,25,6,6,6,6,6,6,6,6,6,6,6,6,6,6,6,6,6,6 -> output: 193
input: 194 -> message: 31,30,25,25,25,25,6,6,6,6,6,6,6,6,6,6,6,6,6,6,6,6,6,6,6,6,6,6,6,6 -> output: 330
input: 195 -> message: 31,14,37,37,25,37,25,6,37,6,37,6,37,6,37,6,37,6,37,6,37,6,37,6,37,6,37,6,37,6 -> output: 195
input: 196 -> message: 14,30,30,30,6,16,6,30,6,16,11,37,6,16,11,37,6,16,6,16,6,16,11,37,6,16,6,16,6,16 -> output: 196
input: 197 -> message: 31,31,31,31,30,37,25,25,6,37,25,6,37,6,37,6,37,6,37,25,6,37,6,37,6,37,6,37,6,37 -> output: 197
input: 198 -> message: 33,30,16,11,16,11,11,16,11,11,16,11,11,16,11,11,16,11,11,16,11,11,16,6,16,11,16,11,11,16 -> output: 198
input: 199 -> message: 30,11,16,11,37,6,16,6,16,6,16,6,16,11,37,16,11,16,6,16,11,37,16,11,16,6,16,11,37,16 -> output: 199
input: 200 -> message: 31,30,30,16,37,16,37,37,16,37,16,11,37,16,37,16,11,16,37,16,11,16,37,16,37,16,11,16,37,16 -> output: 437
input: 201 -> message: 31,14,30,30,30,30,30,30,30,30,30,30,30,30,30,37,30,37,25,25,25,25,25,6,37,25,25,25,6,37 -> output: 201
input: 202 -> message: 31,33,30,30,30,30,6,25,25,25,6,6,6,6,6,6,6,6,6,6,6,6,6,6,6,6,6,6,6,6 -> output: 202
input: 203 -> message: 33,25,25,6,37,6,37,6,37,6,6,37,6,6,37,6,6,37,6,6,37,6,6,37,6,6,6,37,6,6 -> output: 203
input: 204 -> message: 31,30,30,25,25,25,25,25,25,25,25,25,25,25,25,25,25,25,25,25,25,25,25,25,25,25,25,25,25,25 -> output: 204
input: 205 -> message: 31,30,30,25,25,25,25,25,25,6,6,6,6,6,6,6,6,6,6,6,6,6,6,6,6,6,6,6,6,6 -> output: 131
input: 206 -> message: 31,33,30,37,16,37,16,37,16,11,37,16,37,16,37,16,37,16,37,16,37,16,37,16,37,16,37,16,37,16 -> output: 709
input: 207 -> message: 33,33,37,25,6,37,6,37,6,6,37,6,6,37,6,6,37,6,6,37,6,6,37,6,6,37,6,6,37,6 -> output: 207
input: 208 -> message: 31,30,30,30,6,11,16,11,11,11,11,11,6,16,11,6,16,6,11,16,6,11,16,6,11,16,6,11,16,6 -> output: 155
input: 209 -> message: 25,33,25,25,25,25,6,6,6,6,6,6,6,6,6,6,6,6,6,6,6,6,6,6,6,6,6,6,6,6 -> output: 209
input: 210 -> message: 30,30,30,30,30,30,37,25,25,25,25,25,37,25,25,25,6,37,25,25,6,37,25,25,6,37,25,25,6,37 -> output: 210
input: 211 -> message: 30,30,30,25,25,25,25,25,6,25,6,6,6,6,6,6,6,6,6,6,6,6,6,6,6,6,6,6,6,6 -> output: 211
input: 212 -> message: 33,30,11,16,11,11,6,16,11,11,6,16,11,11,6,16,11,11,6,16,11,6,16,11,6,16,11,6,16,11 -> output: 294
input: 213 -> message: 31,31,31,14,31,30,31,30,31,30,30,30,30,30,30,30,30,30,30,30,30,30,30,30,30,30,30,30,30,30 -> output: 213
input: 214 -> message: 31,14,37,37,37,37,16,37,6,16,37,6,16,37,6,16,37,6,16,37,6,16,37,6,16,37,6,16,37,6 -> output: 214
input: 215 -> message: 14,29,31,25,25,25,25,25,25,25,25,25,25,25,25,25,25,25,25,25,25,6,25,6,25,6,25,6,25,6 -> output: 215
input: 216 -> message: 8,31,33,33,33,33,33,33,37,37,37,37,16,37,6,16,37,6,16,37,6,16,37,6,16,37,6,16,37,6 -> output: 216
input: 217 -> message: 31,33,30,25,25,25,25,25,25,25,25,25,25,25,25,25,25,6,25,25,6,25,6,25,6,25,6,25,6,25 -> output: 217
input: 218 -> message: 10,30,30,30,30,30,30,30,30,30,30,30,30,30,30,30,30,30,30,30,30,30,30,30,30,30,30,30,30,30 -> output: 218
input: 219 -> message: 31,11,37,6,16,11,37,6,16,6,16,11,37,6,16,11,16,6,16,6,16,6,16,11,37,6,16,6,16,6 -> output: 219
input: 220 -> message: 31,30,16,11,16,11,11,16,11,16,11,16,11,16,11,16,11,16,11,16,11,16,11,16,11,16,11,16,11,16 -> output: 220
input: 221 -> message: 31,30,30,30,30,30,30,30,37,16,37,6,16,37,6,16,37,6,16,37,6,16,11,37,16,11,37,16,37,6 -> output: 221
input: 222 -> message: 31,30,30,30,30,6,16,6,16,11,37,6,16,11,37,16,11,16,11,37,16,11,16,6,16,11,16,6,16,11 -> output: 222
input: 223 -> message: 33,25,25,25,6,6,6,6,6,6,6,6,6,6,6,6,6,6,6,6,6,6,6,6,6,6,6,6,6,6 -> output: 223
input: 224 -> message: 31,31,30,30,30,6,16,11,11,37,16,11,11,16,11,16,11,16,6,16,11,16,6,16,11,37,16,11,16,11 -> output: 224
input: 225 -> message: 33,31,25,25,25,6,37,25,6,6,6,6,6,6,6,37,6,6,6,6,6,6,6,6,6,37,6,6,6,6 -> output: 225
input: 226 -> message: 31,31,14,14,31,30,31,30,31,30,31,30,31,30,31,30,31,30,31,30,31,30,31,30,31,30,31,30,31,30 -> output: 226
input: 227 -> message: 33,30,30,30,6,6,6,6,6,6,6,6,6,6,16,6,6,6,6,6,6,16,6,6,6,6,6,6,16,6 -> output: 643
input: 228 -> message: 31,30,37,37,6,16,11,37,16,11,37,16,11,16,6,16,11,37,16,11,16,6,16,11,37,16,11,16,6,16 -> output: 228
input: 229 -> message: 31,30,6,6,6,11,6,16,6,6,16,11,6,37,6,16,6,11,6,16,6,11,6,16,6,11,6,16,6,11 -> output: 229
input: 230 -> message: 14,30,37,16,11,37,6,16,37,6,16,37,6,16,37,6,16,37,6,16,37,6,16,37,6,16,37,6,16,37 -> output: 230
input: 231 -> message: 30,30,30,30,16,37,16,37,16,37,16,37,16,37,16,37,16,37,16,37,16,37,16,37,16,37,16,37,16,37 -> output: 231
input: 232 -> message: 33,30,11,6,16,11,11,37,6,16,6,11,6,16,6,11,16,6,11,16,6,11,16,6,11,16,6,11,16,6 -> output: 212
input: 233 -> message: 33,30,30,30,30,30,37,30,37,25,25,6,37,6,37,6,37,6,37,6,37,6,37,6,37,6,37,6,37,6 -> output: 233
input: 234 -> message: 33,37,37,25,37,25,6,37,6,37,6,37,6,37,6,37,6,37,6,37,6,37,6,37,6,37,6,37,6,37 -> output: 234
input: 235 -> message: 25,25,25,6,6,6,6,6,6,6,6,6,6,6,6,6,6,6,6,6,6,6,6,6,6,6,6,6,6,6 -> output: 50
input: 236 -> message: 31,33,25,6,6,6,6,6,6,6,6,6,16,6,6,11,6,16,6,6,11,6,16,6,6,11,6,16,6,6 -> output: 236
input: 237 -> message: 31,30,6,6,11,6,11,6,16,6,11,6,11,6,11,6,11,6,11,6,11,6,11,6,11,6,11,6,11,6 -> output: 237
input: 238 -> message: 33,33,30,30,11,16,11,37,6,16,11,16,11,16,6,16,11,16,6,16,11,11,16,6,16,11,16,6,16,11 -> output: 238
input: 239 -> message: 31,33,30,25,25,25,25,25,25,6,6,6,6,6,6,6,6,6,6,6,6,6,6,6,6,6,6,6,6,6 -> output: 239
input: 240 -> message: 33,31,33,33,33,30,30,30,30,30,30,30,30,25,25,25,25,25,25,25,25,25,25,25,25,25,25,25,25,25 -> output: 240
input: 241 -> message: 3,14,14,30,8,31,30,30,30,30,30,30,30,30,30,30,30,30,30,30,30,30,30,30,30,30,30,30,30,30 -> output: 241
input: 242 -> message: 31,14,16,11,37,16,11,16,11,16,6,16,11,16,11,37,16,11,16,11,16,6,16,11,16,6,16,11,16,6 -> output: 242
input: 243 -> message: 33,33,25,25,37,25,25,6,37,6,6,6,6,6,6,6,37,6,6,6,37,6,6,6,37,6,6,6,37,6 -> output: 243
input: 244 -> message: 31,31,14,30,30,30,30,30,30,30,30,30,30,30,30,30,30,30,30,30,30,30,30,30,30,30,30,30,30,30 -> output: 244
input: 245 -> message: 31,31,30,30,30,30,30,30,30,30,37,30,37,25,25,6,37,25,6,37,6,6,37,6,6,6,6,6,6,6 -> output: 245
input: 246 -> message: 33,30,30,30,30,30,30,30,30,30,30,30,30,30,30,30,30,30,30,30,30,30,30,30,30,30,30,30,30,30 -> output: 191
input: 247 -> message: 31,31,31,33,33,33,33,25,25,25,25,6,37,25,6,37,25,6,6,6,6,6,6,6,6,6,6,37,6,6 -> output: 247
input: 248 -> message: 31,33,33,33,30,25,25,25,25,25,25,25,25,25,25,6,25,6,6,6,6,6,6,6,6,6,6,6,6,6 -> output: 248
input: 249 -> message: 33,33,33,30,30,30,30,30,25,25,25,25,25,25,25,25,25,25,25,25,25,25,6,6,25,6,6,6,6,6 -> output: 249
input: 250 -> message: 31,33,33,30,30,30,30,30,30,30,30,37,30,37,25,37,25,25,6,37,25,25,6,37,6,37,6,37,6,37 -> output: 250
input: 251 -> message: 33,25,6,6,6,6,6,6,6,6,6,6,6,6,6,6,6,16,6,6,11,6,6,6,6,6,6,6,6,11 -> output: 332
input: 252 -> message: 14,16,11,37,6,16,37,6,16,11,37,16,11,37,16,11,37,16,11,37,16,11,37,16,11,37,16,11,37,16 -> output: 252
input: 253 -> message: 14,33,16,37,6,16,37,6,16,37,6,16,37,6,16,37,6,16,37,6,16,37,6,16,37,6,16,37,6,16 -> output: 253
input: 254 -> message: 14,30,6,37,6,37,6,16,6,37,6,16,6,37,6,16,6,37,6,16,6,37,6,16,6,37,6,16,6,16 -> output: 254
input: 255 -> message: 14,30,37,37,25,6,37,6,37,6,37,6,37,6,37,6,37,6,37,6,37,6,37,6,37,6,37,6,37,6 -> output: 255
input: 256 -> message: 33,30,37,37,37,25,6,37,6,37,6,6,37,6,6,37,6,6,37,6,37,6,6,37,6,37,6,37,6,37 -> output: 256
input: 257 -> message: 14,14,30,30,30,30,30,6,16,6,30,16,6,30,16,11,37,6,16,11,16,11,37,6,16,11,11,16,11,11 -> output: 257
input: 258 -> message: 33,37,37,37,37,37,37,37,37,37,37,37,37,37,37,37,37,37,37,16,37,6,16,37,6,16,37,6,16,37 -> output: 258
input: 259 -> message: 31,33,30,11,37,6,16,11,11,16,11,37,16,11,16,11,37,16,11,16,6,16,11,16,6,16,11,37,16,11 -> output: 259
input: 260 -> message: 14,16,30,16,30,30,16,30,30,16,30,30,16,11,16,11,16,11,16,11,16,11,16,11,16,11,16,11,16,11 -> output: 260
input: 261 -> message: 31,33,30,37,37,37,25,6,37,37,6,37,6,37,6,37,6,37,6,37,6,37,6,37,6,37,6,37,6,37 -> output: 883
input: 262 -> message: 14,30,30,30,37,25,25,25,6,37,25,25,6,37,6,37,25,6,37,25,6,37,6,37,25,6,37,25,6,37 -> output: 262
input: 263 -> message: 31,33,33,33,30,25,25,25,25,25,25,6,6,6,6,6,6,6,6,6,6,6,6,6,6,6,6,6,6,6 -> output: 263
input: 264 -> message: 14,37,25,25,6,6,6,37,6,6,6,6,37,6,6,6,6,37,6,6,6,6,37,6,6,6,6,37,6,6 -> output: 264
input: 265 -> message: 25,30,6,25,25,6,6,6,6,6,6,6,6,6,6,6,6,6,6,6,6,6,6,6,6,6,6,6,6,6 -> output: 265
input: 266 -> message: 15,26,8,31,31,31,31,30,31,30,31,30,31,30,31,30,31,30,31,30,31,30,31,30,31,30,31,30,31,30 -> output: 266
input: 267 -> message: 33,33,33,33,33,33,33,6,37,6,37,6,16,6,37,6,16,6,16,6,37,6,16,6,16,6,16,6,11,6 -> output: 282
input: 268 -> message: 31,33,30,25,25,25,6,6,6,6,6,6,6,6,6,6,6,6,6,6,6,6,6,6,6,6,6,6,6,6 -> output: 268
input: 269 -> message: 33,37,6,16,11,37,6,16,6,16,11,37,6,16,6,16,11,37,6,16,6,16,6,16,11,37,6,16,6,16 -> output: 269
input: 270 -> message: 33,11,16,11,37,6,16,6,16,11,37,6,16,6,16,6,16,11,37,6,16,11,37,6,16,6,16,6,16,11 -> output: 270
input: 271 -> message: 22,30,11,11,6,16,11,6,16,11,6,16,11,6,16,6,11,16,6,11,16,6,11,16,6,11,16,6,11,16 -> output: 271
input: 272 -> message: 31,30,16,16,30,16,30,16,30,16,30,16,30,16,30,16,30,16,30,16,37,16,37,16,37,16,37,16,37,16 -> output: 272
input: 273 -> message: 33,30,16,16,16,37,16,16,37,16,37,16,37,16,37,16,37,16,37,16,37,16,37,16,37,16,37,16,37,16 -> output: 273
input: 274 -> message: 33,31,25,25,6,6,6,6,6,6,6,6,6,6,6,6,6,6,6,6,6,6,6,6,6,6,6,6,6,6 -> output: 274
input: 275 -> message: 31,30,30,30,25,25,25,25,25,6,6,6,6,6,6,6,6,6,6,6,6,6,6,6,6,6,6,6,6,6 -> output: 307
input: 276 -> message: 31,31,33,33,33,25,25,25,25,25,25,25,25,25,6,6,6,6,6,6,6,6,6,6,6,6,6,6,6,6 -> output: 276
input: 277 -> message: 31,31,30,30,6,6,6,6,11,11,6,16,11,6,16,6,11,6,16,6,11,6,16,6,11,6,16,6,11,6 -> output: 277
input: 278 -> message: 30,16,11,16,11,16,11,11,16,11,16,11,16,11,16,11,16,11,16,11,16,11,16,11,16,11,16,11,16,11 -> output: 278
input: 279 -> message: 31,30,6,6,6,37,6,6,37,6,16,6,6,16,6,6,16,6,6,16,6,6,16,6,6,11,6,16,6,6 -> output: 279
input: 280 -> message: 25,30,6,6,6,6,6,6,6,6,6,6,6,6,6,6,6,6,6,6,6,6,6,6,6,6,6,6,6,6 -> output: 280
input: 281 -> message: 31,33,30,30,16,37,16,16,37,16,16,37,16,11,16,37,16,11,16,37,16,37,16,11,16,37,16,11,16,37 -> output: 281
input: 282 -> message: 33,33,33,33,33,33,33,33,33,37,37,6,37,6,16,37,6,16,37,6,16,37,6,16,37,6,16,37,6,16 -> output: 282
input: 283 -> message: 31,30,30,30,30,30,30,6,6,6,30,6,6,16,6,11,11,11,11,11,11,11,11,16,6,11,6,16,6,11 -> output: 283
input: 284 -> message: 33,30,16,11,16,11,16,11,16,11,16,11,16,11,16,11,16,11,16,11,16,11,16,11,16,11,16,11,16,11 -> output: 198
input: 285 -> message: 31,33,30,30,6,25,6,6,6,6,6,6,6,6,6,6,6,6,6,6,6,6,6,6,6,6,6,6,6,6 -> output: 285
input: 286 -> message: 33,30,30,30,30,16,6,16,11,37,16,11,11,16,11,37,16,11,37,16,11,16,11,37,16,11,16,11,16,6 -> output: 286
input: 287 -> message: 33,33,33,30,30,6,25,25,6,6,6,6,6,6,6,6,6,6,6,6,6,6,6,6,6,6,6,6,6,6 -> output: 287
input: 288 -> message: 31,30,25,25,37,25,25,6,6,6,6,6,6,37,6,6,6,6,6,6,6,37,6,6,6,6,6,6,37,6 -> output: 288
input: 289 -> message: 14,30,30,25,25,25,25,25,25,25,25,6,25,6,6,6,6,6,6,6,6,6,6,6,6,6,6,6,6,6 -> output: 500
input: 290 -> message: 33,33,11,16,11,6,16,6,11,6,16,6,11,16,6,11,16,6,11,16,6,11,16,6,11,16,6,11,16,6 -> output: 949
input: 291 -> message: 31,14,30,30,30,16,30,30,16,30,30,16,30,30,16,30,16,30,16,30,16,30,16,30,16,30,16,30,16,30 -> output: 291
input: 292 -> message: 33,25,25,6,6,6,6,6,6,6,6,6,6,37,6,6,6,6,6,6,6,6,6,6,6,6,6,6,33,6 -> output: 332
input: 293 -> message: 31,33,30,30,30,30,6,6,6,6,6,6,11,6,16,6,11,6,11,6,16,6,11,6,16,6,6,16,6,11 -> output: 293
input: 294 -> message: 33,30,16,11,11,11,16,11,11,16,11,11,16,11,11,16,11,11,16,11,11,16,6,11,16,11,11,16,11,11 -> output: 294
input: 295 -> message: 31,30,11,37,6,16,11,37,16,11,11,16,6,16,6,16,11,37,16,11,16,6,16,11,37,16,11,16,6,16 -> output: 295
input: 296 -> message: 14,30,16,11,11,16,11,11,16,11,37,16,11,16,6,16,11,16,6,16,11,16,6,16,11,37,16,6,16,11 -> output: 296
input: 297 -> message: 31,31,14,14,33,33,33,30,30,30,30,30,30,30,30,30,30,30,30,30,30,30,30,30,30,30,30,30,30,30 -> output: 297
input: 298 -> message: 31,30,30,37,25,25,25,25,37,25,25,6,37,25,25,6,37,6,37,25,25,6,37,25,6,37,25,25,6,37 -> output: 298
input: 299 -> message: 33,30,6,37,6,37,6,6,37,6,6,37,6,37,6,37,6,37,6,37,6,16,6,6,16,6,6,16,6,6 -> output: 299
input: 300 -> message: 33,33,30,30,30,30,37,30,37,25,25,25,37,25,25,6,37,25,6,37,25,6,37,6,37,25,6,37,6,37 -> output: 300
input: 301 -> message: 31,31,25,25,25,25,25,25,6,6,6,6,6,6,6,6,6,6,6,6,6,6,6,6,6,6,6,6,6,6 -> output: 74
input: 302 -> message: 31,30,30,30,25,25,25,25,25,25,25,25,25,6,6,6,6,6,6,6,6,6,6,6,6,6,6,6,6,6 -> output: 302
input: 303 -> message: 33,25,25,25,25,25,25,25,25,25,6,25,6,25,6,25,6,25,6,6,25,6,25,6,6,25,6,6,25,6 -> output: 303
input: 304 -> message: 30,11,11,16,11,11,16,11,11,11,16,11,11,11,11,16,11,11,11,11,11,16,11,11,11,11,16,11,11,11 -> output: 304
input: 305 -> message: 30,11,6,6,11,6,11,6,16,6,11,6,11,6,11,6,11,6,11,6,11,6,11,6,11,6,11,6,11,6 -> output: 305
input: 306 -> message: 33,30,30,30,30,6,16,11,11,11,11,11,16,11,11,6,16,6,11,16,6,11,16,6,11,16,6,11,16,6 -> output: 306
input: 307 -> message: 31,30,30,30,6,25,25,25,25,25,6,6,6,6,6,6,6,6,6,6,6,6,6,6,6,6,6,6,6,6 -> output: 307
input: 308 -> message: 14,16,30,16,30,30,16,30,30,16,30,16,30,16,30,16,30,30,16,37,16,37,16,37,16,37,16,37,16,37 -> output: 308
input: 309 -> message: 31,33,30,30,30,30,37,25,6,37,25,6,6,6,6,6,6,6,6,6,6,6,6,6,6,6,6,6,6,6 -> output: 309
input: 310 -> message: 31,33,30,30,30,30,30,30,6,30,25,25,25,25,6,25,6,6,25,6,6,6,6,6,6,6,6,6,6,6 -> output: 875
input: 311 -> message: 33,33,30,30,30,30,30,30,30,30,25,25,25,25,25,25,25,25,25,25,6,25,6,6,6,6,6,6,6,6 -> output: 311
input: 312 -> message: 31,14,30,37,37,37,25,6,37,6,37,6,37,6,37,6,37,6,37,6,37,6,37,6,37,6,37,6,37,6 -> output: 436
input: 313 -> message: 31,30,30,30,30,30,30,30,30,30,30,30,30,30,30,30,30,30,30,30,30,30,30,30,30,30,30,30,30,30 -> output: 313
input: 314 -> message: 16,11,16,11,11,16,11,16,11,16,11,16,11,16,11,16,11,16,11,16,11,16,11,16,11,16,11,16,11,16 -> output: 314
input: 315 -> message: 14,14,25,25,25,6,25,6,6,6,6,6,6,6,6,6,6,6,6,6,6,6,6,6,6,6,6,6,6,6 -> output: 925
input: 316 -> message: 25,37,6,37,6,37,6,37,6,16,6,37,6,16,6,37,6,16,6,37,6,16,6,37,6,16,6,16,6,16 -> output: 316
input: 317 -> message: 31,30,30,30,30,30,37,30,37,25,25,25,37,25,25,6,37,25,25,6,37,6,37,25,6,37,6,37,25,6 -> output: 109
input: 318 -> message: 33,37,37,37,37,37,37,6,37,6,37,6,16,37,6,16,37,6,16,37,6,16,37,6,16,37,6,16,37,6 -> output: 258
input: 319 -> message: 33,30,25,25,25,25,25,6,25,6,6,6,6,6,6,6,6,6,6,6,6,6,6,6,6,6,6,6,6,6 -> output: 319
input: 320 -> message: 31,33,30,30,37,25,25,37,25,25,6,37,6,37,25,6,37,6,37,25,6,37,6,37,25,6,37,6,37,25 -> output: 320
input: 321 -> message: 31,30,30,30,37,37,25,25,37,25,6,37,37,25,6,37,37,25,6,37,37,25,6,37,37,25,6,37,37,25 -> output: 321
input: 322 -> message: 31,33,33,33,30,30,30,30,37,30,37,37,6,37,37,6,37,6,37,6,37,6,37,6,37,6,37,6,37,6 -> output: 322
input: 323 -> message: 14,30,30,30,37,16,37,37,16,37,37,16,37,16,37,16,37,16,37,16,37,16,37,16,37,16,37,16,37,16 -> output: 323
input: 324 -> message: 33,30,6,6,6,6,6,6,6,6,6,6,6,6,6,6,6,6,16,6,6,11,6,6,6,6,6,6,6,6 -> output: 324
input: 325 -> message: 33,31,25,25,25,25,25,25,25,25,6,6,6,6,6,6,6,6,6,6,6,6,6,6,6,6,6,6,6,6 -> output: 325
input: 326 -> message: 8,38,14,14,8,31,30,30,8,31,30,30,30,8,31,30,30,30,30,30,30,30,30,30,30,30,30,30,30,30 -> output: 20
input: 327 -> message: 33,33,33,25,6,6,6,6,6,6,6,6,6,6,6,6,6,33,6,6,6,33,6,6,33,6,6,33,6,33 -> output: 887
input: 328 -> message: 14,33,37,37,37,16,37,37,16,37,6,16,37,6,16,37,16,37,16,37,16,37,6,16,37,6,16,37,6,16 -> output: 328
input: 329 -> message: 37,6,6,11,6,16,6,11,6,16,6,11,6,16,6,11,6,16,6,11,6,16,6,11,6,16,6,11,6,16 -> output: 329
input: 330 -> message: 31,30,25,25,25,25,6,6,6,6,6,6,6,6,6,6,6,6,6,6,6,6,6,6,6,6,6,6,6,6 -> output: 330
input: 331 -> message: 14,30,16,11,16,11,16,11,16,11,16,11,16,11,16,11,16,11,16,37,16,11,16,11,16,11,16,11,16,11 -> output: 331
input: 332 -> message: 33,25,6,6,6,6,6,6,6,6,6,6,6,6,6,6,6,6,6,6,6,33,6,6,6,6,33,6,6,6 -> output: 332
input: 333 -> message: 31,33,16,37,16,11,16,37,16,11,16,37,16,11,16,11,16,11,16,11,16,37,16,11,16,11,16,11,16,11 -> output: 333
input: 334 -> message: 31,30,30,6,6,6,6,6,6,6,6,6,6,6,6,6,6,6,6,6,6,6,6,6,6,6,6,6,6,6 -> output: 334
input: 335 -> message: 33,30,37,37,37,25,6,37,6,37,6,6,37,6,6,37,6,6,37,6,6,37,6,6,37,6,37,6,37,6 -> output: 256
input: 336 -> message: 33,33,33,33,30,37,25,6,37,6,37,6,6,6,6,37,6,6,6,37,6,6,37,6,37,6,37,6,37,6 -> output: 336
input: 337 -> message: 33,33,30,25,25,6,6,6,6,6,6,6,6,6,6,6,6,6,6,6,6,6,6,33,6,6,6,33,6,6 -> output: 337
input: 338 -> message: 14,11,11,11,16,11,6,11,6,11,6,11,6,11,6,11,6,11,6,11,11,6,11,11,6,11,11,6,11,11 -> output: 338
input: 339 -> message: 31,14,30,30,30,30,30,30,30,30,30,30,30,30,30,30,30,30,30,30,30,30,30,30,30,30,30,30,30,30 -> output: 125
input: 340 -> message: 33,11,11,6,16,11,6,11,6,16,6,11,6,16,6,11,6,16,6,11,6,16,6,11,6,16,6,11,16,6 -> output: 340
input: 341 -> message: 31,31,33,30,30,30,30,30,25,25,25,25,25,25,25,25,25,25,25,6,6,6,6,6,6,6,6,6,6,6 -> output: 341
input: 342 -> message: 31,33,30,30,6,37,25,6,6,6,6,6,6,6,6,6,6,6,6,6,6,6,6,6,6,6,6,6,6,6 -> output: 285
input: 343 -> message: 31,31,30,30,30,37,25,25,6,37,6,6,6,6,6,6,6,6,6,6,6,6,6,6,6,6,6,6,6,6 -> output: 343
input: 344 -> message: 33,33,30,30,30,30,30,30,30,30,30,37,30,25,25,25,25,25,25,25,25,37,25,25,25,6,37,25,25,6 -> output: 344
input: 345 -> message: 14,30,30,30,30,25,25,25,25,25,25,25,25,25,25,25,25,25,6,25,6,25,6,25,6,25,6,25,6,25 -> output: 345
input: 346 -> message: 33,30,30,16,11,11,16,11,11,16,11,11,16,6,16,11,16,6,16,11,16,6,16,11,16,6,16,11,16,6 -> output: 346
input: 347 -> message: 33,30,30,30,25,25,25,25,25,25,25,25,25,25,25,25,6,25,6,25,6,25,6,25,6,25,6,25,6,6 -> output: 347
input: 348 -> message: 14,30,30,30,30,30,25,25,25,25,25,25,25,25,25,25,25,6,37,25,25,25,6,37,25,25,25,6,37,25 -> output: 348
input: 349 -> message: 14,16,37,16,16,11,16,37,16,11,16,37,16,11,16,37,16,11,16,37,16,11,16,37,16,11,16,37,16,16 -> output: 349
input: 350 -> message: 15,30,30,30,30,30,30,30,30,30,30,30,30,30,30,30,30,30,30,30,30,30,30,30,30,30,30,30,30,30 -> output: 350
input: 351 -> message: 33,30,30,30,37,37,25,25,37,25,6,37,37,25,37,6,37,6,37,6,37,37,25,6,37,37,25,37,6,37 -> output: 351
input: 352 -> message: 14,37,25,6,6,6,6,6,6,6,6,6,6,6,6,6,6,6,6,6,6,6,6,6,6,6,6,6,6,6 -> output: 352
input: 353 -> message: 31,31,33,33,33,33,30,30,30,30,30,30,30,30,25,25,25,25,25,25,25,25,25,25,25,25,25,25,6,25 -> output: 353
input: 354 -> message: 33,30,16,37,37,16,11,16,37,16,11,16,37,16,11,16,37,16,11,16,11,16,37,16,11,16,37,16,11,16 -> output: 720
input: 355 -> message: 33,33,30,30,30,30,37,16,37,16,37,16,37,16,37,16,37,16,16,37,16,16,37,16,37,16,37,16,37,16 -> output: 355
input: 356 -> message: 31,33,33,33,33,33,33,33,33,33,33,33,33,33,33,33,33,33,33,33,33,33,33,33,33,33,33,33,33,33 -> output: 356
input: 357 -> message: 31,30,30,37,37,25,6,37,6,37,6,6,37,6,6,37,6,6,6,37,6,6,6,6,37,6,6,6,37,6 -> output: 357
input: 358 -> message: 14,30,25,25,25,25,25,25,25,25,25,25,25,25,25,25,25,25,25,6,25,25,25,6,25,25,6,25,6,25 -> output: 358
input: 359 -> message: 31,11,6,11,11,16,6,11,6,11,6,16,11,6,11,6,11,6,16,6,11,6,16,6,11,6,16,6,11,11 -> output: 359
input: 360 -> message: 31,33,33,33,37,37,37,37,16,37,6,16,37,6,16,37,6,16,37,6,16,37,6,16,37,6,16,37,6,16 -> output: 585
input: 361 -> message: 33,30,30,30,30,30,30,30,30,30,6,25,25,25,25,25,25,25,25,25,25,6,25,6,6,6,6,6,6,6 -> output: 361
input: 362 -> message: 33,33,30,30,30,30,30,25,25,25,25,25,6,25,6,6,6,6,6,6,6,6,6,6,6,6,6,6,6,6 -> output: 362
input: 363 -> message: 30,30,37,16,37,16,37,16,37,16,37,16,37,16,37,16,37,16,37,16,37,16,37,16,37,16,37,16,37,16 -> output: 363
input: 364 -> message: 33,30,30,6,16,11,11,11,11,37,6,16,11,6,16,6,11,16,6,11,16,6,11,6,16,6,11,16,6,11 -> output: 364
input: 365 -> message: 15,31,30,31,30,30,30,30,30,30,30,30,30,30,30,30,30,30,30,30,30,30,30,30,30,30,30,30,30,30 -> output: 365
input: 366 -> message: 14,33,30,30,30,30,30,30,30,30,30,30,30,30,30,30,30,30,30,30,37,30,37,25,25,25,25,6,37,25 -> output: 592
input: 367 -> message: 30,30,30,25,25,6,6,6,6,6,6,6,6,6,6,6,6,6,6,6,6,6,6,6,6,6,6,6,6,6 -> output: 367
input: 368 -> message: 33,33,30,30,30,16,37,30,16,11,37,16,11,37,16,11,16,11,37,16,11,16,11,16,11,16,11,16,11,16 -> output: 368
input: 369 -> message: 31,30,30,30,16,11,37,16,11,37,16,11,16,11,37,16,11,16,11,37,16,11,16,11,16,11,16,37,16,11 -> output: 369
input: 370 -> message: 33,30,6,6,6,11,6,16,6,6,16,6,11,6,16,6,6,16,6,11,6,16,6,11,6,16,6,11,6,16 -> output: 370
input: 371 -> message: 14,30,30,30,30,6,25,25,25,25,25,25,6,6,6,6,6,6,6,6,6,6,6,6,6,6,6,6,6,6 -> output: 935
input: 372 -> message: 33,30,30,30,30,30,25,25,25,25,6,6,25,6,6,6,6,6,6,6,6,6,6,6,6,6,6,6,6,6 -> output: 372
input: 373 -> message: 14,30,30,30,30,37,25,25,25,6,37,25,25,6,37,6,6,37,6,6,37,25,6,6,6,6,6,6,6,6 -> output: 489
input: 374 -> message: 31,31,30,30,30,37,37,37,25,6,37,6,37,6,37,6,37,6,37,6,37,6,37,6,37,6,37,6,37,6 -> output: 374
input: 375 -> message: 33,33,33,30,37,6,16,6,16,11,37,6,16,6,16,11,6,16,6,16,11,6,16,6,16,11,6,16,6,16 -> output: 375
input: 376 -> message: 25,30,6,6,6,6,6,6,6,6,6,6,6,6,6,6,6,6,6,6,6,6,6,6,6,6,6,6,6,6 -> output: 280
input: 377 -> message: 31,30,30,30,30,30,6,25,25,25,25,25,25,25,6,6,6,6,6,6,6,6,6,6,6,6,6,6,6,6 -> output: 381
input: 378 -> message: 33,30,6,16,11,37,6,16,11,6,16,6,16,6,16,11,37,6,16,6,16,6,16,11,6,16,6,16,11,6 -> output: 378
input: 379 -> message: 33,33,30,30,30,37,37,16,11,37,16,11,37,16,11,16,11,37,16,11,16,11,16,37,6,16,11,16,37,6 -> output: 379
input: 380 -> message: 31,33,30,30,37,37,37,25,6,37,6,37,6,37,6,37,6,37,6,37,6,37,6,37,6,37,6,37,6,37 -> output: 380
input: 381 -> message: 31,30,30,30,30,25,25,25,25,25,25,25,6,6,6,6,6,6,6,6,6,6,6,6,6,6,6,6,6,6 -> output: 381
input: 382 -> message: 33,30,30,30,6,16,11,11,16,11,11,11,16,11,6,16,11,6,16,11,11,16,6,16,11,6,16,11,11,16 -> output: 382
input: 383 -> message: 14,30,30,30,25,25,25,25,25,25,25,6,6,6,6,6,6,6,6,6,6,6,6,6,6,6,6,6,6,6 -> output: 704
input: 384 -> message: 31,31,33,33,30,30,30,6,30,25,25,25,25,6,6,6,6,6,6,6,6,6,6,6,6,6,6,6,6,6 -> output: 384
input: 385 -> message: 31,33,33,30,30,30,6,25,25,6,6,6,6,6,6,6,6,6,6,6,6,6,6,6,6,6,6,6,6,6 -> output: 385
input: 386 -> message: 31,30,37,25,25,37,25,25,6,37,6,37,25,6,37,25,6,37,6,37,25,6,37,25,6,37,6,37,25,6 -> output: 386
input: 387 -> message: 33,33,33,30,30,30,30,30,30,30,30,30,30,30,30,30,25,30,25,25,25,25,25,25,25,25,25,25,25,25 -> output: 996
input: 388 -> message: 14,14,16,30,16,16,16,30,16,30,16,37,16,16,37,16,16,11,16,37,16,11,16,37,16,11,16,37,16,11 -> output: 388
input: 389 -> message: 31,31,30,30,30,30,30,30,30,30,30,30,30,30,30,16,30,30,16,37,30,16,6,30,16,6,16,37,16,16 -> output: 901
input: 390 -> message: 33,33,30,37,6,37,6,16,37,6,16,37,6,16,37,6,16,37,6,16,11,37,6,16,11,37,6,16,11,37 -> output: 390
input: 391 -> message: 30,16,11,16,37,16,11,16,11,37,16,11,16,37,16,11,16,37,16,16,11,16,11,16,37,16,11,16,11,16 -> output: 391
input: 392 -> message: 33,30,30,30,37,16,11,37,16,11,37,16,11,37,16,11,37,16,11,16,11,37,16,11,16,11,16,11,16,11 -> output: 392
input: 393 -> message: 33,30,25,25,37,25,25,6,37,6,25,6,6,6,6,6,6,6,6,37,6,6,6,37,6,6,6,37,6,6 -> output: 393
input: 394 -> message: 30,30,16,37,16,11,37,16,11,37,16,11,16,37,16,11,16,37,16,11,16,37,16,11,16,37,16,11,16,37 -> output: 394
input: 395 -> message: 25,37,6,6,6,6,6,37,6,6,6,6,6,6,37,6,6,37,6,37,6,37,6,37,6,37,6,37,6,37 -> output: 395
input: 396 -> message: 31,30,30,30,30,37,25,6,6,6,6,6,6,6,6,37,6,6,6,6,6,6,6,6,6,6,6,6,6,6 -> output: 396
input: 397 -> message: 33,33,25,25,25,6,6,6,6,6,6,6,6,6,6,6,6,6,6,6,6,6,6,6,6,6,6,6,6,33 -> output: 922
input: 398 -> message: 30,6,6,6,16,11,6,6,11,6,16,6,11,6,16,6,11,6,16,6,11,6,16,6,11,6,16,6,11,6 -> output: 398
input: 399 -> message: 33,30,30,30,30,30,25,25,25,25,25,25,25,25,25,25,6,6,25,6,6,6,6,6,6,6,6,6,6,6 -> output: 100
input: 400 -> message: 14,30,6,37,25,6,37,6,6,6,6,6,37,6,6,6,6,37,6,6,6,6,6,37,6,6,6,6,6,37 -> output: 400
input: 401 -> message: 33,33,33,30,30,30,30,30,30,30,30,30,30,37,30,6,37,25,25,6,37,25,6,37,25,6,37,6,37,6 -> output: 401
input: 402 -> message: 33,33,33,33,33,30,6,25,25,6,25,6,6,6,6,6,6,6,6,6,6,6,6,6,6,6,6,6,6,6 -> output: 287
input: 403 -> message: 33,31,33,33,33,33,33,33,33,33,33,33,37,6,37,6,16,6,37,6,16,6,37,6,16,6,37,6,16,6 -> output: 282
input: 404 -> message: 31,30,30,37,25,25,6,37,6,6,6,6,6,6,6,6,6,6,6,6,6,6,6,6,6,6,6,6,6,6 -> output: 404
input: 405 -> message: 33,30,16,11,16,11,16,11,37,16,11,16,11,16,11,16,6,16,11,16,6,16,11,16,6,16,11,16,6,16 -> output: 405
input: 406 -> message: 14,30,11,16,11,11,11,16,11,11,11,11,16,11,11,11,11,11,11,11,11,16,11,11,6,11,16,11,11,11 -> output: 406
input: 407 -> message: 14,33,37,37,37,37,37,37,6,37,37,6,37,37,37,6,37,6,37,6,16,37,6,16,37,6,16,37,6,16 -> output: 407
input: 408 -> message: 33,30,6,6,6,6,6,6,6,6,6,6,6,6,6,6,6,6,6,6,6,6,6,6,6,6,6,6,6,6 -> output: 147
input: 409 -> message: 14,30,6,6,6,6,6,6,6,16,6,6,6,6,16,6,6,6,16,6,6,6,11,6,16,6,6,16,6,6 -> output: 576
input: 410 -> message: 31,30,30,30,30,30,37,25,6,37,6,37,25,6,6,37,6,6,6,6,6,6,6,37,6,6,6,6,6,6 -> output: 410
input: 411 -> message: 30,30,16,16,16,30,16,37,16,37,16,37,16,37,16,37,16,37,16,37,16,37,16,37,16,37,16,16,37,16 -> output: 411
input: 412 -> message: 14,33,25,25,25,25,25,37,25,25,6,37,25,25,6,37,25,25,6,37,25,25,6,37,25,25,6,37,25,25 -> output: 412
input: 413 -> message: 11,37,6,16,37,6,16,6,16,37,6,16,11,37,6,16,6,16,6,16,37,6,16,11,37,6,16,6,16,6 -> output: 413
input: 414 -> message: 31,14,30,30,30,16,37,37,16,37,16,37,16,11,37,16,11,16,37,16,11,16,37,16,11,16,37,16,11,16 -> output: 414
input: 415 -> message: 14,25,25,25,25,25,6,6,6,6,6,6,6,6,6,6,6,6,6,6,6,6,6,6,6,6,6,6,6,6 -> output: 415
input: 416 -> message: 14,25,25,25,25,25,25,6,6,25,6,6,6,6,6,6,6,6,6,6,6,6,6,6,6,6,6,6,6,6 -> output: 416
input: 417 -> message: 31,14,30,37,25,6,37,6,6,37,6,6,6,6,6,6,37,6,6,6,37,6,6,37,6,6,37,6,6,37 -> output: 417
input: 418 -> message: 31,33,33,33,30,30,30,30,30,6,25,25,25,6,6,6,6,37,25,25,6,6,6,6,6,6,6,6,6,6 -> output: 418
input: 419 -> message: 31,30,30,6,6,6,6,6,37,6,6,16,6,6,16,6,6,16,6,6,16,6,6,16,6,6,16,6,6,16 -> output: 419
input: 420 -> message: 33,30,6,6,37,6,16,6,11,6,16,6,16,6,11,6,16,6,16,6,16,6,11,6,16,6,16,6,11,6 -> output: 647
input: 421 -> message: 33,33,33,33,33,33,30,37,37,37,37,37,6,37,6,37,6,37,6,37,6,37,6,37,6,16,37,6,16,37 -> output: 421
input: 422 -> message: 33,33,30,30,30,37,25,6,37,6,6,37,6,6,6,6,6,6,6,37,6,6,6,6,37,6,6,6,6,6 -> output: 422
input: 423 -> message: 14,30,16,30,16,37,16,37,16,37,16,37,16,37,16,37,16,37,16,37,16,37,16,37,16,37,16,37,16,37 -> output: 622
input: 424 -> message: 33,33,33,33,30,25,25,25,25,25,25,25,25,25,25,25,25,25,6,25,6,25,6,25,6,25,6,6,25,6 -> output: 424
input: 425 -> message: 14,33,33,33,25,25,25,25,25,25,25,25,25,6,25,6,6,6,6,6,6,6,6,6,6,6,6,6,6,6 -> output: 425
input: 426 -> message: 31,14,30,30,30,25,25,25,25,25,25,25,25,25,6,25,6,6,6,6,6,6,6,6,6,6,6,6,6,6 -> output: 426
input: 427 -> message: 6,37,25,6,6,6,6,6,6,6,6,6,6,6,16,6,37,6,6,6,6,6,6,6,6,6,16,6,37,6 -> output: 427
input: 428 -> message: 33,33,30,6,25,6,6,6,6,6,6,6,6,6,6,6,6,6,6,6,6,6,6,6,33,6,6,6,33,6 -> output: 428
input: 429 -> message: 33,30,30,30,37,25,25,6,37,25,6,6,6,37,6,6,6,6,6,6,6,6,37,6,6,6,6,37,6,6 -> output: 429
input: 430 -> message: 31,33,16,11,11,16,11,11,16,11,11,16,6,16,11,16,6,11,16,11,11,16,6,16,11,16,6,11,16,11 -> output: 732
input: 431 -> message: 33,30,30,6,37,16,11,37,6,16,37,6,16,37,6,16,37,6,16,37,6,16,37,6,16,37,6,16,37,6 -> output: 431
input: 432 -> message: 31,30,30,30,25,25,25,6,6,6,6,6,6,6,6,6,6,6,6,6,6,6,6,6,6,6,6,6,6,6 -> output: 432
input: 433 -> message: 25,37,6,16,37,6,16,6,16,37,6,16,6,16,6,16,37,6,16,6,16,6,16,6,16,6,16,6,16,6 -> output: 609
input: 434 -> message: 31,33,30,30,30,30,30,30,30,30,30,30,30,30,30,30,30,6,16,6,16,6,16,6,16,16,6,16,6,16 -> output: 901
input: 435 -> message: 31,30,16,11,16,11,37,16,11,16,11,16,11,16,11,16,11,16,11,16,11,16,11,16,11,16,11,16,11,16 -> output: 220
input: 436 -> message: 31,14,30,37,37,6,37,6,6,37,6,6,6,6,37,6,6,37,6,6,37,6,6,37,6,6,37,6,6,37 -> output: 436
input: 437 -> message: 31,30,30,30,16,37,16,37,16,37,16,11,37,16,37,16,37,16,11,37,16,11,37,16,11,16,37,16,11,16 -> output: 200
input: 438 -> message: 31,30,37,37,16,11,37,16,11,37,16,11,16,37,6,16,37,16,11,16,37,16,11,16,37,16,11,16,37,16 -> output: 670
input: 439 -> message: 33,16,11,16,11,16,11,11,16,11,16,11,16,11,16,11,11,16,6,16,11,16,6,11,16,6,11,16,6,11 -> output: 439
input: 440 -> message: 33,6,6,16,11,37,6,16,6,11,6,16,6,11,6,16,6,11,6,16,6,11,6,16,6,11,6,16,6,11 -> output: 617
input: 441 -> message: 33,33,33,33,33,37,6,16,6,11,6,16,6,11,6,16,6,11,6,16,6,11,6,16,6,11,6,16,6,11 -> output: 912
input: 442 -> message: 33,30,11,11,11,11,16,11,11,6,11,11,11,11,11,11,11,16,11,11,11,11,11,11,11,11,11,11,6,11 -> output: 442
input: 443 -> message: 31,33,33,33,33,30,25,25,6,6,6,6,6,6,6,6,6,6,6,6,6,6,6,6,6,6,6,6,6,6 -> output: 443
input: 444 -> message: 31,30,16,11,11,16,11,37,16,11,16,11,37,16,11,16,6,16,6,16,11,16,6,16,11,16,6,16,11,16 -> output: 444
input: 445 -> message: 31,14,33,33,33,30,30,30,30,30,30,30,30,25,25,25,25,25,25,25,25,25,25,25,25,25,25,25,6,6 -> output: 445
input: 446 -> message: 33,33,30,30,30,30,30,25,25,25,25,25,25,25,25,25,25,6,6,25,6,6,6,6,6,6,6,6,6,6 -> output: 446
input: 447 -> message: 31,14,33,30,30,6,6,37,6,6,37,6,16,6,37,6,16,6,37,6,16,6,16,6,37,6,16,6,16,6 -> output: 447
input: 448 -> message: 31,16,37,16,11,37,16,11,16,37,16,16,11,16,37,16,11,16,11,16,37,16,16,11,16,11,16,11,16,11 -> output: 448
input: 449 -> message: 33,30,30,30,6,6,6,37,6,6,6,6,6,6,6,37,6,6,6,6,37,6,6,6,37,6,6,6,37,6 -> output: 969
input: 450 -> message: 14,25,25,25,25,25,25,25,25,25,25,6,25,6,25,6,25,6,6,25,6,25,6,6,6,25,6,6,6,25 -> output: 416
input: 451 -> message: 31,30,30,30,6,6,6,37,6,6,6,6,6,6,6,6,6,37,6,6,6,6,37,6,6,6,6,37,6,6 -> output: 451
input: 452 -> message: 14,30,16,30,16,37,16,11,37,16,11,16,11,37,16,11,16,11,16,11,37,16,11,16,11,16,11,16,11,16 -> output: 452
input: 453 -> message: 16,37,37,37,16,37,6,16,37,6,16,37,6,16,37,6,16,37,6,16,37,6,16,37,6,16,37,6,16,37 -> output: 453
input: 454 -> message: 25,37,25,25,6,6,6,6,6,6,6,6,6,6,6,6,6,6,6,6,6,6,6,6,6,6,6,6,6,6 -> output: 454
input: 455 -> message: 31,31,33,30,30,30,30,30,30,30,37,30,25,25,25,25,25,25,25,25,25,25,25,25,25,6,37,25,25,6 -> output: 81
input: 456 -> message: 31,33,30,30,30,37,37,25,25,6,37,6,37,6,6,6,6,6,6,6,6,6,6,6,6,6,6,6,6,6 -> output: 456
input: 457 -> message: 33,33,37,16,37,37,16,37,16,37,16,37,16,37,16,37,16,37,16,37,16,11,37,16,37,16,37,16,37,16 -> output: 457
input: 458 -> message: 33,30,6,6,11,6,16,6,11,6,11,6,11,6,11,6,16,6,11,6,11,6,11,6,11,6,16,6,11,6 -> output: 631
input: 459 -> message: 33,30,11,37,16,11,11,37,6,16,11,16,6,16,11,37,16,11,16,6,16,11,16,6,16,11,11,16,6,16 -> output: 459
input: 460 -> message: 14,30,30,8,31,30,30,30,30,30,30,30,30,30,30,30,30,30,30,30,30,30,30,30,30,30,30,30,30,30 -> output: 460
input: 461 -> message: 31,14,30,30,30,30,30,30,30,30,30,30,30,30,30,30,30,30,30,30,30,30,30,30,30,30,30,30,30,30 -> output: 125
input: 462 -> message: 14,30,30,30,30,6,6,6,6,6,16,6,6,11,16,6,11,6,11,16,6,11,16,6,11,16,6,11,16,6 -> output: 462
input: 463 -> message: 14,30,30,30,30,30,30,25,25,25,25,25,25,25,25,25,25,25,25,25,6,6,6,25,6,6,6,6,25,6 -> output: 463
input: 464 -> message: 14,30,11,6,16,11,37,6,16,11,37,6,16,6,16,6,16,6,11,37,6,16,6,16,6,16,11,37,6,16 -> output: 464
input: 465 -> message: 31,30,37,37,25,6,37,6,37,6,6,37,6,6,37,6,6,37,6,6,37,6,6,37,6,37,6,6,37,6 -> output: 465
input: 466 -> message: 14,30,30,25,25,25,6,6,6,6,6,6,6,6,6,37,6,6,6,6,6,6,6,6,6,6,6,6,6,6 -> output: 466
input: 467 -> message: 30,30,30,30,30,30,30,30,6,30,6,25,25,25,25,6,6,25,6,6,6,6,6,6,6,6,6,6,6,6 -> output: 467
input: 468 -> message: 33,30,30,30,30,37,30,25,25,25,6,37,25,6,6,37,6,6,37,6,6,6,6,6,6,6,6,6,6,6 -> output: 429
input: 469 -> message: 14,30,30,30,30,30,16,30,30,30,16,30,30,16,30,30,16,30,30,30,16,30,30,16,30,30,30,16,30,30 -> output: 469
input: 470 -> message: 31,30,37,37,37,37,6,37,6,37,6,37,6,37,6,37,6,37,37,6,37,37,6,37,6,37,37,6,37,6 -> output: 470
input: 471 -> message: 33,33,33,30,30,30,25,25,25,25,25,25,25,6,25,6,6,6,6,6,6,6,6,6,6,6,6,6,6,6 -> output: 471
input: 472 -> message: 14,37,37,16,37,37,16,37,6,16,37,6,16,37,6,16,37,6,16,37,6,16,37,6,16,37,6,16,37,6 -> output: 138
input: 473 -> message: 14,30,30,6,11,6,11,16,11,6,11,6,16,6,11,6,16,6,11,6,16,6,11,6,16,6,11,6,16,11 -> output: 473
input: 474 -> message: 14,30,30,30,30,6,25,25,25,25,25,25,25,25,6,6,6,6,6,6,6,6,6,6,6,6,6,6,6,6 -> output: 474
input: 475 -> message: 31,30,30,6,6,6,6,6,6,6,6,6,6,6,6,6,6,6,6,6,6,6,6,6,6,6,6,6,6,6 -> output: 334
input: 476 -> message: 33,33,33,33,33,6,6,11,6,11,6,11,6,16,6,11,6,11,6,11,6,11,6,11,6,16,6,11,6,11 -> output: 476
input: 477 -> message: 33,37,25,25,6,37,6,6,37,6,6,6,37,6,6,37,6,6,6,37,6,6,37,6,6,37,6,6,37,6 -> output: 477
input: 478 -> message: 25,6,16,11,6,16,6,11,6,16,6,11,6,16,6,11,6,16,6,11,6,16,6,11,6,16,6,11,6,16 -> output: 87
input: 479 -> message: 31,31,31,33,33,30,30,30,30,30,30,30,30,30,30,30,30,30,25,25,25,25,25,25,25,25,25,25,25,25 -> output: 840
input: 480 -> message: 25,25,25,6,6,6,6,6,6,6,6,6,6,6,6,6,6,6,6,6,6,6,6,6,6,33,6,6,33,6 -> output: 50
input: 481 -> message: 33,30,30,30,30,30,37,16,37,16,37,16,37,16,37,16,37,16,37,16,37,16,37,16,37,16,37,16,37,16 -> output: 355
input: 482 -> message: 33,37,6,37,6,37,6,6,37,6,6,37,6,6,37,6,6,6,37,6,6,37,6,37,6,37,6,37,6,37 -> output: 482
input: 483 -> message: 33,33,30,37,37,25,6,37,6,37,6,6,37,6,37,6,37,6,37,6,37,6,37,6,16,6,37,6,16,6 -> output: 483
input: 484 -> message: 14,16,8,31,8,31,30,30,30,30,30,30,30,30,30,30,30,30,30,30,30,30,30,30,30,30,30,30,30,30 -> output: 484
input: 485 -> message: 30,37,37,25,6,37,6,6,6,6,6,37,6,6,6,6,6,37,6,6,6,6,37,6,6,6,37,6,6,37 -> output: 485
input: 486 -> message: 31,30,37,25,25,6,37,6,6,6,6,6,6,6,6,37,6,6,6,6,6,37,6,6,6,6,6,37,6,6 -> output: 486
input: 487 -> message: 33,30,30,37,25,37,25,6,37,6,37,6,37,6,37,6,37,6,37,6,37,6,37,6,37,6,37,6,37,6 -> output: 487
input: 488 -> message: 14,30,6,6,6,6,6,6,6,6,6,6,6,6,6,6,6,6,6,6,6,6,6,6,6,6,6,6,6,6 -> output: 488
input: 489 -> message: 14,30,30,30,30,25,25,25,25,25,6,37,25,25,6,6,6,6,6,6,6,6,6,6,6,6,6,6,37,6 -> output: 348
input: 490 -> message: 33,31,33,33,33,33,30,30,6,25,6,6,6,6,6,6,6,6,6,6,6,6,6,6,6,6,6,6,6,6 -> output: 490
input: 491 -> message: 31,30,30,30,30,37,16,37,16,37,37,16,37,16,11,37,16,37,16,11,16,37,16,37,16,11,16,37,16,11 -> output: 491
input: 492 -> message: 14,30,30,30,25,25,25,25,6,6,6,6,6,6,6,6,6,6,6,6,6,6,6,6,6,6,6,6,6,6 -> output: 492
input: 493 -> message: 31,30,6,11,6,16,11,6,11,6,16,11,6,16,6,11,6,16,6,11,6,16,6,11,6,16,6,11,6,16 -> output: 493
input: 494 -> message: 14,6,6,37,6,16,6,6,11,6,16,6,6,16,6,11,6,16,6,6,16,6,11,6,16,6,6,16,6,11 -> output: 517
input: 495 -> message: 33,16,11,37,16,11,16,37,16,11,16,37,16,11,16,37,16,11,16,37,16,11,16,37,16,16,11,16,37,16 -> output: 495
input: 496 -> message: 31,31,30,30,30,30,37,25,25,25,37,25,25,25,6,37,25,25,6,37,6,37,25,25,6,37,6,37,25,25 -> output: 496
input: 497 -> message: 33,33,33,25,25,6,6,6,6,6,6,6,6,6,6,6,6,6,6,6,6,6,33,6,6,33,6,6,33,6 -> output: 887
input: 498 -> message: 14,30,30,30,30,16,30,30,30,16,30,30,16,30,30,16,30,30,16,30,30,16,30,30,16,30,30,16,30,16 -> output: 469
input: 499 -> message: 31,14,30,30,30,16,37,6,16,37,6,16,11,37,16,11,16,11,37,16,11,16,11,37,16,11,16,11,16,37 -> output: 499
input: 500 -> message: 14,30,30,25,25,25,25,25,25,6,6,6,6,6,6,6,6,6,6,6,6,6,6,6,6,6,6,6,6,6 -> output: 500
input: 501 -> message: 30,11,6,16,11,37,6,16,6,16,11,37,6,16,6,16,6,16,11,37,6,16,11,37,6,16,6,16,6,16 -> output: 501
input: 502 -> message: 30,30,30,16,30,16,30,16,30,16,30,16,30,16,37,16,37,16,11,16,37,16,11,16,37,16,11,16,37,16 -> output: 502
input: 503 -> message: 31,31,30,30,30,30,30,30,6,16,6,16,37,6,16,37,6,16,11,37,6,16,11,37,6,16,11,37,16,11 -> output: 503
input: 504 -> message: 31,14,30,30,30,37,16,37,16,37,16,37,16,37,16,37,16,37,16,37,16,37,16,37,16,37,16,37,16,37 -> output: 414
input: 505 -> message: 31,33,6,6,16,11,6,16,6,11,6,16,6,11,6,16,6,11,6,16,6,11,6,16,6,11,6,16,6,11 -> output: 505
input: 506 -> message: 31,31,33,30,30,30,30,30,30,30,37,30,37,25,25,25,6,37,25,25,6,37,25,6,37,6,37,25,6,37 -> output: 506
input: 507 -> message: 14,16,11,16,11,16,11,16,11,16,11,16,11,16,11,16,11,16,11,16,11,16,11,16,11,16,11,37,16,11 -> output: 260
input: 508 -> message: 33,33,33,33,25,25,25,6,25,6,6,6,6,6,6,6,6,6,6,6,6,6,6,6,6,6,6,6,6,6 -> output: 508
input: 509 -> message: 31,30,30,37,37,6,6,6,6,6,37,6,6,6,37,6,6,37,6,6,37,6,6,37,6,6,16,6,6,37 -> output: 509
input: 510 -> message: 31,33,33,33,33,33,33,33,33,33,33,33,33,37,6,6,37,6,37,6,11,37,6,16,11,37,6,16,6,11 -> output: 510
input: 511 -> message: 31,33,30,30,30,30,30,37,37,25,6,37,6,37,6,6,6,6,6,6,37,6,6,6,6,6,37,6,6,6 -> output: 511
input: 512 -> message: 31,33,30,30,30,30,30,30,30,37,30,37,25,37,25,25,6,37,37,25,6,37,6,37,6,37,6,37,6,37 -> output: 127
input: 513 -> message: 31,33,33,33,30,6,6,6,6,6,37,6,6,37,6,16,6,6,16,6,6,16,6,6,16,6,37,6,16,6 -> output: 513
input: 514 -> message: 33,33,30,30,37,37,25,6,37,6,37,6,6,6,6,6,6,6,6,6,6,6,37,6,6,6,6,6,6,6 -> output: 422
input: 515 -> message: 14,14,33,33,33,30,30,30,30,30,25,25,25,25,25,25,25,25,25,25,25,25,25,6,25,6,6,6,6,6 -> output: 515
input: 516 -> message: 33,30,30,30,30,30,30,30,6,25,25,25,25,25,6,25,6,6,6,6,6,6,6,6,6,6,6,6,6,6 -> output: 516
input: 517 -> message: 14,6,6,6,11,6,16,6,6,11,6,16,6,6,11,6,16,6,11,6,16,6,11,6,16,6,11,6,16,6 -> output: 517
input: 518 -> message: 33,33,30,30,30,37,37,6,37,6,37,6,16,37,6,16,37,6,16,37,6,16,37,6,16,11,37,16,11,37 -> output: 518
input: 519 -> message: 31,30,30,37,25,6,6,37,6,6,6,6,6,37,6,6,6,37,6,6,6,6,37,6,6,6,6,37,6,6 -> output: 519
input: 520 -> message: 33,37,25,25,6,6,6,6,6,6,6,6,6,6,6,6,6,6,6,6,6,6,6,6,6,6,6,6,6,6 -> output: 785
input: 521 -> message: 6,6,6,6,16,6,6,16,6,11,6,16,6,16,6,16,6,16,6,16,6,16,6,11,6,16,6,16,6,16 -> output: 521
input: 522 -> message: 33,33,30,30,30,30,30,25,25,25,25,25,25,25,25,25,25,25,25,25,25,6,25,6,6,25,6,6,6,6 -> output: 522
input: 523 -> message: 33,30,30,30,30,30,37,30,37,25,25,37,25,25,37,25,6,37,25,6,37,37,25,6,37,37,25,6,37,37 -> output: 523
input: 524 -> message: 33,30,30,30,30,25,25,25,25,25,6,25,6,6,6,6,6,6,6,6,6,6,6,6,6,6,6,6,6,6 -> output: 524
input: 525 -> message: 33,30,30,30,30,30,25,25,25,25,25,25,25,25,25,25,25,25,6,6,25,6,6,25,6,6,6,6,6,6 -> output: 100
input: 526 -> message: 31,37,6,37,6,37,6,16,6,37,6,16,6,16,37,6,16,6,16,37,6,16,6,16,37,6,16,6,16,6 -> output: 526
input: 527 -> message: 33,30,30,16,30,16,37,16,37,16,37,16,16,37,16,11,16,37,16,16,37,16,11,16,37,16,16,37,16,37 -> output: 527
input: 528 -> message: 33,33,30,6,6,37,6,6,37,6,16,6,37,6,16,6,6,16,6,16,6,16,6,16,6,6,16,6,16,6 -> output: 528
input: 529 -> message: 33,30,16,11,37,16,11,11,16,11,37,16,11,37,16,11,16,6,16,6,16,11,37,16,11,16,6,16,11,16 -> output: 835
input: 530 -> message: 31,30,25,25,25,25,25,25,25,25,25,25,6,25,6,25,6,25,6,6,6,25,6,6,6,25,6,6,6,25 -> output: 530
input: 531 -> message: 33,37,6,37,6,37,6,37,6,16,37,6,16,6,37,6,16,6,37,6,16,6,16,6,37,6,16,6,16,6 -> output: 531
input: 532 -> message: 33,33,30,37,37,25,37,6,37,6,37,6,37,6,37,6,37,6,37,6,37,6,37,6,37,6,37,6,37,6 -> output: 532
input: 533 -> message: 14,6,6,6,6,6,6,6,6,6,6,6,6,6,6,6,6,6,6,6,6,6,6,6,6,6,6,6,6,6 -> output: 533
input: 534 -> message: 25,6,6,16,6,11,6,11,6,16,6,11,6,16,6,11,6,16,6,11,6,16,6,11,6,16,6,11,6,16 -> output: 134
input: 535 -> message: 33,30,6,6,6,11,6,6,16,6,11,6,6,11,6,6,11,6,16,6,11,6,11,6,16,6,11,6,11,6 -> output: 631
input: 536 -> message: 14,30,30,30,30,30,30,6,25,25,25,25,25,25,25,25,6,37,25,25,6,6,37,6,37,25,6,37,14,14 -> output: 536
input: 537 -> message: 30,30,37,37,25,6,37,6,37,6,37,6,37,6,37,6,37,6,37,6,37,6,37,6,37,6,37,6,37,6 -> output: 537
input: 538 -> message: 30,16,16,37,16,37,16,37,16,37,16,37,16,37,16,37,16,37,16,37,16,37,16,37,16,37,16,37,16,37 -> output: 538
input: 539 -> message: 14,30,25,25,25,25,6,6,6,6,6,6,6,6,6,6,6,6,6,6,6,6,6,6,6,6,6,6,6,6 -> output: 539
input: 540 -> message: 14,31,25,25,25,25,25,25,25,25,25,25,25,25,6,25,6,25,6,25,6,25,6,6,25,6,25,6,6,25 -> output: 540
input: 541 -> message: 31,31,33,33,33,33,30,30,30,30,30,30,30,30,30,37,25,25,25,25,25,6,37,25,25,25,6,37,25,25 -> output: 353
input: 542 -> message: 14,33,30,30,30,30,30,25,25,25,25,25,25,25,25,25,25,6,25,6,6,6,6,6,6,6,6,6,6,6 -> output: 542
input: 543 -> message: 31,31,33,37,6,6,16,6,6,16,6,37,6,16,6,11,6,16,6,11,6,16,6,11,6,16,6,11,6,16 -> output: 543
input: 544 -> message: 14,30,30,30,16,37,16,37,16,37,16,11,16,37,16,11,16,37,16,37,16,11,16,37,16,16,37,16,37,16 -> output: 544
input: 545 -> message: 31,30,30,25,25,25,25,25,25,25,6,6,6,6,6,6,6,6,6,6,6,6,6,6,6,6,6,6,6,6 -> output: 205
input: 546 -> message: 14,31,25,25,25,6,6,6,6,6,6,6,6,6,6,6,6,6,6,6,6,6,6,6,6,6,6,6,6,6 -> output: 546
input: 547 -> message: 33,6,6,6,6,6,6,6,6,6,6,6,6,6,6,6,6,6,6,6,6,6,6,6,6,6,6,6,6,6 -> output: 547
input: 548 -> message: 31,31,33,30,16,37,6,16,11,37,6,16,11,16,6,16,11,37,16,11,16,6,16,11,37,16,11,16,6,16 -> output: 548
input: 549 -> message: 33,33,30,30,30,30,30,30,30,37,30,6,37,25,25,25,6,37,25,6,37,25,6,37,6,37,6,37,6,37 -> output: 549
input: 550 -> message: 31,31,31,31,25,25,25,37,25,37,25,37,25,6,37,25,6,37,6,37,25,6,37,6,37,6,37,6,37,25 -> output: 550
input: 551 -> message: 30,30,6,6,6,6,6,6,6,6,6,6,6,16,6,6,6,6,6,6,6,6,6,16,6,6,11,6,6,16 -> output: 551
input: 552 -> message: 14,30,37,37,16,37,16,37,16,37,16,37,16,11,37,16,37,16,37,16,37,16,37,16,37,16,37,16,37,16 -> output: 552
input: 553 -> message: 14,33,30,30,25,25,25,25,25,25,25,25,25,25,25,25,25,25,25,25,25,6,25,25,6,25,25,6,25,6 -> output: 553
input: 554 -> message: 33,33,33,33,33,33,6,6,37,6,16,6,11,6,16,6,11,6,16,6,11,6,16,6,11,6,16,6,11,6 -> output: 554
input: 555 -> message: 33,31,31,33,33,30,30,30,30,30,30,30,30,30,25,25,25,25,25,25,25,25,25,25,25,25,25,25,25,6 -> output: 555
input: 556 -> message: 33,30,30,6,6,6,11,6,11,6,16,6,6,11,6,16,6,6,11,6,16,6,6,11,6,16,6,11,6,16 -> output: 227
input: 557 -> message: 31,31,33,33,30,30,30,25,25,25,25,25,25,25,25,25,6,6,6,6,6,6,6,6,6,6,6,6,6,6 -> output: 557
input: 558 -> message: 33,16,37,16,16,37,16,37,16,16,37,16,37,16,37,16,37,16,37,16,37,16,37,16,37,16,37,16,37,16 -> output: 558
input: 559 -> message: 14,11,16,11,37,6,16,6,16,6,16,6,11,37,6,16,6,16,6,11,16,6,11,16,6,11,16,6,11,16 -> output: 596
input: 560 -> message: 14,37,6,6,6,6,6,6,6,6,6,6,6,6,6,6,6,6,6,6,6,6,6,6,6,6,6,6,37,6 -> output: 352
input: 561 -> message: 16,8,31,30,30,8,31,30,30,30,30,30,30,30,30,30,30,30,30,30,30,30,30,30,30,30,30,30,30,30 -> output: 561
input: 562 -> message: 33,30,37,6,37,6,16,37,6,16,37,6,16,37,6,16,37,6,16,11,37,16,11,37,16,11,37,16,11,37 -> output: 562
input: 563 -> message: 33,30,30,37,25,6,37,6,37,25,6,37,6,6,37,6,6,6,37,6,6,6,6,6,37,6,6,6,37,6 -> output: 753
input: 564 -> message: 31,14,37,25,6,6,6,6,6,6,37,6,6,6,6,6,6,6,6,6,6,6,6,6,37,6,6,6,6,6 -> output: 564
input: 565 -> message: 31,30,30,6,25,6,6,6,6,6,6,6,6,6,6,6,6,6,6,6,6,6,6,6,6,6,6,6,6,6 -> output: 763
input: 566 -> message: 31,30,30,30,6,37,6,16,11,37,6,16,11,37,6,16,11,37,6,16,37,6,16,37,6,16,11,37,16,11 -> output: 566
input: 567 -> message: 33,30,30,6,11,6,11,11,11,16,11,6,11,6,11,6,11,6,11,6,11,6,11,6,16,6,11,11,6,11 -> output: 567
input: 568 -> message: 33,30,11,16,11,11,16,11,37,6,16,11,16,11,6,16,11,16,6,16,11,16,6,16,11,16,6,11,16,6 -> output: 568
input: 569 -> message: 14,30,30,30,30,30,30,30,37,25,25,25,25,25,25,6,37,25,25,6,6,37,6,6,37,25,6,6,6,6 -> output: 569
input: 570 -> message: 33,37,25,25,6,6,6,37,6,6,6,6,6,37,6,6,6,37,6,6,6,6,37,6,6,6,37,6,6,6 -> output: 700
input: 571 -> message: 14,30,30,30,6,25,25,6,6,6,6,6,6,6,6,6,6,6,6,6,6,6,6,6,6,6,6,6,6,6 -> output: 571
input: 572 -> message: 33,33,33,33,33,30,30,6,25,6,6,6,37,25,6,6,6,6,6,6,6,6,6,6,6,6,6,6,6,6 -> output: 965
input: 573 -> message: 31,33,30,30,30,37,37,16,37,16,11,37,16,11,37,16,11,16,37,16,11,16,37,16,11,16,37,16,11,16 -> output: 709
input: 574 -> message: 31,33,33,33,33,30,30,33,30,25,25,25,25,6,25,6,25,6,6,6,6,6,6,6,6,6,6,6,6,6 -> output: 574
input: 575 -> message: 33,37,6,6,6,37,6,6,16,6,6,16,6,6,11,6,16,6,6,16,6,6,16,6,6,16,6,6,16,6 -> output: 575
input: 576 -> message: 14,30,6,6,6,6,6,6,6,6,6,6,6,6,6,6,16,37,6,6,6,6,16,6,6,6,6,16,6,6 -> output: 576
input: 577 -> message: 33,30,30,30,6,6,16,6,11,6,16,11,6,11,6,16,6,11,6,16,6,11,6,16,6,11,16,6,11,16 -> output: 589
input: 578 -> message: 33,33,33,37,37,37,37,37,37,37,37,37,6,16,37,6,16,37,6,16,37,6,16,37,6,16,37,6,16,37 -> output: 578
input: 579 -> message: 33,31,33,33,33,25,25,25,25,25,25,6,6,6,6,6,6,6,6,6,6,6,6,6,6,6,6,6,6,6 -> output: 579
input: 580 -> message: 33,30,30,30,30,30,30,30,30,37,30,37,25,25,6,37,25,25,6,37,25,6,37,6,37,6,6,37,6,37 -> output: 191
input: 581 -> message: 33,33,30,30,16,30,16,30,16,30,16,30,16,30,16,30,16,30,30,16,30,16,30,16,30,16,30,16,30,16 -> output: 581
input: 582 -> message: 33,30,30,6,6,16,6,37,6,16,11,37,6,16,11,37,6,16,6,16,6,16,6,16,6,16,6,16,6,16 -> output: 741
input: 583 -> message: 16,11,16,37,16,11,16,11,16,37,16,11,16,11,16,11,16,11,16,11,16,11,16,11,16,11,16,11,16,11 -> output: 583
input: 584 -> message: 14,30,30,30,37,37,25,6,37,6,37,6,37,6,37,6,37,6,37,6,37,6,37,6,37,6,37,6,37,6 -> output: 584
input: 585 -> message: 31,33,33,33,30,37,37,37,37,16,37,37,16,37,6,16,37,6,16,37,6,16,37,6,16,37,6,16,37,6 -> output: 585
input: 586 -> message: 33,11,16,11,6,16,6,11,6,16,6,11,6,16,6,11,6,16,6,11,6,16,6,11,6,16,6,11,6,16 -> output: 586
input: 587 -> message: 14,30,30,25,25,25,25,25,6,6,6,6,6,6,6,6,6,6,6,6,6,6,6,6,6,6,6,6,6,6 -> output: 587
input: 588 -> message: 33,30,30,37,6,6,6,37,6,6,37,6,6,37,6,16,6,37,6,16,6,37,6,16,6,37,6,16,6,37 -> output: 588
input: 589 -> message: 33,30,30,30,6,6,6,11,6,16,6,11,6,16,6,11,6,16,6,6,16,6,11,6,16,6,11,6,16,6 -> output: 589
input: 590 -> message: 30,30,16,11,37,16,11,37,16,11,37,16,11,16,37,16,11,16,37,16,11,16,37,16,11,16,37,16,11,16 -> output: 394
input: 591 -> message: 31,14,25,6,37,6,6,37,6,6,6,37,6,6,6,37,6,6,6,37,6,6,6,37,6,6,6,37,6,6 -> output: 591
input: 592 -> message: 10,14,33,30,30,30,30,30,30,30,30,30,30,30,37,30,25,25,25,25,25,25,25,25,25,25,25,25,37,25 -> output: 592
input: 593 -> message: 14,33,33,25,25,25,25,25,25,25,25,25,6,25,6,25,6,6,6,25,6,6,6,6,25,6,6,6,6,6 -> output: 425
input: 594 -> message: 14,30,30,30,30,30,30,30,6,25,25,25,25,25,25,25,25,25,25,25,6,6,6,6,6,6,6,6,6,6 -> output: 594
input: 595 -> message: 14,30,6,11,11,16,11,11,6,11,11,6,11,11,6,11,11,6,16,11,6,11,11,6,11,11,6,11,6,16 -> output: 595
input: 596 -> message: 14,11,37,6,16,11,37,6,16,6,16,6,16,6,16,11,37,6,16,6,16,11,37,6,16,6,16,6,16,11 -> output: 596
input: 597 -> message: 31,33,33,30,30,30,30,30,30,30,30,30,25,25,25,25,25,25,25,25,25,25,25,25,25,25,25,25,25,25 -> output: 597
input: 598 -> message: 33,33,6,37,6,6,6,16,6,6,11,6,16,6,6,16,6,11,6,16,6,11,6,16,6,11,6,16,6,11 -> output: 598
input: 599 -> message: 14,30,30,30,30,30,30,30,30,30,30,25,30,25,25,25,25,25,25,25,25,25,25,25,25,6,37,25,25,6 -> output: 599
input: 600 -> message: 31,16,11,16,37,16,11,16,11,16,11,16,16,11,16,37,16,11,16,11,16,11,16,11,16,11,16,11,16,11 -> output: 600
input: 601 -> message: 33,11,16,11,6,16,6,11,16,6,11,16,6,11,16,6,11,16,6,11,16,6,11,16,6,11,16,6,11,16 -> output: 586
input: 602 -> message: 31,30,30,30,30,30,30,30,30,30,30,30,30,30,30,30,30,30,30,30,30,30,30,30,30,30,30,30,30,30 -> output: 313
input: 603 -> message: 31,33,30,30,25,25,25,25,6,6,6,6,6,6,6,6,6,6,6,6,6,6,6,6,6,6,6,6,6,6 -> output: 603
input: 604 -> message: 33,30,30,6,25,6,6,6,6,6,6,6,6,6,6,6,6,6,6,6,6,6,6,6,6,6,6,6,6,6 -> output: 760
input: 605 -> message: 31,14,33,30,30,30,30,30,30,30,30,30,30,30,30,30,30,30,30,30,30,30,30,30,30,37,30,6,37,25 -> output: 95
input: 606 -> message: 33,33,33,6,16,11,6,16,6,11,6,16,6,11,6,16,6,11,6,16,6,11,6,16,6,11,6,16,6,11 -> output: 606
input: 607 -> message: 14,33,33,30,30,30,30,30,30,6,25,25,25,25,25,25,25,25,25,25,6,6,6,6,6,6,6,6,6,6 -> output: 607
input: 608 -> message: 33,30,30,6,37,25,6,6,6,6,6,6,6,6,6,6,6,6,6,6,37,6,6,6,6,6,6,6,6,37 -> output: 608
input: 609 -> message: 25,6,16,11,37,6,16,6,16,6,16,11,37,6,16,11,37,6,16,11,16,6,16,6,16,6,16,6,16,6 -> output: 609
input: 610 -> message: 33,30,30,16,30,16,30,16,37,16,37,16,37,16,37,16,16,37,16,16,37,16,37,16,37,16,16,37,16,37 -> output: 610
input: 611 -> message: 14,33,25,25,6,37,25,6,6,6,6,37,6,6,37,6,6,37,25,6,37,6,6,6,6,6,37,6,6,37 -> output: 611
input: 612 -> message: 31,33,30,30,30,25,25,25,25,25,6,6,6,6,6,6,6,6,6,6,6,6,6,6,6,6,6,6,6,6 -> output: 603
input: 613 -> message: 33,33,33,33,33,33,6,6,25,6,6,6,6,6,6,6,6,6,6,6,6,6,6,6,6,6,6,6,6,6 -> output: 613
input: 614 -> message: 14,14,33,30,30,30,30,30,30,30,25,25,25,25,25,25,25,25,25,25,25,25,25,25,25,6,6,6,25,6 -> output: 614
input: 615 -> message: 33,6,6,6,6,6,6,6,6,6,6,6,6,6,16,6,6,6,6,6,6,6,16,6,6,6,6,11,6,16 -> output: 547
input: 616 -> message: 31,33,33,33,30,30,30,37,37,37,25,6,37,6,37,6,37,6,37,6,37,6,37,6,37,6,37,6,37,6 -> output: 616
input: 617 -> message: 33,6,11,6,16,6,11,6,16,6,11,6,16,6,11,6,16,6,11,6,16,6,11,6,16,6,11,6,16,6 -> output: 340
input: 618 -> message: 31,30,30,30,6,6,6,6,6,6,6,6,6,6,6,6,6,6,6,6,6,6,37,6,6,6,37,6,6,6 -> output: 618
input: 619 -> message: 31,14,30,30,30,37,30,37,25,6,37,37,25,6,37,6,37,6,37,6,37,6,37,6,37,6,37,6,37,6 -> output: 436
input: 620 -> message: 33,30,30,30,37,16,11,37,16,11,37,16,11,37,16,11,11,16,11,37,16,11,16,11,16,11,16,11,16,11 -> output: 392
input: 621 -> message: 33,6,25,6,6,6,6,6,6,6,6,6,6,6,6,6,6,6,6,6,6,6,33,6,6,6,6,33,6,6 -> output: 621
input: 622 -> message: 14,30,16,30,16,37,16,37,16,37,16,16,37,16,37,16,37,16,37,16,37,16,37,16,37,16,37,16,37,16 -> output: 622
input: 623 -> message: 37,6,37,6,37,6,37,6,37,6,37,6,6,6,37,6,37,6,37,6,37,6,37,6,37,6,37,6,37,6 -> output: 623
input: 624 -> message: 14,30,6,6,6,6,6,37,6,6,6,6,6,6,6,6,6,6,6,6,6,6,6,6,6,6,6,6,6,6 -> output: 576
input: 625 -> message: 33,6,6,6,6,6,6,16,6,11,6,6,6,16,6,11,6,11,6,6,16,6,11,6,11,6,16,6,11,6 -> output: 625
input: 626 -> message: 16,16,37,16,11,16,11,16,11,16,37,16,11,16,11,16,11,16,37,16,11,16,37,16,16,11,16,11,16,11 -> output: 626
input: 627 -> message: 14,6,6,6,6,6,6,6,6,6,6,6,6,6,6,6,6,6,6,6,6,6,6,6,6,6,6,6,6,6 -> output: 533
input: 628 -> message: 12,31,14,30,30,30,30,30,30,30,30,30,30,30,30,30,30,30,30,30,30,30,30,30,30,30,30,30,30,30 -> output: 628
input: 629 -> message: 31,31,30,30,30,30,37,25,25,25,25,6,25,6,6,6,6,6,6,6,6,6,6,6,6,6,6,6,6,6 -> output: 629
input: 630 -> message: 31,30,30,37,6,37,6,16,11,37,6,16,11,37,6,16,11,37,16,11,6,16,6,16,11,37,6,16,11,16 -> output: 630
input: 631 -> message: 33,30,6,6,11,11,6,16,6,11,6,11,6,11,6,11,6,11,6,11,6,11,6,11,6,11,6,11,6,11 -> output: 631
input: 632 -> message: 14,14,6,6,6,6,6,6,6,6,6,6,11,6,11,6,11,6,11,6,11,6,11,6,11,6,11,6,11,6 -> output: 632
input: 633 -> message: 33,14,33,30,30,30,30,30,30,30,30,30,30,30,25,25,25,25,25,25,25,25,25,25,25,25,25,25,25,25 -> output: 633
input: 634 -> message: 14,6,6,6,6,6,6,6,6,6,6,6,6,6,6,6,6,6,6,6,6,6,6,6,11,6,6,6,11,6 -> output: 533
input: 635 -> message: 31,31,33,30,30,30,30,37,37,25,37,25,6,37,6,37,6,37,6,37,6,37,6,37,6,37,6,37,6,37 -> output: 192
input: 636 -> message: 33,30,30,30,30,37,37,16,37,16,37,16,37,16,37,16,37,16,37,16,37,16,37,16,37,16,37,16,37,16 -> output: 636
input: 637 -> message: 33,30,30,30,30,25,25,25,25,25,25,25,25,6,6,6,6,6,6,6,6,6,6,6,6,6,6,6,6,6 -> output: 637
input: 638 -> message: 33,33,6,25,6,6,6,6,6,6,6,6,6,6,6,6,6,33,6,6,33,6,6,33,6,6,33,6,6,33 -> output: 947
input: 639 -> message: 31,31,33,33,30,30,37,25,6,37,25,6,6,6,6,6,6,6,6,6,6,6,6,6,6,6,6,6,6,6 -> output: 30
input: 640 -> message: 33,33,30,30,30,6,6,6,6,6,6,6,6,6,6,6,6,6,6,6,6,6,6,6,6,6,6,6,6,6 -> output: 640
input: 641 -> message: 31,31,14,33,33,33,33,30,30,30,30,30,30,30,30,30,30,30,30,30,25,25,25,25,25,25,25,25,25,25 -> output: 73
input: 642 -> message: 31,30,30,6,6,6,6,6,6,6,16,6,6,6,16,6,6,16,6,6,16,6,6,16,6,6,16,6,6,11 -> output: 642
input: 643 -> message: 33,30,30,30,6,6,6,6,6,6,6,6,6,6,6,6,6,6,6,6,6,6,6,6,6,6,6,6,6,6 -> output: 643
input: 644 -> message: 33,33,33,33,30,30,30,30,6,25,25,6,6,6,6,6,6,6,6,6,6,6,6,6,6,6,6,6,6,6 -> output: 644
input: 645 -> message: 31,33,33,33,30,6,6,6,6,6,6,11,6,37,6,6,16,6,6,16,6,6,6,16,6,6,11,6,16,6 -> output: 513
input: 646 -> message: 14,33,30,30,30,30,30,25,25,25,25,25,25,25,25,25,25,25,25,25,25,25,25,25,6,25,6,25,6,25 -> output: 646
input: 647 -> message: 33,30,6,6,6,37,6,16,6,6,16,6,6,16,6,6,16,6,6,16,6,6,16,6,6,16,6,6,16,6 -> output: 647
input: 648 -> message: 33,30,30,30,30,25,25,25,25,25,25,25,25,25,6,6,6,6,6,6,6,6,6,6,6,6,6,6,6,6 -> output: 637
input: 649 -> message: 25,25,6,6,6,6,6,6,6,6,6,33,6,6,6,33,6,6,6,33,6,6,33,6,6,33,6,6,6,6 -> output: 724
input: 650 -> message: 31,30,30,30,30,30,37,25,37,25,25,25,6,37,25,25,6,37,6,37,25,25,6,37,6,37,25,25,6,37 -> output: 109
input: 651 -> message: 31,33,33,33,33,33,33,25,6,6,6,6,6,6,6,6,6,11,6,6,6,6,6,6,6,6,6,6,6,16 -> output: 651
input: 652 -> message: 33,30,25,6,6,6,6,6,6,6,6,6,6,6,6,6,6,6,6,6,6,6,6,6,6,6,6,6,33,6 -> output: 701
input: 653 -> message: 33,33,37,6,37,6,16,6,37,6,16,6,16,6,16,6,16,6,16,6,16,6,16,6,16,6,16,6,16,6 -> output: 653
input: 654 -> message: 30,16,37,16,37,16,37,16,37,16,37,16,37,16,37,16,37,16,37,16,37,16,37,16,37,16,37,16,37,16 -> output: 654
input: 655 -> message: 31,33,33,30,30,30,30,30,30,30,25,25,25,25,25,25,25,25,25,25,25,25,25,25,6,6,6,6,6,6 -> output: 655
input: 656 -> message: 33,30,37,25,6,6,6,6,6,6,6,6,6,6,6,6,6,6,6,6,6,37,6,6,6,6,6,6,6,6 -> output: 652
input: 657 -> message: 14,16,11,16,11,37,16,11,16,11,16,11,16,6,16,11,16,37,6,16,11,16,11,16,6,16,11,16,6,16 -> output: 657
input: 658 -> message: 33,30,30,30,25,25,6,6,6,6,6,6,6,6,6,6,6,6,6,6,6,6,6,6,6,6,6,6,6,6 -> output: 658
input: 659 -> message: 31,33,33,30,37,25,25,6,6,6,6,6,6,6,6,6,6,6,6,6,6,6,6,6,6,6,6,6,33,6 -> output: 659
input: 660 -> message: 33,33,30,30,37,6,16,11,37,6,16,11,16,11,37,16,11,16,11,16,6,16,11,16,6,16,11,37,16,11 -> output: 660
input: 661 -> message: 14,25,6,37,6,6,6,6,6,37,6,6,6,6,6,6,6,6,6,6,6,6,6,6,6,37,6,6,6,6 -> output: 661
input: 662 -> message: 25,33,25,6,6,6,6,6,6,33,6,33,6,33,33,6,33,33,6,33,33,6,16,6,6,11,6,6,16,6 -> output: 51
input: 663 -> message: 31,30,30,37,37,16,37,6,16,37,6,16,11,37,16,11,16,37,6,16,37,16,11,16,37,6,16,37,16,11 -> output: 663
input: 664 -> message: 30,30,30,30,30,6,16,37,6,16,11,37,16,11,37,16,11,37,16,11,37,16,11,37,16,11,16,11,37,16 -> output: 664
input: 665 -> message: 33,30,6,6,11,6,11,6,16,6,11,6,11,6,11,6,11,6,11,6,11,6,11,6,11,6,11,6,11,6 -> output: 631
input: 666 -> message: 31,30,30,30,30,30,30,30,37,30,37,25,37,25,25,25,6,37,25,25,6,37,25,6,37,6,37,25,6,37 -> output: 96
input: 667 -> message: 30,30,11,11,11,11,6,16,11,11,11,11,11,11,11,11,11,11,11,11,11,11,11,11,11,6,11,11,6,11 -> output: 667
input: 668 -> message: 31,30,30,30,30,37,25,37,25,6,37,6,6,37,6,6,37,6,6,37,6,6,37,6,6,6,6,6,6,6 -> output: 410
input: 669 -> message: 14,30,30,30,30,30,30,30,16,37,16,37,16,37,16,37,16,37,16,37,16,37,16,37,16,37,16,37,16,16 -> output: 669
input: 670 -> message: 31,30,37,37,37,16,11,37,16,11,37,16,11,37,16,37,16,11,37,16,37,16,37,6,16,37,6,16,37,16 -> output: 670
input: 671 -> message: 31,31,31,31,31,31,31,30,25,25,25,25,25,25,25,25,25,6,6,6,6,6,6,6,6,6,6,6,6,6 -> output: 6
input: 672 -> message: 33,30,30,6,6,6,6,6,6,6,6,6,6,6,6,6,6,6,6,6,6,6,6,6,6,6,6,6,6,6 -> output: 846
input: 673 -> message: 14,30,30,30,30,30,30,25,25,25,25,25,25,25,25,25,25,25,25,25,25,25,6,25,6,6,25,6,6,25 -> output: 673
input: 674 -> message: 33,33,33,30,30,30,30,30,30,30,30,37,30,25,25,25,25,25,25,25,25,25,25,25,25,25,25,6,37,25 -> output: 387
input: 675 -> message: 14,33,30,30,30,30,37,25,25,25,25,25,6,37,25,25,6,37,6,6,37,25,25,6,37,6,37,25,25,6 -> output: 675
input: 676 -> message: 14,16,16,11,16,11,37,16,16,11,16,11,16,11,16,11,16,37,16,11,16,11,16,11,16,11,16,37,16,16 -> output: 676
input: 677 -> message: 31,33,33,30,30,6,25,25,25,25,6,25,6,6,6,6,6,6,6,6,6,6,6,6,6,6,6,6,6,6 -> output: 677
input: 678 -> message: 31,30,30,30,30,37,25,25,6,37,6,6,6,6,6,6,6,6,6,6,6,6,6,6,6,6,6,6,6,6 -> output: 396
input: 679 -> message: 31,33,30,30,30,30,30,6,16,37,6,16,37,6,16,11,37,6,16,11,37,16,11,37,16,11,37,16,6,16 -> output: 679
input: 680 -> message: 33,31,30,30,25,25,25,25,25,25,25,25,25,25,25,25,25,25,6,25,25,6,25,6,25,6,25,6,25,6 -> output: 680
input: 681 -> message: 11,6,16,11,6,16,6,11,6,16,6,11,6,16,6,11,6,16,6,11,16,6,11,6,16,6,11,16,6,11 -> output: 94
input: 682 -> message: 16,16,37,16,37,16,37,16,37,16,37,16,37,16,37,16,37,16,37,16,37,16,37,16,37,16,37,16,37,16 -> output: 682
input: 683 -> message: 14,30,16,11,37,16,11,37,16,11,37,16,11,16,37,16,11,16,37,16,11,16,37,16,11,16,37,16,11,16 -> output: 683
input: 684 -> message: 33,33,37,6,37,6,6,16,6,6,16,6,6,16,6,6,16,6,11,6,16,6,6,16,6,11,6,16,6,6 -> output: 684
input: 685 -> message: 33,30,30,30,6,6,6,6,6,6,6,6,6,6,6,6,6,6,6,6,6,6,6,6,6,6,6,6,6,6 -> output: 643
input: 686 -> message: 33,30,30,30,37,25,6,37,6,6,6,6,6,6,6,6,6,37,6,6,6,6,6,6,6,37,6,6,6,6 -> output: 449
input: 687 -> message: 14,30,30,30,30,37,37,6,16,37,6,16,11,37,6,16,11,37,16,37,6,16,37,6,16,37,6,16,11,37 -> output: 687
input: 688 -> message: 31,33,30,37,25,25,6,6,6,6,6,6,6,6,6,6,6,6,6,6,6,6,6,6,6,6,6,6,6,6 -> output: 688
input: 689 -> message: 31,30,30,37,6,6,6,6,6,37,6,6,37,6,6,16,6,6,16,6,37,6,16,6,37,6,16,6,37,6 -> output: 689
input: 690 -> message: 33,33,30,30,30,30,25,25,25,25,6,25,6,6,6,6,6,6,6,6,6,6,6,6,6,6,6,6,6,6 -> output: 362
input: 691 -> message: 14,6,25,25,25,6,25,6,6,6,6,6,6,6,6,6,6,6,6,6,6,6,6,6,6,6,6,6,6,6 -> output: 691
input: 692 -> message: 33,31,33,33,33,33,33,25,25,25,25,25,25,25,25,25,25,6,6,6,6,6,6,6,6,6,6,6,6,6 -> output: 692
input: 693 -> message: 14,30,30,30,30,30,30,30,30,30,30,30,30,30,30,30,30,30,30,30,30,30,30,30,30,30,30,30,30,30 -> output: 124
input: 694 -> message: 31,30,6,37,6,16,11,37,6,16,11,37,6,16,11,37,6,16,11,37,6,16,11,37,6,16,11,37,6,16 -> output: 694
input: 695 -> message: 33,30,37,6,16,37,6,16,11,37,6,16,6,16,6,16,11,37,6,16,6,16,11,37,6,16,6,16,6,16 -> output: 695
input: 696 -> message: 31,30,25,25,25,25,6,6,6,6,6,6,6,6,6,6,6,6,6,6,6,6,6,6,6,6,6,6,6,6 -> output: 330
input: 697 -> message: 31,33,30,30,37,37,37,25,37,25,6,37,37,37,25,37,37,25,37,37,25,37,37,25,6,37,37,37,25,37 -> output: 697
input: 698 -> message: 31,30,30,30,30,6,6,6,6,6,6,6,6,6,6,6,6,6,6,6,6,6,6,6,6,6,6,6,6,6 -> output: 169
input: 699 -> message: 14,33,25,25,25,25,25,25,25,25,25,6,25,6,6,25,6,6,6,6,6,25,6,6,6,6,6,25,6,6 -> output: 412
input: 700 -> message: 33,37,25,6,6,37,6,6,6,6,37,6,6,6,6,37,6,6,6,6,6,37,6,6,6,6,37,6,6,6 -> output: 700
input: 701 -> message: 33,30,6,25,6,6,6,6,6,6,6,6,6,6,6,6,6,6,6,6,6,6,6,6,6,6,6,6,6,6 -> output: 701
input: 702 -> message: 31,33,37,37,6,16,37,6,16,37,6,16,37,6,16,37,6,16,37,6,16,37,6,16,37,6,16,37,6,16 -> output: 702
input: 703 -> message: 14,30,37,25,25,6,37,25,6,37,25,6,37,25,6,37,6,37,25,6,37,25,6,37,25,6,37,6,37,25 -> output: 190
input: 704 -> message: 14,30,30,30,25,25,25,25,25,25,25,6,6,6,6,6,6,6,6,6,6,6,6,6,6,6,6,6,6,6 -> output: 704
input: 705 -> message: 31,6,6,6,37,6,16,6,16,6,16,6,11,6,16,6,16,6,16,6,16,6,16,6,16,6,16,6,16,6 -> output: 705
input: 706 -> message: 31,30,37,37,37,6,37,6,6,37,6,6,37,6,6,37,6,37,6,6,37,6,37,6,6,37,6,37,6,37 -> output: 465
input: 707 -> message: 31,31,31,30,30,30,30,30,30,30,30,30,30,30,30,30,30,37,25,25,25,25,25,25,25,6,37,25,25,25 -> output: 867
input: 708 -> message: 31,33,30,30,37,25,25,6,6,6,6,6,6,6,6,6,6,6,6,6,6,6,6,6,6,6,6,6,6,6 -> output: 342
input: 709 -> message: 31,33,30,30,30,30,37,37,16,37,37,16,37,16,37,16,11,37,16,11,37,16,11,16,37,16,11,37,16,37 -> output: 511
input: 710 -> message: 14,33,33,30,30,30,30,30,30,30,30,30,30,30,30,25,30,25,25,25,25,25,25,25,25,25,25,25,25,25 -> output: 614
input: 711 -> message: 33,37,25,6,37,25,6,37,6,6,6,6,37,6,6,6,37,6,6,6,37,6,6,6,37,6,6,6,37,6 -> output: 700
input: 712 -> message: 33,30,25,25,6,6,6,6,37,6,6,6,6,6,6,37,6,6,6,6,6,37,6,6,6,6,6,37,6,6 -> output: 712
input: 713 -> message: 31,30,37,6,6,37,6,16,11,6,11,6,16,6,11,6,16,6,11,6,16,6,11,6,16,6,11,6,16,6 -> output: 133
input: 714 -> message: 33,30,6,6,6,6,6,6,37,6,6,6,6,6,6,6,6,16,6,6,6,6,16,6,6,6,6,16,6,6 -> output: 959
input: 715 -> message: 31,33,33,30,30,30,25,25,25,25,25,25,6,25,6,6,6,6,6,6,6,6,6,6,6,6,6,6,6,6 -> output: 677
input: 716 -> message: 15,30,16,16,30,16,30,16,30,16,30,16,11,16,11,16,11,16,37,16,16,11,16,37,16,16,11,16,11,16 -> output: 32
input: 717 -> message: 11,16,11,37,16,11,37,16,11,16,6,16,6,16,11,37,16,11,16,6,16,6,16,6,16,6,16,6,16,11 -> output: 717
input: 718 -> message: 14,30,30,6,6,37,6,16,6,37,6,16,6,37,6,16,6,6,16,6,6,16,6,6,16,6,6,16,6,6 -> output: 718
input: 719 -> message: 14,30,30,6,6,6,6,6,6,6,6,6,6,6,6,6,6,6,6,6,6,6,6,6,6,6,6,6,6,6 -> output: 150
input: 720 -> message: 33,30,16,37,16,11,37,16,11,16,37,16,11,16,37,16,11,16,37,16,11,16,37,16,11,16,37,16,11,16 -> output: 720
input: 721 -> message: 31,30,30,30,30,37,25,25,6,37,25,6,37,6,6,6,6,6,6,6,6,6,6,6,6,6,6,6,37,6 -> output: 678
input: 722 -> message: 31,33,30,30,30,37,37,25,37,25,6,37,6,37,6,37,6,37,6,37,6,37,6,37,6,37,6,37,6,37 -> output: 380
input: 723 -> message: 14,30,30,30,30,30,30,30,30,30,30,30,37,30,37,25,25,25,25,37,25,25,25,37,25,25,37,25,25,37 -> output: 723
input: 724 -> message: 25,25,6,6,6,6,6,6,6,6,6,6,6,6,6,6,6,6,6,6,6,6,6,6,6,6,6,6,6,33 -> output: 724
input: 725 -> message: 31,30,11,11,37,16,11,6,16,11,37,6,16,6,16,6,16,6,16,11,6,16,6,16,11,37,6,16,6,16 -> output: 725
input: 726 -> message: 33,31,33,33,33,33,33,6,6,6,6,6,11,6,11,6,11,6,6,16,6,6,16,6,6,11,6,16,6,6 -> output: 613
input: 727 -> message: 14,6,37,6,16,37,6,16,6,16,37,6,16,6,16,11,37,6,16,6,16,6,16,11,37,6,16,6,16,11 -> output: 800
input: 728 -> message: 33,33,30,30,6,37,6,16,11,37,6,16,11,37,6,16,6,16,6,16,6,16,6,16,6,16,6,16,6,16 -> output: 728
input: 729 -> message: 30,6,25,6,6,6,6,6,6,6,6,6,6,6,6,6,6,6,6,6,6,6,6,6,6,6,6,6,6,6 -> output: 729
input: 730 -> message: 33,30,30,37,16,11,37,16,11,37,16,11,37,16,11,37,16,11,16,11,37,16,11,16,37,6,16,11,16,37 -> output: 980
input: 731 -> message: 17,17,14,14,14,30,30,30,30,30,30,30,30,30,30,30,30,30,30,30,30,30,30,30,30,30,30,30,30,30 -> output: 731
input: 732 -> message: 31,33,33,33,16,6,11,16,6,11,11,16,6,11,11,16,6,11,16,6,11,16,6,11,11,16,6,11,16,6 -> output: 732
input: 733 -> message: 33,31,33,33,30,30,25,25,25,25,25,25,25,25,25,25,25,25,25,25,6,25,6,6,6,25,6,6,6,6 -> output: 733
input: 734 -> message: 14,30,6,6,6,6,6,6,6,6,6,6,6,6,6,6,6,6,6,6,6,6,6,6,6,6,6,6,6,6 -> output: 488
input: 735 -> message: 31,33,30,37,37,6,37,6,6,37,6,6,6,37,6,37,6,37,6,6,16,6,6,16,6,37,6,16,6,37 -> output: 735
input: 736 -> message: 33,33,30,37,25,6,6,37,6,6,6,37,6,6,6,6,37,6,6,6,37,6,6,37,6,37,6,37,6,37 -> output: 483
input: 737 -> message: 31,30,30,16,11,11,16,11,11,16,11,11,16,11,11,16,11,11,16,6,11,16,6,11,16,6,11,16,11,11 -> output: 737
input: 738 -> message: 31,30,30,6,6,6,11,11,6,16,11,6,11,6,16,6,11,6,16,6,11,6,16,6,11,6,16,6,11,6 -> output: 738
input: 739 -> message: 33,25,25,25,25,25,25,25,25,25,25,25,6,25,6,25,6,6,25,6,6,25,6,6,6,25,6,6,25,6 -> output: 166
input: 740 -> message: 31,30,11,37,6,16,11,37,16,11,37,16,11,37,16,11,16,11,37,16,11,16,11,37,16,11,16,11,37,16 -> output: 740
input: 741 -> message: 33,30,30,6,37,6,16,11,37,6,16,11,37,6,16,11,37,6,16,11,37,16,11,11,16,6,16,11,37,16 -> output: 741
input: 742 -> message: 31,33,16,11,16,11,16,11,16,11,16,11,16,11,16,11,16,11,16,11,16,11,16,11,16,11,16,11,16,11 -> output: 742
input: 743 -> message: 31,30,30,25,25,25,25,25,6,6,6,6,6,6,6,6,6,6,6,6,6,6,6,6,6,6,6,6,6,6 -> output: 131
input: 744 -> message: 33,30,30,30,25,25,25,25,25,25,6,6,6,6,6,6,6,6,6,6,6,6,6,6,6,6,6,6,6,6 -> output: 984
input: 745 -> message: 11,16,37,16,11,16,37,16,11,16,11,16,11,16,11,16,11,16,11,16,11,16,11,16,11,16,11,16,11,16 -> output: 745
input: 746 -> message: 11,37,6,16,11,6,16,11,37,16,11,16,6,16,6,16,6,16,6,16,11,37,6,16,11,16,6,16,11,11 -> output: 746
input: 747 -> message: 14,14,33,33,33,30,30,30,30,30,30,30,30,16,30,30,16,30,30,16,33,30,16,33,30,16,33,30,16,33 -> output: 747
input: 748 -> message: 33,30,16,16,37,16,37,16,37,16,16,37,16,37,16,37,16,37,16,37,16,37,16,37,16,37,16,37,16,37 -> output: 748
input: 749 -> message: 33,30,30,16,37,16,37,16,16,37,16,11,16,37,16,11,16,37,16,11,16,37,16,11,16,37,16,16,37,16 -> output: 527
input: 750 -> message: 33,30,30,30,6,16,6,37,6,16,11,11,37,6,16,6,16,6,16,11,37,6,16,6,16,6,16,6,16,6 -> output: 392
input: 751 -> message: 31,14,30,30,30,30,30,30,30,30,30,30,30,30,25,30,25,25,25,25,25,25,25,25,25,25,25,25,25,25 -> output: 751
input: 752 -> message: 14,33,33,30,37,37,6,37,6,6,37,6,6,37,6,6,6,37,6,6,37,6,6,37,6,6,37,6,6,37 -> output: 752
input: 753 -> message: 33,30,30,37,37,25,6,37,6,6,37,6,6,6,6,37,6,6,6,37,6,6,6,37,6,6,37,6,6,37 -> output: 753
input: 754 -> message: 31,30,30,6,6,6,11,11,6,16,11,6,11,6,16,6,11,6,16,6,11,6,16,6,11,6,16,6,11,6 -> output: 738
input: 755 -> message: 31,31,31,14,33,33,30,30,30,30,30,30,30,30,30,30,30,30,30,30,30,30,30,30,30,30,37,25,25,25 -> output: 121
input: 756 -> message: 33,37,25,6,6,6,6,6,6,6,6,6,6,6,6,6,6,6,6,6,6,6,6,6,6,6,6,6,6,6 -> output: 785
input: 757 -> message: 37,37,37,37,37,37,6,37,6,16,37,6,16,6,16,37,6,16,6,16,6,16,37,6,16,6,16,37,6,16 -> output: 757
input: 758 -> message: 14,16,13,8,31,30,30,30,30,30,30,30,30,30,30,30,30,30,30,30,30,30,30,30,30,30,30,30,30,30 -> output: 758
input: 759 -> message: 33,33,30,37,6,37,6,37,6,6,37,6,6,37,6,6,37,6,6,37,6,6,37,6,16,6,6,16,6,37 -> output: 483
input: 760 -> message: 33,30,30,6,25,6,6,6,6,6,6,6,6,6,6,6,6,6,6,6,6,6,6,6,6,6,6,6,6,6 -> output: 760
input: 761 -> message: 33,30,30,6,6,6,37,6,6,16,6,6,37,6,16,6,6,16,6,6,16,6,6,16,6,6,16,6,6,16 -> output: 761
input: 762 -> message: 33,30,25,25,25,25,25,25,25,6,6,6,6,6,6,6,6,6,6,6,6,6,6,6,6,6,6,6,6,6 -> output: 319
input: 763 -> message: 31,30,30,6,25,6,6,6,6,6,6,6,6,6,6,6,6,6,6,6,6,6,6,6,6,6,6,6,6,6 -> output: 763
input: 764 -> message: 31,30,30,30,30,30,25,25,25,25,25,25,25,6,6,6,6,6,6,6,6,6,6,6,6,6,6,6,6,6 -> output: 381
input: 765 -> message: 31,33,30,37,37,25,37,25,6,37,6,37,6,37,6,37,6,37,6,37,6,37,6,37,6,37,6,37,6,37 -> output: 765
input: 766 -> message: 33,30,30,30,16,11,37,16,11,37,16,11,11,16,11,37,16,11,37,16,11,16,11,37,16,11,16,11,16,11 -> output: 766
input: 767 -> message: 6,25,6,6,6,6,6,6,6,6,6,6,6,6,6,6,6,6,6,6,6,6,6,6,6,6,6,6,6,6 -> output: 767
input: 768 -> message: 31,33,25,25,6,6,6,6,6,6,6,6,6,6,6,6,6,6,6,33,6,6,6,33,6,6,33,6,6,6 -> output: 89
input: 769 -> message: 14,30,30,30,6,6,6,6,6,6,6,6,6,6,6,6,6,6,6,6,6,6,6,6,6,6,6,6,6,6 -> output: 571
input: 770 -> message: 31,30,30,30,6,6,6,6,6,6,6,16,6,6,11,6,16,6,6,16,6,6,16,6,6,16,6,6,16,6 -> output: 180
input: 771 -> message: 33,33,33,25,25,6,6,6,37,6,6,6,6,6,6,6,6,37,6,6,6,6,6,6,6,6,6,6,6,37 -> output: 497
input: 772 -> message: 14,33,25,25,6,6,6,6,6,6,6,6,6,6,6,6,6,6,6,6,6,6,6,6,6,6,6,6,6,6 -> output: 925
input: 773 -> message: 31,30,37,6,37,6,6,6,6,37,6,6,6,37,6,6,6,37,6,6,37,6,6,37,6,37,6,37,6,37 -> output: 773
input: 774 -> message: 33,30,37,25,25,6,37,6,6,6,6,6,6,6,37,6,6,37,6,6,37,6,6,37,6,6,37,6,6,37 -> output: 712
input: 775 -> message: 31,14,16,37,16,37,16,11,16,37,16,11,16,37,16,11,16,37,16,11,16,37,16,11,16,37,16,11,16,37 -> output: 775
input: 776 -> message: 31,30,30,16,30,30,16,30,30,16,30,16,30,16,30,16,37,16,37,16,37,16,37,16,37,16,37,16,37,16 -> output: 776
input: 777 -> message: 31,14,30,6,25,25,6,6,6,6,6,6,6,6,6,6,6,6,6,6,6,6,6,6,6,6,6,6,6,6 -> output: 777
input: 778 -> message: 31,31,30,30,30,30,30,30,30,30,30,30,16,30,30,16,37,16,37,16,37,16,37,16,37,16,37,16,37,16 -> output: 901
input: 779 -> message: 31,31,33,30,30,30,30,30,30,30,30,30,30,30,6,6,6,6,6,6,6,6,6,37,6,6,6,6,6,6 -> output: 779
input: 780 -> message: 31,30,30,30,30,30,30,30,30,30,30,30,30,30,30,30,30,30,30,30,30,30,30,30,30,30,30,30,30,30 -> output: 313
input: 781 -> message: 33,33,33,6,6,6,6,11,6,6,6,16,6,6,11,6,6,16,6,6,11,6,6,6,16,6,11,6,11,6 -> output: 781
input: 782 -> message: 31,33,30,30,30,30,30,30,30,30,30,30,30,30,30,30,30,30,30,30,30,30,30,30,30,30,30,30,30,30 -> output: 108
input: 783 -> message: 25,6,16,11,37,6,16,6,16,6,16,6,16,11,37,6,16,11,37,6,16,6,16,6,16,11,37,6,16,6 -> output: 609
input: 784 -> message: 11,16,11,16,11,6,16,6,16,11,16,6,16,11,6,16,6,16,6,16,11,6,16,6,16,6,16,6,11,16 -> output: 784
input: 785 -> message: 33,37,25,6,6,6,6,6,6,6,6,6,6,6,6,6,6,6,6,6,6,6,6,6,6,6,6,6,6,6 -> output: 785
input: 786 -> message: 14,30,30,6,6,6,37,6,6,6,37,6,6,37,6,6,37,6,6,37,6,6,6,37,6,6,37,6,6,6 -> output: 882
input: 787 -> message: 14,30,30,30,30,30,30,30,30,37,16,37,16,37,16,37,16,37,16,37,16,37,16,37,16,37,16,37,16,37 -> output: 787
input: 788 -> message: 33,6,6,37,6,16,6,6,16,6,11,6,16,6,11,6,16,6,11,6,16,6,6,16,6,11,6,16,6,6 -> output: 617
input: 789 -> message: 14,30,30,30,30,37,37,6,37,6,37,16,37,6,16,37,6,16,37,6,16,11,37,6,16,11,37,16,11,37 -> output: 687
input: 790 -> message: 14,30,30,37,37,37,16,37,6,16,37,6,16,37,6,16,37,6,16,37,6,16,37,6,16,37,6,16,37,6 -> output: 790
input: 791 -> message: 37,37,25,37,25,6,37,6,6,37,6,37,6,37,6,37,6,37,6,37,6,37,6,37,6,37,6,37,6,37 -> output: 791
input: 792 -> message: 31,30,37,16,11,37,16,11,37,16,11,37,16,11,16,37,6,16,37,16,11,16,37,16,11,16,37,16,11,16 -> output: 438
input: 793 -> message: 3,30,30,30,30,16,37,16,37,16,16,37,16,37,16,16,37,16,37,16,11,16,37,16,11,16,37,16,16,37 -> output: 793
input: 794 -> message: 31,33,30,30,30,25,25,25,25,25,6,6,6,6,6,6,6,6,6,6,6,6,6,6,6,6,6,6,6,6 -> output: 603
input: 795 -> message: 14,33,30,30,30,30,25,25,25,25,25,25,25,25,25,25,25,25,25,25,25,25,25,25,25,6,25,25,25,6 -> output: 795
input: 796 -> message: 31,33,30,30,30,37,25,6,6,6,6,6,6,6,6,6,6,6,6,6,6,6,6,6,6,6,37,6,6,6 -> output: 708
input: 797 -> message: 31,30,30,30,37,37,6,37,6,37,6,37,6,37,6,37,6,37,6,37,6,37,6,37,6,16,6,37,6,16 -> output: 797
input: 798 -> message: 33,30,30,37,37,6,16,11,37,6,16,11,37,16,11,37,16,11,37,16,11,16,37,6,16,11,37,16,11,16 -> output: 798
input: 799 -> message: 31,30,30,30,30,30,37,25,37,25,25,6,37,25,6,37,6,6,37,6,37,6,6,6,6,6,6,6,6,6 -> output: 678
input: 800 -> message: 14,37,37,6,37,6,16,37,6,16,6,16,37,6,16,6,16,11,37,6,16,6,16,6,16,11,37,6,16,6 -> output: 800
input: 801 -> message: 31,33,30,30,30,30,30,37,37,25,25,6,37,37,25,6,37,6,37,6,37,6,37,6,37,6,37,6,37,6 -> output: 511
input: 802 -> message: 31,33,30,30,25,25,25,25,6,6,6,6,6,6,6,6,6,6,6,6,6,6,6,6,6,6,6,6,6,6 -> output: 603
input: 803 -> message: 33,30,30,30,30,37,30,37,25,37,25,25,37,25,37,25,6,37,37,25,37,37,25,37,37,25,6,37,37,25 -> output: 523
input: 804 -> message: 22,30,6,6,6,11,6,6,16,6,6,6,16,6,6,11,6,16,6,6,11,6,16,6,6,11,6,16,6,6 -> output: 804
input: 805 -> message: 31,30,30,30,30,6,25,6,37,25,6,6,6,6,6,6,6,6,6,6,6,6,6,6,6,6,6,6,6,6 -> output: 976
input: 806 -> message: 33,30,30,6,25,6,6,6,6,6,6,6,6,6,6,6,6,6,6,6,6,6,6,6,6,6,6,6,6,6 -> output: 760
input: 807 -> message: 33,30,25,25,25,25,25,6,6,6,6,6,6,6,6,6,6,6,6,6,6,6,6,6,6,6,6,6,6,6 -> output: 319
input: 808 -> message: 31,33,33,33,33,30,25,25,25,6,6,6,6,6,6,6,6,6,6,6,6,6,6,6,6,6,6,6,6,6 -> output: 443
input: 809 -> message: 33,30,6,11,37,16,11,37,6,16,6,16,6,16,6,11,16,6,11,16,6,11,16,6,11,16,6,11,16,6 -> output: 378
input: 810 -> message: 31,33,30,30,30,30,37,37,25,37,25,6,37,6,37,6,37,6,37,6,37,6,37,6,37,6,37,6,37,6 -> output: 810
input: 811 -> message: 31,33,30,30,30,30,25,25,25,25,25,25,6,25,6,6,6,6,6,6,6,6,6,6,6,6,6,6,6,6 -> output: 40
input: 812 -> message: 31,33,30,30,30,30,37,16,37,16,37,16,37,16,37,16,37,16,37,16,37,16,37,16,37,16,37,16,37,16 -> output: 812
input: 813 -> message: 31,14,30,30,30,30,30,30,30,37,30,6,37,25,25,6,37,25,6,6,37,6,6,37,6,6,37,6,37,6 -> output: 137
input: 814 -> message: 33,30,30,16,30,16,37,16,37,16,16,37,16,16,37,16,37,16,16,37,16,37,16,11,16,37,16,37,16,37 -> output: 814
input: 815 -> message: 31,14,30,30,30,30,25,25,25,25,25,25,25,25,25,25,25,25,6,6,6,25,6,6,6,6,6,6,6,6 -> output: 815
input: 816 -> message: 33,31,33,33,33,33,30,6,25,25,6,6,6,6,6,6,6,6,6,6,6,6,6,6,6,6,6,6,6,6 -> output: 816
input: 817 -> message: 33,16,11,16,11,37,16,11,16,11,16,11,16,11,16,11,16,11,16,11,16,11,16,6,16,11,16,11,16,6 -> output: 123
input: 818 -> message: 30,6,11,6,16,11,6,11,6,11,6,16,6,11,6,11,6,16,6,11,6,11,6,16,6,11,6,11,6,16 -> output: 818
input: 819 -> message: 14,30,30,30,30,25,25,25,25,25,25,25,25,25,6,6,6,6,6,6,6,6,6,6,6,6,6,6,6,6 -> output: 474
input: 820 -> message: 33,30,37,6,6,37,6,16,6,11,6,16,6,6,16,6,16,6,16,6,11,6,16,6,16,6,16,6,16,6 -> output: 820
input: 821 -> message: 30,16,16,37,16,11,37,16,11,16,37,16,11,16,37,16,11,16,11,16,37,16,11,16,11,16,37,16,16,11 -> output: 391
input: 822 -> message: 33,33,33,33,30,30,30,30,25,25,25,25,25,25,6,25,6,25,6,6,6,6,6,6,6,6,6,6,6,6 -> output: 249
input: 823 -> message: 14,11,16,11,11,16,11,6,16,6,11,16,6,11,16,6,11,16,6,11,16,6,11,16,6,11,16,6,11,16 -> output: 823
input: 824 -> message: 33,30,30,25,25,25,25,25,6,6,6,6,6,6,6,6,6,6,6,6,6,6,6,6,6,6,6,6,6,6 -> output: 884
input: 825 -> message: 31,30,30,30,16,30,30,30,16,30,30,16,30,30,16,37,16,11,16,37,16,11,16,11,16,11,16,11,16,37 -> output: 825
input: 826 -> message: 14,33,30,30,30,30,30,30,30,6,25,25,25,25,25,25,25,25,25,25,25,6,6,6,6,6,6,6,6,6 -> output: 826
input: 827 -> message: 31,14,25,25,25,25,6,6,6,6,6,6,6,6,6,6,6,6,6,6,6,6,6,6,6,6,6,6,6,6 -> output: 827
input: 828 -> message: 33,30,30,30,30,30,30,6,25,25,25,6,6,6,6,6,6,6,6,6,6,6,6,6,6,6,6,6,6,6 -> output: 516
input: 829 -> message: 14,30,6,11,16,11,11,6,16,11,6,16,11,6,16,11,6,16,11,6,16,11,6,16,11,6,16,11,6,16 -> output: 595
input: 830 -> message: 33,30,30,30,30,6,25,25,25,25,6,37,25,25,6,6,6,6,6,6,6,6,6,6,6,6,6,6,6,6 -> output: 830
input: 831 -> message: 33,33,33,6,6,11,6,16,6,11,6,16,6,11,6,16,6,11,6,16,6,11,6,16,6,11,6,16,6,11 -> output: 606
input: 832 -> message: 6,6,11,6,16,6,11,6,16,6,11,6,11,6,16,6,11,6,16,6,11,6,16,6,11,6,16,6,11,6 -> output: 832
input: 833 -> message: 33,33,30,25,6,6,6,6,6,6,6,6,6,6,37,6,6,6,6,6,6,6,6,6,6,6,6,6,6,6 -> output: 337
input: 834 -> message: 33,30,6,6,37,6,37,6,16,6,37,6,16,6,6,37,6,16,6,11,6,16,6,11,37,6,16,6,11,6 -> output: 299
input: 835 -> message: 33,30,16,11,16,11,37,16,11,16,11,16,11,16,11,16,37,16,11,16,11,16,11,16,37,16,11,16,11,16 -> output: 405
input: 836 -> message: 33,33,6,6,11,6,16,6,6,16,11,6,16,6,6,16,11,6,16,6,11,6,16,6,11,6,16,6,11,6 -> output: 836
input: 837 -> message: 31,31,33,33,33,30,30,6,6,25,25,6,6,6,6,6,6,6,6,6,6,6,6,6,6,6,6,6,6,6 -> output: 30
input: 838 -> message: 14,30,6,6,6,6,6,6,6,6,6,6,6,6,6,6,6,6,6,6,6,6,6,6,6,6,6,6,6,6 -> output: 488
input: 839 -> message: 14,30,30,25,25,25,25,25,25,6,6,6,6,6,6,6,6,6,6,6,6,6,6,6,6,6,6,6,6,6 -> output: 500
input: 840 -> message: 31,31,31,33,33,33,33,33,30,30,30,30,30,30,30,30,30,30,30,25,25,25,25,25,25,25,25,25,25,25 -> output: 840
input: 841 -> message: 33,33,30,25,25,6,6,6,6,6,6,6,6,6,6,6,6,6,6,6,6,6,6,6,6,6,6,6,6,6 -> output: 337
input: 842 -> message: 33,30,30,30,6,6,6,16,6,11,6,11,6,16,11,6,11,6,16,6,11,6,16,6,11,6,16,6,11,6 -> output: 589
input: 843 -> message: 16,37,16,11,16,37,16,11,16,37,16,11,16,37,16,16,11,16,37,16,11,16,37,16,11,16,37,16,11,16 -> output: 843
input: 844 -> message: 31,33,30,30,30,37,37,25,6,37,6,6,37,6,6,6,6,6,6,6,6,6,6,37,6,6,6,6,37,6 -> output: 844
input: 845 -> message: 33,33,33,33,33,33,37,6,6,6,37,6,6,11,6,37,6,16,6,6,6,16,6,6,11,6,6,16,6,6 -> output: 845
input: 846 -> message: 33,30,30,6,6,6,6,6,6,6,6,6,6,6,6,6,6,6,6,6,6,6,6,6,6,6,6,6,6,6 -> output: 846
input: 847 -> message: 33,33,30,30,30,30,30,37,30,37,25,25,6,37,37,25,6,37,6,37,6,37,6,37,6,37,6,37,6,37 -> output: 847
input: 848 -> message: 33,6,6,11,6,6,11,6,11,6,11,6,11,6,16,6,11,6,11,6,11,6,11,6,11,6,11,6,11,6 -> output: 625
input: 849 -> message: 31,31,14,33,33,30,30,30,30,30,30,30,30,30,30,30,30,30,30,30,30,30,30,30,30,30,30,30,30,6 -> output: 849
input: 850 -> message: 31,33,30,30,6,6,6,37,6,6,6,6,6,6,6,6,6,6,6,6,6,6,6,6,6,6,6,6,6,6 -> output: 285
input: 851 -> message: 14,6,6,6,37,6,6,6,6,6,37,6,6,6,37,6,6,37,6,6,37,6,6,37,6,6,37,6,6,37 -> output: 851
input: 852 -> message: 31,30,30,6,25,25,25,25,25,6,6,6,6,6,6,6,6,6,6,6,6,6,6,6,6,6,6,6,6,6 -> output: 131
input: 853 -> message: 33,6,6,6,6,6,6,6,6,6,6,6,6,6,6,6,6,6,6,6,6,6,6,6,6,6,6,33,6,6 -> output: 547
input: 854 -> message: 14,11,6,16,11,6,11,6,16,6,11,6,16,6,11,6,16,6,11,16,6,11,16,6,11,16,6,11,16,6 -> output: 854
input: 855 -> message: 33,31,33,33,30,30,30,30,30,30,30,25,25,25,25,25,25,25,25,25,25,25,25,25,6,25,6,6,6,6 -> output: 240
input: 856 -> message: 31,31,31,33,31,31,30,30,6,30,25,25,25,25,25,6,6,25,6,6,6,6,6,6,6,6,6,6,6,6 -> output: 856
input: 857 -> message: 31,14,30,30,30,30,30,37,25,25,25,25,37,25,25,25,6,37,25,6,37,25,6,37,6,37,25,25,6,37 -> output: 857
input: 858 -> message: 14,14,33,30,30,30,30,30,30,25,25,25,25,25,25,25,25,25,25,25,25,25,25,25,25,25,25,6,25,6 -> output: 614
input: 859 -> message: 33,33,16,11,16,37,16,11,16,11,16,11,16,11,16,11,16,11,16,11,16,11,16,11,16,11,16,11,16,37 -> output: 859
input: 860 -> message: 31,31,33,30,30,37,37,25,6,6,6,6,6,6,6,6,37,6,6,6,6,6,6,6,6,6,6,37,6,6 -> output: 860
input: 861 -> message: 33,33,30,30,30,6,6,6,6,6,6,6,6,6,6,6,6,6,6,6,37,6,6,6,6,6,6,6,6,6 -> output: 640
input: 862 -> message: 31,33,33,33,30,37,37,6,37,6,37,6,37,6,37,6,16,6,37,6,16,6,37,6,16,6,37,6,16,6 -> output: 185
input: 863 -> message: 25,6,6,6,6,6,6,6,6,6,6,6,6,6,6,6,6,6,6,6,6,6,6,6,6,6,6,6,6,6 -> output: 141
input: 864 -> message: 33,33,33,33,37,6,6,37,6,37,6,16,6,37,6,16,6,6,16,6,6,16,6,16,6,16,6,11,6,16 -> output: 83
input: 865 -> message: 33,33,33,30,30,30,30,6,25,25,25,6,25,6,6,6,6,6,6,6,6,6,6,6,6,6,6,6,6,6 -> output: 287
input: 866 -> message: 33,33,30,30,30,30,25,25,25,25,25,25,25,25,25,25,25,25,25,25,6,25,6,25,6,25,6,25,6,6 -> output: 522
input: 867 -> message: 31,31,31,30,30,30,30,30,30,30,30,25,30,25,25,25,25,25,25,25,25,6,25,6,37,25,25,6,6,6 -> output: 867
input: 868 -> message: 14,33,33,33,33,37,37,6,37,37,6,16,37,6,16,37,6,16,37,6,16,37,6,16,37,6,16,37,6,16 -> output: 868
input: 869 -> message: 31,33,33,30,37,25,25,6,6,6,6,6,6,6,6,6,6,6,6,6,6,6,6,6,6,6,6,6,6,6 -> output: 659
input: 870 -> message: 14,30,6,6,16,6,11,37,6,16,6,11,6,16,6,11,6,16,6,11,6,16,6,11,6,16,6,11,6,16 -> output: 870
input: 871 -> message: 31,33,33,30,6,25,25,6,6,6,6,6,6,6,6,6,6,6,6,6,6,6,6,6,6,6,6,6,6,6 -> output: 677
input: 872 -> message: 33,30,6,6,6,6,6,6,6,6,6,6,6,6,6,6,6,6,6,6,6,6,6,6,6,6,6,6,6,6 -> output: 147
input: 873 -> message: 14,30,30,30,30,6,6,6,6,6,37,6,6,6,6,6,6,6,6,6,6,6,6,6,6,6,6,6,6,6 -> output: 462
input: 874 -> message: 31,33,30,30,30,30,37,25,25,25,25,37,25,25,25,6,37,25,25,6,37,6,37,25,25,6,37,6,37,25 -> output: 874
input: 875 -> message: 31,33,30,30,30,30,30,25,25,25,25,25,25,25,6,25,6,6,6,6,6,6,6,6,6,6,6,6,6,6 -> output: 40
input: 876 -> message: 14,6,6,6,6,6,6,6,6,6,6,6,6,6,6,6,6,6,6,6,6,6,6,6,6,6,6,6,6,6 -> output: 533
input: 877 -> message: 33,37,16,37,16,37,16,11,37,16,37,16,37,16,37,16,37,16,37,16,37,16,37,16,37,16,37,16,37,16 -> output: 877
input: 878 -> message: 33,33,33,6,16,11,37,6,16,6,16,6,16,11,37,6,16,6,16,6,16,11,37,6,16,6,16,6,16,11 -> output: 878
input: 879 -> message: 31,33,30,30,30,30,6,30,25,25,25,25,6,6,6,6,6,6,6,6,6,6,6,6,6,6,6,6,6,6 -> output: 202
input: 880 -> message: 33,30,30,30,30,30,30,30,25,25,25,25,25,25,25,25,25,25,25,25,25,25,25,6,25,6,6,25,6,6 -> output: 880
input: 881 -> message: 33,33,30,30,30,30,30,30,6,30,25,25,25,6,37,25,25,6,6,6,6,6,6,6,6,6,6,6,6,6 -> output: 881
input: 882 -> message: 14,30,30,6,6,6,6,6,6,37,6,6,6,6,6,6,6,6,6,6,6,6,6,6,6,6,6,6,6,6 -> output: 719
input: 883 -> message: 31,33,30,37,37,37,25,6,37,6,37,6,37,6,37,6,37,6,37,6,37,6,37,6,37,6,37,6,37,6 -> output: 883
input: 884 -> message: 33,30,30,25,25,25,25,25,25,6,6,6,6,6,6,6,6,6,6,6,6,6,6,6,6,6,6,6,6,6 -> output: 884
input: 885 -> message: 31,30,25,25,6,6,6,6,6,6,6,6,6,6,6,6,6,6,6,6,6,6,6,6,6,6,6,6,6,6 -> output: 194
input: 886 -> message: 14,33,33,25,25,6,6,6,6,6,6,6,6,6,6,6,6,6,6,6,6,6,6,6,6,6,6,6,6,6 -> output: 886
input: 887 -> message: 33,33,33,25,25,6,6,6,6,6,6,6,6,6,6,6,6,6,6,6,6,6,6,6,6,6,6,6,6,6 -> output: 887
input: 888 -> message: 25,25,6,6,6,6,6,6,6,6,6,6,6,6,6,6,6,6,6,6,6,6,6,6,6,6,6,6,6,6 -> output: 724
input: 889 -> message: 37,25,25,6,37,6,6,6,6,37,6,6,6,6,6,6,6,6,6,6,37,6,6,6,6,6,6,6,6,37 -> output: 889
input: 890 -> message: 31,33,30,30,37,25,6,6,6,6,6,6,6,6,37,6,6,6,6,6,6,37,6,6,6,37,6,6,37,6 -> output: 708
input: 891 -> message: 33,37,25,25,6,6,6,6,6,6,6,6,6,6,6,6,6,6,6,6,6,6,6,6,6,6,6,6,6,33 -> output: 785
input: 892 -> message: 31,33,33,33,25,25,25,25,6,6,6,6,6,6,6,6,6,6,6,6,6,6,6,6,6,6,6,6,6,6 -> output: 145
input: 893 -> message: 31,14,33,30,30,30,30,30,30,30,30,30,30,30,30,30,30,30,30,30,37,30,37,25,37,25,25,6,37,25 -> output: 95
input: 894 -> message: 25,37,25,6,6,6,6,6,6,6,6,6,6,6,6,6,6,6,6,6,6,6,6,6,6,6,6,6,6,6 -> output: 454
input: 895 -> message: 22,30,16,30,16,37,16,16,11,16,37,16,11,16,37,16,11,16,37,16,11,16,37,16,11,16,37,16,16,11 -> output: 895
input: 896 -> message: 31,37,25,6,6,37,6,6,6,37,6,6,6,6,37,6,6,6,37,6,6,6,37,6,6,6,37,6,6,6 -> output: 896
input: 897 -> message: 14,30,30,6,25,25,25,6,6,6,6,6,6,6,6,6,6,6,6,6,6,6,6,6,6,6,6,6,6,6 -> output: 897
input: 898 -> message: 33,31,33,33,6,6,11,6,11,6,16,6,11,6,16,6,11,6,16,6,11,6,11,6,16,6,11,6,11,6 -> output: 898
input: 899 -> message: 31,30,11,6,16,11,6,11,6,16,6,11,6,16,6,16,6,11,6,16,6,11,6,16,6,11,6,16,6,16 -> output: 899
input: 900 -> message: 33,33,30,30,30,30,25,25,25,25,25,25,25,6,25,6,6,6,6,6,6,6,6,6,6,6,6,6,6,6 -> output: 900
input: 901 -> message: 31,31,30,30,30,30,30,30,30,30,30,30,30,30,6,16,6,30,16,37,16,37,16,37,16,37,16,37,16,11 -> output: 901
input: 902 -> message: 15,15,14,30,30,30,30,30,30,30,30,30,30,30,30,30,30,30,30,30,30,30,30,30,30,30,30,30,30,30 -> output: 902
input: 903 -> message: 14,37,25,25,6,6,6,6,37,6,6,6,6,37,6,6,6,6,6,6,6,6,6,6,6,6,6,37,6,6 -> output: 352
input: 904 -> message: 31,14,30,30,30,30,30,6,25,25,25,25,25,25,6,25,6,6,6,6,6,6,6,6,6,6,6,6,6,6 -> output: 904
input: 905 -> message: 31,30,30,6,6,16,6,11,6,16,11,11,6,16,11,6,16,11,6,16,6,11,6,16,6,16,11,37,6,16 -> output: 738
input: 906 -> message: 33,33,30,30,30,37,25,6,6,37,6,6,6,6,6,6,6,6,6,6,37,6,6,6,6,6,6,6,37,6 -> output: 906
input: 907 -> message: 33,33,33,33,30,25,25,25,25,6,25,6,6,6,6,6,6,6,6,6,6,6,6,6,6,6,6,6,6,6 -> output: 402
input: 908 -> message: 31,30,30,37,25,25,25,6,37,25,25,6,37,6,37,25,25,6,37,6,37,25,25,6,37,6,37,25,25,6 -> output: 298
input: 909 -> message: 33,33,30,30,37,25,25,37,25,6,37,6,37,25,6,37,6,37,6,37,25,6,37,6,37,6,37,25,6,37 -> output: 909
input: 910 -> message: 33,30,30,37,37,16,37,37,16,11,37,16,11,37,16,11,37,16,37,6,16,37,6,16,37,16,37,16,37,6 -> output: 910
input: 911 -> message: 33,31,33,33,33,33,6,6,6,6,6,6,6,6,6,6,6,6,6,6,6,6,6,6,6,6,6,6,6,6 -> output: 911
input: 912 -> message: 33,33,33,33,33,6,6,11,6,16,6,11,6,16,6,11,6,16,6,11,6,16,6,11,6,16,6,11,6,16 -> output: 912
input: 913 -> message: 31,33,25,6,6,6,6,6,6,6,6,6,6,6,16,6,6,6,6,6,6,16,6,6,16,6,6,11,6,16 -> output: 236
input: 914 -> message: 33,30,25,25,25,25,6,25,6,6,6,6,6,6,6,6,6,6,6,6,6,6,6,6,6,6,6,6,6,6 -> output: 92
input: 915 -> message: 30,6,6,6,6,6,6,6,6,6,6,6,6,6,6,6,6,6,6,6,6,6,6,6,6,6,6,6,6,6 -> output: 983
input: 916 -> message: 14,30,6,6,6,6,6,6,6,6,6,6,6,6,6,6,6,6,6,6,6,6,6,6,6,6,6,6,6,6 -> output: 488
input: 917 -> message: 31,30,30,30,30,30,30,30,30,30,30,30,30,30,30,30,30,30,30,30,30,30,30,30,30,30,30,30,30,30 -> output: 313
input: 918 -> message: 33,33,37,25,6,6,37,6,6,37,6,6,37,6,6,37,6,6,37,6,6,37,6,6,37,6,6,37,6,6 -> output: 207
input: 919 -> message: 14,16,37,16,11,16,37,16,11,16,37,16,11,16,37,16,11,16,37,16,11,16,37,16,11,16,37,16,11,16 -> output: 349
input: 920 -> message: 33,30,30,6,6,6,6,6,6,6,6,6,6,6,6,6,6,6,6,6,6,6,6,6,6,6,6,6,6,6 -> output: 846
input: 921 -> message: 14,30,30,6,16,11,37,6,16,11,37,16,11,37,16,11,37,16,11,16,11,37,16,11,16,6,16,11,37,16 -> output: 921
input: 922 -> message: 33,33,25,25,6,6,6,6,6,6,6,6,6,6,6,6,6,6,6,6,6,6,6,6,6,6,33,6,6,6 -> output: 922
input: 923 -> message: 31,33,33,30,37,37,25,6,37,6,6,37,6,6,37,6,6,37,6,6,37,6,37,6,37,6,37,6,37,6 -> output: 185
input: 924 -> message: 33,33,25,6,6,6,6,6,6,6,6,6,6,33,6,6,33,6,6,33,6,6,33,6,33,6,6,33,6,33 -> output: 922
input: 925 -> message: 14,33,25,25,25,6,6,6,6,6,6,6,6,6,6,6,6,6,6,6,6,6,6,6,6,6,6,6,6,6 -> output: 412
input: 926 -> message: 30,11,6,16,11,11,6,16,6,11,6,16,6,11,16,6,11,16,6,11,16,6,11,16,6,11,16,6,11,16 -> output: 304
input: 927 -> message: 11,16,11,16,11,16,11,16,11,16,11,16,11,16,11,16,11,16,11,16,11,16,11,16,11,16,11,16,11,16 -> output: 784
input: 928 -> message: 33,33,33,30,37,25,25,6,6,6,6,6,6,6,6,6,6,6,6,6,6,6,6,6,6,6,6,6,6,6 -> output: 928
input: 929 -> message: 31,14,33,30,30,30,25,25,25,25,25,25,25,25,25,25,25,25,25,25,25,25,25,6,25,6,25,6,25,6 -> output: 929
input: 930 -> message: 33,31,33,33,33,33,33,33,33,37,6,6,37,6,16,6,11,6,16,6,6,11,6,16,6,11,6,16,6,11 -> output: 403
input: 931 -> message: 33,30,6,6,6,6,6,6,6,6,6,6,6,6,6,6,6,6,6,6,6,6,6,6,6,6,6,6,6,6 -> output: 147
input: 932 -> message: 31,31,30,30,30,30,30,30,30,30,30,30,30,30,30,30,30,30,30,30,30,30,30,30,30,30,30,30,30,30 -> output: 434
input: 933 -> message: 14,6,6,11,6,6,6,16,6,6,11,6,6,11,6,11,6,11,6,6,11,6,11,6,11,6,11,6,6,11 -> output: 632
input: 934 -> message: 33,30,30,30,30,37,37,16,37,6,37,16,11,37,37,16,37,6,16,37,6,16,37,16,11,37,16,11,37,16 -> output: 934
input: 935 -> message: 14,30,30,30,30,30,25,25,25,25,25,25,25,25,6,6,6,6,6,6,6,6,6,6,6,6,6,6,6,6 -> output: 935
input: 936 -> message: 33,33,30,37,25,25,37,25,25,6,37,6,37,25,6,37,6,37,25,6,37,6,37,25,6,37,6,37,25,6 -> output: 936
input: 937 -> message: 31,30,30,16,11,37,16,11,16,11,37,16,11,16,11,16,11,16,11,16,11,16,11,16,11,16,11,16,11,16 -> output: 937
input: 938 -> message: 33,33,30,30,30,30,37,37,16,37,37,16,37,16,37,16,37,16,11,37,16,37,16,37,16,11,37,16,37,16 -> output: 355
input: 939 -> message: 33,30,30,6,6,6,37,6,6,16,6,6,16,6,6,16,6,6,16,6,6,16,6,16,6,6,16,6,6,16 -> output: 582
input: 940 -> message: 33,16,37,37,16,37,16,11,37,16,37,16,37,16,37,16,37,16,37,16,37,16,37,16,37,16,37,16,37,16 -> output: 940
input: 941 -> message: 14,30,30,30,30,37,37,25,6,6,37,6,6,6,6,6,6,6,6,6,6,37,6,6,6,37,6,6,6,37 -> output: 941
input: 942 -> message: 33,30,37,16,11,37,16,11,16,37,6,16,11,16,37,16,11,16,37,16,11,16,37,16,11,16,11,16,37,16 -> output: 720
input: 943 -> message: 33,30,37,37,6,37,6,16,37,6,16,37,6,16,11,37,6,16,37,6,16,37,6,16,37,6,16,37,6,16 -> output: 562
input: 944 -> message: 33,33,33,30,6,6,6,6,6,6,6,6,6,6,6,6,6,6,6,16,6,6,6,6,6,6,6,6,6,6 -> output: 944
input: 945 -> message: 33,30,6,6,37,6,6,16,6,6,16,6,6,11,6,16,6,6,16,6,6,16,6,6,16,6,6,11,6,16 -> output: 647
input: 946 -> message: 31,14,33,33,33,30,30,30,30,30,30,30,30,30,6,25,25,25,25,25,25,25,25,25,25,25,25,25,25,25 -> output: 445
input: 947 -> message: 33,33,25,25,6,6,6,6,6,6,6,6,6,6,6,6,6,6,6,6,6,6,6,6,6,6,6,6,33,6 -> output: 922
input: 948 -> message: 33,16,37,37,16,11,37,16,37,16,11,16,37,16,37,16,37,16,37,16,37,16,37,16,37,16,37,16,37,16 -> output: 948
input: 949 -> message: 33,33,33,16,6,11,16,6,11,6,16,6,11,16,6,11,16,6,11,16,6,11,16,6,11,16,6,11,16,6 -> output: 949
input: 950 -> message: 33,6,37,6,6,6,37,6,6,6,6,6,6,6,6,6,6,6,6,16,6,37,6,6,16,6,6,6,16,6 -> output: 170
input: 951 -> message: 14,30,30,30,6,25,6,6,6,6,6,6,6,6,6,6,6,6,6,6,6,6,6,6,6,6,6,6,6,6 -> output: 571
input: 952 -> message: 33,33,30,37,25,25,6,6,6,6,6,6,6,6,6,6,6,6,6,6,6,6,6,6,6,6,6,6,6,6 -> output: 337
input: 953 -> message: 14,30,6,6,6,6,37,6,6,6,6,6,6,6,6,6,6,6,6,6,6,6,6,6,6,37,6,6,6,6 -> output: 576
input: 954 -> message: 33,37,6,6,37,6,6,6,16,6,6,6,16,6,6,11,6,16,6,6,16,6,6,11,6,16,6,6,16,6 -> output: 950
input: 955 -> message: 33,33,30,6,6,6,6,6,6,6,6,6,6,6,6,6,6,6,6,6,6,6,6,6,6,6,6,6,6,6 -> output: 428
input: 956 -> message: 33,33,30,37,25,25,6,6,6,6,37,6,6,6,6,37,6,6,6,37,6,6,37,6,6,37,6,6,37,6 -> output: 736
input: 957 -> message: 33,33,30,37,6,6,6,37,6,6,37,6,6,16,6,6,16,6,6,16,6,6,16,6,6,16,6,6,16,6 -> output: 957
input: 958 -> message: 14,14,30,30,30,30,30,30,30,6,16,6,16,37,16,37,16,37,16,37,16,37,16,37,6,16,37,6,16,37 -> output: 958
input: 959 -> message: 33,30,6,6,6,6,6,6,6,6,6,6,6,6,6,37,6,6,6,6,6,6,6,6,6,37,6,6,6,37 -> output: 931
input: 960 -> message: 31,30,30,30,30,6,6,6,6,6,37,25,6,6,6,6,6,6,6,6,6,6,6,6,6,6,6,6,6,6 -> output: 698
input: 961 -> message: 31,33,30,30,30,30,6,25,6,6,6,6,6,6,6,6,6,6,6,6,6,6,6,6,6,6,6,6,6,6 -> output: 202
input: 962 -> message: 33,33,25,6,37,6,6,37,6,6,37,6,6,37,6,6,37,6,6,37,6,6,37,6,6,37,6,6,37,6 -> output: 207
input: 963 -> message: 31,30,30,30,6,16,11,11,16,11,11,11,16,11,37,6,16,11,16,11,11,16,11,11,16,6,16,11,16,6 -> output: 737
input: 964 -> message: 33,33,30,30,30,37,25,6,6,6,6,6,6,6,6,6,6,6,6,6,6,6,6,6,6,6,6,6,6,6 -> output: 640
input: 965 -> message: 33,33,33,33,30,30,6,6,6,6,6,6,6,6,6,6,6,6,6,6,6,6,6,6,6,6,6,6,6,6 -> output: 965
input: 966 -> message: 33,30,30,30,30,30,6,25,25,6,6,6,6,6,6,6,6,6,6,6,6,6,6,6,6,37,6,6,6,6 -> output: 828
input: 967 -> message: 33,30,30,30,37,37,37,37,6,37,6,37,16,37,6,16,37,6,16,37,6,16,37,6,16,37,6,16,37,6 -> output: 967
input: 968 -> message: 31,14,33,30,30,30,37,37,6,37,6,6,6,37,6,6,6,6,6,6,6,37,6,6,6,37,6,6,6,37 -> output: 968
input: 969 -> message: 33,30,30,30,6,6,6,6,6,6,6,6,6,37,6,6,6,6,6,6,37,6,6,6,6,37,6,6,6,6 -> output: 969
input: 970 -> message: 33,33,33,25,6,37,6,6,37,6,6,6,6,37,6,6,6,6,37,6,6,6,6,37,6,6,37,6,6,37 -> output: 970
input: 971 -> message: 14,30,30,30,37,37,16,37,6,16,37,6,16,37,6,16,37,16,11,37,16,37,16,37,16,37,6,16,37,6 -> output: 790
input: 972 -> message: 33,33,33,30,30,30,30,30,30,25,25,25,25,25,25,25,25,25,25,25,6,6,6,6,6,6,6,6,6,6 -> output: 822
input: 973 -> message: 33,33,33,30,25,25,25,25,25,25,25,25,6,6,6,6,6,6,6,6,6,6,6,6,6,6,6,6,6,6 -> output: 159
input: 974 -> message: 33,30,30,30,16,37,16,37,16,37,16,11,37,16,37,16,11,37,16,11,16,37,16,11,16,37,16,11,16,37 -> output: 974
input: 975 -> message: 6,37,6,16,6,16,6,16,6,16,6,16,6,11,37,6,16,6,16,6,16,6,16,6,11,6,16,6,16,6 -> output: 975
input: 976 -> message: 31,30,30,30,6,25,25,6,6,6,6,6,6,6,6,6,6,6,6,6,6,6,6,6,6,6,6,6,6,6 -> output: 169
input: 977 -> message: 33,33,30,30,6,25,6,6,6,6,6,6,6,6,6,6,6,6,6,6,6,6,6,6,6,6,6,6,6,6 -> output: 977
input: 978 -> message: 14,30,30,6,6,6,6,6,6,6,6,6,6,6,6,6,6,6,6,6,6,6,6,6,6,6,6,6,6,6 -> output: 150
input: 979 -> message: 31,14,30,30,30,6,25,25,25,25,25,25,6,6,6,6,6,6,6,6,6,6,6,6,6,6,6,6,6,6 -> output: 979
input: 980 -> message: 33,30,30,37,16,11,37,16,11,37,16,11,11,16,11,16,11,37,16,11,16,11,16,11,16,11,16,11,16,11 -> output: 980
input: 981 -> message: 30,30,6,37,16,11,37,6,16,37,6,16,37,6,16,11,37,16,11,37,16,11,37,16,11,37,16,11,37,16 -> output: 152
input: 982 -> message: 31,33,25,25,25,25,6,6,6,6,6,6,6,6,6,6,6,6,6,6,6,6,6,6,6,6,6,6,6,6 -> output: 97
input: 983 -> message: 30,6,6,6,6,6,6,6,6,6,6,6,6,6,6,6,6,6,6,6,6,6,6,6,6,6,6,6,6,6 -> output: 983
input: 984 -> message: 33,30,30,30,25,25,25,25,25,6,6,6,6,6,6,6,6,6,6,6,6,6,6,6,6,6,6,6,6,6 -> output: 984
input: 985 -> message: 14,6,25,6,6,6,6,6,6,6,6,6,6,6,6,6,6,6,6,6,6,6,6,6,6,6,6,6,6,6 -> output: 876
input: 986 -> message: 33,33,25,25,25,25,6,6,6,6,6,6,6,6,6,6,6,6,6,6,6,6,6,6,6,6,6,6,6,6 -> output: 986
input: 987 -> message: 30,16,11,11,16,11,16,11,11,16,11,16,6,16,11,16,6,16,11,16,6,16,11,16,11,16,6,16,11,16 -> output: 278
input: 988 -> message: 31,33,30,30,30,37,37,25,37,25,6,37,6,37,6,37,6,37,6,37,6,37,6,37,6,37,6,37,6,37 -> output: 380
input: 989 -> message: 33,33,33,33,30,30,6,6,6,6,6,37,6,6,37,6,16,6,6,16,6,37,6,16,6,6,16,6,6,16 -> output: 989
input: 990 -> message: 14,30,30,30,6,25,25,6,6,6,6,6,6,6,6,6,6,6,6,6,6,6,6,6,6,6,6,6,6,6 -> output: 571
input: 991 -> message: 14,30,37,25,6,37,6,37,25,6,37,6,6,37,6,6,37,6,6,37,6,6,37,6,6,37,6,37,6,37 -> output: 991
input: 992 -> message: 33,33,30,6,25,6,6,6,6,6,6,6,6,6,6,6,6,6,6,6,6,6,6,33,6,6,6,33,6,6 -> output: 428
input: 993 -> message: 33,31,25,25,25,25,6,6,6,6,6,6,6,6,6,6,6,6,6,6,6,6,6,6,6,6,6,6,6,6 -> output: 993
input: 994 -> message: 31,30,30,25,25,6,6,6,6,6,6,6,6,6,6,6,6,6,6,6,6,6,6,6,6,6,6,6,6,6 -> output: 763
input: 995 -> message: 33,30,16,37,16,37,16,37,16,16,37,16,37,16,37,16,37,16,37,16,37,16,37,16,37,16,37,16,37,16 -> output: 748
input: 996 -> message: 33,33,33,30,30,30,30,30,30,30,30,25,25,25,25,25,25,25,25,25,25,25,25,25,25,25,25,25,25,25 -> output: 996
input: 997 -> message: 14,30,30,25,25,25,25,25,25,6,6,6,6,6,6,6,6,6,6,6,6,6,6,6,6,6,6,6,6,6 -> output: 500
input: 998 -> message: 33,30,6,25,6,6,6,6,6,6,6,6,6,6,6,6,6,6,6,6,6,6,6,6,6,6,6,6,6,6 -> output: 701
input: 999 -> message: 33,30,6,6,37,6,16,6,11,6,16,6,11,6,16,6,11,6,16,6,11,6,16,6,11,6,16,6,11,6 -> output: 370
{"powerlaw": 0.9060313105583191, "unif": 0.698}
Epoch: 151
{"powerlaw": 0.932164192199707, "unif": 0.743}
Epoch: 152
{"powerlaw": 0.8944059610366821, "unif": 0.614}
Epoch: 153
{"powerlaw": 0.9313539266586304, "unif": 0.714}
Epoch: 154
{"powerlaw": 0.9145417809486389, "unif": 0.666}
Epoch: 155
{"powerlaw": 0.9352157115936279, "unif": 0.733}
Epoch: 156
{"powerlaw": 0.9401818513870239, "unif": 0.751}
Epoch: 157
{"powerlaw": 0.9421656727790833, "unif": 0.749}
Epoch: 158
{"powerlaw": 0.9202448725700378, "unif": 0.699}
Epoch: 159
{"powerlaw": 0.9366474151611328, "unif": 0.751}
Epoch: 160
{"powerlaw": 0.9274752140045166, "unif": 0.695}
Epoch: 161
{"powerlaw": 0.9464302659034729, "unif": 0.761}
Epoch: 162
{"powerlaw": 0.9521249532699585, "unif": 0.801}
Epoch: 163
{"powerlaw": 0.9439031481742859, "unif": 0.78}
Epoch: 164
{"powerlaw": 0.9543888568878174, "unif": 0.795}
Epoch: 165
{"powerlaw": 0.9503307342529297, "unif": 0.793}
Epoch: 166
{"powerlaw": 0.9264497756958008, "unif": 0.717}
Epoch: 167
{"powerlaw": 0.948138952255249, "unif": 0.783}
Epoch: 168
{"powerlaw": 0.9559764266014099, "unif": 0.8}
Epoch: 169
{"powerlaw": 0.9592110514640808, "unif": 0.824}
Epoch: 170
{"powerlaw": 0.9622945785522461, "unif": 0.838}
Epoch: 171
{"powerlaw": 0.9595791101455688, "unif": 0.827}
Epoch: 172
{"powerlaw": 0.9626399278640747, "unif": 0.833}
Epoch: 173
{"powerlaw": 0.9624391794204712, "unif": 0.846}
Epoch: 174
{"powerlaw": 0.9369704127311707, "unif": 0.748}
Epoch: 175
{"powerlaw": 0.9581255316734314, "unif": 0.825}
Epoch: 176
{"powerlaw": 0.9602354168891907, "unif": 0.835}
Epoch: 177
{"powerlaw": 0.9480075240135193, "unif": 0.797}
Epoch: 178
{"powerlaw": 0.9434555172920227, "unif": 0.788}
Epoch: 179
{"powerlaw": 0.9674744009971619, "unif": 0.856}
Epoch: 180
{"powerlaw": 0.9475116729736328, "unif": 0.789}
Epoch: 181
{"powerlaw": 0.9524964094161987, "unif": 0.798}
Epoch: 182
{"powerlaw": 0.9704095125198364, "unif": 0.866}
Epoch: 183
{"powerlaw": 0.9472740292549133, "unif": 0.801}
Epoch: 184
{"powerlaw": 0.9387311935424805, "unif": 0.77}
Epoch: 185
{"powerlaw": 0.9380279779434204, "unif": 0.752}
Epoch: 186
{"powerlaw": 0.9440116882324219, "unif": 0.755}
Epoch: 187
{"powerlaw": 0.9530108571052551, "unif": 0.798}
Epoch: 188
{"powerlaw": 0.9595009684562683, "unif": 0.831}
Epoch: 189
{"powerlaw": 0.9506531357765198, "unif": 0.791}
Epoch: 190
{"powerlaw": 0.9373947381973267, "unif": 0.787}
Epoch: 191
{"powerlaw": 0.9450204372406006, "unif": 0.767}
Epoch: 192
{"powerlaw": 0.927945613861084, "unif": 0.716}
Epoch: 193
{"powerlaw": 0.9550569653511047, "unif": 0.816}
Epoch: 194
{"powerlaw": 0.9514420628547668, "unif": 0.798}
Epoch: 195
{"powerlaw": 0.9537259340286255, "unif": 0.813}
Epoch: 196
{"powerlaw": 0.9669724106788635, "unif": 0.861}
Epoch: 197
{"powerlaw": 0.9578686356544495, "unif": 0.826}
Epoch: 198
{"powerlaw": 0.9692313075065613, "unif": 0.867}
Epoch: 199
{"powerlaw": 0.9666460156440735, "unif": 0.86}
Epoch: 200
input: 0 -> message: 10,30,30,30,30,30,6,25,25,25,25,11,6,11,6,11,6,11,6,11,6,11,6,11,6,11,6,11,6,11 -> output: 0
input: 1 -> message: 31,31,25,25,25,6,6,37,16,37,16,6,16,37,16,37,16,16,11,16,37,11,16,37,11,16,37,11,16,37 -> output: 1
input: 2 -> message: 31,31,33,33,11,6,11,16,11,6,33,33,33,11,16,11,6,33,11,11,33,11,16,11,6,11,16,11,6,33 -> output: 2
input: 3 -> message: 25,25,25,25,25,25,25,25,25,25,25,25,25,25,25,25,25,25,25,25,25,25,25,25,25,25,25,25,25,25 -> output: 3
input: 4 -> message: 10,31,31,31,31,31,31,31,31,31,31,31,31,31,31,31,31,31,31,31,31,31,31,31,31,31,31,31,31,31 -> output: 4
input: 5 -> message: 25,31,31,25,25,25,25,25,33,33,33,6,33,33,6,11,6,33,33,6,11,6,11,6,11,6,11,6,11,6 -> output: 5
input: 6 -> message: 31,31,31,31,17,31,17,31,31,17,31,31,17,31,31,17,31,31,17,31,31,17,31,31,17,31,31,17,31,31 -> output: 6
input: 7 -> message: 31,6,11,6,11,33,37,11,6,11,33,11,6,11,33,37,11,6,11,16,11,6,11,33,37,11,6,11,16,11 -> output: 7
input: 8 -> message: 30,30,30,30,30,25,25,25,25,25,25,25,25,25,25,25,6,16,10,14,11,6,31,11,6,6,11,6,11,6 -> output: 8
input: 9 -> message: 31,14,31,14,33,33,33,33,33,33,33,33,33,33,33,33,33,33,33,33,33,33,33,33,33,33,33,33,33,33 -> output: 9
input: 10 -> message: 30,16,16,16,37,16,16,16,37,16,16,16,37,16,16,16,37,16,16,16,37,16,16,16,37,16,16,16,37,16 -> output: 10
input: 11 -> message: 31,16,37,16,16,37,16,16,37,16,16,37,16,16,37,16,16,37,16,16,37,16,16,37,16,16,37,16,16,37 -> output: 11
input: 12 -> message: 17,17,31,31,31,31,31,31,31,31,31,31,31,31,31,31,31,31,31,31,31,31,31,31,31,31,31,31,31,31 -> output: 12
input: 13 -> message: 33,33,33,33,33,33,33,30,30,30,30,30,30,33,30,6,37,30,37,25,16,16,6,16,33,37,16,6,37,16 -> output: 13
input: 14 -> message: 25,16,16,37,16,16,37,16,16,16,37,16,16,16,37,16,16,37,16,16,37,16,16,16,37,16,16,37,16,16 -> output: 14
input: 15 -> message: 30,0 -> output: 15
input: 16 -> message: 31,30,30,30,30,30,30,25,25,25,25,25,25,37,25,25,37,25,25,37,25,25,37,25,25,37,25,25,11,16 -> output: 16
input: 17 -> message: 30,6,25,6,11,6,11,33,37,11,6,11,16,33,6,11,33,37,11,6,16,33,6,11,16,33,37,11,16,6 -> output: 17
input: 18 -> message: 14,31,10,30,10,30,10,30,10,30,25,25,25,25,25,25,25,25,25,25,25,25,25,25,25,25,25,25,25,25 -> output: 18
input: 19 -> message: 10,38,31,31,25,25,25,25,25,25,6,6,37,16,37,16,6,16,37,16,37,16,37,16,16,11,16,37,16,16 -> output: 19
input: 20 -> message: 8,38,38,8,31,30,25,25,25,25,25,25,25,25,6,6,6,33,37,11,6,11,16,6,11,16,11,6,11,16 -> output: 20
input: 21 -> message: 31,30,30,30,37,37,37,37,16,37,16,37,16,37,16,37,16,37,16,37,16,37,16,37,16,37,16,37,16,37 -> output: 21
input: 22 -> message: 17,31,31,17,31,33,33,33,33,33,33,33,30,30,30,6,6,25,25,25,11,16,11,6,33,6,33,37,11,6 -> output: 22
input: 23 -> message: 25,16,16,11,16,16,11,16,11,16,11,16,11,16,11,16,11,16,11,16,11,16,11,16,11,16,11,16,11,16 -> output: 23
input: 24 -> message: 30,30,30,30,30,16,16,37,16,16,16,37,16,16,16,37,16,16,16,37,16,16,16,37,16,16,16,37,16,16 -> output: 24
input: 25 -> message: 3,14,14,30,10,10,10,30,10,30,30,10,30,30,10,30,30,10,30,30,10,30,10,30,10,30,10,30,10,30 -> output: 25
input: 26 -> message: 17,17,17,17,17,17,17,17,17,17,17,17,17,17,17,17,17,17,17,17,17,17,17,17,17,17,17,17,17,17 -> output: 26
input: 27 -> message: 31,14,33,33,30,30,30,30,37,25,25,25,25,25,11,16,37,25,25,25,11,16,37,11,16,37,25,25,11,16 -> output: 27
input: 28 -> message: 31,33,33,33,30,30,30,30,30,30,30,25,25,25,25,25,25,25,25,37,25,25,37,25,25,37,25,25,25,37 -> output: 28
input: 29 -> message: 17,14,14,33,14,30,30,30,30,30,30,25,25,25,25,25,25,25,25,25,25,25,25,25,25,25,25,25,25,25 -> output: 29
input: 30 -> message: 31,31,33,25,25,11,6,11,6,11,6,33,16,33,6,11,33,33,33,16,11,6,11,33,33,6,11,33,33,6 -> output: 30
input: 31 -> message: 30,30,30,30,37,11,37,16,6,11,16,37,11,16,11,37,11,16,11,37,11,16,11,16,11,6,16,37,11,16 -> output: 31
input: 32 -> message: 15,30,16,11,37,16,11,16,16,11,37,16,11,16,37,16,11,16,37,16,11,16,11,37,16,11,16,11,37,16 -> output: 32
input: 33 -> message: 31,30,30,30,30,30,30,6,6,6,6,6,6,6,11,6,11,6,11,6,11,6,11,6,11,6,11,6,11,6 -> output: 33
input: 34 -> message: 17,17,17,17,30,30,30,30,30,30,6,25,25,25,11,6,11,6,6,11,6,11,6,11,6,11,6,11,6,11 -> output: 34
input: 35 -> message: 17,31,15,15,10,30,31,30,10,30,30,30,10,30,10,30,10,25,25,25,25,37,25,37,25,25,37,25,25,37 -> output: 35
input: 36 -> message: 31,30,30,30,30,30,30,37,25,25,25,37,25,37,25,11,16,37,25,11,16,37,25,11,16,37,25,11,16,37 -> output: 36
input: 37 -> message: 31,33,30,30,30,30,37,37,16,37,16,37,16,11,37,11,16,11,6,16,37,11,16,37,11,16,37,11,16,11 -> output: 37
input: 38 -> message: 8,17,31,15,31,14,31,14,31,14,31,14,31,14,31,14,31,14,31,14,31,14,31,14,31,14,31,14,31,14 -> output: 38
input: 39 -> message: 25,16,11,11,33,11,16,11,6,16,11,16,11,33,37,11,16,11,6,16,11,16,11,33,37,11,16,11,6,16 -> output: 39
input: 40 -> message: 31,33,33,30,30,30,30,30,25,25,25,25,25,25,25,25,25,25,25,25,25,25,25,25,25,25,25,25,25,25 -> output: 40
input: 41 -> message: 25,30,11,6,37,11,6,11,16,37,11,6,16,37,11,16,37,11,16,37,11,16,11,6,16,37,11,16,37,11 -> output: 41
input: 42 -> message: 33,31,33,33,33,37,37,37,25,37,16,16,37,16,37,16,37,16,16,16,37,16,16,16,16,16,11,37,16,16 -> output: 42
input: 43 -> message: 30,30,30,30,25,25,25,25,11,6,11,6,11,6,6,11,6,11,6,11,6,11,6,11,6,11,6,11,6,11 -> output: 43
input: 44 -> message: 3,14,16,16,11,37,16,11,16,37,16,37,16,16,11,16,37,16,37,16,16,11,16,37,16,37,16,11,16,37 -> output: 44
input: 45 -> message: 14,30,10,14,10,10,10,10,10,30,10,30,10,30,10,30,10,30,10,30,30,10,30,30,10,30,30,10,30,30 -> output: 45
input: 46 -> message: 14,30,30,30,30,30,30,30,38,38,38,38,38,38,38,38,38,38,38,38,38,38,38,38,38,38,38,38,38,38 -> output: 46
input: 47 -> message: 25,31,31,33,33,33,33,33,33,33,37,16,37,16,16,11,16,37,11,16,37,11,16,37,11,16,37,11,16,37 -> output: 47
input: 48 -> message: 25,31,31,33,31,33,31,33,31,33,33,33,33,33,33,33,33,6,11,6,11,6,11,6,11,33,37,11,16,37 -> output: 48
input: 49 -> message: 17,15,15,15,10,10,30,31,10,30,31,10,30,31,10,30,31,10,30,10,30,10,30,10,30,30,10,30,30,10 -> output: 49
input: 50 -> message: 25,25,25,25,6,33,6,11,6,11,6,11,6,11,33,33,16,37,11,16,6,11,16,33,16,6,11,16,33,11 -> output: 50
input: 51 -> message: 25,33,11,11,11,6,11,11,11,11,11,11,11,11,11,11,11,11,11,11,11,11,11,11,11,11,11,11,11,11 -> output: 51
input: 52 -> message: 25,25,6,11,6,16,11,6,11,33,33,6,11,16,11,6,11,33,37,11,16,11,6,11,16,11,6,11,16,11 -> output: 52
input: 53 -> message: 31,31,14,30,30,30,30,25,25,25,25,25,25,25,25,11,16,37,25,11,6,11,6,11,6,11,6,11,6,11 -> output: 53
input: 54 -> message: 30,26,8,38,10,14,10,14,31,10,10,10,10,10,10,10,10,10,30,31,10,30,10,30,10,30,10,30,10,30 -> output: 54
input: 55 -> message: 25,25,6,6,16,37,11,16,37,16,37,16,11,16,37,11,16,37,11,16,37,11,16,37,11,16,37,11,16,37 -> output: 55
input: 56 -> message: 31,31,30,30,30,30,30,25,25,25,25,25,25,25,25,25,25,25,25,25,25,25,25,11,6,11,31,6,11,31 -> output: 56
input: 57 -> message: 30,30,37,6,11,6,37,11,6,16,11,6,11,16,37,11,16,11,6,11,16,37,11,16,11,6,37,16,11,6 -> output: 57
input: 58 -> message: 31,33,30,11,6,11,6,11,11,11,11,11,6,11,16,37,11,16,11,6,11,16,37,11,16,11,6,16,11,6 -> output: 58
input: 59 -> message: 8,14,14,33,14,30,30,30,30,30,30,6,37,25,16,16,16,16,6,37,16,16,16,6,16,16,6,37,16,6 -> output: 59
input: 60 -> message: 31,14,33,6,25,6,11,6,11,6,11,6,11,33,6,11,33,6,11,33,6,11,33,6,11,33,6,11,33,6 -> output: 60
input: 61 -> message: 17,17,17,15,15,10,10,10,30,31,10,30,31,10,30,31,10,30,31,10,30,31,10,30,31,10,30,10,30,10 -> output: 61
input: 62 -> message: 30,30,30,30,30,30,30,30,30,30,30,30,37,30,37,25,16,37,25,16,37,16,37,25,11,16,37,11,16,37 -> output: 62
input: 63 -> message: 31,31,17,17,17,17,30,30,30,30,30,30,30,30,30,30,30,30,30,30,30,30,37,25,25,25,25,25,11,16 -> output: 63
input: 64 -> message: 31,37,25,25,25,25,6,11,6,11,6,11,6,11,6,11,16,6,11,16,6,11,33,37,11,6,11,16,6,11 -> output: 64
input: 65 -> message: 31,31,30,30,30,37,37,37,11,37,25,16,37,16,37,11,16,37,16,37,16,37,16,37,16,37,16,37,16,37 -> output: 65
input: 66 -> message: 25,33,33,37,16,37,11,16,37,11,16,37,11,16,37,11,16,37,11,16,37,11,16,37,11,16,37,11,16,37 -> output: 66
input: 67 -> message: 30,30,16,11,16,11,16,11,16,11,16,11,16,11,16,11,16,11,16,11,16,11,16,11,16,11,16,11,16,11 -> output: 67
input: 68 -> message: 25,25,16,37,16,11,16,37,16,11,16,37,16,16,11,16,37,16,16,11,16,37,16,16,11,16,37,16,16,11 -> output: 68
input: 69 -> message: 30,30,30,30,11,11,11,11,11,11,6,11,16,11,11,16,11,6,16,11,16,11,6,16,11,16,11,6,16,11 -> output: 69
input: 70 -> message: 17,31,14,33,14,30,37,37,25,25,11,37,11,37,25,11,37,25,11,37,25,11,16,37,11,6,11,37,11,6 -> output: 70
input: 71 -> message: 31,8,14,30,30,30,30,30,30,25,25,25,25,25,25,25,25,25,25,25,25,25,25,25,25,25,25,25,25,25 -> output: 71
input: 72 -> message: 33,30,16,37,16,11,37,16,16,37,16,11,16,37,16,16,11,37,16,16,37,16,16,11,37,16,16,37,16,16 -> output: 72
input: 73 -> message: 31,31,31,14,17,14,17,14,33,30,30,30,25,25,25,25,25,25,25,25,25,25,25,25,25,25,25,25,11,6 -> output: 73
input: 74 -> message: 31,31,25,25,25,25,25,25,25,25,25,25,25,25,25,25,25,25,25,25,25,25,25,25,25,25,25,25,25,25 -> output: 74
input: 75 -> message: 31,14,14,30,30,30,30,30,30,30,25,25,25,25,25,25,25,16,37,16,25,11,16,37,11,11,31,11,6,11 -> output: 75
input: 76 -> message: 30,8,25,25,25,25,25,25,25,25,25,25,25,25,25,6,6,37,25,25,6,6,37,11,16,6,11,16,6,37 -> output: 76
input: 77 -> message: 30,11,37,25,6,11,6,11,37,11,16,37,11,16,11,6,16,37,11,16,37,11,16,11,6,16,37,11,16,37 -> output: 77
input: 78 -> message: 14,33,33,14,33,11,33,37,11,16,37,11,16,37,11,16,37,16,11,16,14,16,11,16,37,16,11,16,11,16 -> output: 78
input: 79 -> message: 31,31,33,25,25,25,25,25,25,6,33,6,6,33,6,11,6,11,6,11,6,11,6,11,6,11,6,33,6,11 -> output: 79
input: 80 -> message: 31,33,11,11,37,11,16,11,6,11,16,37,11,16,37,11,16,37,11,16,37,11,16,37,11,16,11,16,37,11 -> output: 80
input: 81 -> message: 31,31,33,33,33,33,33,33,30,30,30,30,30,37,25,25,25,25,25,25,25,25,25,25,11,37,25,25,25,11 -> output: 81
input: 82 -> message: 14,31,30,30,25,25,25,25,25,25,25,25,25,25,25,25,25,25,25,25,25,25,25,25,37,25,25,25,25,25 -> output: 82
input: 83 -> message: 33,33,33,33,33,37,25,25,11,37,11,6,37,11,16,37,11,6,11,16,37,11,16,37,11,16,11,6,33,16 -> output: 83
input: 84 -> message: 25,30,25,25,25,25,6,6,11,6,6,11,6,11,6,11,6,11,6,11,6,11,6,11,6,11,6,11,6,11 -> output: 84
input: 85 -> message: 33,30,30,30,30,33,11,11,16,11,11,11,33,37,11,16,11,6,16,16,11,16,11,16,11,16,11,16,11,16 -> output: 85
input: 86 -> message: 3,31,14,14,14,16,14,16,14,16,14,16,10,30,16,10,30,10,30,10,30,10,30,10,30,10,30,10,30,10 -> output: 86
input: 87 -> message: 25,11,11,11,11,11,11,11,11,11,11,11,11,11,11,11,11,11,11,11,11,11,11,11,11,11,11,11,11,11 -> output: 87
input: 88 -> message: 8,33,33,30,30,30,30,30,30,30,6,25,25,25,11,37,16,11,6,37,16,11,37,11,16,11,31,11,31,11 -> output: 88
input: 89 -> message: 31,33,6,25,25,25,25,25,25,25,6,6,6,33,6,11,6,11,6,11,6,11,6,11,6,11,6,11,6,11 -> output: 89
input: 90 -> message: 30,37,37,25,37,25,37,37,25,37,37,25,37,37,25,37,25,37,25,37,25,6,37,11,37,25,11,37,25,6 -> output: 90
input: 91 -> message: 33,30,37,37,11,37,11,37,11,37,25,37,11,37,25,37,11,37,25,11,37,11,6,37,11,16,37,11,6,16 -> output: 91
input: 92 -> message: 33,30,25,25,25,6,6,6,6,11,6,11,6,11,6,11,6,11,6,11,6,11,6,11,6,11,6,11,6,11 -> output: 92
input: 93 -> message: 30,16,16,11,16,16,11,16,11,16,16,11,16,16,11,16,16,11,16,16,11,16,16,11,16,16,11,16,11,16 -> output: 93
input: 94 -> message: 11,11,11,11,11,11,33,11,11,33,11,6,11,16,11,6,11,16,11,6,11,16,11,6,11,16,11,6,11,16 -> output: 94
input: 95 -> message: 31,14,33,33,33,30,30,30,37,30,37,25,25,25,25,11,16,37,25,25,11,16,37,11,25,25,11,16,37,11 -> output: 95
input: 96 -> message: 31,30,30,30,30,30,30,30,30,30,30,30,30,37,30,25,25,25,11,16,37,11,16,11,6,6,37,16,11,31 -> output: 96
input: 97 -> message: 31,33,25,25,25,25,25,25,25,25,25,25,25,25,25,25,25,25,25,25,25,25,25,25,25,25,25,25,25,25 -> output: 97
input: 98 -> message: 33,30,37,25,11,6,11,6,11,16,37,11,6,11,16,37,11,6,11,16,37,11,16,37,11,16,11,6,33,37 -> output: 98
input: 99 -> message: 25,30,30,25,25,25,25,25,25,25,25,25,25,25,25,25,25,6,6,33,6,6,11,6,6,11,6,6,6,11 -> output: 99
input: 100 -> message: 33,30,30,30,30,30,30,30,30,6,25,25,25,25,25,11,6,11,6,33,11,6,6,33,6,11,6,33,6,11 -> output: 100
input: 101 -> message: 31,30,6,11,11,11,11,11,33,37,11,16,11,6,33,16,11,6,11,16,11,6,11,16,11,6,11,16,11,6 -> output: 101
input: 102 -> message: 30,30,16,37,16,37,16,16,37,16,37,16,37,16,16,37,16,16,37,16,16,37,16,16,37,16,16,37,16,16 -> output: 102
input: 103 -> message: 33,30,37,25,37,25,37,25,37,37,25,37,25,37,25,37,25,37,25,37,25,6,37,11,6,37,11,6,37,11 -> output: 103
input: 104 -> message: 33,30,25,25,25,25,25,25,25,25,25,25,25,25,25,25,25,25,25,25,25,25,25,25,25,25,25,25,25,25 -> output: 104
input: 105 -> message: 31,33,37,25,25,6,37,11,6,37,11,6,11,16,37,11,16,37,11,16,37,11,16,37,11,16,37,11,16,11 -> output: 105
input: 106 -> message: 33,30,30,25,25,25,25,25,25,25,25,25,25,25,25,25,25,25,25,25,25,25,25,25,25,25,25,25,25,25 -> output: 106
input: 107 -> message: 30,25,25,25,25,25,25,25,25,6,6,6,6,11,6,6,6,11,6,11,6,11,6,11,6,11,6,11,6,11 -> output: 107
input: 108 -> message: 31,33,30,30,30,30,30,33,37,16,16,16,16,37,16,16,16,16,16,16,16,16,16,16,16,16,16,16,16,16 -> output: 108
input: 109 -> message: 31,30,30,37,25,25,25,25,25,37,25,25,37,25,25,37,25,25,37,25,25,37,25,25,37,25,25,37,25,25 -> output: 109
input: 110 -> message: 30,30,30,6,11,11,11,37,11,16,11,6,11,16,37,11,16,11,6,37,16,11,6,16,37,11,16,6,37,16 -> output: 110
input: 111 -> message: 31,31,30,30,25,25,25,25,25,25,25,25,25,25,25,25,25,25,25,25,25,25,25,25,25,25,25,25,25,25 -> output: 111
input: 112 -> message: 14,30,30,30,37,37,37,25,25,37,16,37,25,25,37,16,37,25,11,16,37,25,11,16,37,25,11,16,37,25 -> output: 112
input: 113 -> message: 31,25,25,25,6,37,11,16,11,6,16,37,11,16,37,11,16,6,16,37,11,16,37,11,16,37,11,16,37,11 -> output: 113
input: 114 -> message: 25,33,30,30,25,25,25,25,25,25,11,6,33,33,6,11,6,11,6,11,6,11,6,11,6,11,6,11,6,11 -> output: 114
input: 115 -> message: 31,25,25,25,25,25,25,25,25,25,25,25,25,25,25,25,25,25,25,25,25,25,25,25,25,6,6,33,6,6 -> output: 115
input: 116 -> message: 6,6,11,16,33,6,16,33,37,11,16,11,6,16,33,11,16,11,6,11,16,11,6,11,16,37,11,16,11,6 -> output: 116
input: 117 -> message: 31,33,30,30,25,25,25,25,25,25,25,25,25,25,25,25,25,25,25,25,25,25,25,25,25,25,25,25,25,25 -> output: 117
input: 118 -> message: 31,30,37,37,16,37,16,37,16,16,37,16,16,37,16,16,37,16,16,37,16,16,37,16,16,37,16,16,37,16 -> output: 118
input: 119 -> message: 31,30,37,11,37,11,37,16,37,25,37,16,11,37,11,16,11,16,37,11,16,11,16,37,11,16,11,16,37,11 -> output: 119
input: 120 -> message: 15,30,30,30,6,25,11,16,6,11,16,6,11,16,37,11,16,11,6,11,16,37,11,16,11,6,11,16,37,11 -> output: 120
input: 121 -> message: 31,31,31,14,31,14,14,25,25,25,25,25,25,25,25,25,25,25,25,25,25,25,6,6,37,11,6,31,37,11 -> output: 121
input: 122 -> message: 16,33,33,30,30,30,30,37,30,16,37,16,16,37,16,16,16,37,16,16,16,37,16,16,16,37,16,16,16,37 -> output: 122
input: 123 -> message: 33,16,16,16,11,16,16,11,37,16,16,11,16,16,11,16,16,11,16,16,11,16,16,11,16,37,16,16,11,16 -> output: 123
input: 124 -> message: 14,33,30,30,30,30,30,30,30,30,30,30,30,30,37,25,25,25,25,25,25,16,37,25,25,16,37,25,25,11 -> output: 124
input: 125 -> message: 31,14,30,30,30,10,30,25,25,25,25,25,6,16,10,30,37,25,25,11,16,10,11,31,11,31,11,31,11,31 -> output: 125
input: 126 -> message: 33,16,16,37,16,16,37,16,16,37,16,16,37,16,16,37,16,16,37,16,16,37,16,16,37,16,16,37,16,16 -> output: 126
input: 127 -> message: 31,33,33,30,30,30,30,30,30,37,37,25,16,37,16,16,11,31,11,16,37,16,11,11,16,11,11,16,11,6 -> output: 127
input: 128 -> message: 31,30,30,30,30,25,25,25,25,25,25,25,25,25,25,25,25,25,25,25,25,25,25,25,25,25,25,6,11,31 -> output: 128
input: 129 -> message: 29,31,31,25,25,25,25,25,25,25,6,6,33,37,11,6,11,6,11,6,11,6,11,6,11,11,6,11,33,37 -> output: 129
input: 130 -> message: 31,31,31,31,33,33,33,25,25,25,25,25,25,25,25,25,25,25,25,25,11,6,11,33,6,11,6,6,33,37 -> output: 130
input: 131 -> message: 31,30,30,6,6,6,11,6,11,6,11,11,11,6,11,11,11,6,11,11,6,11,11,6,11,11,6,11,11,6 -> output: 131
input: 132 -> message: 31,37,37,37,25,37,37,25,37,37,25,37,37,25,37,37,25,37,25,37,25,37,25,37,25,37,25,6,37,11 -> output: 132
input: 133 -> message: 31,33,30,25,25,6,37,11,16,37,11,16,37,11,16,11,6,16,37,11,16,37,11,16,37,11,16,37,11,16 -> output: 133
input: 134 -> message: 25,11,11,11,6,11,11,11,11,6,11,11,11,11,11,6,11,11,11,11,11,11,6,11,11,11,11,11,11,11 -> output: 87
input: 135 -> message: 33,33,33,25,25,25,25,6,6,33,37,11,6,33,37,16,37,11,16,37,11,16,37,11,16,37,11,16,37,11 -> output: 135
input: 136 -> message: 31,31,31,31,31,31,31,31,31,31,31,31,31,31,31,31,31,31,31,31,31,31,31,31,31,31,31,31,31,31 -> output: 136
input: 137 -> message: 31,14,30,30,30,30,30,30,30,37,30,37,25,25,16,37,16,6,6,11,37,11,16,37,25,11,16,37,11,16 -> output: 137
input: 138 -> message: 14,37,25,6,6,37,11,6,11,37,11,16,37,11,16,11,6,16,37,11,16,14,11,16,37,11,16,14,11,16 -> output: 138
input: 139 -> message: 33,31,31,31,25,25,25,25,25,25,25,25,25,25,37,25,25,25,25,25,25,25,25,25,25,25,25,25,6,33 -> output: 139
input: 140 -> message: 31,33,33,33,33,25,25,25,25,25,25,25,6,33,33,6,11,6,11,6,11,6,11,6,11,6,11,6,11,6 -> output: 140
input: 141 -> message: 25,6,6,11,6,11,11,11,6,11,11,11,6,11,11,11,6,11,11,11,6,11,11,11,6,11,11,11,6,11 -> output: 141
input: 142 -> message: 31,14,25,25,6,6,16,37,11,16,37,11,16,37,11,16,14,11,16,37,11,16,14,11,16,37,11,16,37,11 -> output: 142
input: 143 -> message: 30,30,25,25,25,25,6,37,11,6,37,6,11,6,37,6,11,37,6,16,37,6,16,37,11,16,37,11,16,37 -> output: 143
input: 144 -> message: 31,33,30,30,30,30,6,11,11,6,11,11,11,6,11,11,11,11,11,11,11,11,16,11,6,11,16,11,6,16 -> output: 144
input: 145 -> message: 31,33,33,25,25,25,25,25,25,25,25,25,25,25,25,25,25,25,25,25,25,25,25,25,25,25,25,25,25,25 -> output: 145
input: 146 -> message: 31,30,30,6,11,6,11,11,11,6,11,11,11,11,11,11,11,6,11,11,11,11,6,11,11,11,6,11,11,11 -> output: 146
input: 147 -> message: 33,30,25,25,25,25,25,25,6,6,6,11,6,11,6,11,6,11,6,11,6,11,6,11,6,11,6,11,6,11 -> output: 147
input: 148 -> message: 14,14,33,33,33,37,14,16,37,11,16,11,6,16,37,11,16,37,11,16,11,6,16,37,11,16,37,11,16,11 -> output: 148
input: 149 -> message: 30,37,25,25,6,6,37,11,37,11,37,11,16,37,11,6,16,37,11,16,37,11,16,37,11,16,37,11,16,37 -> output: 149
input: 150 -> message: 14,30,30,6,6,25,6,6,11,6,11,6,11,6,11,6,11,11,6,11,6,11,6,11,6,11,33,6,11,6 -> output: 150
input: 151 -> message: 25,6,25,25,25,6,33,6,33,6,11,6,11,6,33,11,6,33,11,16,11,6,33,33,11,16,11,6,33,11 -> output: 151
input: 152 -> message: 30,30,30,11,37,11,6,11,16,37,11,16,11,6,11,16,11,6,11,16,37,11,16,11,6,16,37,11,16,37 -> output: 152
input: 153 -> message: 33,11,11,11,11,11,11,11,11,11,11,11,11,11,11,11,6,11,11,11,11,11,11,11,11,11,11,11,11,11 -> output: 153
input: 154 -> message: 31,30,16,11,16,33,11,16,11,16,11,16,11,16,11,16,11,16,11,16,33,11,16,11,16,11,16,11,16,11 -> output: 154
input: 155 -> message: 31,30,30,11,11,11,6,11,11,11,11,11,11,11,11,11,11,11,11,11,11,11,11,11,11,11,11,11,11,11 -> output: 155
input: 156 -> message: 25,6,11,16,37,11,16,11,6,16,37,11,16,37,11,16,11,6,16,37,11,16,37,11,16,37,11,16,11,6 -> output: 156
input: 157 -> message: 31,31,14,30,30,30,30,30,30,33,37,16,16,6,16,11,6,16,16,11,6,16,16,11,6,16,16,11,16,11 -> output: 157
input: 158 -> message: 25,31,25,25,25,6,33,37,11,6,33,16,37,11,16,37,16,37,11,16,37,11,16,37,11,16,37,11,16,37 -> output: 158
input: 159 -> message: 33,33,25,25,25,25,25,25,25,25,25,25,25,25,25,25,25,25,25,25,6,6,33,37,25,6,33,37,11,6 -> output: 159
input: 160 -> message: 31,30,6,25,6,11,6,11,6,11,6,11,33,37,11,6,11,11,6,11,11,6,11,11,6,11,11,6,11,11 -> output: 160
input: 161 -> message: 31,30,30,30,16,11,16,11,16,11,16,11,16,11,16,11,16,11,16,16,11,16,11,16,11,16,11,16,11,16 -> output: 161
input: 162 -> message: 16,31,33,37,16,37,16,16,16,37,16,16,16,37,16,16,37,16,16,16,37,16,16,37,16,16,37,16,16,16 -> output: 162
input: 163 -> message: 33,33,33,30,30,30,30,30,33,30,16,37,11,16,11,11,37,11,16,11,16,11,6,16,11,16,11,37,11,16 -> output: 163
input: 164 -> message: 31,30,30,30,25,25,25,25,25,25,11,6,11,6,11,6,11,6,11,6,11,6,11,6,11,6,11,6,11,6 -> output: 164
input: 165 -> message: 33,30,30,30,30,30,6,25,25,25,11,6,11,6,6,33,6,11,6,11,6,11,6,11,6,11,6,11,6,11 -> output: 165
input: 166 -> message: 33,25,25,25,25,25,25,25,25,25,25,25,25,25,25,25,25,25,25,25,25,25,25,25,25,25,25,25,25,25 -> output: 166
input: 167 -> message: 25,16,11,6,16,33,37,16,11,16,37,11,16,11,16,37,11,16,11,16,11,16,37,11,16,11,16,11,6,16 -> output: 167
input: 168 -> message: 30,30,30,37,37,37,25,37,25,37,25,37,25,37,25,37,25,37,25,11,37,25,11,37,25,11,37,25,11,37 -> output: 168
input: 169 -> message: 31,30,30,30,6,6,11,6,11,11,6,11,11,11,11,6,11,11,6,11,16,11,6,11,33,6,11,33,11,6 -> output: 169
input: 170 -> message: 37,6,6,6,6,37,6,11,37,11,6,11,37,11,16,6,37,16,6,33,16,37,11,16,37,11,16,37,11,16 -> output: 170
input: 171 -> message: 30,30,25,25,25,25,25,6,6,11,6,6,11,6,11,6,11,6,11,6,11,6,11,6,11,6,11,6,11,6 -> output: 171
input: 172 -> message: 14,25,25,25,25,25,25,25,25,25,25,25,25,25,25,25,25,25,25,37,25,25,25,25,37,25,25,25,6,37 -> output: 172
input: 173 -> message: 31,31,31,31,30,30,30,30,25,25,25,25,25,25,25,25,25,25,25,25,25,25,25,25,25,25,25,25,25,25 -> output: 173
input: 174 -> message: 33,30,30,37,25,25,6,11,6,37,16,37,16,11,16,11,6,16,37,11,16,37,11,16,11,6,16,37,11,16 -> output: 174
input: 175 -> message: 31,14,30,25,25,25,25,25,25,25,25,25,25,25,25,25,25,25,25,25,25,25,25,25,25,25,25,25,25,25 -> output: 175
input: 176 -> message: 30,6,6,37,6,11,6,11,37,16,6,11,16,37,11,16,6,16,33,37,11,16,37,11,16,37,11,16,6,37 -> output: 176
input: 177 -> message: 14,30,30,37,37,37,37,37,25,37,11,37,25,11,37,11,37,25,11,37,11,16,37,11,6,37,11,6,37,11 -> output: 177
input: 178 -> message: 25,11,11,11,33,37,11,16,6,16,37,11,16,11,16,37,11,16,11,16,11,6,16,37,11,16,11,16,11,6 -> output: 178
input: 179 -> message: 8,33,11,11,11,11,33,11,16,11,6,11,16,11,6,11,16,11,6,11,16,11,6,11,16,11,6,11,16,11 -> output: 179
input: 180 -> message: 31,30,30,30,6,11,11,6,11,11,11,11,11,11,11,11,6,11,16,11,6,11,16,11,6,16,11,6,16,11 -> output: 180
input: 181 -> message: 30,30,30,6,11,11,11,11,11,11,33,6,11,16,11,6,11,16,11,6,11,16,11,6,11,16,11,6,11,16 -> output: 181
input: 182 -> message: 15,30,30,30,30,33,11,37,11,16,11,6,16,11,16,11,6,16,11,16,11,6,16,11,16,37,11,16,11,6 -> output: 182
input: 183 -> message: 33,30,30,30,30,30,30,30,16,37,16,16,16,37,16,16,37,16,16,11,6,16,16,11,6,16,37,11,16,37 -> output: 183
input: 184 -> message: 33,33,30,37,16,16,37,16,16,37,16,16,37,16,16,37,16,16,37,16,16,16,37,16,16,37,16,16,37,16 -> output: 184
input: 185 -> message: 31,33,33,37,30,37,37,25,11,37,11,37,11,6,11,37,11,6,11,37,11,37,11,6,11,37,16,37,11,16 -> output: 185
input: 186 -> message: 25,6,11,11,11,11,11,6,11,11,11,11,6,11,11,11,11,11,6,11,11,11,11,11,6,11,11,11,11,11 -> output: 186
input: 187 -> message: 31,33,25,25,6,37,11,6,16,37,11,16,37,11,16,37,11,16,6,16,37,11,16,37,11,16,37,11,16,37 -> output: 187
input: 188 -> message: 31,33,37,16,37,16,37,16,37,16,16,37,16,16,37,16,16,37,16,16,37,16,16,37,16,16,37,16,16,37 -> output: 188
input: 189 -> message: 37,16,37,16,37,16,37,16,37,16,16,37,16,16,37,16,16,37,16,16,37,16,16,37,16,16,37,16,16,37 -> output: 189
input: 190 -> message: 14,30,30,37,37,25,37,25,37,25,37,16,37,25,37,16,37,25,37,16,37,25,37,16,37,25,11,16,37,16 -> output: 190
input: 191 -> message: 33,30,30,30,30,30,30,6,11,16,11,6,11,16,33,11,16,11,6,16,11,6,16,11,16,11,6,16,11,6 -> output: 191
input: 192 -> message: 31,31,33,33,30,30,30,30,30,30,30,30,37,37,25,25,25,25,25,11,37,25,25,11,37,25,11,37,25,25 -> output: 192
input: 193 -> message: 31,33,33,33,30,30,30,30,30,30,6,25,25,25,25,25,25,11,6,33,37,25,11,33,11,6,33,33,11,6 -> output: 193
input: 194 -> message: 31,30,25,25,25,11,6,11,6,11,6,11,6,11,6,11,11,6,11,6,11,11,6,11,6,11,6,11,6,11 -> output: 330
input: 195 -> message: 31,14,37,25,25,25,37,25,25,37,25,11,37,25,11,16,37,25,11,16,37,25,11,16,37,25,11,16,37,25 -> output: 195
input: 196 -> message: 14,30,30,30,30,30,6,11,16,11,6,11,16,11,11,16,11,11,16,11,37,16,11,6,16,37,11,16,37,11 -> output: 196
input: 197 -> message: 31,31,31,31,31,31,31,31,31,31,31,31,31,31,31,31,31,31,31,31,31,31,31,31,31,31,31,31,31,31 -> output: 136
input: 198 -> message: 33,30,16,11,11,16,11,11,16,11,11,33,16,11,6,16,11,16,11,16,11,16,11,16,11,16,11,16,11,16 -> output: 198
input: 199 -> message: 30,11,16,11,37,16,11,16,11,37,16,11,16,11,6,16,33,37,11,16,37,11,16,11,16,11,6,16,37,11 -> output: 199
input: 200 -> message: 31,30,30,30,16,37,11,16,11,37,11,16,11,37,11,16,11,37,25,16,37,16,11,16,11,37,16,11,16,11 -> output: 200
input: 201 -> message: 33,14,33,33,30,30,30,30,30,30,30,30,25,25,25,25,25,25,25,25,25,16,37,25,25,11,16,37,25,25 -> output: 201
input: 202 -> message: 31,33,33,33,30,30,30,6,6,6,6,6,11,6,11,6,11,6,11,6,11,6,11,6,11,6,11,6,11,6 -> output: 202
input: 203 -> message: 33,25,6,6,11,16,37,11,16,37,11,16,37,11,16,37,11,16,37,11,16,11,6,33,16,37,11,16,37,11 -> output: 203
input: 204 -> message: 31,30,30,25,25,25,25,25,25,25,25,25,25,25,37,25,25,25,25,25,25,37,25,25,25,25,37,25,25,25 -> output: 204
input: 205 -> message: 31,30,30,6,25,25,25,6,11,6,6,11,6,6,11,6,11,6,11,6,11,6,11,6,11,6,11,6,11,6 -> output: 205
input: 206 -> message: 31,33,30,37,37,37,11,37,25,37,16,37,25,37,11,16,37,25,37,11,16,37,25,11,16,37,11,16,37,25 -> output: 206
input: 207 -> message: 33,33,33,37,25,11,6,37,11,37,11,6,37,16,37,16,37,16,11,6,16,37,11,16,37,11,16,37,11,16 -> output: 207
input: 208 -> message: 31,30,30,30,30,30,6,11,11,11,11,6,11,11,11,11,11,11,6,11,11,16,11,11,6,11,16,11,6,11 -> output: 208
input: 209 -> message: 25,33,25,25,25,25,25,6,6,33,6,11,6,11,6,11,6,11,6,11,6,11,6,11,6,33,11,6,11,6 -> output: 209
input: 210 -> message: 30,30,30,30,30,37,25,25,25,25,25,37,25,25,37,25,25,37,25,25,11,16,11,37,25,25,25,37,25,25 -> output: 210
input: 211 -> message: 30,30,30,25,25,25,25,25,25,25,25,25,25,25,25,25,25,25,25,25,6,6,33,6,11,6,6,6,11,6 -> output: 211
input: 212 -> message: 33,30,6,11,11,11,11,6,11,16,11,6,11,16,11,6,11,16,11,6,11,16,11,6,11,16,11,6,11,16 -> output: 212
input: 213 -> message: 31,31,14,30,30,30,30,30,30,30,25,25,25,25,25,25,25,11,16,37,11,31,11,31,11,31,11,31,11,31 -> output: 213
input: 214 -> message: 31,14,37,11,37,16,37,11,16,37,11,16,37,11,16,37,11,16,37,16,37,16,37,16,37,16,37,16,37,16 -> output: 214
input: 215 -> message: 14,29,25,25,25,25,25,25,25,25,25,25,25,25,25,25,25,25,25,25,25,25,25,25,25,25,25,25,25,25 -> output: 215
input: 216 -> message: 8,33,33,33,33,33,33,33,33,37,16,37,16,16,37,16,16,16,16,37,16,16,16,16,37,16,16,16,16,16 -> output: 216
input: 217 -> message: 31,30,30,30,25,25,25,25,25,25,25,25,25,25,25,25,25,25,37,25,25,25,25,37,25,25,25,37,25,25 -> output: 217
input: 218 -> message: 10,14,31,10,10,30,10,30,10,30,10,30,10,30,10,30,10,30,30,10,30,30,10,30,30,10,30,30,10,30 -> output: 218
input: 219 -> message: 31,11,11,37,16,11,16,11,6,16,33,11,16,11,37,16,11,16,11,6,16,11,37,16,11,16,11,6,16,37 -> output: 219
input: 220 -> message: 31,30,16,11,11,16,11,11,33,16,11,11,33,11,16,11,11,33,11,16,11,11,33,11,16,11,11,33,11,16 -> output: 220
input: 221 -> message: 31,30,30,30,30,30,30,30,30,30,37,37,25,16,37,25,37,16,6,6,16,37,11,16,37,25,11,16,37,11 -> output: 221
input: 222 -> message: 31,30,30,30,30,6,11,16,11,6,11,16,11,11,33,37,11,16,11,16,11,6,16,33,37,11,16,11,6,16 -> output: 222
input: 223 -> message: 33,25,25,25,25,6,6,6,11,6,11,6,11,6,11,6,33,11,6,11,6,11,6,11,6,11,33,11,6,11 -> output: 223
input: 224 -> message: 31,31,11,16,11,16,37,11,16,16,11,16,37,11,16,37,11,16,16,11,16,37,11,16,37,11,16,11,16,37 -> output: 224
input: 225 -> message: 33,31,25,25,25,6,6,37,11,6,16,37,11,16,37,11,16,37,11,16,37,11,16,6,33,16,37,11,16,37 -> output: 225
input: 226 -> message: 31,31,14,14,30,30,30,30,30,30,30,6,25,25,25,25,16,37,11,16,11,6,11,16,6,11,16,6,11,16 -> output: 226
input: 227 -> message: 33,30,30,6,11,11,6,11,16,11,11,6,11,16,11,6,11,16,11,6,11,16,11,6,11,16,11,6,11,16 -> output: 227
input: 228 -> message: 31,30,30,37,11,37,11,37,11,37,11,37,25,11,37,11,37,11,16,37,25,11,37,11,6,11,16,37,11,6 -> output: 228
input: 229 -> message: 31,30,11,6,11,6,11,11,11,11,11,6,11,16,37,11,6,11,16,37,11,6,11,16,37,11,6,11,16,37 -> output: 229
input: 230 -> message: 14,30,11,37,16,11,37,16,11,16,37,11,16,37,16,11,16,37,16,11,16,37,16,11,16,37,11,16,37,16 -> output: 230
input: 231 -> message: 33,30,30,30,30,37,37,16,37,25,37,16,11,16,11,37,11,16,11,6,16,37,11,16,11,16,11,37,11,16 -> output: 231
input: 232 -> message: 33,30,11,6,11,6,11,16,37,11,6,11,16,37,11,6,16,37,11,16,37,11,16,11,6,16,37,11,16,37 -> output: 232
input: 233 -> message: 33,30,30,30,30,30,30,37,37,37,16,16,37,25,16,37,16,16,16,16,16,16,16,16,16,16,16,16,16,16 -> output: 233
input: 234 -> message: 33,37,37,6,37,11,6,37,11,37,11,6,37,11,37,11,37,11,37,16,37,11,16,37,11,16,37,11,16,37 -> output: 234
input: 235 -> message: 25,25,25,6,6,33,6,11,6,33,33,37,11,6,11,16,33,6,11,33,33,37,11,6,11,16,11,6,11,33 -> output: 235
input: 236 -> message: 31,33,25,25,11,6,11,6,11,6,11,33,6,11,11,6,11,11,6,11,11,6,11,11,6,11,11,6,11,11 -> output: 236
input: 237 -> message: 31,30,11,6,11,6,11,11,11,11,11,11,6,11,11,11,6,11,11,6,11,11,6,11,11,6,11,11,6,11 -> output: 237
input: 238 -> message: 33,33,30,30,30,6,11,6,11,6,11,16,11,6,11,16,11,6,11,16,11,6,11,16,11,6,33,16,11,6 -> output: 238
input: 239 -> message: 31,33,30,25,25,25,25,25,25,25,25,25,25,25,25,25,25,25,6,6,33,6,11,6,33,6,11,6,11,6 -> output: 239
input: 240 -> message: 33,31,33,33,30,30,30,30,30,25,25,25,25,25,25,25,25,25,25,25,25,25,25,25,25,25,25,25,25,25 -> output: 240
input: 241 -> message: 3,14,14,14,14,14,14,14,14,14,14,14,14,10,10,10,10,10,10,10,10,10,10,10,10,10,10,10,10,30 -> output: 241
input: 242 -> message: 31,14,16,11,16,11,37,16,11,16,37,11,16,37,16,11,16,11,16,37,11,16,11,16,11,16,37,11,16,11 -> output: 242
input: 243 -> message: 33,33,25,25,6,6,33,37,16,37,16,37,16,11,16,37,11,16,37,11,16,37,11,16,37,11,16,37,11,16 -> output: 243
input: 244 -> message: 31,14,14,14,30,30,30,30,30,30,30,6,37,25,25,16,37,16,6,11,16,6,11,16,14,11,16,6,11,6 -> output: 244
input: 245 -> message: 31,31,30,30,30,30,30,30,30,30,37,25,25,25,25,25,11,37,25,11,16,37,25,11,16,37,25,11,16,37 -> output: 245
input: 246 -> message: 33,30,30,30,30,30,30,30,30,37,25,25,25,11,16,37,25,11,16,37,11,16,37,25,11,16,37,11,16,37 -> output: 246
input: 247 -> message: 31,31,31,31,31,31,25,25,25,25,25,25,6,6,33,6,6,11,16,37,11,16,11,16,11,11,16,11,11,11 -> output: 247
input: 248 -> message: 31,31,33,30,25,25,25,25,25,25,25,25,25,25,25,25,25,25,25,25,25,25,25,25,25,25,25,25,25,25 -> output: 248
input: 249 -> message: 33,33,33,33,30,30,25,25,25,25,25,25,25,25,25,25,25,11,6,33,33,6,11,6,33,6,11,6,6,11 -> output: 249
input: 250 -> message: 31,33,33,33,33,30,30,30,37,30,37,25,25,25,11,37,33,37,25,25,11,37,16,37,25,25,11,37,11,16 -> output: 250
input: 251 -> message: 33,25,11,6,11,6,11,33,11,6,11,11,11,6,11,11,11,6,11,11,11,6,11,11,11,6,11,11,11,6 -> output: 251
input: 252 -> message: 14,16,37,11,16,37,16,11,16,37,11,16,37,16,11,16,11,16,37,11,16,37,16,11,16,11,16,37,11,16 -> output: 252
input: 253 -> message: 14,33,33,37,16,11,37,16,11,37,16,11,16,37,16,11,16,37,16,11,16,37,16,11,16,37,16,11,16,37 -> output: 253
input: 254 -> message: 14,30,37,11,37,11,6,37,25,11,6,11,37,11,6,11,37,11,16,6,11,37,11,16,11,6,11,37,11,16 -> output: 254
input: 255 -> message: 14,30,37,37,37,25,37,25,37,37,25,37,16,37,25,37,16,37,25,37,16,37,25,37,16,37,16,11,16,37 -> output: 255
input: 256 -> message: 33,30,37,37,37,37,37,37,25,37,37,25,37,11,37,25,37,11,37,25,37,11,37,25,37,11,37,25,37,11 -> output: 256
input: 257 -> message: 14,14,30,30,30,30,30,6,37,25,11,16,6,16,37,11,16,11,16,11,6,16,37,11,16,37,11,16,37,11 -> output: 257
input: 258 -> message: 33,25,25,37,25,37,11,37,25,37,25,37,25,37,25,25,37,25,11,37,25,25,11,37,25,11,6,37,11,6 -> output: 258
input: 259 -> message: 31,33,30,30,37,11,6,11,16,37,11,16,11,6,16,37,11,16,37,11,16,11,6,16,37,11,16,37,11,16 -> output: 259
input: 260 -> message: 14,16,16,11,16,16,11,16,11,16,16,11,16,16,11,16,16,11,16,16,11,16,16,11,16,16,11,16,16,11 -> output: 260
input: 261 -> message: 31,33,30,37,37,25,25,37,25,37,25,37,25,37,25,37,25,11,37,25,11,37,25,11,37,25,25,11,37,25 -> output: 261
input: 262 -> message: 14,30,25,25,25,25,25,25,6,37,11,6,11,37,11,6,37,11,6,11,37,11,6,37,11,6,11,37,11,6 -> output: 262
input: 263 -> message: 31,33,33,25,25,25,25,25,6,33,6,11,6,11,6,11,6,11,6,11,6,11,33,6,11,33,33,11,6,11 -> output: 263
input: 264 -> message: 14,37,25,25,25,6,6,37,11,6,11,16,37,11,16,14,11,16,14,11,16,14,11,16,14,11,16,14,11,16 -> output: 264
input: 265 -> message: 25,30,6,25,6,11,6,11,6,11,6,11,6,11,33,6,11,33,6,11,33,6,11,33,6,11,33,6,11,33 -> output: 265
input: 266 -> message: 15,16,16,16,37,16,16,16,11,37,16,16,16,16,11,37,16,16,16,16,16,11,37,16,16,16,16,16,16,16 -> output: 266
input: 267 -> message: 33,31,14,11,16,37,11,16,11,6,16,37,16,11,16,37,11,16,37,16,11,16,37,11,16,37,16,11,16,37 -> output: 267
input: 268 -> message: 31,33,30,25,25,25,25,25,11,6,11,6,11,6,11,6,11,6,11,6,11,6,11,6,11,6,11,6,11,6 -> output: 268
input: 269 -> message: 33,37,11,16,37,11,16,37,11,16,11,16,11,16,37,11,16,11,16,11,16,11,6,16,37,11,16,37,11,16 -> output: 269
input: 270 -> message: 33,11,16,16,11,16,11,16,11,16,11,16,11,16,11,16,11,16,11,16,11,16,11,16,11,16,11,16,11,16 -> output: 270
input: 271 -> message: 22,30,30,11,6,11,11,11,11,11,11,11,11,11,11,11,11,11,11,11,11,11,11,11,11,11,11,11,11,11 -> output: 271
input: 272 -> message: 31,30,16,16,37,16,16,37,16,16,37,16,16,37,16,16,37,16,16,37,16,16,37,16,16,37,16,16,37,16 -> output: 272
input: 273 -> message: 33,30,30,16,16,37,16,16,37,16,16,37,16,16,37,16,16,37,16,16,37,16,16,37,16,16,37,16,16,37 -> output: 273
input: 274 -> message: 33,31,25,25,6,6,33,6,11,6,11,6,11,33,6,11,16,6,11,33,33,6,11,33,33,6,11,33,33,11 -> output: 274
input: 275 -> message: 31,30,30,30,25,25,25,25,11,6,37,30,6,6,11,37,16,6,33,37,16,6,33,37,16,6,33,37,11,16 -> output: 275
input: 276 -> message: 8,31,31,31,31,31,31,33,33,37,25,16,37,25,16,37,11,16,37,16,11,16,6,16,37,16,11,16,37,11 -> output: 276
input: 277 -> message: 31,31,30,30,30,11,11,11,6,11,11,11,11,11,6,11,11,11,11,11,11,11,11,11,11,11,11,11,11,11 -> output: 277
input: 278 -> message: 30,16,11,11,33,11,16,11,11,33,11,16,11,6,11,16,11,11,33,11,16,11,11,33,11,16,11,6,11,16 -> output: 278
input: 279 -> message: 31,30,6,25,6,6,37,11,16,37,11,16,37,11,16,11,6,33,37,11,16,37,11,16,37,11,16,37,11,16 -> output: 279
input: 280 -> message: 30,30,6,6,6,11,6,11,11,6,11,11,6,33,11,11,6,11,11,6,11,11,6,11,11,6,11,6,11,11 -> output: 280
input: 281 -> message: 31,33,30,30,30,30,33,37,16,37,11,16,11,6,16,37,11,16,11,6,16,37,11,16,11,16,11,37,11,16 -> output: 37
input: 282 -> message: 33,33,33,33,33,33,33,33,37,25,11,33,37,16,11,6,37,16,37,16,11,37,16,37,11,16,37,11,16,37 -> output: 282
input: 283 -> message: 31,30,30,30,30,30,6,11,11,6,11,6,11,16,11,6,11,16,37,11,16,11,6,16,37,11,16,11,6,16 -> output: 283
input: 284 -> message: 33,30,16,16,11,16,11,16,11,16,11,16,11,16,11,16,11,16,11,16,11,16,11,16,11,16,11,16,11,16 -> output: 284
input: 285 -> message: 31,33,30,30,37,11,6,11,6,11,37,11,16,37,11,16,37,11,16,37,11,16,11,6,16,37,11,16,37,11 -> output: 259
input: 286 -> message: 33,30,30,30,30,30,6,11,37,11,6,11,16,6,11,16,6,11,16,37,11,16,11,6,11,16,11,6,11,16 -> output: 286
input: 287 -> message: 33,33,33,30,30,6,6,6,37,25,11,6,11,6,11,11,6,11,11,6,11,16,37,11,6,33,16,37,11,6 -> output: 287
input: 288 -> message: 31,30,25,25,25,25,37,11,6,37,11,6,37,11,6,11,37,11,6,33,37,16,37,11,6,33,37,16,37,11 -> output: 288
input: 289 -> message: 14,30,25,25,25,25,25,25,25,6,6,6,11,6,6,11,6,11,6,11,6,11,6,11,6,11,6,11,6,11 -> output: 289
input: 290 -> message: 33,33,11,11,16,11,11,16,11,11,33,37,11,16,11,6,16,16,11,16,37,11,16,11,16,37,11,16,11,16 -> output: 290
input: 291 -> message: 31,30,30,30,30,30,30,16,37,16,16,37,16,16,16,37,16,16,16,37,16,16,16,37,16,16,16,37,16,16 -> output: 291
input: 292 -> message: 33,25,25,6,6,37,11,6,11,16,37,11,16,37,11,16,37,11,16,37,11,16,11,6,33,37,11,16,37,11 -> output: 292
input: 293 -> message: 31,33,30,30,30,30,30,30,6,6,11,6,6,11,6,11,11,6,11,11,6,11,11,11,6,11,11,11,6,11 -> output: 293
input: 294 -> message: 33,30,11,11,11,11,11,11,11,11,11,11,11,11,11,11,11,11,11,11,11,11,11,11,11,11,11,11,11,11 -> output: 294
input: 295 -> message: 31,30,11,37,11,6,11,37,11,6,11,37,11,16,11,37,11,16,11,6,16,37,11,16,11,16,11,37,16,11 -> output: 295
input: 296 -> message: 14,30,11,11,37,11,11,37,16,11,6,16,37,11,16,11,6,16,37,11,16,11,37,16,11,16,11,6,16,37 -> output: 296
input: 297 -> message: 33,31,14,33,33,33,30,30,30,30,30,30,30,37,30,37,25,25,25,25,25,25,11,16,37,25,25,11,16,37 -> output: 297
input: 298 -> message: 31,30,37,25,25,25,25,37,25,25,37,25,25,37,25,25,37,25,25,37,25,25,37,25,25,37,25,25,37,25 -> output: 298
input: 299 -> message: 33,30,37,6,37,11,6,37,11,6,11,37,11,16,37,11,6,11,16,37,11,6,11,16,37,11,16,37,11,6 -> output: 299
input: 300 -> message: 33,33,30,30,30,30,37,37,25,25,37,25,37,25,37,25,37,25,11,37,25,11,37,25,11,37,25,11,37,25 -> output: 300
input: 301 -> message: 31,31,25,25,25,25,6,33,6,33,6,11,6,33,6,11,6,33,33,37,11,6,11,16,33,11,16,6,11,16 -> output: 301
input: 302 -> message: 31,30,30,25,25,25,25,25,25,25,25,25,25,25,25,25,25,25,25,25,25,25,25,25,25,25,25,25,25,25 -> output: 302
input: 303 -> message: 33,31,25,25,25,25,25,25,25,25,25,25,25,25,25,25,25,25,25,25,25,25,25,25,25,25,25,25,25,25 -> output: 303
input: 304 -> message: 30,11,11,11,11,11,11,11,11,11,11,11,11,11,11,11,11,11,11,11,11,6,11,16,11,11,33,11,6,11 -> output: 304
input: 305 -> message: 30,30,11,6,11,6,11,6,11,6,11,6,11,6,11,11,6,11,6,11,6,11,6,11,11,6,11,6,11,11 -> output: 305
input: 306 -> message: 33,30,30,30,30,30,6,11,6,11,11,11,11,11,11,11,6,11,11,11,11,6,11,11,11,11,6,11,11,11 -> output: 306
input: 307 -> message: 31,30,30,30,25,25,25,25,25,25,25,25,25,6,11,6,11,6,6,11,6,6,11,6,6,11,6,11,6,11 -> output: 307
input: 308 -> message: 14,16,16,37,16,16,37,16,16,37,16,16,37,16,16,37,16,16,37,16,16,37,16,16,37,16,16,37,16,16 -> output: 308
input: 309 -> message: 31,33,30,30,30,30,6,37,25,11,16,11,37,11,16,6,11,16,37,11,16,11,6,16,11,6,16,11,6,16 -> output: 309
input: 310 -> message: 31,33,33,30,30,30,30,30,30,30,6,25,25,25,25,11,6,33,6,11,6,11,6,11,6,11,6,11,6,11 -> output: 310
input: 311 -> message: 33,33,30,30,30,30,30,30,25,25,25,25,25,25,25,11,6,33,37,25,11,6,33,37,11,6,11,6,33,37 -> output: 311
input: 312 -> message: 31,14,30,30,37,37,37,25,37,25,37,25,37,25,37,25,37,25,37,16,37,25,37,16,37,16,11,37,11,16 -> output: 312
input: 313 -> message: 30,30,30,30,25,25,25,25,25,25,25,25,25,37,25,25,25,37,25,25,25,16,25,25,37,25,25,25,6,16 -> output: 313
input: 314 -> message: 16,11,16,11,16,11,16,11,16,11,11,33,11,16,11,11,33,37,16,11,6,16,11,16,11,16,11,16,11,16 -> output: 314
input: 315 -> message: 14,14,37,25,25,25,25,6,6,37,11,16,37,11,16,37,11,16,14,11,37,11,16,37,11,16,14,11,16,37 -> output: 315
input: 316 -> message: 25,37,11,6,37,16,37,11,16,37,11,16,37,11,16,37,11,16,37,11,16,37,11,16,37,11,16,37,11,16 -> output: 433
input: 317 -> message: 31,30,30,30,30,37,25,25,25,25,25,37,25,25,37,25,25,37,25,25,37,25,25,11,16,37,25,25,37,11 -> output: 317
input: 318 -> message: 33,37,37,16,37,16,37,16,37,16,37,16,37,16,37,16,37,16,37,16,37,16,37,11,37,16,37,16,37,16 -> output: 318
input: 319 -> message: 33,30,25,25,25,25,25,25,37,25,25,37,25,25,37,25,25,37,25,25,6,37,25,11,37,25,25,6,6,11 -> output: 319
input: 320 -> message: 31,30,30,37,25,25,25,25,6,6,11,37,11,6,11,37,11,6,11,37,11,6,33,37,11,6,11,16,37,11 -> output: 320
input: 321 -> message: 31,30,30,37,37,25,37,25,6,37,16,37,11,16,37,11,16,37,11,6,16,37,11,16,37,11,16,37,11,16 -> output: 321
input: 322 -> message: 31,31,33,30,30,30,30,30,30,33,37,16,37,16,16,16,11,6,16,16,11,6,16,16,11,16,33,11,16,37 -> output: 322
input: 323 -> message: 14,30,30,30,30,30,37,37,25,25,37,25,11,37,16,37,25,11,37,16,37,25,11,16,37,11,6,11,31,11 -> output: 323
input: 324 -> message: 33,30,11,6,11,6,11,6,11,6,11,11,6,11,6,11,37,11,6,11,6,11,11,6,11,11,6,11,11,6 -> output: 324
input: 325 -> message: 33,31,33,25,25,25,25,25,25,6,33,33,6,33,6,11,6,11,31,33,11,6,11,11,6,11,11,6,11,11 -> output: 325
input: 326 -> message: 8,38,14,31,10,30,10,30,10,30,10,30,10,10,30,10,25,25,25,37,25,11,6,16,10,30,37,11,16,6 -> output: 326
input: 327 -> message: 33,33,33,6,25,25,25,11,6,6,11,6,11,11,6,11,33,11,11,6,11,11,6,11,11,6,11,11,6,11 -> output: 327
input: 328 -> message: 14,14,16,37,37,16,37,16,37,16,37,16,37,16,37,16,37,16,37,16,37,16,37,16,37,16,37,16,37,16 -> output: 328
input: 329 -> message: 37,11,6,11,16,11,6,37,16,11,16,11,6,16,37,11,16,11,6,16,37,11,16,11,6,16,11,6,16,11 -> output: 329
input: 330 -> message: 31,30,25,25,25,6,6,11,6,11,6,11,6,11,6,11,6,11,6,11,6,11,6,11,6,11,6,11,33,6 -> output: 330
input: 331 -> message: 14,30,30,30,30,30,16,11,16,11,6,11,16,11,11,16,11,11,16,11,6,11,16,37,11,16,11,16,37,11 -> output: 331
input: 332 -> message: 33,25,25,25,6,6,11,6,11,6,11,33,11,6,11,33,11,11,6,11,11,11,6,11,11,33,11,6,11,11 -> output: 332
input: 333 -> message: 31,33,16,11,16,16,11,16,16,11,16,11,16,16,11,37,16,11,16,16,11,37,16,11,16,37,16,11,16,37 -> output: 333
input: 334 -> message: 31,30,30,6,11,11,6,11,11,11,11,11,11,11,11,6,11,11,11,11,11,11,6,11,11,11,11,6,11,11 -> output: 334
input: 335 -> message: 14,37,37,25,37,25,37,25,37,25,11,37,11,6,37,25,11,6,11,37,11,6,6,37,11,37,11,37,11,16 -> output: 335
input: 336 -> message: 33,33,33,37,25,25,6,37,11,16,37,11,6,11,16,37,11,16,37,11,16,37,11,16,37,11,16,37,11,16 -> output: 336
input: 337 -> message: 33,33,30,25,25,6,11,6,11,6,11,6,11,33,37,11,6,11,16,37,11,6,11,16,37,11,6,11,16,6 -> output: 337
input: 338 -> message: 14,11,16,11,11,11,11,11,33,11,11,33,11,11,33,11,11,33,11,11,33,11,11,33,11,11,33,11,6,11 -> output: 338
input: 339 -> message: 31,14,30,10,30,10,30,25,25,25,25,11,16,37,25,25,11,16,11,6,11,6,11,6,37,11,16,6,33,37 -> output: 339
input: 340 -> message: 33,11,11,11,6,11,16,11,6,11,16,11,6,11,16,37,11,16,11,6,11,16,11,6,11,16,11,6,11,16 -> output: 340
input: 341 -> message: 31,31,33,33,30,30,30,25,25,25,25,25,25,25,25,25,25,25,25,25,25,25,25,25,25,25,25,25,25,25 -> output: 341
input: 342 -> message: 31,33,30,30,30,6,6,6,6,11,6,11,6,11,6,11,11,6,11,11,6,11,11,6,11,11,6,11,11,6 -> output: 342
input: 343 -> message: 31,33,30,30,37,25,6,11,37,11,16,37,11,16,11,6,11,16,37,11,16,37,25,11,16,37,25,11,16,11 -> output: 343
input: 344 -> message: 33,33,33,30,30,30,30,30,30,30,37,25,25,25,25,25,11,37,25,25,11,37,25,25,11,37,25,25,11,37 -> output: 344
input: 345 -> message: 14,30,30,30,25,25,25,25,25,25,25,25,25,25,25,25,25,25,25,25,25,25,25,25,25,25,25,25,25,25 -> output: 345
input: 346 -> message: 33,30,30,11,6,11,11,11,11,11,11,16,11,6,11,16,11,6,11,16,11,6,11,16,11,6,11,16,11,6 -> output: 346
input: 347 -> message: 33,30,30,25,25,25,25,25,25,25,25,25,6,6,33,6,11,6,6,6,11,6,6,11,6,11,6,11,6,11 -> output: 347
input: 348 -> message: 14,30,30,30,25,25,25,25,25,25,25,25,25,25,37,25,25,25,37,25,25,25,37,25,25,37,25,25,25,37 -> output: 348
input: 349 -> message: 14,16,16,16,37,11,16,37,16,16,37,16,16,37,16,16,11,37,16,16,37,16,16,37,16,16,37,16,16,37 -> output: 349
input: 350 -> message: 15,30,30,30,30,30,30,37,16,16,16,16,37,16,16,16,16,16,37,16,16,16,16,16,16,16,16,16,16,16 -> output: 350
input: 351 -> message: 33,30,30,30,37,25,25,25,25,37,25,25,37,25,25,37,25,11,37,25,25,11,37,25,25,11,6,11,37,11 -> output: 351
input: 352 -> message: 14,37,25,6,6,11,6,11,6,11,33,37,11,6,11,33,37,11,6,11,33,37,11,6,11,16,37,11,6,11 -> output: 352
input: 353 -> message: 31,31,33,33,33,33,33,33,25,25,25,11,33,11,33,6,11,6,11,6,11,6,11,6,11,6,11,6,11,6 -> output: 353
input: 354 -> message: 33,30,37,11,37,11,6,37,11,16,11,6,11,37,11,16,37,25,11,16,11,6,11,16,37,11,16,11,6,11 -> output: 354
input: 355 -> message: 33,33,30,30,30,30,30,37,16,37,16,16,37,16,16,37,16,16,37,16,16,37,16,16,37,16,16,16,37,16 -> output: 355
input: 356 -> message: 31,33,33,33,33,33,37,11,6,37,16,11,6,11,37,16,11,6,11,16,37,11,16,16,11,6,16,16,11,6 -> output: 356
input: 357 -> message: 31,30,30,37,37,25,37,25,37,25,37,25,37,25,25,37,25,37,25,25,37,25,11,37,25,11,37,25,11,37 -> output: 357
input: 358 -> message: 14,30,25,25,25,25,25,25,25,25,25,25,25,25,25,25,25,25,25,25,25,25,25,25,25,25,25,25,25,25 -> output: 358
input: 359 -> message: 31,11,11,11,11,11,11,11,11,11,6,11,16,11,6,11,16,11,6,11,16,11,6,11,16,11,6,11,16,11 -> output: 359
input: 360 -> message: 31,33,33,37,16,37,16,37,16,37,16,37,16,37,16,37,16,37,16,11,16,37,16,37,16,37,16,37,16,11 -> output: 360
input: 361 -> message: 33,30,30,30,30,30,30,30,6,25,25,25,11,6,33,37,6,11,6,11,6,11,6,11,6,11,6,11,6,11 -> output: 361
input: 362 -> message: 33,33,30,30,30,30,6,25,25,25,25,11,6,11,6,6,11,6,11,6,11,6,11,6,11,6,11,6,11,6 -> output: 362
input: 363 -> message: 30,30,37,37,25,25,37,25,37,25,37,25,37,25,11,37,25,11,37,25,11,37,25,11,37,25,11,37,25,11 -> output: 363
input: 364 -> message: 33,30,30,30,6,6,11,11,6,11,16,11,11,37,11,16,11,6,37,16,11,6,33,37,16,11,6,33,37,16 -> output: 364
input: 365 -> message: 15,15,15,10,30,31,10,30,30,30,10,30,30,10,30,38,38,25,25,25,25,25,25,37,25,25,37,25,25,37 -> output: 365
input: 366 -> message: 14,14,30,30,30,30,30,30,30,30,30,30,30,10,30,25,25,25,25,25,16,16,16,37,30,16,37,25,16,16 -> output: 366
input: 367 -> message: 30,30,30,6,6,11,6,11,37,16,11,6,11,16,37,11,16,11,6,16,37,11,16,37,11,16,11,6,16,37 -> output: 367
input: 368 -> message: 33,33,33,30,30,30,30,30,30,33,30,33,30,16,11,6,16,11,16,11,6,16,11,16,11,16,11,11,33,16 -> output: 368
input: 369 -> message: 31,30,30,30,30,33,37,11,16,11,6,11,16,11,6,16,11,6,16,11,16,11,6,11,16,37,11,16,11,6 -> output: 369
input: 370 -> message: 33,30,6,6,11,6,11,16,11,6,33,37,11,16,11,6,33,37,16,11,6,33,16,11,6,11,16,11,6,11 -> output: 370
input: 371 -> message: 14,30,30,30,30,25,25,25,25,25,11,6,11,6,11,6,37,11,6,11,6,11,6,11,6,11,16,6,11,6 -> output: 371
input: 372 -> message: 33,30,30,30,6,6,25,6,11,6,11,6,11,6,11,6,11,6,11,6,11,6,11,6,11,6,11,6,11,6 -> output: 372
input: 373 -> message: 14,30,30,30,30,37,37,25,25,25,37,25,37,25,37,25,25,37,37,25,25,37,25,25,37,25,11,37,25,11 -> output: 373
input: 374 -> message: 31,31,30,30,37,37,25,37,25,37,25,11,37,11,37,25,11,37,11,16,11,6,37,11,6,11,37,11,6,11 -> output: 374
input: 375 -> message: 33,33,30,30,30,11,11,11,11,37,11,16,11,6,16,11,16,11,37,16,11,16,11,16,11,6,16,11,16,11 -> output: 375
input: 376 -> message: 25,30,11,6,11,6,11,11,6,11,11,6,11,16,11,6,33,37,11,6,11,16,11,6,11,16,11,6,11,16 -> output: 376
input: 377 -> message: 31,30,30,30,30,30,30,37,25,25,11,37,25,11,16,37,11,6,31,6,11,6,11,37,16,6,11,6,11,6 -> output: 377
input: 378 -> message: 33,11,16,11,11,33,37,11,16,11,6,16,11,16,11,16,11,37,11,16,11,6,16,11,16,11,37,11,16,11 -> output: 378
input: 379 -> message: 33,33,33,30,30,30,30,30,30,37,37,11,37,25,16,11,37,11,16,11,37,11,16,11,37,11,16,11,37,11 -> output: 379
input: 380 -> message: 31,30,30,37,37,37,25,37,11,37,16,37,25,37,16,37,11,37,25,11,37,16,37,11,16,37,25,11,37,16 -> output: 670
input: 381 -> message: 31,30,30,25,25,25,25,25,25,6,11,6,6,11,6,11,6,11,6,11,6,11,6,11,6,11,6,11,6,11 -> output: 381
input: 382 -> message: 33,30,30,30,30,6,11,11,11,16,11,11,11,11,16,11,6,16,11,16,11,37,11,16,37,11,16,11,6,16 -> output: 85
input: 383 -> message: 14,30,30,30,25,25,25,25,25,25,6,6,6,11,6,11,6,11,6,11,6,11,6,11,6,11,6,11,6,11 -> output: 383
input: 384 -> message: 31,31,31,31,33,30,30,30,25,25,25,25,25,25,25,25,25,25,25,25,25,25,25,25,25,25,25,25,25,25 -> output: 384
input: 385 -> message: 31,33,33,33,33,30,6,6,6,11,6,11,6,11,6,11,11,6,11,11,6,11,11,6,11,11,6,11,11,6 -> output: 385
input: 386 -> message: 31,30,37,25,25,37,25,37,25,37,25,6,37,11,6,37,11,6,11,37,11,37,11,6,37,11,37,11,37,11 -> output: 386
input: 387 -> message: 33,14,33,14,30,30,30,30,30,25,25,25,25,25,25,25,25,25,11,6,11,6,11,6,6,11,6,11,6,6 -> output: 387
input: 388 -> message: 14,14,16,16,16,16,37,16,16,16,16,16,16,16,16,16,16,16,16,16,16,16,16,16,16,16,16,16,16,16 -> output: 388
input: 389 -> message: 31,31,30,30,30,30,30,30,33,37,16,16,16,16,16,16,16,16,16,16,16,16,16,16,16,16,16,16,16,16 -> output: 389
input: 390 -> message: 33,33,30,37,30,37,11,6,11,16,37,11,16,11,6,11,16,37,11,16,37,11,16,11,6,16,37,11,16,37 -> output: 390
input: 391 -> message: 30,16,11,37,16,11,37,16,11,16,37,11,16,37,11,16,37,16,11,16,37,16,11,16,11,16,37,16,11,16 -> output: 391
input: 392 -> message: 33,30,30,30,37,30,37,25,11,16,37,11,16,11,6,11,16,37,11,16,37,11,16,37,11,16,11,6,16,37 -> output: 392
input: 393 -> message: 33,30,25,25,25,25,6,37,11,6,37,11,16,37,11,6,11,16,37,11,16,37,11,16,37,11,16,6,33,16 -> output: 393
input: 394 -> message: 30,30,16,37,16,11,16,37,11,16,37,11,16,37,11,16,37,11,16,16,11,37,16,11,16,37,16,11,16,37 -> output: 394
input: 395 -> message: 31,33,37,25,25,6,11,6,37,11,16,37,11,16,37,11,16,37,11,16,11,6,16,37,16,11,16,37,11,16 -> output: 105
input: 396 -> message: 31,30,30,30,30,37,37,25,11,16,37,11,16,11,6,11,16,11,6,11,16,11,6,11,16,11,6,11,16,11 -> output: 396
input: 397 -> message: 33,33,25,25,25,25,25,6,6,33,37,11,6,33,6,11,6,11,33,37,11,6,11,33,37,11,6,11,16,6 -> output: 397
input: 398 -> message: 30,11,6,11,6,11,37,11,16,11,6,11,16,11,6,11,16,11,6,11,16,11,6,11,16,11,6,11,16,11 -> output: 398
input: 399 -> message: 33,30,30,30,30,25,25,25,25,25,25,25,25,11,6,11,33,25,11,6,11,33,6,33,6,33,6,33,6,6 -> output: 399
input: 400 -> message: 14,30,37,25,25,6,6,37,16,37,16,11,16,37,11,16,11,6,16,37,11,16,37,11,16,37,11,16,37,11 -> output: 400
input: 401 -> message: 33,33,33,33,30,30,30,30,30,6,25,25,25,11,16,37,11,6,37,16,6,6,16,37,11,16,37,25,25,11 -> output: 401
input: 402 -> message: 33,31,33,25,25,25,11,6,11,6,11,6,11,6,11,6,11,33,33,11,6,11,11,6,11,11,6,11,11,6 -> output: 402
input: 403 -> message: 33,31,33,33,37,6,37,11,6,37,16,11,6,16,37,11,16,37,16,11,16,37,11,16,37,16,11,16,37,11 -> output: 403
input: 404 -> message: 31,30,30,37,25,25,25,37,11,6,37,11,6,11,37,11,16,37,11,16,37,11,16,37,11,16,11,6,16,37 -> output: 404
input: 405 -> message: 33,30,11,16,11,37,16,11,16,11,37,11,16,11,16,11,6,16,16,11,37,11,16,11,16,11,6,16,11,16 -> output: 405
input: 406 -> message: 14,30,30,16,11,11,11,33,11,16,11,11,33,11,16,11,6,11,16,11,11,33,11,16,11,11,33,11,16,11 -> output: 406
input: 407 -> message: 33,14,33,33,37,37,25,16,37,16,16,37,16,37,11,16,37,16,11,37,16,37,16,37,16,11,16,37,11,16 -> output: 407
input: 408 -> message: 33,33,6,6,6,6,11,6,11,6,11,6,11,6,11,6,33,11,6,11,33,6,11,33,6,11,33,33,6,11 -> output: 408
input: 409 -> message: 14,30,11,6,37,11,6,11,6,11,11,11,11,6,11,37,11,16,6,11,16,37,11,6,16,37,11,16,6,11 -> output: 409
input: 410 -> message: 31,30,30,30,30,37,37,25,37,25,37,25,11,37,25,11,16,37,25,11,16,37,11,6,11,16,37,11,16,37 -> output: 410
input: 411 -> message: 30,30,16,16,16,16,37,16,16,16,37,16,16,16,37,16,16,16,16,37,16,16,16,16,16,16,16,16,16,16 -> output: 411
input: 412 -> message: 14,33,25,25,25,37,16,16,37,11,16,37,25,11,16,37,11,16,37,11,16,37,11,16,37,11,16,37,11,16 -> output: 412
input: 413 -> message: 11,37,11,37,16,37,11,16,37,11,16,37,11,16,37,11,16,37,11,16,37,11,16,37,11,16,37,11,16,37 -> output: 413
input: 414 -> message: 31,14,30,30,30,30,30,30,6,16,37,16,16,16,16,6,16,16,16,16,37,16,16,37,16,16,16,16,16,11 -> output: 414
input: 415 -> message: 14,25,25,25,25,25,25,25,6,6,6,6,11,6,6,11,6,11,6,11,37,11,6,11,16,37,11,16,37,11 -> output: 415
input: 416 -> message: 14,25,25,25,6,6,11,6,11,6,11,6,11,33,11,6,11,33,11,6,11,33,11,6,11,33,11,6,11,33 -> output: 416
input: 417 -> message: 31,14,30,37,25,25,25,11,37,11,6,11,37,11,6,11,6,11,37,11,6,11,16,37,11,6,11,16,37,11 -> output: 417
input: 418 -> message: 33,33,33,33,33,33,30,30,30,30,30,30,30,6,25,25,25,11,16,6,37,16,6,11,16,37,11,16,6,11 -> output: 418
input: 419 -> message: 31,30,30,6,11,11,6,11,11,11,37,11,11,16,11,6,37,16,11,37,16,11,6,37,16,11,37,16,11,37 -> output: 419
input: 420 -> message: 33,30,6,6,11,6,37,11,16,11,6,37,16,11,37,16,11,16,37,11,16,11,6,37,16,11,6,33,16,37 -> output: 420
input: 421 -> message: 33,33,33,33,33,33,30,30,37,30,37,25,25,25,11,37,16,37,25,25,11,37,11,16,37,25,11,16,37,25 -> output: 421
input: 422 -> message: 33,33,30,30,30,37,30,37,25,6,16,37,11,16,11,6,16,37,11,16,37,11,16,37,11,16,37,11,16,37 -> output: 422
input: 423 -> message: 14,30,30,30,16,37,16,37,16,16,11,16,37,16,16,11,16,37,16,16,11,16,37,11,16,11,37,16,37,16 -> output: 423
input: 424 -> message: 33,33,33,25,25,25,25,25,25,25,25,25,25,25,25,25,25,25,25,25,25,25,25,25,25,25,25,25,25,25 -> output: 424
input: 425 -> message: 33,14,33,25,25,25,25,25,25,25,25,25,25,25,25,25,25,25,25,25,25,25,25,25,6,6,6,11,6,11 -> output: 425
input: 426 -> message: 31,14,30,25,25,25,25,25,25,11,6,11,31,11,6,11,6,11,6,11,6,11,6,11,6,11,6,11,6,11 -> output: 426
input: 427 -> message: 6,11,16,37,16,11,16,11,16,11,16,37,11,16,11,16,11,16,37,11,16,11,16,11,16,37,11,16,11,16 -> output: 427
input: 428 -> message: 33,33,30,30,6,6,6,6,6,11,6,11,6,11,6,11,6,11,33,11,6,11,11,6,11,11,6,11,11,6 -> output: 428
input: 429 -> message: 33,30,30,37,25,25,25,37,25,25,37,25,25,37,25,25,37,25,25,37,25,25,37,25,25,37,25,25,37,25 -> output: 429
input: 430 -> message: 31,33,30,30,30,11,11,11,6,11,11,11,16,11,11,33,37,11,16,11,6,33,16,11,6,11,16,11,6,11 -> output: 430
input: 431 -> message: 33,30,30,37,37,37,37,25,37,25,37,25,37,25,37,25,37,25,37,25,37,25,37,25,11,37,25,11,37,25 -> output: 431
input: 432 -> message: 31,30,30,30,6,25,6,6,6,11,6,33,6,11,6,33,37,6,11,6,33,11,6,11,6,11,6,33,16,33 -> output: 432
input: 433 -> message: 25,37,11,37,11,37,16,37,11,16,37,11,16,37,11,16,37,11,16,37,11,16,37,11,16,37,11,16,37,11 -> output: 433
input: 434 -> message: 15,15,33,33,30,30,30,30,30,30,30,30,30,30,6,25,25,25,16,16,16,16,37,25,16,16,31,11,6,16 -> output: 434
input: 435 -> message: 31,30,30,30,33,37,11,37,11,16,11,6,11,16,11,37,11,16,11,6,11,16,11,6,37,11,16,11,6,11 -> output: 435
input: 436 -> message: 31,14,30,37,37,25,37,25,37,25,37,25,37,25,37,25,37,25,6,37,11,16,37,25,6,37,16,37,11,16 -> output: 436
input: 437 -> message: 31,30,30,30,37,11,37,11,16,37,25,37,16,11,37,11,16,11,37,25,16,37,11,16,11,16,11,37,25,11 -> output: 437
input: 438 -> message: 31,30,30,37,37,37,25,37,25,37,11,37,25,37,11,37,25,37,11,37,25,11,37,11,16,11,6,37,11,16 -> output: 670
input: 439 -> message: 33,11,11,11,11,11,11,11,11,11,11,11,11,11,11,11,11,11,11,11,11,6,11,16,11,6,11,16,11,6 -> output: 153
input: 440 -> message: 33,11,37,16,11,11,33,37,16,11,16,11,16,11,6,16,33,37,16,11,16,11,16,11,37,16,11,16,11,37 -> output: 809
input: 441 -> message: 33,31,33,33,11,11,11,11,16,11,6,16,37,11,16,37,11,16,11,16,11,16,37,11,16,11,16,11,16,37 -> output: 441
input: 442 -> message: 33,30,30,6,11,11,6,11,11,11,11,6,11,11,11,6,11,11,11,6,11,11,11,6,11,11,11,6,11,11 -> output: 442
input: 443 -> message: 31,33,33,33,33,6,25,6,11,6,11,6,11,6,11,6,11,6,11,6,11,6,11,6,11,6,11,6,11,6 -> output: 443
input: 444 -> message: 31,30,11,11,37,11,16,11,6,16,33,37,11,16,11,16,11,6,16,11,16,11,6,16,11,16,11,6,16,11 -> output: 444
input: 445 -> message: 31,14,33,14,25,25,25,25,11,11,6,11,6,11,6,11,11,6,11,11,6,11,11,6,11,11,6,11,11,6 -> output: 445
input: 446 -> message: 33,14,30,30,30,30,25,25,25,25,25,25,25,25,25,11,6,11,33,37,25,25,11,11,6,11,33,37,25,25 -> output: 446
input: 447 -> message: 31,14,30,30,30,6,11,6,11,37,11,6,11,16,11,6,11,16,11,6,11,16,11,37,11,16,11,37,11,16 -> output: 447
input: 448 -> message: 31,11,37,37,11,37,25,37,11,37,25,11,37,11,37,25,11,37,11,37,25,11,37,11,37,11,37,25,11,37 -> output: 448
input: 449 -> message: 33,30,30,30,30,30,6,37,25,11,16,6,11,6,37,16,11,6,37,11,16,6,11,16,37,11,6,16,37,11 -> output: 449
input: 450 -> message: 8,25,25,25,25,25,25,25,25,25,25,25,25,25,25,25,25,25,25,25,25,25,25,25,6,6,6,33,6,11 -> output: 450
input: 451 -> message: 31,30,30,30,6,37,11,6,11,6,37,11,16,11,6,37,11,16,11,37,11,16,11,37,11,16,37,11,16,11 -> output: 451
input: 452 -> message: 14,30,30,30,11,16,11,11,16,11,6,16,16,11,16,11,16,11,16,11,16,11,16,11,16,11,16,11,16,11 -> output: 452
input: 453 -> message: 16,37,11,16,37,16,37,16,37,16,37,16,37,16,11,16,37,16,37,16,37,16,37,16,11,16,37,16,37,16 -> output: 453
input: 454 -> message: 25,11,6,11,6,11,33,6,11,33,6,11,33,6,11,33,6,11,33,6,11,33,6,11,33,6,11,33,6,11 -> output: 454
input: 455 -> message: 31,31,33,30,30,30,30,30,25,25,25,25,25,25,25,25,25,25,25,25,25,25,25,25,11,16,11,6,16,37 -> output: 455
input: 456 -> message: 31,33,33,33,30,30,37,30,37,37,25,37,25,11,37,11,16,37,25,11,37,11,6,11,37,11,16,37,25,11 -> output: 456
input: 457 -> message: 33,33,16,37,16,16,37,16,16,11,16,37,16,16,37,16,16,37,16,16,16,37,16,16,37,16,16,16,37,16 -> output: 457
input: 458 -> message: 33,30,37,11,6,37,11,6,37,11,16,37,11,16,11,6,37,16,37,11,16,37,11,16,37,11,16,37,11,16 -> output: 458
input: 459 -> message: 33,30,11,11,37,11,11,16,11,37,11,16,11,6,16,11,37,16,11,16,11,6,16,11,37,11,16,11,6,16 -> output: 459
input: 460 -> message: 14,14,16,10,10,10,10,10,30,10,30,10,30,10,30,30,10,30,30,10,30,30,10,30,10,30,10,30,10,30 -> output: 460
input: 461 -> message: 14,14,30,30,30,38,38,38,25,25,16,10,30,16,10,11,16,10,30,10,11,16,10,30,10,30,10,11,16,10 -> output: 461
input: 462 -> message: 14,30,30,30,30,6,11,6,11,11,11,11,11,11,11,6,11,11,11,16,11,6,11,16,11,6,11,16,11,6 -> output: 462
input: 463 -> message: 14,30,30,30,30,30,25,25,25,25,25,25,25,25,25,25,25,11,16,11,16,10,14,11,31,6,16,11,31,11 -> output: 463
input: 464 -> message: 14,30,37,11,6,25,6,11,16,6,11,16,37,11,16,11,6,11,16,37,11,16,11,6,11,16,37,11,16,14 -> output: 464
input: 465 -> message: 31,30,37,37,11,6,37,11,6,11,37,11,6,37,11,16,37,11,6,11,37,11,16,37,11,6,11,16,37,11 -> output: 465
input: 466 -> message: 14,30,30,37,25,25,25,25,6,6,37,11,16,37,11,6,11,16,37,11,16,14,11,16,14,11,16,14,11,16 -> output: 466
input: 467 -> message: 30,30,30,30,30,6,11,6,6,11,6,11,11,6,11,11,6,11,11,11,6,11,11,11,6,11,11,11,6,11 -> output: 467
input: 468 -> message: 33,30,30,30,30,30,30,37,37,25,25,37,25,11,16,37,25,11,16,37,25,11,16,37,11,6,6,16,37,11 -> output: 468
input: 469 -> message: 33,30,16,16,16,16,16,16,16,16,16,16,16,16,16,16,16,16,11,37,16,16,16,37,16,16,16,37,16,16 -> output: 469
input: 470 -> message: 31,30,37,37,11,37,37,11,37,37,25,37,11,37,11,37,25,37,16,37,11,16,37,11,16,37,11,16,37,11 -> output: 470
input: 471 -> message: 33,33,33,30,30,25,25,25,25,25,25,25,25,6,33,33,6,11,6,6,11,6,6,11,6,11,6,11,6,11 -> output: 471
input: 472 -> message: 14,37,37,25,37,25,37,25,37,25,37,25,37,25,37,25,37,25,37,25,37,25,37,25,37,25,37,25,37,25 -> output: 472
input: 473 -> message: 14,30,30,30,6,6,11,6,11,11,11,6,11,11,11,11,6,11,11,11,6,11,11,6,11,11,11,6,11,11 -> output: 473
input: 474 -> message: 14,30,30,30,30,6,25,25,25,25,11,6,11,6,11,6,6,11,6,11,6,11,6,11,6,11,6,11,6,11 -> output: 474
input: 475 -> message: 31,30,30,30,6,6,25,6,6,11,6,11,6,11,6,11,11,6,11,6,11,11,6,11,11,6,11,11,6,11 -> output: 475
input: 476 -> message: 33,33,33,33,33,25,25,25,11,6,33,33,6,11,6,11,6,11,33,6,11,33,33,6,11,33,33,11,6,11 -> output: 476
input: 477 -> message: 33,37,25,25,25,25,6,37,11,6,37,11,6,37,16,37,16,37,11,16,37,11,16,37,11,16,37,11,16,37 -> output: 477
input: 478 -> message: 31,37,6,11,6,11,11,37,11,6,11,16,37,11,16,6,11,16,37,11,16,6,11,16,37,11,16,6,11,16 -> output: 478
input: 479 -> message: 31,31,31,33,30,30,30,30,25,25,25,25,25,25,25,25,25,25,25,25,25,25,37,25,25,25,25,25,25,25 -> output: 479
input: 480 -> message: 25,31,25,25,25,6,33,33,6,11,6,33,6,11,33,33,11,6,11,16,37,11,16,6,33,16,33,16,33,33 -> output: 480
input: 481 -> message: 33,33,30,30,30,30,37,37,37,37,25,37,25,37,25,37,25,37,25,37,25,37,25,37,25,37,25,37,25,11 -> output: 847
input: 482 -> message: 33,37,6,6,37,11,6,11,37,11,16,37,11,16,37,11,16,37,11,16,37,11,16,37,11,16,37,11,16,37 -> output: 482
input: 483 -> message: 33,33,30,37,25,6,37,11,6,11,37,11,16,37,11,16,37,11,6,11,16,37,11,16,37,11,16,11,6,37 -> output: 483
input: 484 -> message: 14,30,30,30,30,30,30,10,30,25,25,25,25,25,25,25,25,25,16,37,25,25,25,16,37,25,25,25,16,37 -> output: 484
input: 485 -> message: 30,37,37,11,6,37,25,6,37,11,6,37,11,37,11,37,11,6,37,11,16,37,11,16,37,11,16,37,11,16 -> output: 485
input: 486 -> message: 31,30,37,25,25,6,37,11,16,37,11,6,16,37,11,16,37,11,16,11,6,16,37,11,16,37,11,16,11,6 -> output: 486
input: 487 -> message: 33,30,30,37,25,25,37,25,37,25,37,25,37,25,6,37,11,16,37,25,11,16,37,11,16,37,11,16,37,11 -> output: 429
input: 488 -> message: 14,6,6,6,6,6,6,11,6,11,6,11,6,11,6,11,33,37,11,6,11,33,37,11,6,11,33,37,11,6 -> output: 488
input: 489 -> message: 14,30,30,30,30,37,25,25,25,37,25,25,37,16,37,25,11,16,37,11,6,37,25,11,16,37,25,11,6,37 -> output: 489
input: 490 -> message: 33,31,33,33,33,33,25,25,25,25,25,11,33,6,6,33,33,6,11,6,11,6,11,6,33,6,11,6,11,6 -> output: 490
input: 491 -> message: 31,30,30,30,30,33,37,16,37,16,37,16,11,16,11,16,37,11,16,37,16,11,16,11,16,37,11,16,11,16 -> output: 491
input: 492 -> message: 14,30,30,30,6,25,25,6,6,11,6,6,11,6,11,6,11,6,11,6,11,6,11,6,11,6,11,6,11,6 -> output: 474
input: 493 -> message: 31,30,6,6,11,6,11,33,37,11,6,11,16,11,6,16,33,6,16,33,6,16,33,6,16,33,6,16,33,6 -> output: 493
input: 494 -> message: 14,11,6,11,37,11,16,11,6,16,37,11,16,11,6,16,37,11,16,11,6,16,11,6,16,11,6,16,11,6 -> output: 494
input: 495 -> message: 33,16,11,16,16,11,37,16,16,11,16,37,16,11,16,37,16,11,16,37,16,11,16,37,16,11,16,37,16,11 -> output: 495
input: 496 -> message: 31,33,30,30,30,37,25,25,25,37,25,25,37,25,11,37,25,11,16,37,25,11,16,37,25,11,16,37,25,11 -> output: 496
input: 497 -> message: 33,33,33,25,25,6,11,6,11,6,11,37,11,6,11,16,37,11,16,6,11,16,6,33,11,6,33,11,16,6 -> output: 497
input: 498 -> message: 14,30,30,16,11,16,11,16,11,16,11,16,11,16,11,16,11,16,11,16,11,16,11,16,11,16,11,16,11,16 -> output: 498
input: 499 -> message: 31,14,30,30,30,30,6,11,16,11,6,11,16,11,11,16,11,11,16,11,37,11,16,37,11,16,11,16,37,11 -> output: 499
input: 500 -> message: 14,30,30,25,25,25,25,25,25,25,25,6,6,11,6,6,6,11,6,6,11,6,11,6,11,6,11,6,11,6 -> output: 500
input: 501 -> message: 30,11,11,11,37,11,16,11,6,16,33,11,16,11,37,11,16,11,6,16,33,37,11,16,11,6,16,33,37,11 -> output: 501
input: 502 -> message: 31,30,16,11,16,37,16,11,16,37,16,11,16,37,16,16,11,16,37,16,16,11,16,37,16,16,11,16,37,16 -> output: 502
input: 503 -> message: 31,31,30,30,30,30,30,30,33,11,11,11,11,11,11,11,37,11,16,11,6,11,16,11,6,11,16,11,6,16 -> output: 503
input: 504 -> message: 31,14,30,30,30,37,11,37,11,6,37,11,16,11,6,11,16,37,11,6,11,16,11,6,11,16,11,6,11,16 -> output: 504
input: 505 -> message: 31,33,11,11,11,11,11,11,11,11,33,11,6,11,16,37,11,16,11,6,11,16,11,6,11,16,11,6,11,16 -> output: 505
input: 506 -> message: 31,31,17,30,30,30,30,30,30,30,30,30,30,37,30,37,25,25,25,11,16,37,11,6,37,16,6,6,16,37 -> output: 506
input: 507 -> message: 14,16,16,11,11,16,11,16,11,16,11,11,33,11,16,11,11,33,11,16,11,11,33,11,16,11,11,33,11,16 -> output: 507
input: 508 -> message: 33,33,33,25,25,25,25,25,25,25,25,6,33,37,25,37,16,37,25,11,16,37,25,11,16,37,25,25,11,37 -> output: 508
input: 509 -> message: 31,30,30,37,11,37,25,11,37,11,16,6,11,16,37,11,16,6,11,16,37,11,16,6,11,16,37,11,16,11 -> output: 228
input: 510 -> message: 31,33,33,33,33,33,33,33,33,37,37,25,25,25,11,37,11,16,37,25,11,16,37,25,11,16,37,11,16,11 -> output: 510
input: 511 -> message: 31,30,30,30,37,37,11,37,25,16,37,11,16,37,11,16,37,11,16,37,25,37,16,11,37,11,16,11,37,11 -> output: 437
input: 512 -> message: 31,31,30,30,30,30,30,30,30,30,37,37,37,25,25,37,25,37,25,11,16,37,25,25,37,16,37,25,11,37 -> output: 901
input: 513 -> message: 31,33,33,33,30,30,6,6,6,37,11,6,11,16,11,6,11,16,37,11,16,11,6,11,16,37,11,6,16,11 -> output: 513
input: 514 -> message: 33,33,33,30,30,30,30,37,37,25,25,11,37,16,37,25,25,11,37,11,16,37,25,11,16,11,37,11,16,37 -> output: 514
input: 515 -> message: 14,14,33,14,6,25,6,6,11,6,11,6,11,37,11,6,11,16,37,11,6,11,33,37,11,6,16,14,11,33 -> output: 515
input: 516 -> message: 33,30,30,30,30,30,6,11,6,11,11,16,11,6,11,16,11,6,11,16,11,6,11,16,11,6,16,11,6,16 -> output: 516
input: 517 -> message: 14,11,6,11,6,11,37,11,16,11,6,11,16,11,6,11,16,11,6,11,16,11,6,11,16,11,6,11,16,11 -> output: 517
input: 518 -> message: 33,33,30,30,30,30,30,37,30,37,37,25,11,16,31,11,37,25,11,16,37,11,16,11,37,25,11,16,11,37 -> output: 518
input: 519 -> message: 31,30,30,30,37,25,6,11,6,37,11,16,37,11,16,37,11,16,37,11,6,16,37,11,16,37,11,16,11,6 -> output: 519
input: 520 -> message: 33,25,25,25,6,6,33,6,11,6,6,11,6,33,37,11,6,11,33,37,11,6,11,16,37,11,6,11,16,6 -> output: 520
input: 521 -> message: 6,11,16,11,16,11,33,37,11,16,11,16,11,6,16,11,16,11,33,37,11,16,11,6,16,33,11,33,37,11 -> output: 521
input: 522 -> message: 33,33,30,30,30,30,30,25,25,25,25,25,25,25,25,25,25,11,6,11,33,6,11,6,11,6,33,6,11,6 -> output: 522
input: 523 -> message: 33,10,30,30,30,30,30,25,25,25,25,25,25,25,25,37,25,25,37,25,25,37,25,25,37,25,25,37,25,25 -> output: 523
input: 524 -> message: 33,30,30,30,25,25,25,25,11,6,33,37,6,11,6,11,6,11,6,11,6,11,6,11,6,11,6,11,6,11 -> output: 524
input: 525 -> message: 33,33,33,30,30,30,25,25,25,25,25,25,25,25,25,25,25,25,25,25,25,25,25,25,25,25,25,25,25,25 -> output: 525
input: 526 -> message: 31,37,11,37,11,16,11,37,16,11,16,37,11,16,37,11,16,37,11,16,37,11,16,37,11,16,37,11,16,37 -> output: 526
input: 527 -> message: 33,30,30,30,30,16,37,11,16,37,11,16,37,11,16,11,16,37,11,16,11,16,37,11,16,11,37,11,16,11 -> output: 527
input: 528 -> message: 33,33,33,33,33,6,6,6,37,11,6,37,11,37,11,6,37,11,16,37,11,6,11,16,37,11,6,16,37,11 -> output: 528
input: 529 -> message: 33,30,30,11,11,37,11,6,11,37,11,6,11,16,11,6,11,37,11,16,11,6,37,16,11,6,16,37,11,16 -> output: 529
input: 530 -> message: 31,30,25,25,25,25,25,25,25,25,25,25,25,25,25,25,25,25,25,25,25,25,25,25,25,25,25,25,25,25 -> output: 530
input: 531 -> message: 33,37,6,37,11,6,11,37,11,16,37,11,16,37,11,16,37,11,16,37,11,16,37,11,16,37,11,16,37,11 -> output: 531
input: 532 -> message: 33,33,33,33,30,37,37,37,25,37,25,37,25,11,37,25,11,37,25,11,37,25,11,37,25,11,37,11,6,11 -> output: 532
input: 533 -> message: 14,6,25,25,25,25,6,6,6,11,6,11,6,11,6,11,6,11,6,11,6,11,6,11,33,6,11,33,6,11 -> output: 533
input: 534 -> message: 25,11,6,11,16,37,11,16,11,6,11,16,11,6,11,16,11,6,11,16,11,6,11,16,11,6,11,16,11,6 -> output: 534
input: 535 -> message: 33,30,6,6,6,11,6,11,6,11,11,11,6,11,6,11,11,6,11,6,11,11,6,11,6,11,11,6,11,6 -> output: 535
input: 536 -> message: 14,30,30,30,30,6,6,25,6,6,6,11,37,11,6,6,11,6,11,6,11,6,11,37,11,6,11,6,11,6 -> output: 536
input: 537 -> message: 30,30,30,37,25,25,25,25,37,25,37,25,37,25,25,37,25,37,25,25,37,25,11,37,25,11,37,25,11,37 -> output: 537
input: 538 -> message: 30,16,37,16,37,16,11,16,37,11,16,37,16,37,16,37,16,37,16,37,16,11,16,37,11,16,37,16,37,16 -> output: 538
input: 539 -> message: 14,30,25,25,25,25,25,6,6,11,6,6,11,6,11,6,11,6,11,6,11,6,11,6,11,6,11,6,11,6 -> output: 539
input: 540 -> message: 14,31,25,25,25,25,25,25,25,25,25,25,25,25,25,25,25,25,25,25,25,25,25,25,25,25,25,25,25,25 -> output: 540
input: 541 -> message: 31,31,31,33,33,33,33,33,37,25,11,33,6,33,33,6,11,11,11,6,11,11,11,6,11,16,11,6,33,33 -> output: 541
input: 542 -> message: 14,33,30,30,30,6,25,25,25,25,25,11,6,11,6,11,6,11,6,11,6,11,6,11,6,11,6,11,6,11 -> output: 542
input: 543 -> message: 31,31,33,37,25,11,6,11,37,11,16,37,11,16,37,11,16,6,33,16,37,11,16,37,11,16,37,11,16,11 -> output: 543
input: 544 -> message: 14,30,30,30,30,30,37,16,37,16,6,16,37,11,16,37,11,16,11,37,11,16,37,11,16,11,37,11,16,11 -> output: 544
input: 545 -> message: 31,30,30,25,25,25,25,25,25,25,6,11,6,11,6,11,6,11,6,11,6,11,6,11,6,11,6,11,6,11 -> output: 381
input: 546 -> message: 14,31,14,25,6,16,37,11,16,11,6,16,33,11,16,14,11,16,14,11,37,16,11,6,16,37,11,16,14,11 -> output: 546
input: 547 -> message: 33,6,6,6,6,11,6,11,6,11,6,11,33,6,11,33,6,11,33,6,11,33,6,11,33,6,11,33,6,11 -> output: 547
input: 548 -> message: 31,33,33,11,16,37,16,11,16,16,11,16,37,16,11,16,11,16,37,11,16,11,16,37,16,11,16,11,16,11 -> output: 548
input: 549 -> message: 33,33,33,30,30,30,30,30,37,37,25,25,25,25,11,37,25,11,16,37,25,25,11,37,16,37,25,25,11,37 -> output: 549
input: 550 -> message: 7,31,31,31,31,31,31,31,31,17,31,31,17,31,31,31,17,31,31,31,17,31,31,17,31,31,17,31,31,17 -> output: 550
input: 551 -> message: 30,30,37,37,25,37,25,37,25,37,25,37,25,11,37,25,11,37,25,11,6,11,6,11,6,11,37,11,6,11 -> output: 551
input: 552 -> message: 14,30,37,37,37,37,6,37,25,37,25,37,11,37,25,11,37,11,16,37,25,11,37,11,16,37,25,11,37,11 -> output: 552
input: 553 -> message: 14,14,25,25,25,25,25,25,25,25,25,25,25,25,25,25,25,37,25,25,25,25,25,37,25,25,25,37,25,25 -> output: 553
input: 554 -> message: 33,33,33,33,33,6,33,6,11,6,11,33,37,11,11,6,11,16,11,6,11,16,11,6,33,11,16,11,6,11 -> output: 554
input: 555 -> message: 33,31,31,33,33,33,33,33,25,25,25,25,25,25,25,6,33,37,25,25,11,6,33,37,25,11,6,33,33,6 -> output: 555
input: 556 -> message: 33,30,30,6,6,11,11,11,11,6,11,11,11,6,11,16,11,6,33,11,6,11,33,37,11,6,33,11,11,6 -> output: 556
input: 557 -> message: 31,31,33,33,25,25,25,25,25,6,33,33,6,11,6,11,6,11,6,11,6,11,6,11,6,11,6,11,6,11 -> output: 557
input: 558 -> message: 33,16,37,16,37,16,16,37,16,16,37,16,16,37,16,16,37,16,16,37,16,16,37,16,16,37,16,16,37,16 -> output: 558
input: 559 -> message: 14,11,11,11,37,11,16,11,6,11,16,37,11,16,11,6,16,11,6,16,11,6,11,16,37,11,16,11,6,16 -> output: 559
input: 560 -> message: 14,37,11,6,11,16,37,11,16,11,6,16,37,11,16,37,11,16,37,11,16,37,11,16,37,11,16,37,11,16 -> output: 560
input: 561 -> message: 16,31,33,33,33,33,33,33,33,33,33,11,33,11,16,11,33,11,16,33,33,11,16,11,33,11,16,11,33,11 -> output: 561
input: 562 -> message: 33,30,30,37,37,37,25,37,25,37,25,37,11,6,37,11,6,11,37,11,6,11,37,11,16,37,11,16,37,11 -> output: 562
input: 563 -> message: 33,30,30,30,37,25,25,6,37,11,6,11,37,11,6,11,16,37,11,16,37,11,16,6,11,16,37,11,16,6 -> output: 563
input: 564 -> message: 31,14,37,25,25,11,6,11,37,16,37,11,16,37,11,16,14,11,16,37,11,16,14,11,16,37,11,16,14,11 -> output: 564
input: 565 -> message: 31,30,37,25,25,6,6,11,6,11,11,6,11,6,11,16,37,11,6,11,33,37,11,6,11,16,37,11,6,11 -> output: 565
input: 566 -> message: 31,30,30,30,37,11,37,25,11,16,11,37,11,16,6,11,16,37,11,16,11,6,11,16,37,11,16,6,11,16 -> output: 435
input: 567 -> message: 33,30,30,11,11,11,11,11,11,11,11,11,11,11,11,11,11,11,11,11,11,11,11,11,11,11,11,11,11,11 -> output: 567
input: 568 -> message: 33,30,11,11,11,11,11,37,11,16,11,6,16,11,37,16,11,6,16,11,16,11,37,11,16,11,6,16,11,6 -> output: 568
input: 569 -> message: 14,30,30,30,30,37,25,25,25,25,25,25,25,37,25,25,25,6,16,37,11,16,37,25,11,16,37,11,25,11 -> output: 569
input: 570 -> message: 33,37,25,6,6,37,11,16,37,11,16,37,11,6,16,37,11,16,37,11,16,11,6,37,16,11,6,16,37,11 -> output: 570
input: 571 -> message: 14,30,30,30,6,6,6,6,6,6,6,11,6,11,6,11,6,11,6,11,6,11,6,11,6,11,6,11,6,11 -> output: 571
input: 572 -> message: 33,33,33,33,33,33,30,37,30,6,6,37,11,6,11,37,11,16,37,25,11,16,11,6,11,16,37,11,16,11 -> output: 572
input: 573 -> message: 31,33,30,30,37,37,37,37,25,37,37,25,37,11,37,25,11,37,11,37,25,11,37,11,37,25,11,37,11,37 -> output: 573
input: 574 -> message: 31,33,33,33,33,33,37,25,25,25,11,37,33,16,37,25,25,11,37,11,16,37,25,25,11,11,6,11,37,11 -> output: 574
input: 575 -> message: 33,11,6,11,6,11,37,11,16,37,11,16,11,6,37,16,11,16,37,11,16,11,6,16,37,11,16,37,11,16 -> output: 575
input: 576 -> message: 14,30,6,6,11,6,11,37,11,16,6,11,16,37,11,16,11,6,37,16,11,16,14,11,37,16,11,6,16,37 -> output: 576
input: 577 -> message: 33,30,30,30,30,6,11,6,11,11,6,11,16,11,11,6,16,11,11,16,11,6,11,16,11,6,16,11,6,16 -> output: 306
input: 578 -> message: 33,33,33,37,37,37,37,25,37,11,37,25,37,11,37,25,11,37,11,37,25,11,37,11,6,37,11,37,11,37 -> output: 578
input: 579 -> message: 33,31,33,25,25,6,33,37,16,37,16,37,16,37,11,16,37,16,37,16,37,16,37,16,37,16,37,16,37,16 -> output: 579
input: 580 -> message: 33,30,30,30,30,30,30,30,37,30,37,11,37,25,16,11,16,11,31,11,16,37,11,16,6,11,16,37,11,16 -> output: 580
input: 581 -> message: 33,33,30,30,30,16,37,16,37,16,16,37,16,16,37,16,16,37,16,16,37,16,16,37,16,16,37,16,16,37 -> output: 581
input: 582 -> message: 33,30,30,11,6,37,25,11,6,11,16,11,6,37,11,16,11,6,37,16,11,6,16,37,11,16,37,11,16,11 -> output: 582
input: 583 -> message: 16,11,16,16,11,16,37,11,16,37,11,16,37,16,11,16,37,16,11,16,11,16,11,16,37,11,16,37,16,11 -> output: 583
input: 584 -> message: 14,33,30,30,37,37,37,25,6,37,11,16,37,11,16,37,11,16,37,11,16,37,11,16,37,11,16,37,11,16 -> output: 584
input: 585 -> message: 31,33,33,37,37,37,37,37,37,37,11,37,25,37,11,37,25,37,11,37,25,37,11,37,25,11,37,11,6,37 -> output: 585
input: 586 -> message: 33,33,11,11,11,11,11,11,16,11,11,33,11,11,33,11,16,11,6,11,16,11,11,33,11,16,11,11,33,11 -> output: 586
input: 587 -> message: 14,30,25,25,6,6,37,16,11,16,37,11,16,11,6,16,37,11,16,37,11,16,11,6,16,37,11,16,37,11 -> output: 587
input: 588 -> message: 33,30,30,37,25,11,6,37,11,16,11,6,11,37,11,16,37,11,16,11,6,37,11,16,37,11,16,11,6,37 -> output: 588
input: 589 -> message: 33,30,30,30,6,6,6,11,6,37,11,16,11,6,11,16,11,6,11,16,11,6,33,16,11,16,11,6,33,16 -> output: 589
input: 590 -> message: 30,11,37,16,37,16,11,37,16,16,11,37,16,37,16,16,11,37,16,16,37,16,37,16,16,11,16,37,16,11 -> output: 590
input: 591 -> message: 31,33,33,25,25,11,37,11,6,37,11,16,37,11,16,37,11,16,6,33,16,37,11,16,37,11,16,37,11,16 -> output: 591
input: 592 -> message: 33,31,33,33,30,30,30,30,37,25,25,25,37,25,25,11,16,37,25,25,11,37,11,16,37,25,25,11,16,37 -> output: 592
input: 593 -> message: 14,14,25,25,25,25,25,25,25,25,25,25,25,25,25,25,25,25,6,6,11,31,11,6,11,6,11,6,11,37 -> output: 699
input: 594 -> message: 31,14,30,30,30,30,30,30,30,6,6,6,6,11,6,37,11,6,11,6,11,6,11,16,6,11,6,11,6,11 -> output: 244
input: 595 -> message: 14,30,30,6,6,11,6,11,11,11,6,11,11,11,6,11,11,11,6,11,11,6,11,11,6,11,11,11,6,11 -> output: 595
input: 596 -> message: 14,11,37,11,6,11,16,37,11,16,11,6,16,37,11,16,37,11,16,11,6,16,37,11,16,37,11,16,11,6 -> output: 596
input: 597 -> message: 31,33,33,33,33,30,30,30,30,30,30,30,25,25,25,25,25,25,25,25,25,25,25,25,25,25,25,25,25,25 -> output: 597
input: 598 -> message: 33,33,11,11,11,11,11,11,11,11,6,11,16,11,6,11,16,11,6,11,16,11,6,11,16,11,6,11,16,11 -> output: 781
input: 599 -> message: 14,30,30,30,30,30,30,30,30,25,25,25,25,25,16,11,37,11,16,37,25,11,16,11,6,6,37,11,6,11 -> output: 599
input: 600 -> message: 31,16,11,16,16,11,16,37,11,16,37,11,16,37,16,11,16,11,16,37,11,16,11,16,37,11,16,16,11,16 -> output: 600
input: 601 -> message: 33,16,11,11,33,16,11,11,33,16,11,11,33,16,11,11,33,16,11,11,33,37,11,16,11,6,16,33,11,16 -> output: 601
input: 602 -> message: 31,30,30,30,30,30,30,30,16,37,16,16,16,16,16,16,16,16,16,16,16,16,16,16,16,16,16,16,16,16 -> output: 780
input: 603 -> message: 31,33,30,30,25,25,6,11,6,11,6,11,6,11,6,11,6,11,6,11,6,11,6,11,6,11,6,11,6,11 -> output: 603
input: 604 -> message: 33,30,30,6,6,6,6,11,6,11,6,11,6,11,6,11,6,11,11,6,11,6,11,33,6,11,6,11,33,6 -> output: 604
input: 605 -> message: 31,14,14,33,30,30,30,30,30,30,30,30,37,30,25,25,25,25,25,25,25,25,25,16,37,16,25,11,16,37 -> output: 605
input: 606 -> message: 31,33,33,11,11,11,16,11,11,33,11,16,11,11,33,11,16,11,6,11,16,11,6,11,16,11,6,11,16,11 -> output: 732
input: 607 -> message: 33,14,33,33,30,30,30,6,6,6,11,6,11,6,11,6,11,37,11,6,11,11,6,11,11,6,11,11,6,11 -> output: 607
input: 608 -> message: 33,30,30,37,25,6,11,6,37,11,16,37,11,16,37,11,16,37,11,16,37,11,16,11,6,11,16,37,11,16 -> output: 588
input: 609 -> message: 25,11,16,11,37,16,11,16,11,16,11,37,11,16,11,6,16,11,16,37,11,16,11,16,11,6,16,37,11,16 -> output: 609
input: 610 -> message: 33,33,30,30,30,30,30,16,16,16,16,16,16,16,16,16,16,16,16,16,16,16,16,16,16,16,16,16,16,16 -> output: 610
input: 611 -> message: 14,14,25,25,25,25,6,6,6,37,11,6,11,6,11,16,37,11,16,6,11,16,37,11,16,37,11,16,6,11 -> output: 611
input: 612 -> message: 31,33,30,30,30,6,25,25,25,25,25,11,6,11,6,11,6,11,6,11,6,11,6,11,6,11,6,11,6,11 -> output: 612
input: 613 -> message: 33,33,33,33,30,30,6,6,6,6,6,11,6,33,6,11,11,6,11,11,6,11,11,6,11,11,6,11,11,6 -> output: 613
input: 614 -> message: 10,14,33,30,30,30,6,25,25,25,25,11,11,6,11,33,11,31,11,31,11,31,25,25,25,11,16,11,6,11 -> output: 614
input: 615 -> message: 33,6,11,11,33,37,11,16,11,6,33,16,11,6,33,16,11,6,11,16,11,6,11,16,11,6,11,16,11,6 -> output: 615
input: 616 -> message: 33,33,33,33,30,30,30,30,30,37,30,37,37,37,25,25,16,37,16,37,25,25,37,16,37,11,16,11,37,11 -> output: 616
input: 617 -> message: 33,11,6,11,6,11,16,11,6,11,33,37,11,6,11,16,11,6,11,16,11,6,11,33,37,11,6,11,16,11 -> output: 617
input: 618 -> message: 31,30,30,6,25,25,6,37,11,6,11,16,37,11,16,11,6,33,37,11,16,11,6,33,37,11,16,37,11,16 -> output: 618
input: 619 -> message: 31,14,33,30,30,30,30,37,37,37,37,25,16,37,16,16,37,16,16,16,16,16,16,16,16,16,16,16,16,16 -> output: 619
input: 620 -> message: 33,30,30,30,37,37,11,6,37,16,6,37,16,11,6,16,37,11,16,37,11,16,37,11,16,37,11,16,37,11 -> output: 730
input: 621 -> message: 33,6,6,6,6,6,6,6,11,6,33,6,11,6,11,6,11,6,11,6,11,33,6,11,33,6,11,33,6,11 -> output: 621
input: 622 -> message: 14,30,16,16,37,16,16,37,16,16,37,16,16,37,16,16,37,16,16,37,16,16,37,16,16,37,16,16,37,16 -> output: 622
input: 623 -> message: 37,30,37,25,6,11,6,37,11,37,11,37,16,37,11,16,37,11,16,37,11,16,37,11,16,37,11,16,37,11 -> output: 623
input: 624 -> message: 14,30,37,25,25,37,25,37,25,11,37,25,11,6,37,11,6,6,37,11,6,11,37,11,6,11,37,11,37,11 -> output: 624
input: 625 -> message: 33,33,6,6,11,6,11,11,11,6,11,33,11,11,6,11,11,11,6,11,11,11,6,11,11,11,6,11,11,11 -> output: 625
input: 626 -> message: 16,16,16,11,16,16,37,16,16,37,16,16,37,16,16,37,16,16,37,16,16,37,16,16,37,16,16,16,11,16 -> output: 626
input: 627 -> message: 14,6,6,11,11,6,11,11,11,6,11,11,6,11,11,11,6,11,11,11,6,11,11,11,11,6,11,11,11,11 -> output: 627
input: 628 -> message: 12,14,30,10,30,25,25,25,25,6,6,16,37,11,16,6,11,16,33,6,33,6,33,11,16,33,6,33,33,33 -> output: 628
input: 629 -> message: 31,31,33,30,30,25,25,25,25,25,25,6,11,6,37,11,6,11,6,33,37,11,6,11,6,11,6,11,6,11 -> output: 629
input: 630 -> message: 31,30,30,11,37,11,6,11,16,11,6,37,11,16,11,6,11,16,11,37,11,16,11,6,37,16,11,16,37,11 -> output: 630
input: 631 -> message: 33,11,11,6,11,11,6,11,11,6,11,11,6,11,11,11,6,11,11,11,6,11,11,11,6,11,11,11,6,11 -> output: 631
input: 632 -> message: 14,14,25,25,25,25,25,6,11,6,11,6,11,11,6,11,11,6,11,11,6,11,11,11,6,11,11,6,11,16 -> output: 632
input: 633 -> message: 33,14,33,30,30,30,30,30,6,25,25,25,25,25,11,6,11,6,6,11,6,11,6,11,6,11,6,11,6,11 -> output: 633
input: 634 -> message: 14,6,6,11,6,11,11,6,11,33,37,11,6,11,16,6,11,33,37,11,6,16,33,6,11,33,33,6,11,16 -> output: 634
input: 635 -> message: 31,33,33,30,30,30,37,37,37,25,25,37,25,37,25,37,25,37,25,11,37,25,11,37,25,11,37,25,11,16 -> output: 635
input: 636 -> message: 33,30,30,30,30,37,37,37,16,37,16,37,16,37,16,37,16,37,16,37,16,37,16,37,16,37,16,37,16,37 -> output: 636
input: 637 -> message: 33,33,30,30,25,25,25,25,25,11,6,11,6,6,11,6,11,6,11,6,11,6,11,6,11,6,11,6,11,6 -> output: 637
input: 638 -> message: 33,6,6,37,16,11,6,33,16,37,11,16,37,11,16,37,11,16,11,6,33,16,37,11,16,37,11,16,37,11 -> output: 638
input: 639 -> message: 31,31,31,31,31,17,25,25,25,25,25,11,16,37,25,25,11,16,11,6,37,11,16,37,11,16,11,6,16,11 -> output: 247
input: 640 -> message: 33,30,30,30,30,6,6,11,6,11,11,11,11,11,6,11,11,11,6,11,16,11,6,11,16,11,6,33,11,6 -> output: 640
input: 641 -> message: 31,14,33,33,30,30,30,25,25,25,25,25,25,25,25,25,25,25,25,25,25,25,25,25,25,25,25,25,25,25 -> output: 641
input: 642 -> message: 31,30,30,6,6,11,6,11,11,11,11,6,11,37,11,16,11,6,33,37,11,16,11,6,33,37,11,16,6,11 -> output: 642
input: 643 -> message: 33,30,30,30,30,6,11,11,11,11,11,11,6,11,16,11,6,11,16,11,6,11,16,11,6,11,16,11,6,11 -> output: 643
input: 644 -> message: 33,33,33,33,33,33,30,30,30,6,6,25,25,11,6,33,37,11,6,33,16,11,6,33,16,33,11,16,33,11 -> output: 644
input: 645 -> message: 31,33,33,33,37,11,6,6,11,6,11,6,11,6,11,11,6,11,11,6,11,11,6,11,11,6,11,11,6,11 -> output: 645
input: 646 -> message: 14,14,30,30,30,30,30,30,30,6,25,25,25,25,25,25,25,25,11,6,11,6,11,6,6,6,33,37,11,6 -> output: 646
input: 647 -> message: 33,30,6,11,11,11,37,11,16,11,6,37,16,11,6,37,16,11,6,16,37,11,16,11,6,16,37,11,16,11 -> output: 647
input: 648 -> message: 33,33,30,30,25,25,25,25,25,25,25,6,6,33,37,11,6,33,37,16,37,11,16,37,11,16,37,11,6,11 -> output: 648
input: 649 -> message: 25,6,6,16,37,11,16,6,11,16,37,11,16,11,6,33,16,37,11,16,11,6,33,16,37,11,16,11,6,16 -> output: 156
input: 650 -> message: 31,14,30,30,30,6,25,25,25,25,25,11,37,25,11,6,11,37,11,6,11,37,11,6,11,37,11,6,6,11 -> output: 857
input: 651 -> message: 31,33,33,33,6,6,6,33,6,11,11,6,11,33,37,11,16,37,11,16,11,6,33,11,16,11,6,11,16,37 -> output: 651
input: 652 -> message: 33,30,6,11,6,11,6,11,6,11,6,11,6,11,6,11,6,11,37,11,6,11,16,37,11,6,33,37,11,16 -> output: 324
input: 653 -> message: 33,33,37,25,11,37,11,6,37,11,37,11,16,37,11,6,37,16,37,11,16,37,11,16,37,11,16,37,11,16 -> output: 653
input: 654 -> message: 30,37,16,37,16,37,16,37,16,37,16,37,16,37,16,37,16,37,16,16,37,16,16,37,16,16,37,16,16,37 -> output: 654
input: 655 -> message: 31,33,33,33,30,30,30,25,25,25,25,25,25,25,25,11,6,11,6,33,6,11,6,33,6,11,6,11,6,11 -> output: 655
input: 656 -> message: 33,30,37,25,6,6,11,6,11,37,11,6,11,16,37,11,16,37,11,6,37,16,37,11,16,37,11,16,37,11 -> output: 656
input: 657 -> message: 14,16,11,11,16,11,16,11,6,16,11,16,11,37,16,11,16,11,6,16,11,37,16,11,16,11,6,16,11,37 -> output: 657
input: 658 -> message: 33,30,30,30,30,6,25,25,6,37,11,6,37,16,6,33,37,6,11,6,33,37,6,11,16,37,25,11,16,37 -> output: 658
input: 659 -> message: 31,33,33,33,37,25,6,11,6,11,37,11,6,11,16,37,11,16,6,11,16,37,11,16,6,33,16,11,6,33 -> output: 659
input: 660 -> message: 33,33,30,11,11,37,11,37,11,11,11,11,11,37,11,16,11,6,11,16,11,6,16,37,11,16,11,37,16,11 -> output: 660
input: 661 -> message: 14,25,25,25,6,6,37,11,6,11,16,37,11,6,11,16,37,11,16,14,11,37,11,16,37,11,16,14,11,37 -> output: 661
input: 662 -> message: 25,33,33,6,11,16,33,6,16,33,33,33,16,37,11,16,11,6,16,33,11,16,37,11,16,11,6,16,11,6 -> output: 662
input: 663 -> message: 31,30,30,37,37,11,37,11,37,11,16,37,25,11,37,16,37,25,11,16,37,11,16,37,25,11,16,37,11,16 -> output: 228
input: 664 -> message: 30,30,30,30,30,30,6,37,11,6,11,16,11,6,11,16,11,6,16,11,6,16,11,6,16,11,6,16,11,6 -> output: 664
input: 665 -> message: 33,30,11,6,11,11,11,11,11,6,11,11,11,11,11,6,11,11,11,11,6,11,11,11,6,11,11,11,11,6 -> output: 665
input: 666 -> message: 31,30,30,30,30,37,25,25,25,25,37,25,25,37,25,25,37,25,25,37,25,25,11,16,37,25,11,37,25,25 -> output: 317
input: 667 -> message: 30,30,6,11,11,11,11,11,6,11,11,11,11,11,6,11,11,11,11,11,6,11,11,11,11,11,6,11,11,11 -> output: 667
input: 668 -> message: 31,14,30,30,30,30,37,37,25,25,16,37,16,37,25,11,16,37,11,16,37,25,11,16,37,11,16,37,25,11 -> output: 619
input: 669 -> message: 14,30,30,30,30,30,30,37,16,37,16,16,37,16,16,37,16,16,16,37,16,16,37,16,16,16,37,16,16,16 -> output: 669
input: 670 -> message: 31,30,30,37,37,37,25,37,37,25,37,11,37,25,37,11,37,25,11,37,11,37,25,11,37,11,6,37,11,6 -> output: 670
input: 671 -> message: 31,31,31,31,31,33,33,30,30,25,25,25,25,25,25,25,25,25,25,25,25,25,25,25,25,25,25,25,25,25 -> output: 671
input: 672 -> message: 33,30,30,6,6,6,11,6,11,11,6,11,11,11,11,6,11,11,11,6,11,11,6,11,11,6,11,11,6,11 -> output: 672
input: 673 -> message: 10,14,30,30,30,25,25,25,25,25,25,25,25,25,25,25,25,11,6,11,31,11,31,11,31,25,25,25,11,6 -> output: 673
input: 674 -> message: 33,33,33,33,33,33,30,30,30,6,6,25,25,25,11,6,33,37,11,6,11,16,33,6,11,33,33,33,33,33 -> output: 644
input: 675 -> message: 14,33,30,30,30,30,30,37,25,25,25,11,37,16,37,25,25,11,37,11,6,6,37,16,6,11,37,6,6,11 -> output: 675
input: 676 -> message: 14,30,30,30,30,16,37,16,16,37,16,16,11,37,16,16,11,16,11,37,16,16,11,16,11,37,16,16,11,6 -> output: 544
input: 677 -> message: 31,33,33,33,25,25,25,25,6,6,33,6,11,6,11,6,11,6,11,6,11,6,11,6,11,6,11,6,11,6 -> output: 677
input: 678 -> message: 31,30,30,30,30,30,30,37,25,25,25,16,37,16,37,25,25,11,16,37,11,16,37,11,16,37,11,16,37,11 -> output: 678
input: 679 -> message: 31,31,33,33,30,30,30,30,37,37,25,11,16,37,25,11,16,11,6,16,37,11,16,37,11,16,37,11,16,37 -> output: 679
input: 680 -> message: 33,31,30,25,25,25,25,25,25,25,25,25,25,25,25,25,25,25,25,25,25,25,25,25,25,25,25,25,25,25 -> output: 680
input: 681 -> message: 11,6,11,11,16,11,6,37,11,16,37,11,16,11,6,16,37,11,16,11,6,16,33,37,11,16,11,6,16,33 -> output: 681
input: 682 -> message: 16,16,37,16,37,16,16,37,16,16,37,16,16,37,16,16,37,16,16,37,16,16,37,16,16,37,16,16,37,16 -> output: 682
input: 683 -> message: 14,30,30,30,11,37,11,16,6,11,16,37,11,16,11,6,16,11,6,11,16,37,11,16,11,6,16,37,11,16 -> output: 683
input: 684 -> message: 31,33,11,11,11,11,11,11,11,11,11,11,11,11,11,11,11,11,11,11,11,11,11,11,11,11,11,11,11,11 -> output: 732
input: 685 -> message: 33,30,30,30,30,6,6,6,11,6,11,6,11,16,6,11,16,6,11,16,11,6,33,37,11,16,11,6,11,16 -> output: 685
input: 686 -> message: 33,30,30,30,30,37,37,25,37,25,37,25,37,37,25,37,11,37,25,11,37,11,16,37,25,11,16,37,11,16 -> output: 686
input: 687 -> message: 14,30,30,30,30,6,37,11,6,11,16,6,11,16,6,16,37,11,16,11,6,16,37,11,16,11,6,16,37,11 -> output: 687
input: 688 -> message: 31,33,30,25,6,11,6,11,6,11,6,11,6,11,33,37,11,6,11,11,6,11,11,6,11,11,6,11,11,6 -> output: 688
input: 689 -> message: 31,30,30,37,25,6,11,16,11,6,11,16,37,11,16,11,6,11,16,37,11,16,11,6,16,37,11,16,37,11 -> output: 689
input: 690 -> message: 33,33,30,30,37,37,25,6,37,11,16,37,11,16,37,25,11,16,37,11,16,37,25,11,16,37,11,16,37,25 -> output: 690
input: 691 -> message: 14,25,25,25,25,25,25,25,25,25,25,6,6,6,6,6,6,6,6,6,6,11,6,11,6,11,6,11,6,11 -> output: 691
input: 692 -> message: 33,31,33,33,25,25,25,25,25,25,25,25,25,25,25,25,25,25,25,25,25,25,25,25,25,25,25,25,25,25 -> output: 692
input: 693 -> message: 14,30,30,30,30,30,30,16,37,16,16,16,16,16,16,16,16,16,16,16,16,16,16,16,16,16,16,16,16,16 -> output: 693
input: 694 -> message: 31,30,6,25,11,16,11,6,11,16,37,11,16,11,6,16,37,11,16,37,11,16,11,6,16,37,11,16,11,6 -> output: 694
input: 695 -> message: 33,30,30,37,11,37,11,6,37,11,16,11,6,11,16,37,11,16,11,6,37,11,16,37,11,16,11,6,37,16 -> output: 942
input: 696 -> message: 31,30,25,25,25,25,25,6,6,37,11,6,11,6,11,6,11,6,11,6,11,37,6,11,16,6,33,37,11,16 -> output: 696
input: 697 -> message: 31,33,30,30,30,37,37,25,25,37,16,37,25,37,16,37,25,11,37,25,11,37,16,37,25,11,37,25,11,37 -> output: 697
input: 698 -> message: 31,30,30,30,30,6,6,37,25,11,16,11,6,16,11,6,16,11,6,16,11,6,16,37,11,16,11,16,11,6 -> output: 698
input: 699 -> message: 14,14,25,25,25,25,25,25,25,25,25,6,6,11,6,6,11,6,11,6,11,6,11,31,11,6,11,16,37,11 -> output: 699
input: 700 -> message: 33,37,25,6,6,11,6,11,6,11,16,37,11,16,37,11,6,11,16,37,11,6,11,16,6,11,16,37,11,16 -> output: 570
input: 701 -> message: 33,33,33,6,6,6,33,33,6,11,33,6,11,33,6,11,11,6,33,11,6,11,33,33,37,11,16,11,6,11 -> output: 701
input: 702 -> message: 31,33,37,11,37,16,37,16,11,37,16,37,16,37,16,37,16,37,16,37,16,37,16,37,16,37,16,37,16,37 -> output: 702
input: 703 -> message: 14,30,37,25,25,25,37,25,37,25,25,37,25,11,37,25,11,16,37,25,11,16,37,25,11,16,37,25,11,16 -> output: 703
input: 704 -> message: 14,30,30,25,25,25,25,25,6,6,11,6,6,11,6,11,6,11,6,11,6,11,6,11,6,11,6,11,6,11 -> output: 839
input: 705 -> message: 31,11,11,6,37,16,11,16,11,37,11,16,11,6,16,37,11,16,11,16,11,6,16,11,16,37,11,16,11,16 -> output: 705
input: 706 -> message: 31,30,37,37,11,37,25,37,25,37,25,37,11,37,25,11,37,25,11,37,25,11,37,25,11,6,16,37,11,6 -> output: 706
input: 707 -> message: 31,17,17,30,30,30,30,30,30,6,6,25,11,6,16,11,6,11,16,6,11,16,6,11,16,6,11,16,6,11 -> output: 707
input: 708 -> message: 31,30,30,37,25,6,11,6,37,11,16,37,11,16,37,11,16,37,11,16,11,6,16,37,11,16,37,11,16,11 -> output: 741
input: 709 -> message: 31,33,30,30,30,37,37,37,37,37,37,25,37,11,37,11,37,25,11,37,11,37,11,37,25,37,11,37,11,37 -> output: 709
input: 710 -> message: 14,14,30,30,30,30,30,30,30,30,6,25,25,25,11,16,11,6,11,6,11,6,11,6,11,6,11,6,11,37 -> output: 710
input: 711 -> message: 33,37,11,6,11,16,37,11,16,14,11,37,16,11,6,16,37,11,16,37,11,16,37,11,16,37,11,16,37,11 -> output: 711
input: 712 -> message: 33,30,6,25,25,6,37,11,6,37,16,37,11,16,37,11,16,37,11,16,37,11,16,37,11,16,37,11,16,37 -> output: 712
input: 713 -> message: 31,30,11,6,11,11,11,37,11,6,16,37,11,16,11,6,16,37,11,16,11,6,16,37,11,16,11,6,16,37 -> output: 713
input: 714 -> message: 30,6,6,6,11,6,11,16,37,11,16,6,11,16,37,11,16,11,6,33,37,16,11,6,33,16,37,11,16,37 -> output: 714
input: 715 -> message: 31,33,33,30,30,25,25,25,25,25,25,11,6,11,6,11,6,6,33,6,11,6,11,6,11,6,11,6,11,6 -> output: 715
input: 716 -> message: 15,30,30,30,30,16,16,37,16,16,37,16,16,16,37,16,16,16,37,16,16,37,16,16,37,16,16,37,16,16 -> output: 716
input: 717 -> message: 11,16,37,11,16,11,16,11,16,11,16,37,11,16,11,16,11,6,16,37,11,16,37,11,16,11,16,11,16,11 -> output: 717
input: 718 -> message: 14,30,30,37,11,6,11,37,11,16,6,11,37,11,16,11,6,37,11,16,11,6,37,11,16,11,6,37,16,11 -> output: 718
input: 719 -> message: 14,30,30,6,25,6,6,37,11,6,16,37,11,16,37,11,16,37,11,16,11,6,11,16,37,11,16,14,11,16 -> output: 719
input: 720 -> message: 33,30,30,30,37,11,37,11,37,25,37,16,11,37,11,16,37,25,37,16,11,37,25,11,16,11,37,11,16,11 -> output: 995
input: 721 -> message: 31,30,30,30,30,30,6,6,6,6,6,6,11,6,11,6,11,6,11,6,11,6,11,6,11,6,11,6,11,6 -> output: 33
input: 722 -> message: 31,33,33,30,30,37,37,25,25,25,25,37,25,25,37,25,25,37,11,16,37,25,11,37,25,25,11,16,37,25 -> output: 496
input: 723 -> message: 14,30,30,30,30,30,30,37,25,25,25,25,25,25,25,25,25,37,25,25,25,37,25,25,37,25,25,37,25,25 -> output: 723
input: 724 -> message: 25,25,6,6,6,11,6,11,33,6,11,33,11,6,11,33,11,6,11,33,11,6,11,6,11,33,11,6,11,6 -> output: 724
input: 725 -> message: 31,11,16,11,11,16,11,16,11,11,33,37,16,11,16,11,6,16,11,16,11,37,16,11,16,11,6,16,11,16 -> output: 725
input: 726 -> message: 33,31,14,33,37,25,25,11,6,11,6,11,11,37,11,6,11,16,37,11,16,11,6,16,33,6,11,16,33,6 -> output: 726
input: 727 -> message: 14,11,37,11,16,11,16,11,6,16,37,11,16,11,16,11,6,16,37,11,16,11,16,11,6,16,37,11,16,11 -> output: 727
input: 728 -> message: 33,33,30,30,30,30,6,11,6,11,16,11,6,11,16,11,6,11,16,11,6,11,16,11,6,16,33,37,11,16 -> output: 728
input: 729 -> message: 30,6,25,25,25,6,6,11,6,11,6,11,6,11,6,11,6,11,6,11,6,11,6,11,6,11,6,11,6,11 -> output: 729
input: 730 -> message: 33,30,30,37,11,37,11,37,25,37,11,16,11,37,25,11,16,37,11,16,11,6,37,16,11,16,11,6,37,16 -> output: 730
input: 731 -> message: 17,14,14,14,30,30,30,30,6,6,25,25,6,11,6,6,37,16,6,11,6,11,6,11,6,11,6,11,6,11 -> output: 731
input: 732 -> message: 31,33,11,11,11,11,11,11,11,11,11,11,11,11,11,11,11,11,11,11,11,11,11,11,11,11,11,11,11,11 -> output: 732
input: 733 -> message: 33,31,33,30,25,25,25,25,25,25,25,25,25,25,25,25,25,25,25,25,25,25,25,25,25,25,25,25,25,25 -> output: 733
input: 734 -> message: 14,30,6,6,6,11,6,11,6,11,11,6,11,33,6,11,33,6,11,33,6,11,33,37,11,6,11,11,11,11 -> output: 734
input: 735 -> message: 31,30,37,11,6,37,11,6,11,37,11,16,37,11,16,11,6,37,16,11,6,11,16,37,11,16,37,11,16,37 -> output: 465
input: 736 -> message: 33,33,30,37,25,6,11,6,37,11,16,37,11,16,37,11,16,37,11,16,37,11,16,11,6,11,16,37,11,16 -> output: 736
input: 737 -> message: 31,30,30,30,11,11,11,11,6,11,16,11,11,33,11,16,11,6,11,16,11,6,11,16,11,6,11,16,11,6 -> output: 737
input: 738 -> message: 31,30,30,6,11,6,11,11,6,11,11,11,11,11,11,6,11,11,11,6,11,16,11,6,11,33,37,11,6,11 -> output: 738
input: 739 -> message: 6,25,25,25,25,25,25,25,25,25,25,25,25,25,25,25,25,25,25,25,25,25,25,25,6,6,6,6,6,6 -> output: 739
input: 740 -> message: 31,30,30,11,11,37,11,6,11,16,11,6,11,16,11,6,16,37,11,16,11,6,16,37,11,16,11,6,16,37 -> output: 740
input: 741 -> message: 31,30,30,37,25,6,37,11,16,37,11,16,37,11,16,37,11,16,37,11,16,11,6,11,16,37,11,16,37,11 -> output: 844
input: 742 -> message: 31,33,11,11,11,11,11,11,11,11,11,11,11,11,11,11,11,11,11,11,11,11,11,11,11,11,11,11,11,11 -> output: 732
input: 743 -> message: 31,30,30,25,25,25,6,6,37,11,16,37,11,16,11,6,11,16,37,11,16,11,6,33,16,37,11,16,37,11 -> output: 743
input: 744 -> message: 33,30,30,30,6,25,25,6,37,11,6,33,37,16,6,33,37,16,6,11,16,33,6,16,33,11,16,33,11,6 -> output: 744
input: 745 -> message: 11,16,37,16,37,16,16,37,16,16,37,16,16,16,11,16,37,16,16,37,16,16,37,16,16,37,16,16,37,16 -> output: 745
input: 746 -> message: 31,11,11,37,11,37,16,11,6,16,11,16,37,11,16,11,16,11,6,16,33,37,11,16,11,6,16,33,37,11 -> output: 219
input: 747 -> message: 14,33,14,33,10,25,25,25,25,25,37,25,25,25,37,25,25,37,25,25,25,37,25,25,37,25,25,37,25,25 -> output: 747
input: 748 -> message: 33,30,37,16,37,37,16,37,16,37,16,37,16,37,16,37,16,37,16,37,16,37,16,37,16,37,16,37,16,37 -> output: 748
input: 749 -> message: 33,30,30,30,30,37,16,37,16,37,16,37,16,11,16,37,11,16,37,16,16,11,16,37,11,16,37,16,11,16 -> output: 749
input: 750 -> message: 33,30,30,30,6,11,37,11,6,11,37,11,16,11,6,37,11,16,11,6,37,11,16,11,6,37,16,11,6,37 -> output: 750
input: 751 -> message: 31,14,30,30,30,30,6,25,25,25,25,11,6,11,6,11,6,6,11,6,11,6,11,6,11,6,11,6,11,6 -> output: 751
input: 752 -> message: 14,30,37,25,6,11,6,37,11,16,37,11,16,37,11,16,37,11,16,14,11,16,37,11,16,11,6,11,16,37 -> output: 752
input: 753 -> message: 33,30,30,30,37,37,37,25,37,25,37,37,25,37,11,37,25,37,11,37,25,11,37,11,37,25,11,37,11,6 -> output: 753
input: 754 -> message: 31,30,30,6,11,11,11,11,11,11,6,11,11,11,11,11,11,11,11,11,11,11,11,11,11,11,11,11,11,11 -> output: 754
input: 755 -> message: 31,31,31,14,14,17,14,17,14,33,33,33,33,33,33,33,33,14,30,37,30,37,25,25,25,25,11,16,6,11 -> output: 755
input: 756 -> message: 33,37,25,6,11,6,11,6,11,6,11,33,37,11,6,11,11,6,11,37,11,6,11,37,11,6,11,16,6,11 -> output: 756
input: 757 -> message: 37,37,16,37,16,37,16,37,16,37,16,37,16,37,16,37,16,37,16,37,16,37,16,37,16,37,16,37,11,16 -> output: 757
input: 758 -> message: 14,16,16,16,16,16,16,16,16,16,16,16,16,16,16,16,16,16,16,16,16,16,16,16,16,16,16,16,16,16 -> output: 758
input: 759 -> message: 14,33,30,37,11,37,11,6,11,37,11,6,11,37,16,37,11,6,16,37,11,16,37,11,16,11,6,16,37,11 -> output: 759
input: 760 -> message: 33,33,30,6,37,25,6,11,6,11,6,11,16,37,11,6,11,16,37,11,6,11,16,37,11,16,37,11,16,37 -> output: 760
input: 761 -> message: 33,30,30,30,6,6,11,6,37,11,6,11,16,37,11,16,11,6,37,11,16,11,37,11,16,37,11,16,11,6 -> output: 761
input: 762 -> message: 29,30,25,25,25,25,25,25,25,25,25,25,25,25,25,25,25,25,25,25,25,25,25,25,25,25,25,25,25,25 -> output: 762
input: 763 -> message: 31,30,30,6,6,6,6,11,6,11,6,11,37,11,6,11,11,6,11,11,6,33,16,6,11,33,37,11,16,6 -> output: 763
input: 764 -> message: 33,30,30,30,30,30,6,25,25,25,11,6,33,6,11,6,33,6,11,6,11,6,11,6,11,6,11,6,11,6 -> output: 165
input: 765 -> message: 31,33,33,37,37,25,25,37,25,11,37,25,11,37,25,11,37,25,11,37,25,11,37,11,16,37,11,16,37,25 -> output: 765
input: 766 -> message: 33,30,30,30,33,11,16,11,11,16,11,37,11,16,11,37,16,11,16,11,6,16,16,11,16,11,16,11,16,11 -> output: 766
input: 767 -> message: 6,6,25,25,6,6,6,6,33,6,11,6,11,6,11,6,11,6,11,6,11,6,11,6,11,6,11,33,6,11 -> output: 767
input: 768 -> message: 31,33,25,25,6,6,11,6,11,16,37,11,16,11,6,33,37,11,16,37,11,16,6,33,11,16,6,11,16,37 -> output: 768
input: 769 -> message: 14,33,30,30,30,30,30,6,6,6,6,37,25,11,16,6,11,37,16,37,11,16,6,11,16,37,11,16,6,11 -> output: 769
input: 770 -> message: 31,30,30,30,6,6,11,6,11,6,11,11,6,11,11,6,11,11,6,11,16,37,11,6,11,16,37,11,6,16 -> output: 169
input: 771 -> message: 33,33,37,25,25,6,6,37,11,16,37,11,16,6,11,16,37,11,16,11,6,33,16,37,11,16,37,11,16,6 -> output: 771
input: 772 -> message: 14,33,25,25,25,6,11,6,11,6,11,33,6,11,33,33,11,6,11,33,11,6,11,33,11,6,11,33,11,6 -> output: 772
input: 773 -> message: 31,30,37,25,6,37,11,6,11,16,37,11,16,37,11,16,37,11,16,37,11,16,11,6,11,16,37,11,16,37 -> output: 773
input: 774 -> message: 33,37,25,25,6,37,11,6,11,37,11,16,37,11,16,37,11,16,37,11,16,37,11,16,37,11,16,37,11,16 -> output: 477
input: 775 -> message: 31,14,30,30,30,30,37,16,37,16,16,37,16,11,6,16,37,11,16,37,11,16,37,11,16,37,11,16,37,11 -> output: 775
input: 776 -> message: 31,30,30,30,30,16,37,16,16,37,16,16,16,16,16,16,16,16,16,16,16,16,16,16,16,16,16,16,16,16 -> output: 776
input: 777 -> message: 31,14,30,6,25,6,11,6,11,16,37,11,6,11,16,11,6,11,16,37,11,16,37,11,16,11,6,16,33,6 -> output: 979
input: 778 -> message: 31,31,33,33,30,30,30,30,37,37,37,37,37,25,16,37,16,16,37,16,16,16,16,16,16,16,16,16,16,16 -> output: 778
input: 779 -> message: 31,31,14,30,30,30,30,30,30,30,6,6,6,6,6,6,6,16,6,6,11,6,6,11,6,16,37,11,6,11 -> output: 779
input: 780 -> message: 31,30,30,30,30,30,30,30,30,25,25,25,16,16,10,30,16,10,30,37,16,25,16,16,31,11,16,37,25,25 -> output: 96
input: 781 -> message: 33,33,11,11,11,11,11,11,6,11,11,11,11,11,6,11,16,11,6,11,11,33,11,6,11,11,33,11,6,11 -> output: 781
input: 782 -> message: 33,33,30,30,30,30,30,30,30,16,16,16,16,16,16,16,16,16,16,16,16,16,16,16,16,16,16,16,16,16 -> output: 782
input: 783 -> message: 31,11,16,11,16,11,16,11,37,16,11,16,11,37,11,16,11,6,16,37,11,16,11,16,11,6,16,11,16,11 -> output: 783
input: 784 -> message: 11,11,11,16,11,6,11,16,37,11,16,11,6,16,11,16,37,11,16,11,6,16,37,11,16,11,6,16,11,16 -> output: 784
input: 785 -> message: 33,6,6,11,6,11,33,37,11,6,11,33,37,11,6,11,16,6,11,33,37,11,6,11,16,6,11,33,37,11 -> output: 785
input: 786 -> message: 14,30,30,37,37,25,6,37,11,16,37,11,16,11,6,16,37,11,16,37,11,16,37,11,16,37,11,16,37,11 -> output: 786
input: 787 -> message: 14,33,30,30,30,30,30,30,37,37,37,25,37,25,37,25,11,37,37,25,11,37,16,37,25,11,37,11,16,37 -> output: 787
input: 788 -> message: 33,11,11,6,37,16,11,16,11,6,11,16,37,11,16,11,6,16,11,37,16,11,6,16,37,11,16,11,6,16 -> output: 788
input: 789 -> message: 14,30,30,30,30,30,30,37,25,25,11,16,37,25,11,16,37,11,6,37,11,6,11,31,37,11,16,37,11,6 -> output: 789
input: 790 -> message: 14,30,30,37,37,25,11,37,11,37,25,11,37,11,37,25,11,37,11,37,11,16,37,11,6,6,37,11,6,11 -> output: 786
input: 791 -> message: 37,37,25,6,37,25,6,37,11,37,11,37,11,6,37,11,37,37,16,37,11,37,16,37,11,37,16,37,11,37 -> output: 791
input: 792 -> message: 31,30,30,11,37,11,6,37,11,16,11,37,11,16,11,6,11,16,11,6,37,11,16,11,37,11,16,11,37,11 -> output: 792
input: 793 -> message: 3,30,30,30,30,30,37,37,25,11,16,37,25,11,16,37,11,16,37,25,11,16,37,11,16,11,6,16,11,6 -> output: 793
input: 794 -> message: 31,33,33,30,30,25,25,25,11,6,33,37,11,6,11,6,11,6,11,6,11,6,11,6,11,6,11,6,11,6 -> output: 794
input: 795 -> message: 14,14,33,30,30,30,25,25,25,25,25,25,25,25,25,25,25,11,6,11,33,11,31,11,31,25,25,11,6,11 -> output: 795
input: 796 -> message: 31,33,33,33,30,6,6,6,6,37,11,6,11,37,11,6,11,37,11,6,11,16,6,11,16,6,11,16,37,11 -> output: 796
input: 797 -> message: 31,30,30,37,37,37,11,37,25,37,16,37,11,37,25,37,11,37,11,16,37,25,11,37,16,37,11,6,16,37 -> output: 380
input: 798 -> message: 33,30,30,37,37,25,6,37,11,16,37,11,16,37,11,16,37,11,16,37,11,16,37,11,16,37,11,16,37,11 -> output: 798
input: 799 -> message: 14,30,30,30,30,30,6,6,11,6,37,16,11,6,16,37,11,16,11,6,16,11,16,11,6,16,11,16,11,6 -> output: 799
input: 800 -> message: 14,37,11,37,11,37,25,11,37,11,37,25,11,37,11,16,37,11,6,16,37,11,16,11,6,16,37,11,16,37 -> output: 800
input: 801 -> message: 31,33,33,33,30,30,30,30,30,30,30,30,30,37,25,25,25,25,37,25,25,11,37,25,11,16,37,25,11,16 -> output: 801
input: 802 -> message: 31,33,30,30,25,25,25,25,11,6,11,6,11,6,11,6,11,6,11,6,11,6,11,6,11,6,11,6,11,6 -> output: 802
input: 803 -> message: 33,30,30,30,37,37,25,37,25,37,25,37,25,37,25,37,25,37,25,25,37,25,11,37,25,11,37,25,11,37 -> output: 803
input: 804 -> message: 22,37,37,37,37,11,37,37,25,37,11,37,25,37,11,37,25,11,37,11,16,37,25,11,37,11,37,25,11,37 -> output: 804
input: 805 -> message: 31,30,30,30,30,6,25,25,25,11,6,33,6,11,6,33,6,11,6,33,6,11,6,11,6,11,6,11,6,11 -> output: 805
input: 806 -> message: 33,30,30,25,25,25,25,25,6,6,11,6,11,6,11,6,11,6,11,6,11,6,11,6,11,6,11,6,11,6 -> output: 884
input: 807 -> message: 25,25,6,6,11,6,11,6,11,33,37,11,6,11,16,6,11,33,37,11,6,11,16,6,11,33,37,11,6,11 -> output: 807
input: 808 -> message: 31,31,33,33,33,25,25,25,25,25,11,6,33,33,6,11,6,11,6,11,6,11,6,11,6,11,6,11,6,11 -> output: 808
input: 809 -> message: 33,11,11,37,16,11,16,11,37,16,11,16,11,37,16,11,16,11,37,16,11,16,11,37,16,11,16,11,6,16 -> output: 809
input: 810 -> message: 31,33,30,30,30,37,30,37,25,11,16,37,11,16,11,6,11,16,37,11,16,11,6,11,16,37,11,6,16,11 -> output: 810
input: 811 -> message: 31,33,30,30,30,6,25,25,6,16,37,11,16,37,11,6,16,11,6,11,16,37,11,16,11,6,33,16,37,11 -> output: 811
input: 812 -> message: 31,33,30,30,30,30,30,37,37,37,16,16,37,25,16,11,16,37,16,11,16,11,16,11,16,11,11,16,37,11 -> output: 37
input: 813 -> message: 14,30,30,30,30,30,30,30,30,30,30,37,30,37,37,25,16,16,37,16,16,16,37,25,11,16,37,11,16,37 -> output: 813
input: 814 -> message: 22,30,30,30,30,30,16,37,16,37,16,16,37,16,16,37,16,16,37,16,16,37,16,16,37,16,16,37,16,16 -> output: 814
input: 815 -> message: 31,14,30,30,30,30,25,25,25,25,25,25,25,25,25,25,25,25,25,25,25,25,25,25,25,25,25,25,25,25 -> output: 815
input: 816 -> message: 33,31,33,33,25,25,6,11,6,11,6,11,6,11,11,6,11,33,33,11,6,11,11,6,11,11,6,11,11,6 -> output: 816
input: 817 -> message: 33,16,11,16,11,16,11,16,11,37,11,16,11,6,16,33,37,11,16,11,16,11,6,16,11,16,11,37,11,16 -> output: 817
input: 818 -> message: 30,11,11,11,11,11,33,37,11,6,16,33,11,16,11,6,11,16,11,6,11,16,11,6,11,16,11,6,11,16 -> output: 818
input: 819 -> message: 14,30,30,30,25,25,25,25,25,25,6,6,11,37,11,6,6,11,6,11,6,11,6,11,6,11,6,11,6,11 -> output: 819
input: 820 -> message: 33,30,11,37,11,6,11,37,11,6,11,37,11,16,11,6,11,37,11,16,11,6,11,16,37,11,16,11,6,16 -> output: 820
input: 821 -> message: 30,16,11,11,33,37,11,16,11,6,16,33,37,16,11,16,11,16,11,16,11,16,11,16,11,16,11,16,11,16 -> output: 926
input: 822 -> message: 33,33,33,33,30,30,25,25,25,25,11,16,37,25,11,16,37,11,6,11,37,16,37,11,16,37,11,16,37,25 -> output: 822
input: 823 -> message: 14,11,11,16,11,11,33,37,11,16,11,6,16,33,37,11,16,11,16,11,6,16,33,37,11,16,11,16,11,6 -> output: 823
input: 824 -> message: 33,30,30,25,25,25,25,25,6,6,37,30,6,11,6,33,6,11,6,11,6,11,6,11,16,37,11,6,33,37 -> output: 824
input: 825 -> message: 31,30,30,30,30,30,16,37,16,16,16,11,16,16,16,16,16,16,16,16,16,16,16,16,16,16,16,16,16,16 -> output: 291
input: 826 -> message: 14,33,30,30,30,30,30,30,30,6,6,6,6,37,11,6,11,16,6,11,16,37,11,16,6,11,16,37,11,6 -> output: 826
input: 827 -> message: 31,14,25,25,25,25,25,6,11,6,11,6,11,6,11,6,11,6,11,6,11,6,11,6,11,6,11,6,11,6 -> output: 827
input: 828 -> message: 33,30,30,30,30,30,30,6,6,25,6,6,6,37,11,6,6,11,37,30,6,6,11,6,33,37,16,6,6,11 -> output: 828
input: 829 -> message: 14,30,30,6,11,11,11,11,11,37,11,16,6,11,16,37,11,16,11,6,16,37,11,16,14,11,16,37,11,16 -> output: 829
input: 830 -> message: 33,33,30,30,30,25,25,25,25,11,6,33,6,11,6,11,6,11,6,11,6,11,6,11,6,33,16,37,11,6 -> output: 900
input: 831 -> message: 33,33,30,37,37,37,37,25,37,11,37,25,11,37,11,6,37,11,6,37,11,37,11,6,37,16,37,11,16,37 -> output: 831
input: 832 -> message: 11,6,11,11,6,11,33,6,11,33,6,11,33,37,11,6,11,16,11,6,11,16,11,6,11,33,11,6,11,16 -> output: 832
input: 833 -> message: 33,33,33,33,37,25,6,11,6,11,11,6,11,11,37,11,6,11,37,11,6,11,16,37,11,6,11,16,37,11 -> output: 833
input: 834 -> message: 33,30,6,37,25,25,11,6,37,16,37,11,16,37,11,16,37,11,16,37,11,16,37,11,16,37,11,16,37,11 -> output: 834
input: 835 -> message: 33,30,16,11,16,16,11,37,16,11,16,37,11,16,37,16,11,16,37,11,16,37,16,11,16,11,16,37,11,16 -> output: 835
input: 836 -> message: 33,33,6,11,11,16,11,6,33,37,11,16,11,6,11,16,11,6,11,16,11,6,11,16,11,6,11,16,11,6 -> output: 836
input: 837 -> message: 31,33,33,33,33,33,30,30,6,25,25,25,25,11,6,11,6,11,6,11,6,11,6,11,6,11,6,11,6,11 -> output: 837
input: 838 -> message: 14,30,6,25,6,6,11,6,11,11,6,11,33,11,6,11,33,33,37,11,11,11,6,11,11,11,11,6,11,11 -> output: 734
input: 839 -> message: 14,30,30,25,25,25,25,25,25,6,6,11,6,6,11,6,6,11,6,11,6,11,6,11,6,11,6,11,6,11 -> output: 500
input: 840 -> message: 31,31,31,31,31,25,25,25,25,25,25,25,25,6,33,33,6,6,33,6,11,6,11,6,11,6,11,6,11,11 -> output: 247
input: 841 -> message: 33,33,30,25,25,25,25,25,25,6,6,11,6,11,6,11,6,11,6,11,6,11,6,11,6,11,6,11,6,11 -> output: 841
input: 842 -> message: 33,30,30,30,30,6,6,11,6,11,6,11,6,11,6,11,11,11,6,11,11,11,6,11,11,6,11,11,6,11 -> output: 842
input: 843 -> message: 16,37,16,37,16,37,16,37,16,37,16,37,16,37,16,37,16,37,16,37,16,37,16,37,16,37,16,37,16,37 -> output: 453
input: 844 -> message: 31,30,30,37,37,25,6,37,16,37,11,16,37,11,16,37,11,16,37,11,16,37,25,11,16,11,6,16,37,11 -> output: 321
input: 845 -> message: 33,33,25,6,6,37,37,16,37,16,37,16,37,11,37,16,37,11,16,37,11,16,37,11,16,37,11,16,37,11 -> output: 845
input: 846 -> message: 33,30,30,6,6,25,6,11,6,11,6,11,6,11,6,11,6,33,11,6,11,33,6,11,33,6,11,33,6,11 -> output: 604
input: 847 -> message: 33,33,30,30,30,30,30,37,37,37,25,16,37,16,16,16,37,25,16,37,11,16,11,16,37,11,16,11,11,37 -> output: 518
input: 848 -> message: 33,11,6,11,6,11,6,11,11,6,11,11,6,11,11,6,11,11,6,11,11,6,11,11,6,11,11,6,11,11 -> output: 848
input: 849 -> message: 31,31,14,17,14,17,17,30,30,30,30,30,30,30,25,25,25,25,25,25,25,25,11,16,6,37,11,6,11,6 -> output: 849
input: 850 -> message: 31,33,30,30,6,37,25,11,16,11,6,37,11,16,37,11,16,11,6,16,37,11,16,11,6,16,37,11,16,37 -> output: 285
input: 851 -> message: 14,6,6,37,11,37,11,16,37,25,11,16,37,11,16,37,11,16,37,11,16,37,11,16,37,11,16,37,11,16 -> output: 851
input: 852 -> message: 31,30,30,25,25,25,25,6,11,6,11,6,11,6,11,6,11,6,11,6,11,6,11,6,11,6,11,6,11,6 -> output: 205
input: 853 -> message: 6,6,6,11,6,33,37,11,6,11,33,37,6,11,33,37,11,6,11,33,37,11,6,11,33,37,11,6,11,33 -> output: 853
input: 854 -> message: 14,11,11,11,33,37,11,6,11,16,11,6,11,16,11,6,11,16,11,6,11,16,11,6,11,16,37,11,16,11 -> output: 854
input: 855 -> message: 33,31,33,33,33,33,33,30,30,30,30,6,25,25,25,25,11,33,11,6,33,37,11,16,6,11,33,37,11,6 -> output: 855
input: 856 -> message: 31,31,31,25,25,25,25,25,25,25,25,25,25,25,25,25,25,25,25,25,25,25,25,25,25,25,25,25,25,6 -> output: 856
input: 857 -> message: 31,14,30,30,25,25,25,25,25,37,25,25,37,25,25,37,25,25,37,25,25,37,25,25,37,25,25,37,25,25 -> output: 857
input: 858 -> message: 14,33,33,33,33,14,6,25,25,25,25,25,11,6,11,6,11,6,11,6,11,6,11,6,11,6,11,6,11,6 -> output: 858
input: 859 -> message: 33,33,33,37,11,16,11,37,16,11,16,37,11,16,37,11,16,37,16,11,16,37,11,16,37,16,11,16,37,11 -> output: 878
input: 860 -> message: 31,31,33,30,30,37,30,37,25,6,11,16,37,11,16,6,11,16,37,11,16,37,11,16,11,6,16,37,11,16 -> output: 860
input: 861 -> message: 33,33,30,30,30,30,30,6,6,6,11,6,37,16,6,11,16,6,11,16,6,11,16,11,6,33,16,11,6,33 -> output: 861
input: 862 -> message: 31,33,33,33,30,37,25,11,37,11,6,11,16,37,25,11,16,37,25,11,16,37,25,11,16,37,11,16,11,6 -> output: 862
input: 863 -> message: 25,6,11,6,11,33,11,6,11,33,37,11,6,11,16,11,6,11,33,11,6,11,33,11,6,11,33,11,6,11 -> output: 863
input: 864 -> message: 33,33,33,37,11,11,11,37,11,11,6,16,37,11,16,37,11,16,37,11,16,37,11,16,37,11,16,37,11,16 -> output: 207
input: 865 -> message: 33,33,33,30,30,30,6,6,6,11,6,37,16,6,11,16,6,11,16,11,6,16,11,6,16,11,6,16,11,6 -> output: 865
input: 866 -> message: 33,33,30,30,25,25,25,25,25,25,25,25,25,25,25,25,25,6,6,33,6,11,6,11,6,11,6,11,6,11 -> output: 866
input: 867 -> message: 31,31,17,17,17,30,30,30,30,30,30,25,25,25,25,11,33,11,6,11,6,11,6,33,6,11,6,11,6,11 -> output: 707
input: 868 -> message: 33,33,33,33,33,33,33,37,37,25,25,16,37,16,16,37,25,25,11,37,16,37,25,11,16,37,11,16,37,11 -> output: 282
input: 869 -> message: 31,33,33,33,25,25,25,25,11,37,33,6,33,37,30,6,11,16,37,11,6,11,37,16,6,33,37,16,6,33 -> output: 869
input: 870 -> message: 14,30,30,6,6,11,37,11,16,6,11,16,37,11,16,11,6,37,16,11,37,16,11,6,37,16,11,6,16,37 -> output: 870
input: 871 -> message: 33,33,33,33,33,33,30,6,25,25,11,6,33,6,11,6,11,6,11,6,11,6,11,6,11,6,11,6,11,6 -> output: 871
input: 872 -> message: 33,30,25,6,11,6,11,11,6,11,6,11,33,6,11,11,6,11,11,6,11,11,6,11,11,6,11,11,6,11 -> output: 92
input: 873 -> message: 14,30,30,30,30,6,6,6,11,37,11,6,11,37,16,6,11,16,37,11,16,6,16,37,11,16,11,37,11,16 -> output: 873
input: 874 -> message: 31,33,30,30,30,30,37,25,25,25,25,25,37,25,25,37,16,37,25,25,11,16,37,25,25,11,16,37,25,25 -> output: 874
input: 875 -> message: 31,14,30,30,30,30,6,25,25,25,11,6,11,6,6,11,6,6,11,6,11,6,11,6,11,6,11,6,11,6 -> output: 751
input: 876 -> message: 33,25,6,6,11,6,11,6,11,33,6,11,33,37,11,6,11,11,6,11,11,6,11,11,6,11,11,6,11,11 -> output: 848
input: 877 -> message: 33,30,30,37,37,11,37,25,37,25,37,11,6,37,11,16,37,25,11,37,11,6,16,37,11,16,11,6,11,16 -> output: 877
input: 878 -> message: 33,33,33,11,16,37,11,16,11,16,11,16,37,16,11,16,11,16,11,16,37,11,16,11,16,11,16,37,11,16 -> output: 878
input: 879 -> message: 31,14,33,30,30,30,30,30,30,30,6,25,25,25,25,11,16,37,11,6,16,37,11,6,16,37,11,16,6,11 -> output: 879
input: 880 -> message: 33,30,30,30,30,30,30,30,6,25,25,25,25,25,25,25,25,11,16,11,6,37,11,16,37,11,11,6,11,31 -> output: 100
input: 881 -> message: 33,33,30,30,30,30,30,30,6,6,6,6,37,11,6,11,16,6,37,16,6,16,37,11,16,6,16,37,11,16 -> output: 881
input: 882 -> message: 14,30,37,11,6,37,25,6,11,16,37,11,16,37,11,16,37,11,16,11,6,11,37,16,11,6,16,37,11,16 -> output: 882
input: 883 -> message: 31,33,30,30,37,37,37,37,25,37,25,37,11,16,37,25,11,37,16,37,11,16,37,25,11,16,37,11,16,37 -> output: 573
input: 884 -> message: 33,30,30,25,25,25,25,25,25,25,25,6,6,11,6,6,11,6,6,11,6,11,6,11,6,11,6,11,6,11 -> output: 884
input: 885 -> message: 31,37,25,6,6,11,16,11,6,33,37,11,16,37,11,16,6,33,16,37,11,16,6,33,16,11,6,33,16,11 -> output: 885
input: 886 -> message: 14,33,33,30,25,25,6,6,11,6,11,6,11,6,11,6,11,33,37,11,6,11,16,33,6,11,33,37,11,16 -> output: 886
input: 887 -> message: 33,33,25,6,6,11,16,6,33,33,6,11,16,33,37,11,16,11,6,33,11,16,6,11,16,6,11,16,6,11 -> output: 924
input: 888 -> message: 25,25,6,11,6,11,33,11,6,11,11,6,11,11,6,11,11,6,11,11,6,11,11,6,11,11,6,11,11,6 -> output: 52
input: 889 -> message: 37,25,11,6,11,16,37,11,16,37,11,16,37,11,16,37,11,16,37,11,16,37,11,16,37,11,16,37,11,16 -> output: 889
input: 890 -> message: 31,33,37,37,11,6,37,11,6,11,37,11,16,37,11,16,37,11,16,37,11,16,37,11,16,37,11,16,37,11 -> output: 890
input: 891 -> message: 33,37,25,6,6,11,16,37,11,16,11,6,33,37,16,11,6,33,16,37,11,16,6,33,16,11,6,33,16,11 -> output: 700
input: 892 -> message: 31,33,25,25,6,11,6,11,16,37,11,16,11,6,33,16,37,11,16,6,33,16,11,6,33,16,11,6,16,11 -> output: 768
input: 893 -> message: 10,14,33,33,33,30,30,25,25,25,25,25,25,37,25,25,37,25,25,37,16,37,25,25,11,16,37,25,25,11 -> output: 893
input: 894 -> message: 25,37,6,11,6,16,33,37,11,16,6,33,16,33,6,16,33,11,16,37,11,16,11,6,33,16,11,6,33,16 -> output: 894
input: 895 -> message: 22,30,30,30,30,30,16,37,16,37,16,37,16,11,6,16,16,11,6,16,16,11,16,11,6,16,16,11,16,37 -> output: 895
input: 896 -> message: 31,37,25,25,25,6,6,37,11,6,11,16,37,11,16,37,11,16,11,6,11,16,37,11,16,14,11,16,37,11 -> output: 896
input: 897 -> message: 14,30,30,6,25,6,6,37,11,6,16,37,11,16,6,11,16,37,11,16,11,6,11,16,37,11,16,11,6,16 -> output: 719
input: 898 -> message: 33,31,33,33,6,6,33,33,6,11,11,11,33,11,11,6,11,11,6,11,11,6,11,11,6,11,11,6,11,11 -> output: 898
input: 899 -> message: 31,30,30,11,6,11,6,11,11,11,11,11,11,33,37,11,6,11,16,11,6,33,37,11,16,37,11,16,11,6 -> output: 899
input: 900 -> message: 33,33,30,30,30,6,25,25,25,6,11,6,6,11,6,11,6,11,6,11,6,11,6,11,6,11,6,11,6,11 -> output: 900
input: 901 -> message: 31,31,30,30,30,30,30,30,37,37,25,25,37,25,11,16,37,25,11,16,37,25,11,16,37,11,16,37,25,11 -> output: 901
input: 902 -> message: 15,33,33,33,33,33,33,33,33,30,30,30,30,6,16,6,16,6,16,33,6,16,33,6,16,33,6,16,33,6 -> output: 902
input: 903 -> message: 14,25,25,6,6,11,6,11,6,11,6,11,33,37,11,6,11,33,37,11,6,11,33,37,11,6,11,33,6,11 -> output: 903
input: 904 -> message: 31,14,30,30,30,6,25,6,11,6,11,16,37,11,16,11,6,11,16,11,6,11,16,11,6,11,16,37,11,6 -> output: 904
input: 905 -> message: 31,30,30,6,11,11,11,11,11,6,11,16,11,6,11,16,11,6,11,16,11,6,11,16,11,6,11,16,11,6 -> output: 155
input: 906 -> message: 33,33,30,30,30,6,37,25,6,11,16,37,11,16,11,6,11,16,37,11,16,37,11,16,37,11,16,37,11,16 -> output: 906
input: 907 -> message: 33,33,25,25,25,25,25,6,6,33,6,11,6,11,6,11,6,11,6,11,6,11,6,11,6,11,6,11,6,11 -> output: 947
input: 908 -> message: 31,30,30,37,25,25,37,25,25,37,11,16,37,25,11,16,37,25,11,16,37,25,11,16,37,25,11,16,37,25 -> output: 908
input: 909 -> message: 33,33,33,30,25,25,25,25,25,11,6,33,37,11,6,33,37,16,37,11,16,37,11,16,37,11,16,37,11,16 -> output: 909
input: 910 -> message: 33,30,30,37,37,16,37,16,37,16,37,16,37,16,37,16,37,16,37,16,37,16,11,16,37,16,37,16,37,16 -> output: 910
input: 911 -> message: 33,31,14,33,25,25,11,6,11,6,11,6,11,33,11,6,11,33,6,11,16,6,11,33,6,11,33,33,11,6 -> output: 911
input: 912 -> message: 33,33,33,33,11,6,11,11,11,6,11,16,11,6,11,16,37,11,16,11,6,11,16,11,6,11,16,11,6,11 -> output: 912
input: 913 -> message: 31,33,6,11,6,11,33,37,11,16,37,11,16,11,6,33,11,16,37,11,16,11,6,33,11,16,37,11,16,11 -> output: 913
input: 914 -> message: 33,30,25,25,25,6,6,11,6,11,6,11,33,37,11,6,11,16,37,11,16,6,11,16,37,11,16,6,11,16 -> output: 914
input: 915 -> message: 30,30,6,25,25,25,6,6,6,11,6,6,11,6,11,6,11,6,11,6,11,6,11,6,11,6,11,6,11,6 -> output: 915
input: 916 -> message: 14,30,11,6,11,6,11,11,11,6,11,37,11,6,11,16,11,6,11,16,11,6,11,16,11,6,11,16,11,6 -> output: 409
input: 917 -> message: 31,30,30,30,10,30,25,25,25,25,25,25,25,25,25,37,25,25,25,25,6,16,37,25,25,11,16,11,6,11 -> output: 917
input: 918 -> message: 33,33,6,6,11,16,37,11,16,37,11,16,37,11,16,37,11,16,37,11,16,37,11,16,37,11,16,37,11,16 -> output: 918
input: 919 -> message: 14,33,30,30,30,37,37,16,37,16,37,16,37,16,37,16,37,16,37,16,37,16,37,16,37,16,37,16,37,16 -> output: 919
input: 920 -> message: 33,33,30,6,11,6,11,6,11,6,11,16,37,11,16,11,6,11,16,37,11,6,11,16,37,11,6,16,11,6 -> output: 760
input: 921 -> message: 14,30,30,11,11,6,11,16,11,37,11,16,11,6,16,37,11,16,11,6,16,37,11,16,37,11,16,11,6,16 -> output: 921
input: 922 -> message: 33,33,25,25,25,6,6,6,11,6,11,6,11,6,11,6,11,33,6,11,6,11,11,6,11,33,6,11,11,6 -> output: 922
input: 923 -> message: 31,33,30,30,37,37,25,25,25,37,25,11,37,11,16,37,25,11,37,11,16,37,25,11,37,11,16,11,37,11 -> output: 923
input: 924 -> message: 33,33,37,25,6,6,11,6,11,11,6,11,16,37,11,16,37,11,6,11,16,37,11,16,6,11,16,37,11,16 -> output: 962
input: 925 -> message: 14,33,11,6,11,33,37,11,6,11,16,11,6,11,33,33,11,6,11,33,11,6,11,33,11,6,11,16,11,6 -> output: 925
input: 926 -> message: 30,11,16,11,11,33,11,33,37,11,16,11,6,16,33,11,16,11,6,11,16,11,6,16,11,6,16,11,6,16 -> output: 926
input: 927 -> message: 11,16,16,11,16,11,16,16,11,16,11,16,11,16,11,16,11,16,11,16,11,16,11,16,11,16,11,16,11,16 -> output: 927
input: 928 -> message: 33,33,33,30,30,37,25,25,11,6,33,37,11,6,11,6,11,37,11,6,33,16,37,11,16,6,33,16,37,16 -> output: 928
input: 929 -> message: 31,14,14,14,33,14,30,30,30,30,30,30,30,25,25,25,25,25,25,25,25,25,25,25,25,25,25,25,25,25 -> output: 929
input: 930 -> message: 33,31,33,33,33,6,37,11,6,37,11,6,11,16,37,11,16,11,6,33,37,11,16,37,11,16,37,11,16,6 -> output: 930
input: 931 -> message: 33,30,6,6,11,11,6,11,16,11,6,33,37,11,16,11,6,33,37,11,16,6,33,37,11,16,11,6,33,37 -> output: 370
input: 932 -> message: 31,31,30,30,30,30,30,30,30,30,30,16,37,16,6,16,31,6,16,37,16,6,16,11,6,37,16,11,6,16 -> output: 932
input: 933 -> message: 14,11,11,33,11,11,33,11,6,11,16,11,6,11,16,11,6,11,16,11,6,11,16,11,6,11,16,11,6,11 -> output: 933
input: 934 -> message: 33,30,30,30,30,30,6,11,16,37,11,16,11,6,11,16,37,11,16,11,6,11,16,11,6,11,16,37,11,16 -> output: 286
input: 935 -> message: 14,30,30,30,30,30,30,6,25,25,25,11,6,11,6,6,37,6,11,6,11,6,11,6,11,6,11,6,11,6 -> output: 935
input: 936 -> message: 33,33,30,30,30,37,25,25,25,25,37,25,25,37,25,25,37,16,37,25,11,37,25,25,11,16,37,25,11,37 -> output: 936
input: 937 -> message: 31,30,30,30,30,6,11,37,11,6,11,16,11,6,11,16,11,6,37,11,16,11,37,11,16,11,6,37,11,16 -> output: 937
input: 938 -> message: 33,33,30,30,30,30,30,37,37,16,37,25,37,16,11,37,11,16,11,37,11,16,37,11,16,11,37,11,16,11 -> output: 518
input: 939 -> message: 14,30,37,25,6,11,37,11,6,11,37,11,16,37,11,16,37,11,16,11,6,16,37,11,16,37,11,16,37,11 -> output: 464
input: 940 -> message: 33,16,37,16,37,16,16,37,16,37,16,16,37,16,16,37,16,16,37,16,16,37,16,16,37,16,16,37,16,16 -> output: 558
input: 941 -> message: 33,33,30,30,30,30,30,30,30,37,37,25,25,16,37,25,37,16,37,25,37,16,37,25,25,37,16,37,25,16 -> output: 344
input: 942 -> message: 33,30,30,37,11,37,25,11,37,11,16,37,25,11,16,37,25,11,16,37,25,11,16,37,25,11,16,37,11,16 -> output: 730
input: 943 -> message: 33,30,30,37,37,37,11,6,37,11,6,37,16,6,11,16,37,11,16,37,25,11,16,37,11,16,37,25,11,37 -> output: 877
input: 944 -> message: 33,33,30,30,6,6,11,6,11,16,11,6,33,11,16,11,6,33,37,11,16,11,6,33,16,11,6,33,16,11 -> output: 944
input: 945 -> message: 33,30,11,11,6,11,11,16,11,6,37,16,11,6,16,37,11,16,11,37,11,16,37,11,16,11,6,37,16,11 -> output: 945
input: 946 -> message: 31,14,33,33,33,33,33,30,30,6,6,6,6,6,11,6,6,11,6,11,6,11,6,11,6,11,6,11,6,11 -> output: 946
input: 947 -> message: 33,33,6,25,25,25,25,25,6,6,6,33,6,11,6,11,6,11,6,11,6,11,6,11,6,11,6,11,6,11 -> output: 947
input: 948 -> message: 33,11,37,16,37,16,37,16,37,16,37,16,37,16,37,16,37,16,37,11,16,37,11,16,37,11,16,37,16,37 -> output: 948
input: 949 -> message: 33,33,33,33,11,16,11,11,33,11,16,11,6,11,16,11,11,33,37,11,16,11,6,11,16,11,6,11,16,11 -> output: 949
input: 950 -> message: 33,37,6,6,11,6,11,16,37,11,16,11,6,16,37,11,16,14,11,16,37,11,16,14,11,16,37,11,16,14 -> output: 950
input: 951 -> message: 14,30,30,30,6,25,6,6,37,16,6,11,16,37,11,16,6,16,37,11,16,11,6,16,37,11,16,11,6,16 -> output: 951
input: 952 -> message: 33,33,30,30,25,25,25,6,37,11,6,37,16,6,11,33,37,11,6,11,16,37,11,16,37,11,16,37,11,16 -> output: 952
input: 953 -> message: 14,30,30,37,25,25,37,25,37,25,11,37,11,16,37,25,11,37,11,16,11,6,11,37,11,16,37,11,6,16 -> output: 953
input: 954 -> message: 33,37,11,6,11,6,11,16,37,11,16,11,6,33,37,11,16,11,6,33,16,11,6,33,16,11,6,33,16,11 -> output: 954
input: 955 -> message: 33,30,37,25,6,37,11,6,37,11,37,11,16,37,11,16,37,11,16,37,11,16,37,11,16,37,11,16,37,11 -> output: 955
input: 956 -> message: 14,30,6,25,6,6,6,11,37,11,6,11,37,11,16,37,11,16,6,11,16,37,11,16,11,6,16,37,11,16 -> output: 956
input: 957 -> message: 33,33,30,37,11,6,37,11,6,11,6,11,16,37,11,6,11,16,37,11,6,11,16,37,11,6,11,16,37,11 -> output: 957
input: 958 -> message: 15,33,30,30,30,30,30,30,6,16,37,16,6,16,11,6,16,11,6,16,11,16,11,16,11,16,11,6,16,11 -> output: 958
input: 959 -> message: 30,30,6,6,37,11,6,11,16,6,11,16,37,11,16,11,6,11,16,37,11,16,11,6,11,16,37,11,16,11 -> output: 959
input: 960 -> message: 33,30,30,30,30,30,6,6,11,6,11,37,11,6,16,37,11,16,11,6,11,16,11,6,11,16,11,6,11,16 -> output: 286
input: 961 -> message: 33,33,30,30,30,30,6,37,25,11,16,11,6,11,37,11,16,37,11,16,11,6,16,37,11,16,37,11,16,37 -> output: 518
input: 962 -> message: 33,33,37,6,6,37,11,16,37,11,16,11,6,11,16,37,11,16,37,11,16,37,11,16,37,11,16,37,11,16 -> output: 962
input: 963 -> message: 31,30,30,11,11,6,11,16,11,6,16,11,16,11,16,11,16,11,6,16,11,16,11,16,11,37,11,16,11,6 -> output: 963
input: 964 -> message: 33,33,33,33,33,33,30,6,6,6,11,6,11,6,11,6,37,11,6,11,6,11,6,11,6,11,11,6,11,11 -> output: 644
input: 965 -> message: 33,33,33,33,30,30,30,6,6,6,37,11,6,11,6,11,37,16,6,11,16,37,11,6,16,11,6,33,16,37 -> output: 965
input: 966 -> message: 33,30,30,30,30,6,6,6,11,6,37,11,6,11,37,16,6,11,16,37,11,16,6,11,16,37,11,16,11,6 -> output: 966
input: 967 -> message: 30,30,30,30,30,37,37,37,25,37,16,37,25,37,16,11,37,11,16,11,37,11,16,11,37,25,11,37,16,11 -> output: 967
input: 968 -> message: 31,14,37,30,37,25,6,37,16,37,11,16,37,11,16,37,11,16,37,11,16,37,11,16,37,11,16,37,11,16 -> output: 968
input: 969 -> message: 33,33,30,30,6,37,25,6,11,6,11,16,37,11,16,37,11,16,37,11,16,37,11,16,37,11,16,37,11,16 -> output: 969
input: 970 -> message: 33,37,6,6,37,11,6,11,16,37,11,16,37,11,6,16,37,11,16,37,11,16,37,11,6,16,37,11,16,37 -> output: 482
input: 971 -> message: 14,30,30,30,37,37,16,16,16,37,16,16,16,37,16,16,11,37,16,16,11,37,16,16,11,37,16,16,16,11 -> output: 423
input: 972 -> message: 33,33,33,33,30,30,30,30,6,25,25,25,25,25,11,6,33,37,11,6,11,6,33,11,6,11,6,11,6,11 -> output: 972
input: 973 -> message: 33,33,30,25,25,25,25,25,25,25,25,25,25,25,25,25,25,25,6,6,33,6,11,6,6,11,6,6,11,6 -> output: 973
input: 974 -> message: 33,30,30,30,30,33,11,16,11,11,16,11,6,16,11,16,11,16,11,16,11,16,11,16,11,16,11,16,11,16 -> output: 85
input: 975 -> message: 11,37,11,16,11,6,16,33,37,11,16,11,16,11,6,16,37,11,16,11,16,37,11,16,11,16,11,6,16,33 -> output: 975
input: 976 -> message: 31,30,30,30,6,6,6,11,6,37,11,16,6,11,16,37,11,16,11,6,11,16,11,6,11,16,37,11,16,11 -> output: 976
input: 977 -> message: 33,33,30,30,30,30,6,6,6,11,6,11,6,37,11,6,11,31,11,6,11,16,37,11,6,11,6,11,16,37 -> output: 961
input: 978 -> message: 14,30,30,6,6,11,6,11,37,11,6,11,16,11,6,11,16,37,11,16,11,6,37,16,11,6,37,16,11,6 -> output: 978
input: 979 -> message: 31,14,30,30,6,25,6,6,37,16,6,11,16,37,11,16,6,16,37,11,16,37,11,16,11,6,16,37,11,16 -> output: 979
input: 980 -> message: 33,30,30,30,30,6,11,16,37,11,16,11,6,11,16,37,11,16,11,37,11,16,37,11,16,11,6,16,37,11 -> output: 85
input: 981 -> message: 30,30,30,37,37,25,37,25,6,16,37,11,16,37,11,16,11,6,16,37,11,16,37,11,16,37,11,16,11,37 -> output: 981
input: 982 -> message: 31,33,33,25,25,25,11,6,33,6,11,6,11,6,11,6,11,33,6,11,11,6,11,6,11,11,6,11,6,11 -> output: 982
input: 983 -> message: 30,30,6,6,6,6,11,6,11,6,11,6,11,6,33,37,11,6,11,33,37,11,6,11,33,37,11,6,11,33 -> output: 983
input: 984 -> message: 33,30,30,6,6,25,6,11,6,33,16,37,11,16,37,11,16,11,6,33,16,37,11,16,11,6,33,16,37,11 -> output: 984
input: 985 -> message: 14,6,25,25,6,6,6,6,11,6,11,6,11,6,11,33,37,11,6,11,33,37,11,6,11,33,37,11,6,11 -> output: 985
input: 986 -> message: 33,33,6,25,25,25,25,25,6,6,33,6,6,11,6,11,6,11,6,11,6,11,6,11,6,11,6,11,6,11 -> output: 947
input: 987 -> message: 30,30,11,11,11,11,11,11,11,11,11,11,11,11,11,11,11,6,11,16,11,6,11,16,11,6,11,16,11,6 -> output: 987
input: 988 -> message: 31,33,30,30,30,30,37,25,25,25,25,37,25,25,37,25,11,37,25,11,37,25,11,37,25,25,11,37,25,11 -> output: 988
input: 989 -> message: 33,33,33,33,33,30,37,25,25,11,6,11,37,11,6,11,16,37,11,6,11,16,11,6,33,16,37,11,16,6 -> output: 928
input: 990 -> message: 14,30,30,6,25,6,11,6,11,37,11,6,11,16,37,11,16,11,6,11,16,37,11,6,16,33,37,11,16,11 -> output: 990
input: 991 -> message: 14,30,30,25,25,6,11,6,11,16,37,11,16,37,11,16,11,6,11,16,37,11,16,14,11,16,37,11,16,11 -> output: 897
input: 992 -> message: 33,33,30,30,6,6,25,6,11,6,11,33,37,11,6,11,16,11,6,11,16,37,11,6,16,33,11,6,33,16 -> output: 992
input: 993 -> message: 33,31,31,25,25,25,6,6,33,6,11,6,11,6,11,33,6,11,16,37,11,6,11,16,6,11,33,33,16,11 -> output: 993
input: 994 -> message: 31,30,30,25,25,6,11,6,11,6,11,6,11,37,11,6,11,16,37,11,6,33,11,6,11,16,37,11,6,11 -> output: 994
input: 995 -> message: 33,30,30,30,37,37,11,37,25,37,11,16,37,25,11,16,37,11,16,11,37,25,11,16,37,11,16,11,6,16 -> output: 995
input: 996 -> message: 33,33,33,30,30,30,30,30,25,25,25,25,25,25,25,25,25,11,6,33,37,25,25,11,6,33,33,37,11,6 -> output: 311
input: 997 -> message: 14,30,30,25,25,25,25,25,25,6,6,6,11,6,6,11,6,11,6,11,6,11,6,11,6,11,6,11,6,11 -> output: 500
input: 998 -> message: 33,30,6,6,25,6,6,11,6,11,6,11,11,6,11,6,11,33,6,11,11,6,11,33,6,11,11,6,11,33 -> output: 998
input: 999 -> message: 33,30,37,11,6,37,11,6,11,37,11,6,11,37,11,16,37,11,6,11,16,37,11,6,11,16,37,11,16,11 -> output: 299
========================================================================
LAZIMPA EXPERIMENT (NOTEBOOK) - Task 5 of 8
========================================================================
Job ID: 732461.5
Started on qa-a10-023.crc.nd.edu at Wed Mar 25 02:26:41 AM EDT 2026
Python: /software/c/conda/25.9.1/bin/python
CUDA available: True
========================================================================

Running: lstm_baseline with seed 123

True
Namespace(n_features=100, batches_per_epoch=100, dim_dataset=10240, force_eos=0, sender_hidden=250, receiver_hidden=600, receiver_num_layers=1, sender_num_layers=1, receiver_num_heads=8, sender_num_heads=8, sender_embedding=10, receiver_embedding=100, causal_sender=False, causal_receiver=False, sender_generate_style='in-place', sender_cell='lstm', receiver_cell='lstm', sender_entropy_coeff=0.1, receiver_entropy_coeff=0.1, probs='powerlaw', length_cost=0.0, name='lstm_baseline_seed123', early_stopping_thr=0.99, dir_save='results/lstm_baseline/seed_123', unigram_pen=0.0, impatient=False, print_message=False, reg=False, random_seed=123, checkpoint_dir=None, preemptable=False, checkpoint_freq=0, validation_freq=1, n_epochs=200, load_from_checkpoint=None, no_cuda=False, batch_size=512, optimizer='adam', lr=0.001, vocab_size=40, max_len=30, tensorboard=False, tensorboard_dir='runs/', cuda=True, device='cuda')
the probs are:  [0.1927756  0.0963878  0.06425854 0.0481939  0.03855512 0.03212927
 0.02753937 0.02409695 0.02141951 0.01927756 0.01752505 0.01606463
 0.01482889 0.01376969 0.01285171 0.01204848 0.01133974 0.01070976
 0.01014608 0.00963878 0.00917979 0.00876253 0.00838155 0.00803232
 0.00771102 0.00741445 0.00713984 0.00688484 0.00664743 0.00642585
 0.00621857 0.00602424 0.00584168 0.00566987 0.00550787 0.00535488
 0.00521015 0.00507304 0.00494296 0.00481939 0.00470184 0.0045899
 0.00448315 0.00438126 0.0042839  0.00419077 0.00410161 0.00401616
 0.0039342  0.00385551 0.00377991 0.00370722 0.00363728 0.00356992
 0.00350501 0.00344242 0.00338203 0.00332372 0.00326738 0.00321293
 0.00316026 0.00310928 0.00305993 0.00301212 0.00296578 0.00292084
 0.00287725 0.00283494 0.00279385 0.00275394 0.00271515 0.00267744
 0.00264076 0.00260508 0.00257034 0.00253652 0.00250358 0.00247148
 0.0024402  0.0024097  0.00237995 0.00235092 0.0023226  0.00229495
 0.00226795 0.00224158 0.00221581 0.00219063 0.00216602 0.00214195
 0.00211841 0.00209539 0.00207286 0.0020508  0.00202922 0.00200808
 0.00198738 0.0019671  0.00194723 0.00192776]
Epoch: 0
input: 0 -> message: 24,36,5,27,27,36,37,36,37,37,4,37,37,37,4,37,37,37,4,37,37,37,4,37,37,37,4,37,37,37 -> output: 0
input: 1 -> message: 37,4,37,37,4,37,37,37,4,37,37,37,4,37,37,37,4,37,37,37,4,37,37,37,4,37,37,37,4,37 -> output: 0
input: 2 -> message: 24,27,36,5,27,27,36,37,36,37,37,4,37,37,37,4,37,37,37,4,37,37,37,4,37,37,37,4,37,37 -> output: 0
input: 3 -> message: 24,27,5,27,27,36,37,36,37,37,4,37,37,37,4,37,37,37,4,37,37,37,4,37,37,37,4,37,37,37 -> output: 0
input: 4 -> message: 24,27,5,27,27,36,37,36,37,37,4,37,37,37,4,37,37,37,4,37,37,37,4,37,37,37,4,37,37,37 -> output: 0
input: 5 -> message: 24,27,36,5,27,27,36,37,36,37,37,4,37,37,37,4,37,37,37,4,37,37,37,4,37,37,37,4,37,37 -> output: 0
input: 6 -> message: 24,27,5,27,27,36,37,36,37,37,4,37,37,37,4,37,37,37,4,37,37,37,4,37,37,37,4,37,37,37 -> output: 0
input: 7 -> message: 37,4,37,37,4,37,37,37,4,37,37,37,4,37,37,37,4,37,37,37,4,37,37,37,4,37,37,37,4,37 -> output: 0
input: 8 -> message: 36,37,36,37,37,4,37,37,37,4,37,37,37,4,37,37,37,4,37,37,37,4,37,37,37,4,37,37,37,4 -> output: 0
input: 9 -> message: 24,27,36,5,27,27,36,37,36,37,37,4,37,37,37,4,37,37,37,4,37,37,37,4,37,37,37,4,37,37 -> output: 0
input: 10 -> message: 24,27,5,27,27,36,37,36,37,37,4,37,37,37,4,37,37,37,4,37,37,37,4,37,37,37,4,37,37,37 -> output: 0
input: 11 -> message: 24,27,36,5,27,27,36,37,36,37,37,4,37,37,37,4,37,37,37,4,37,37,37,4,37,37,37,4,37,37 -> output: 0
input: 12 -> message: 24,27,36,5,27,27,36,37,36,37,37,4,37,37,37,4,37,37,37,4,37,37,37,4,37,37,37,4,37,37 -> output: 0
input: 13 -> message: 24,27,36,5,27,27,36,37,36,37,37,4,37,37,37,4,37,37,37,4,37,37,37,4,37,37,37,4,37,37 -> output: 0
input: 14 -> message: 24,36,5,27,27,36,37,36,37,37,4,37,37,37,4,37,37,37,4,37,37,37,4,37,37,37,4,37,37,37 -> output: 0
input: 15 -> message: 24,27,36,5,27,27,36,37,36,37,37,4,37,37,37,4,37,37,37,4,37,37,37,4,37,37,37,4,37,37 -> output: 0
input: 16 -> message: 37,4,37,37,4,37,37,37,4,37,37,37,4,37,37,37,4,37,37,37,4,37,37,37,4,37,37,37,4,37 -> output: 0
input: 17 -> message: 24,27,5,27,27,36,37,36,37,37,4,37,37,37,4,37,37,37,4,37,37,37,4,37,37,37,4,37,37,37 -> output: 0
input: 18 -> message: 37,4,37,37,4,37,37,37,4,37,37,37,4,37,37,37,4,37,37,37,4,37,37,37,4,37,37,37,4,37 -> output: 0
input: 19 -> message: 37,4,37,37,4,37,37,37,4,37,37,37,4,37,37,37,4,37,37,37,4,37,37,37,4,37,37,37,4,37 -> output: 0
input: 20 -> message: 24,27,36,5,27,27,36,37,36,37,37,4,37,37,37,4,37,37,37,4,37,37,37,4,37,37,37,4,37,37 -> output: 0
input: 21 -> message: 24,27,5,27,27,36,37,36,37,37,4,37,37,37,4,37,37,37,4,37,37,37,4,37,37,37,4,37,37,37 -> output: 0
input: 22 -> message: 37,4,37,37,37,4,37,37,37,4,37,37,37,4,37,37,37,4,37,37,37,4,37,37,37,4,37,37,37,4 -> output: 0
input: 23 -> message: 24,27,5,27,27,36,37,36,37,37,4,37,37,37,4,37,37,37,4,37,37,37,4,37,37,37,4,37,37,37 -> output: 0
input: 24 -> message: 24,27,36,5,27,27,36,37,36,37,37,4,37,37,37,4,37,37,37,4,37,37,37,4,37,37,37,4,37,37 -> output: 0
input: 25 -> message: 37,4,37,37,4,37,37,37,4,37,37,37,4,37,37,37,4,37,37,37,4,37,37,37,4,37,37,37,4,37 -> output: 0
input: 26 -> message: 37,4,37,37,4,37,37,37,4,37,37,37,4,37,37,37,4,37,37,37,4,37,37,37,4,37,37,37,4,37 -> output: 0
input: 27 -> message: 24,27,5,27,27,36,37,36,37,37,4,37,37,37,4,37,37,37,4,37,37,37,4,37,37,37,4,37,37,37 -> output: 0
input: 28 -> message: 24,27,36,5,27,27,36,37,36,37,37,4,37,37,37,4,37,37,37,4,37,37,37,4,37,37,37,4,37,37 -> output: 0
input: 29 -> message: 37,4,37,37,4,37,37,37,4,37,37,37,4,37,37,37,4,37,37,37,4,37,37,37,4,37,37,37,4,37 -> output: 0
input: 30 -> message: 24,27,5,27,27,36,37,36,37,37,4,37,37,37,4,37,37,37,4,37,37,37,4,37,37,37,4,37,37,37 -> output: 0
input: 31 -> message: 37,36,37,37,4,37,37,37,4,37,37,37,4,37,37,37,4,37,37,37,4,37,37,37,4,37,37,37,4,37 -> output: 0
input: 32 -> message: 24,27,5,27,27,36,37,36,37,37,4,37,37,37,4,37,37,37,4,37,37,37,4,37,37,37,4,37,37,37 -> output: 0
input: 33 -> message: 37,4,37,37,4,37,37,37,4,37,37,37,4,37,37,37,4,37,37,37,4,37,37,37,4,37,37,37,4,37 -> output: 0
input: 34 -> message: 24,27,36,5,27,27,36,37,36,37,37,4,37,37,37,4,37,37,37,4,37,37,37,4,37,37,37,4,37,37 -> output: 0
input: 35 -> message: 37,4,37,37,4,37,37,37,4,37,37,37,4,37,37,37,4,37,37,37,4,37,37,37,4,37,37,37,4,37 -> output: 0
input: 36 -> message: 24,27,36,5,27,27,36,37,36,37,37,4,37,37,37,4,37,37,37,4,37,37,37,4,37,37,37,4,37,37 -> output: 0
input: 37 -> message: 24,27,5,27,27,36,37,36,37,37,4,37,37,37,4,37,37,37,4,37,37,37,4,37,37,37,4,37,37,37 -> output: 0
input: 38 -> message: 24,27,5,27,27,36,37,36,37,37,4,37,37,37,4,37,37,37,4,37,37,37,4,37,37,37,4,37,37,37 -> output: 0
input: 39 -> message: 37,4,37,37,4,37,37,37,4,37,37,37,4,37,37,37,4,37,37,37,4,37,37,37,4,37,37,37,4,37 -> output: 0
input: 40 -> message: 24,27,36,5,27,27,36,37,36,37,37,4,37,37,37,4,37,37,37,4,37,37,37,4,37,37,37,4,37,37 -> output: 0
input: 41 -> message: 24,27,5,27,27,36,37,36,37,37,4,37,37,37,4,37,37,37,4,37,37,37,4,37,37,37,4,37,37,37 -> output: 0
input: 42 -> message: 24,27,36,5,27,27,36,37,36,37,37,4,37,37,37,4,37,37,37,4,37,37,37,4,37,37,37,4,37,37 -> output: 0
input: 43 -> message: 24,27,36,5,27,27,36,37,36,37,37,4,37,37,37,4,37,37,37,4,37,37,37,4,37,37,37,4,37,37 -> output: 0
input: 44 -> message: 24,27,5,27,27,36,37,36,37,37,4,37,37,37,4,37,37,37,4,37,37,37,4,37,37,37,4,37,37,37 -> output: 0
input: 45 -> message: 24,27,5,27,27,36,37,36,37,37,4,37,37,37,4,37,37,37,4,37,37,37,4,37,37,37,4,37,37,37 -> output: 0
input: 46 -> message: 37,4,37,37,4,37,37,37,4,37,37,37,4,37,37,37,4,37,37,37,4,37,37,37,4,37,37,37,4,37 -> output: 0
input: 47 -> message: 24,27,5,27,27,36,37,36,37,37,4,37,37,37,4,37,37,37,4,37,37,37,4,37,37,37,4,37,37,37 -> output: 0
input: 48 -> message: 24,27,36,5,27,27,36,37,36,37,37,4,37,37,37,4,37,37,37,4,37,37,37,4,37,37,37,4,37,37 -> output: 0
input: 49 -> message: 24,27,36,5,27,27,36,37,36,37,37,4,37,37,37,4,37,37,37,4,37,37,37,4,37,37,37,4,37,37 -> output: 0
input: 50 -> message: 24,27,5,27,27,36,37,36,37,37,4,37,37,37,4,37,37,37,4,37,37,37,4,37,37,37,4,37,37,37 -> output: 0
input: 51 -> message: 24,27,5,27,27,36,37,36,37,37,4,37,37,37,4,37,37,37,4,37,37,37,4,37,37,37,4,37,37,37 -> output: 0
input: 52 -> message: 37,4,37,37,4,37,37,37,4,37,37,37,4,37,37,37,4,37,37,37,4,37,37,37,4,37,37,37,4,37 -> output: 0
input: 53 -> message: 24,27,36,5,27,27,36,37,36,37,37,4,37,37,37,4,37,37,37,4,37,37,37,4,37,37,37,4,37,37 -> output: 0
input: 54 -> message: 24,27,5,27,27,36,37,36,37,37,4,37,37,37,4,37,37,37,4,37,37,37,4,37,37,37,4,37,37,37 -> output: 0
input: 55 -> message: 24,27,5,27,27,36,37,36,37,37,4,37,37,37,4,37,37,37,4,37,37,37,4,37,37,37,4,37,37,37 -> output: 0
input: 56 -> message: 37,4,37,37,4,37,37,37,4,37,37,37,4,37,37,37,4,37,37,37,4,37,37,37,4,37,37,37,4,37 -> output: 0
input: 57 -> message: 24,27,5,27,27,36,37,36,37,37,4,37,37,37,4,37,37,37,4,37,37,37,4,37,37,37,4,37,37,37 -> output: 0
input: 58 -> message: 24,27,5,27,27,36,37,36,37,37,4,37,37,37,4,37,37,37,4,37,37,37,4,37,37,37,4,37,37,37 -> output: 0
input: 59 -> message: 24,27,36,5,27,27,36,37,36,37,37,4,37,37,37,4,37,37,37,4,37,37,37,4,37,37,37,4,37,37 -> output: 0
input: 60 -> message: 24,27,36,5,27,27,36,37,36,37,37,4,37,37,37,4,37,37,37,4,37,37,37,4,37,37,37,4,37,37 -> output: 0
input: 61 -> message: 24,27,5,27,27,36,37,36,37,37,4,37,37,37,4,37,37,37,4,37,37,37,4,37,37,37,4,37,37,37 -> output: 0
input: 62 -> message: 24,27,5,27,27,36,37,36,37,37,4,37,37,37,4,37,37,37,4,37,37,37,4,37,37,37,4,37,37,37 -> output: 0
input: 63 -> message: 37,4,37,37,4,37,37,37,4,37,37,37,4,37,37,37,4,37,37,37,4,37,37,37,4,37,37,37,4,37 -> output: 0
input: 64 -> message: 24,27,36,5,27,27,36,37,36,37,37,4,37,37,37,4,37,37,37,4,37,37,37,4,37,37,37,4,37,37 -> output: 0
input: 65 -> message: 24,27,36,5,27,27,36,37,36,37,37,4,37,37,37,4,37,37,37,4,37,37,37,4,37,37,37,4,37,37 -> output: 0
input: 66 -> message: 24,27,36,5,27,27,36,37,36,37,37,4,37,37,37,4,37,37,37,4,37,37,37,4,37,37,37,4,37,37 -> output: 0
input: 67 -> message: 24,27,27,36,5,27,27,36,37,36,37,37,4,37,37,37,4,37,37,37,4,37,37,37,4,37,37,37,4,37 -> output: 0
input: 68 -> message: 37,4,37,37,4,37,37,37,4,37,37,37,4,37,37,37,4,37,37,37,4,37,37,37,4,37,37,37,4,37 -> output: 0
input: 69 -> message: 24,27,5,27,27,36,37,36,37,37,4,37,37,37,4,37,37,37,4,37,37,37,4,37,37,37,4,37,37,37 -> output: 0
input: 70 -> message: 24,27,36,5,27,27,36,37,36,37,37,4,37,37,37,4,37,37,37,4,37,37,37,4,37,37,37,4,37,37 -> output: 0
input: 71 -> message: 24,27,5,27,27,36,37,36,37,37,4,37,37,37,4,37,37,37,4,37,37,37,4,37,37,37,4,37,37,37 -> output: 0
input: 72 -> message: 24,27,5,27,27,36,37,36,37,37,4,37,37,37,4,37,37,37,4,37,37,37,4,37,37,37,4,37,37,37 -> output: 0
input: 73 -> message: 24,27,36,5,27,27,36,37,36,37,37,4,37,37,37,4,37,37,37,4,37,37,37,4,37,37,37,4,37,37 -> output: 0
input: 74 -> message: 24,27,5,27,27,36,37,36,37,37,4,37,37,37,4,37,37,37,4,37,37,37,4,37,37,37,4,37,37,37 -> output: 0
input: 75 -> message: 24,27,5,27,27,36,37,36,37,37,4,37,37,37,4,37,37,37,4,37,37,37,4,37,37,37,4,37,37,37 -> output: 0
input: 76 -> message: 24,27,5,27,27,36,37,36,37,37,4,37,37,37,4,37,37,37,4,37,37,37,4,37,37,37,4,37,37,37 -> output: 0
input: 77 -> message: 24,27,36,5,27,27,36,37,36,37,37,4,37,37,37,4,37,37,37,4,37,37,37,4,37,37,37,4,37,37 -> output: 0
input: 78 -> message: 24,27,5,27,27,36,37,36,37,37,4,37,37,37,4,37,37,37,4,37,37,37,4,37,37,37,4,37,37,37 -> output: 0
input: 79 -> message: 24,27,5,27,27,36,37,36,37,37,4,37,37,37,4,37,37,37,4,37,37,37,4,37,37,37,4,37,37,37 -> output: 0
input: 80 -> message: 24,27,36,5,27,27,36,37,36,37,37,4,37,37,37,4,37,37,37,4,37,37,37,4,37,37,37,4,37,37 -> output: 0
input: 81 -> message: 36,37,36,37,37,4,37,37,37,4,37,37,37,4,37,37,37,4,37,37,37,4,37,37,37,4,37,37,37,4 -> output: 0
input: 82 -> message: 24,27,36,5,27,27,36,37,36,37,37,4,37,37,37,4,37,37,37,4,37,37,37,4,37,37,37,4,37,37 -> output: 0
input: 83 -> message: 24,27,36,5,27,27,36,37,36,37,37,4,37,37,37,4,37,37,37,4,37,37,37,4,37,37,37,4,37,37 -> output: 0
input: 84 -> message: 24,27,5,27,27,36,37,36,37,37,4,37,37,37,4,37,37,37,4,37,37,37,4,37,37,37,4,37,37,37 -> output: 0
input: 85 -> message: 24,27,36,5,27,27,36,37,36,37,37,4,37,37,37,4,37,37,37,4,37,37,37,4,37,37,37,4,37,37 -> output: 0
input: 86 -> message: 37,4,37,37,4,37,37,37,4,37,37,37,4,37,37,37,4,37,37,37,4,37,37,37,4,37,37,37,4,37 -> output: 0
input: 87 -> message: 37,4,37,37,4,37,37,37,4,37,37,37,4,37,37,37,4,37,37,37,4,37,37,37,4,37,37,37,4,37 -> output: 0
input: 88 -> message: 24,27,36,5,27,27,36,37,36,37,37,4,37,37,37,4,37,37,37,4,37,37,37,4,37,37,37,4,37,37 -> output: 0
input: 89 -> message: 24,27,5,27,27,36,37,36,37,37,4,37,37,37,4,37,37,37,4,37,37,37,4,37,37,37,4,37,37,37 -> output: 0
input: 90 -> message: 24,27,36,5,27,27,36,37,36,37,37,4,37,37,37,4,37,37,37,4,37,37,37,4,37,37,37,4,37,37 -> output: 0
input: 91 -> message: 24,27,5,27,27,36,37,36,37,37,4,37,37,37,4,37,37,37,4,37,37,37,4,37,37,37,4,37,37,37 -> output: 0
input: 92 -> message: 24,27,5,27,27,36,37,36,37,37,4,37,37,37,4,37,37,37,4,37,37,37,4,37,37,37,4,37,37,37 -> output: 0
input: 93 -> message: 24,27,5,27,27,36,37,36,37,37,4,37,37,37,4,37,37,37,4,37,37,37,4,37,37,37,4,37,37,37 -> output: 0
input: 94 -> message: 37,4,37,37,4,37,37,37,4,37,37,37,4,37,37,37,4,37,37,37,4,37,37,37,4,37,37,37,4,37 -> output: 0
input: 95 -> message: 24,27,5,27,27,36,37,36,37,37,4,37,37,37,4,37,37,37,4,37,37,37,4,37,37,37,4,37,37,37 -> output: 0
input: 96 -> message: 24,27,36,5,27,27,36,37,36,37,37,4,37,37,37,4,37,37,37,4,37,37,37,4,37,37,37,4,37,37 -> output: 0
input: 97 -> message: 24,27,5,27,27,36,37,36,37,37,4,37,37,37,4,37,37,37,4,37,37,37,4,37,37,37,4,37,37,37 -> output: 0
input: 98 -> message: 24,27,36,5,27,27,36,37,36,37,37,4,37,37,37,4,37,37,37,4,37,37,37,4,37,37,37,4,37,37 -> output: 0
input: 99 -> message: 24,27,5,27,27,36,37,36,37,37,4,37,37,37,4,37,37,37,4,37,37,37,4,37,37,37,4,37,37,37 -> output: 0
{"powerlaw": 0.19277560710906982, "unif": 0.01}
Epoch: 1
{"powerlaw": 0.19277560710906982, "unif": 0.01}
Epoch: 2
{"powerlaw": 0.19277560710906982, "unif": 0.01}
Epoch: 3
{"powerlaw": 0.19277560710906982, "unif": 0.01}
Epoch: 4
{"powerlaw": 0.19277560710906982, "unif": 0.01}
Epoch: 5
{"powerlaw": 0.19277560710906982, "unif": 0.01}
Epoch: 6
{"powerlaw": 0.19277560710906982, "unif": 0.01}
Epoch: 7
{"powerlaw": 0.19277560710906982, "unif": 0.01}
Epoch: 8
{"powerlaw": 0.19277560710906982, "unif": 0.01}
Epoch: 9
{"powerlaw": 0.19277560710906982, "unif": 0.01}
Epoch: 10
{"powerlaw": 0.19277560710906982, "unif": 0.01}
Epoch: 11
{"powerlaw": 0.25703415274620056, "unif": 0.02}
Epoch: 12
{"powerlaw": 0.25703415274620056, "unif": 0.02}
Epoch: 13
{"powerlaw": 0.25703415274620056, "unif": 0.02}
Epoch: 14
{"powerlaw": 0.25703415274620056, "unif": 0.02}
Epoch: 15
{"powerlaw": 0.3277185261249542, "unif": 0.04}
Epoch: 16
{"powerlaw": 0.3666630983352661, "unif": 0.05}
Epoch: 17
{"powerlaw": 0.3336641788482666, "unif": 0.06}
Epoch: 18
{"powerlaw": 0.5175608992576599, "unif": 0.12}
Epoch: 19
{"powerlaw": 0.5994141101837158, "unif": 0.15}
Epoch: 20
{"powerlaw": 0.5813690423965454, "unif": 0.15}
Epoch: 21
{"powerlaw": 0.6409125924110413, "unif": 0.2}
Epoch: 22
{"powerlaw": 0.640265166759491, "unif": 0.18}
Epoch: 23
{"powerlaw": 0.6545361876487732, "unif": 0.17}
Epoch: 24
{"powerlaw": 0.6340818405151367, "unif": 0.17}
Epoch: 25
{"powerlaw": 0.6788812875747681, "unif": 0.2}
Epoch: 26
{"powerlaw": 0.6878563761711121, "unif": 0.22}
Epoch: 27
{"powerlaw": 0.5837237238883972, "unif": 0.17}
Epoch: 28
{"powerlaw": 0.6919017434120178, "unif": 0.24}
Epoch: 29
{"powerlaw": 0.67408287525177, "unif": 0.2}
Epoch: 30
{"powerlaw": 0.6868444085121155, "unif": 0.23}
Epoch: 31
{"powerlaw": 0.6912500262260437, "unif": 0.22}
Epoch: 32
{"powerlaw": 0.7161839604377747, "unif": 0.27}
Epoch: 33
{"powerlaw": 0.6867954730987549, "unif": 0.25}
Epoch: 34
{"powerlaw": 0.6487236618995667, "unif": 0.19}
Epoch: 35
{"powerlaw": 0.6823863983154297, "unif": 0.24}
Epoch: 36
{"powerlaw": 0.6902527213096619, "unif": 0.24}
Epoch: 37
{"powerlaw": 0.7190216183662415, "unif": 0.26}
Epoch: 38
{"powerlaw": 0.7015065550804138, "unif": 0.23}
Epoch: 39
{"powerlaw": 0.7342445254325867, "unif": 0.28}
Epoch: 40
{"powerlaw": 0.7664216160774231, "unif": 0.33}
Epoch: 41
{"powerlaw": 0.7699180245399475, "unif": 0.34}
Epoch: 42
{"powerlaw": 0.7781874537467957, "unif": 0.37}
Epoch: 43
{"powerlaw": 0.741773784160614, "unif": 0.31}
Epoch: 44
{"powerlaw": 0.7834392189979553, "unif": 0.36}
Epoch: 45
{"powerlaw": 0.7671465277671814, "unif": 0.35}
Epoch: 46
{"powerlaw": 0.7001662850379944, "unif": 0.32}
Epoch: 47
{"powerlaw": 0.7713834047317505, "unif": 0.36}
Epoch: 48
{"powerlaw": 0.7655177712440491, "unif": 0.37}
Epoch: 49
{"powerlaw": 0.7734233140945435, "unif": 0.36}
Epoch: 50
input: 0 -> message: 0 -> output: 0
input: 1 -> message: 8,25,25,25,25,25,25,25,25,15,15,15,21,35,35,0 -> output: 1
input: 2 -> message: 22,22,25,25,25,25,25,25,25,25,25,25,25,25,15,15,15,21,5,35,0 -> output: 2
input: 3 -> message: 8,21,25,25,25,25,25,25,25,25,25,25,15,15,15,21,35,0 -> output: 3
input: 4 -> message: 25,25,25,25,25,15,15,15,21,35,0 -> output: 4
input: 5 -> message: 25,25,25,25,25,25,25,25,15,15,5,5,34,0 -> output: 5
input: 6 -> message: 25,25,5,15,5,5,34,0 -> output: 6
input: 7 -> message: 25,25,25,5,15,15,5,34,0 -> output: 7
input: 8 -> message: 35,0 -> output: 8
input: 9 -> message: 22,21,25,25,25,25,25,25,25,25,25,25,15,15,15,21,5,35,0 -> output: 9
input: 10 -> message: 22,34,0 -> output: 10
input: 11 -> message: 12,12,12,22,22,21,21,21,21,21,25,25,25,25,25,25,25,25,25,25,25,25,25,25,25,15,15,15,5,5 -> output: 11
input: 12 -> message: 22,0 -> output: 12
input: 13 -> message: 22,5,5,5,34,0 -> output: 13
input: 14 -> message: 5,18,0 -> output: 14
input: 15 -> message: 25,25,25,25,25,25,15,15,15,21,35,0 -> output: 15
input: 16 -> message: 22,22,21,21,21,25,25,25,25,25,25,25,25,25,25,25,25,25,15,15,15,15,21,5,34,0 -> output: 16
input: 17 -> message: 22,5,5,34,0 -> output: 17
input: 18 -> message: 5,5,34,0 -> output: 18
input: 19 -> message: 25,25,25,25,25,15,15,21,35,0 -> output: 19
input: 20 -> message: 12,22,22,22,21,21,21,25,25,25,25,25,25,25,25,25,25,25,25,25,25,25,15,15,15,15,21,35,35,0 -> output: 20
input: 21 -> message: 12,22,21,21,21,25,25,25,25,25,25,25,25,25,25,25,25,25,15,15,15,21,5,34,0 -> output: 21
input: 22 -> message: 5,5,34,0 -> output: 18
input: 23 -> message: 35,0 -> output: 8
input: 24 -> message: 5,5,0 -> output: 14
input: 25 -> message: 12,12,22,22,21,21,21,21,25,25,25,25,25,25,25,25,25,25,25,25,25,25,15,15,15,15,21,35,35,0 -> output: 25
input: 26 -> message: 25,25,25,25,25,25,25,15,15,15,21,35,0 -> output: 26
input: 27 -> message: 12,22,22,21,21,25,25,25,25,25,25,25,25,25,25,25,25,25,25,15,15,15,21,5,34,0 -> output: 27
input: 28 -> message: 5,18,0 -> output: 14
input: 29 -> message: 5,5,5,34,0 -> output: 29
input: 30 -> message: 22,25,25,25,25,25,25,25,25,15,15,15,21,5,34,0 -> output: 30
input: 31 -> message: 5,5,34,0 -> output: 18
input: 32 -> message: 25,25,25,25,25,25,25,15,15,5,5,34,0 -> output: 26
input: 33 -> message: 5,35,0 -> output: 14
input: 34 -> message: 22,25,25,25,25,5,15,5,5,34,0 -> output: 34
input: 35 -> message: 22,21,25,25,25,25,25,25,25,25,15,15,15,5,5,35,0 -> output: 35
input: 36 -> message: 25,25,25,25,25,25,15,15,15,21,35,0 -> output: 15
input: 37 -> message: 5,5,5,5,34,0 -> output: 41
input: 38 -> message: 25,25,25,25,25,25,25,15,15,15,21,35,0 -> output: 26
input: 39 -> message: 5,5,5,34,0 -> output: 29
input: 40 -> message: 25,5,15,15,5,34,0 -> output: 40
input: 41 -> message: 5,5,15,5,34,0 -> output: 41
input: 42 -> message: 5,35,0 -> output: 14
input: 43 -> message: 35,0 -> output: 8
input: 44 -> message: 35,0 -> output: 8
input: 45 -> message: 25,25,5,15,5,34,0 -> output: 45
input: 46 -> message: 5,5,15,5,34,0 -> output: 41
input: 47 -> message: 35,0 -> output: 8
input: 48 -> message: 21,25,25,25,25,25,25,25,25,25,15,15,15,21,35,0 -> output: 1
input: 49 -> message: 22,25,25,25,25,25,25,5,15,15,21,5,34,0 -> output: 49
input: 50 -> message: 5,35,0 -> output: 14
input: 51 -> message: 5,5,5,34,0 -> output: 29
input: 52 -> message: 5,5,34,0 -> output: 18
input: 53 -> message: 22,25,25,25,25,25,25,25,25,15,15,15,21,5,34,0 -> output: 30
input: 54 -> message: 5,5,15,5,34,0 -> output: 41
input: 55 -> message: 35,0 -> output: 8
input: 56 -> message: 21,25,25,25,25,25,25,25,25,25,15,15,15,21,35,0 -> output: 1
input: 57 -> message: 35,0 -> output: 8
input: 58 -> message: 22,25,25,25,25,25,25,25,25,25,15,15,15,21,35,35,0 -> output: 58
input: 59 -> message: 25,5,15,5,34,0 -> output: 41
input: 60 -> message: 35,0 -> output: 8
input: 61 -> message: 22,23,25,25,25,25,25,25,25,25,15,15,15,21,5,34,0 -> output: 35
input: 62 -> message: 35,0 -> output: 8
input: 63 -> message: 5,5,34,0 -> output: 18
input: 64 -> message: 25,25,25,25,25,25,25,15,15,5,5,34,0 -> output: 26
input: 65 -> message: 5,5,5,5,34,0 -> output: 41
input: 66 -> message: 22,5,34,0 -> output: 89
input: 67 -> message: 35,0 -> output: 8
input: 68 -> message: 5,5,5,34,0 -> output: 29
input: 69 -> message: 5,18,0 -> output: 14
input: 70 -> message: 5,5,34,0 -> output: 18
input: 71 -> message: 5,5,34,0 -> output: 18
input: 72 -> message: 5,5,34,0 -> output: 18
input: 73 -> message: 5,5,34,0 -> output: 18
input: 74 -> message: 5,5,34,0 -> output: 18
input: 75 -> message: 22,25,25,25,25,25,25,15,15,21,5,34,0 -> output: 75
input: 76 -> message: 22,5,34,0 -> output: 89
input: 77 -> message: 22,23,25,25,25,25,25,25,25,25,25,25,15,15,15,21,35,35,0 -> output: 9
input: 78 -> message: 22,25,25,25,25,25,25,25,25,5,15,15,5,5,35,0 -> output: 30
input: 79 -> message: 5,5,5,34,0 -> output: 29
input: 80 -> message: 22,25,25,25,25,25,25,25,25,15,15,21,5,34,0 -> output: 80
input: 81 -> message: 5,5,34,0 -> output: 18
input: 82 -> message: 22,22,21,21,25,25,25,25,25,25,25,25,25,25,25,25,15,15,15,5,5,35,0 -> output: 2
input: 83 -> message: 5,5,5,34,0 -> output: 29
input: 84 -> message: 25,25,25,25,25,25,25,15,15,15,21,35,0 -> output: 26
input: 85 -> message: 5,5,15,5,34,0 -> output: 41
input: 86 -> message: 12,22,21,21,25,25,25,25,25,25,25,25,25,25,25,25,15,15,15,5,5,35,0 -> output: 86
input: 87 -> message: 5,5,5,34,0 -> output: 29
input: 88 -> message: 5,18,0 -> output: 14
input: 89 -> message: 22,5,34,0 -> output: 89
input: 90 -> message: 22,25,25,25,25,25,25,25,25,15,15,5,5,35,0 -> output: 80
input: 91 -> message: 5,18,0 -> output: 14
input: 92 -> message: 22,5,34,0 -> output: 89
input: 93 -> message: 5,18,0 -> output: 14
input: 94 -> message: 12,22,21,21,25,25,25,25,25,25,25,25,25,25,25,25,25,15,15,15,21,35,35,0 -> output: 86
input: 95 -> message: 25,25,25,25,25,25,25,15,15,15,21,35,0 -> output: 26
input: 96 -> message: 5,5,5,34,0 -> output: 29
input: 97 -> message: 5,0 -> output: 8
input: 98 -> message: 22,5,34,0 -> output: 89
input: 99 -> message: 5,5,0 -> output: 14
{"powerlaw": 0.7863249778747559, "unif": 0.38}
Epoch: 51
{"powerlaw": 0.7564690113067627, "unif": 0.34}
Epoch: 52
{"powerlaw": 0.7909180521965027, "unif": 0.38}
Epoch: 53
{"powerlaw": 0.7652522921562195, "unif": 0.34}
Epoch: 54
{"powerlaw": 0.7816523313522339, "unif": 0.37}
Epoch: 55
{"powerlaw": 0.7847716212272644, "unif": 0.39}
Epoch: 56
{"powerlaw": 0.7926133275032043, "unif": 0.41}
Epoch: 57
{"powerlaw": 0.7741215229034424, "unif": 0.37}
Epoch: 58
{"powerlaw": 0.7871829867362976, "unif": 0.4}
Epoch: 59
{"powerlaw": 0.7982590198516846, "unif": 0.42}
Epoch: 60
{"powerlaw": 0.7836166620254517, "unif": 0.4}
Epoch: 61
{"powerlaw": 0.788643479347229, "unif": 0.4}
Epoch: 62
{"powerlaw": 0.7840521335601807, "unif": 0.4}
Epoch: 63
{"powerlaw": 0.7876917123794556, "unif": 0.4}
Epoch: 64
{"powerlaw": 0.8065427541732788, "unif": 0.44}
Epoch: 65
{"powerlaw": 0.8110291361808777, "unif": 0.44}
Epoch: 66
{"powerlaw": 0.7895310521125793, "unif": 0.4}
Epoch: 67
{"powerlaw": 0.7948383688926697, "unif": 0.41}
Epoch: 68
{"powerlaw": 0.8112236261367798, "unif": 0.44}
Epoch: 69
{"powerlaw": 0.7535403370857239, "unif": 0.36}
Epoch: 70
{"powerlaw": 0.8133648633956909, "unif": 0.46}
Epoch: 71
{"powerlaw": 0.7844305634498596, "unif": 0.4}
Epoch: 72
{"powerlaw": 0.79779452085495, "unif": 0.42}
Epoch: 73
{"powerlaw": 0.8017449975013733, "unif": 0.42}
Epoch: 74
{"powerlaw": 0.8196787238121033, "unif": 0.45}
Epoch: 75
{"powerlaw": 0.8052787184715271, "unif": 0.44}
Epoch: 76
{"powerlaw": 0.8263182640075684, "unif": 0.45}
Epoch: 77
{"powerlaw": 0.8477948307991028, "unif": 0.51}
Epoch: 78
{"powerlaw": 0.8442600965499878, "unif": 0.51}
Epoch: 79
{"powerlaw": 0.8520970940589905, "unif": 0.53}
Epoch: 80
{"powerlaw": 0.849972128868103, "unif": 0.54}
Epoch: 81
{"powerlaw": 0.8611994981765747, "unif": 0.57}
Epoch: 82
{"powerlaw": 0.8554437160491943, "unif": 0.55}
Epoch: 83
{"powerlaw": 0.8379098773002625, "unif": 0.49}
Epoch: 84
{"powerlaw": 0.8531020879745483, "unif": 0.55}
Epoch: 85
{"powerlaw": 0.8661964535713196, "unif": 0.57}
Epoch: 86
{"powerlaw": 0.8522725701332092, "unif": 0.56}
Epoch: 87
{"powerlaw": 0.8747738599777222, "unif": 0.59}
Epoch: 88
{"powerlaw": 0.8701509833335876, "unif": 0.57}
Epoch: 89
{"powerlaw": 0.8731616139411926, "unif": 0.59}
Epoch: 90
{"powerlaw": 0.8675397634506226, "unif": 0.57}
Epoch: 91
{"powerlaw": 0.8349659442901611, "unif": 0.5}
Epoch: 92
{"powerlaw": 0.8565462827682495, "unif": 0.54}
Epoch: 93
{"powerlaw": 0.8600142002105713, "unif": 0.56}
Epoch: 94
{"powerlaw": 0.8496440052986145, "unif": 0.55}
Epoch: 95
{"powerlaw": 0.8535292148590088, "unif": 0.53}
Epoch: 96
{"powerlaw": 0.8480688333511353, "unif": 0.54}
Epoch: 97
{"powerlaw": 0.8536413908004761, "unif": 0.55}
Epoch: 98
{"powerlaw": 0.8661362528800964, "unif": 0.58}
Epoch: 99
{"powerlaw": 0.8823559284210205, "unif": 0.61}
Epoch: 100
input: 0 -> message: 0 -> output: 0
input: 1 -> message: 27,14,14,14,14,14,14,14,24,24,24,24,7,25,25,25,25,25,25,0 -> output: 1
input: 2 -> message: 22,22,14,14,14,14,14,14,14,14,14,14,14,14,14,14,14,14,24,24,24,24,24,7,25,25,25,25,25,25 -> output: 2
input: 3 -> message: 26,14,14,14,14,14,14,14,14,14,14,14,14,14,24,24,24,24,24,7,25,25,25,25,25,25,0 -> output: 3
input: 4 -> message: 27,7,25,25,25,25,25,25,0 -> output: 4
input: 5 -> message: 27,14,14,14,14,14,24,24,24,7,25,25,25,25,25,25,0 -> output: 5
input: 6 -> message: 27,25,25,25,25,0 -> output: 6
input: 7 -> message: 27,25,25,25,25,25,25,0 -> output: 7
input: 8 -> message: 26,0 -> output: 8
input: 9 -> message: 22,22,14,14,14,14,14,14,14,14,24,24,24,7,25,25,25,25,25,25,0 -> output: 9
input: 10 -> message: 22,25,0 -> output: 10
input: 11 -> message: 12,12,12,22,22,7,25,25,25,0 -> output: 11
input: 12 -> message: 22,0 -> output: 12
input: 13 -> message: 22,25,25,25,25,0 -> output: 13
input: 14 -> message: 26,25,0 -> output: 14
input: 15 -> message: 27,14,14,24,24,7,25,25,25,25,25,25,0 -> output: 36
input: 16 -> message: 22,22,22,22,24,14,14,14,14,24,24,25,25,25,25,25,25,25,0 -> output: 16
input: 17 -> message: 22,25,25,0 -> output: 17
input: 18 -> message: 33,25,25,0 -> output: 18
input: 19 -> message: 27,24,24,7,25,25,25,25,25,0 -> output: 19
input: 20 -> message: 12,22,22,22,22,22,25,25,25,0 -> output: 20
input: 21 -> message: 12,22,14,14,14,14,14,14,14,14,14,14,14,14,14,14,14,14,24,24,24,24,24,7,25,25,25,25,25,25 -> output: 21
input: 22 -> message: 7,25,25,0 -> output: 31
input: 23 -> message: 33,0 -> output: 23
input: 24 -> message: 25,25,0 -> output: 24
input: 25 -> message: 12,12,22,22,7,2,25,25,25,0 -> output: 25
input: 26 -> message: 27,14,24,24,7,25,25,25,25,25,0 -> output: 19
input: 27 -> message: 12,22,22,14,14,14,14,14,14,14,14,14,14,14,14,14,14,24,24,24,7,25,25,25,25,25,25,25,0 -> output: 27
input: 28 -> message: 27,25,0 -> output: 28
input: 29 -> message: 7,25,25,25,0 -> output: 29
input: 30 -> message: 22,14,14,14,14,14,24,24,24,7,25,25,25,25,25,25,0 -> output: 30
input: 31 -> message: 7,25,25,0 -> output: 31
input: 32 -> message: 27,14,14,14,24,24,24,7,25,25,25,25,25,25,0 -> output: 32
input: 33 -> message: 33,33,0 -> output: 33
input: 34 -> message: 22,25,25,25,25,25,0 -> output: 34
input: 35 -> message: 22,14,14,14,14,14,14,14,14,14,14,14,24,24,24,24,7,25,25,25,25,25,25,0 -> output: 35
input: 36 -> message: 27,14,14,24,24,7,25,25,25,25,25,25,0 -> output: 36
input: 37 -> message: 33,25,25,25,0 -> output: 37
input: 38 -> message: 27,14,14,14,14,24,24,24,7,25,25,25,25,25,25,0 -> output: 38
input: 39 -> message: 7,25,25,25,0 -> output: 29
input: 40 -> message: 7,25,25,25,25,25,0 -> output: 40
input: 41 -> message: 33,25,25,25,25,0 -> output: 41
input: 42 -> message: 25,25,0 -> output: 24
input: 43 -> message: 27,0 -> output: 43
input: 44 -> message: 33,0 -> output: 23
input: 45 -> message: 7,25,25,25,25,0 -> output: 45
input: 46 -> message: 7,25,25,25,0 -> output: 29
input: 47 -> message: 25,0 -> output: 47
input: 48 -> message: 26,14,14,14,14,14,14,14,14,24,24,24,24,7,25,25,25,25,25,25,0 -> output: 1
input: 49 -> message: 22,24,14,24,24,7,25,25,25,25,25,0 -> output: 49
input: 50 -> message: 25,25,0 -> output: 24
input: 51 -> message: 7,25,25,25,0 -> output: 29
input: 52 -> message: 27,25,25,25,0 -> output: 52
input: 53 -> message: 22,14,14,14,14,24,24,24,7,25,25,25,25,25,25,0 -> output: 53
input: 54 -> message: 7,25,25,25,25,0 -> output: 45
input: 55 -> message: 25,0 -> output: 47
input: 56 -> message: 26,14,14,14,14,14,14,14,14,14,24,24,24,24,7,25,25,25,25,25,25,0 -> output: 48
input: 57 -> message: 25,0 -> output: 47
input: 58 -> message: 22,27,14,14,14,14,14,24,24,24,24,7,25,25,25,25,25,25,0 -> output: 90
input: 59 -> message: 7,25,25,25,25,0 -> output: 45
input: 60 -> message: 25,0 -> output: 47
input: 61 -> message: 22,14,14,14,14,14,14,14,14,14,14,14,14,14,14,14,24,24,24,24,24,7,25,25,25,25,25,25,0 -> output: 61
input: 62 -> message: 25,0 -> output: 47
input: 63 -> message: 27,25,25,0 -> output: 74
input: 64 -> message: 27,14,14,14,24,24,7,25,25,25,25,25,25,0 -> output: 95
input: 65 -> message: 27,25,25,25,0 -> output: 52
input: 66 -> message: 22,25,25,0 -> output: 17
input: 67 -> message: 33,0 -> output: 23
input: 68 -> message: 7,25,25,25,0 -> output: 29
input: 69 -> message: 25,25,0 -> output: 24
input: 70 -> message: 7,25,25,0 -> output: 31
input: 71 -> message: 7,25,25,0 -> output: 31
input: 72 -> message: 27,25,0 -> output: 28
input: 73 -> message: 7,25,25,0 -> output: 31
input: 74 -> message: 27,25,25,0 -> output: 74
input: 75 -> message: 22,24,25,25,25,25,25,25,0 -> output: 75
input: 76 -> message: 22,22,25,0 -> output: 76
input: 77 -> message: 22,22,22,14,14,14,14,14,14,14,14,14,14,14,14,14,24,24,24,24,7,25,25,25,25,25,25,25,0 -> output: 77
input: 78 -> message: 22,27,14,14,14,14,14,14,14,24,24,24,24,7,25,25,25,25,25,25,0 -> output: 58
input: 79 -> message: 7,25,25,25,0 -> output: 29
input: 80 -> message: 22,24,14,14,24,24,24,7,25,25,25,25,25,0 -> output: 80
input: 81 -> message: 7,25,25,0 -> output: 31
input: 82 -> message: 22,22,22,14,14,14,14,14,14,14,14,14,14,14,24,24,24,7,25,25,25,25,25,25,0 -> output: 82
input: 83 -> message: 27,25,25,25,0 -> output: 52
input: 84 -> message: 27,14,14,14,14,24,24,24,7,25,25,25,25,25,25,0 -> output: 38
input: 85 -> message: 7,25,25,25,25,0 -> output: 45
input: 86 -> message: 12,22,7,7,7,25,25,25,25,25,0 -> output: 86
input: 87 -> message: 25,25,25,0 -> output: 22
input: 88 -> message: 25,25,0 -> output: 24
input: 89 -> message: 22,25,25,0 -> output: 17
input: 90 -> message: 22,14,14,14,14,14,14,24,24,24,7,25,25,25,25,25,25,0 -> output: 30
input: 91 -> message: 33,25,0 -> output: 91
input: 92 -> message: 22,25,25,0 -> output: 17
input: 93 -> message: 25,25,0 -> output: 24
input: 94 -> message: 12,22,14,14,14,14,14,24,24,7,25,25,25,25,25,25,0 -> output: 94
input: 95 -> message: 27,14,14,14,24,24,7,25,25,25,25,25,25,0 -> output: 95
input: 96 -> message: 7,25,25,25,0 -> output: 29
input: 97 -> message: 25,0 -> output: 47
input: 98 -> message: 22,25,25,0 -> output: 17
input: 99 -> message: 25,25,0 -> output: 24
{"powerlaw": 0.8515945672988892, "unif": 0.55}
Epoch: 101
{"powerlaw": 0.8789076209068298, "unif": 0.62}
Epoch: 102
{"powerlaw": 0.8636925220489502, "unif": 0.58}
Epoch: 103
{"powerlaw": 0.8866815567016602, "unif": 0.63}
Epoch: 104
{"powerlaw": 0.8790184855461121, "unif": 0.61}
Epoch: 105
{"powerlaw": 0.8958845138549805, "unif": 0.65}
Epoch: 106
{"powerlaw": 0.8875836730003357, "unif": 0.63}
Epoch: 107
{"powerlaw": 0.8842175602912903, "unif": 0.62}
Epoch: 108
{"powerlaw": 0.9076162576675415, "unif": 0.68}
Epoch: 109
{"powerlaw": 0.895878255367279, "unif": 0.65}
Epoch: 110
{"powerlaw": 0.9026944041252136, "unif": 0.67}
Epoch: 111
{"powerlaw": 0.8947654366493225, "unif": 0.66}
Epoch: 112
{"powerlaw": 0.8917850852012634, "unif": 0.66}
Epoch: 113
{"powerlaw": 0.9152817130088806, "unif": 0.7}
Epoch: 114
{"powerlaw": 0.9020738005638123, "unif": 0.67}
Epoch: 115
{"powerlaw": 0.9084733724594116, "unif": 0.69}
Epoch: 116
{"powerlaw": 0.8981171250343323, "unif": 0.65}
Epoch: 117
{"powerlaw": 0.9181400537490845, "unif": 0.71}
Epoch: 118
{"powerlaw": 0.9090317487716675, "unif": 0.69}
Epoch: 119
{"powerlaw": 0.9156259298324585, "unif": 0.71}
Epoch: 120
{"powerlaw": 0.9084958434104919, "unif": 0.69}
Epoch: 121
{"powerlaw": 0.9031683206558228, "unif": 0.68}
Epoch: 122
{"powerlaw": 0.9126845598220825, "unif": 0.69}
Epoch: 123
{"powerlaw": 0.9213201999664307, "unif": 0.72}
Epoch: 124
{"powerlaw": 0.9160488247871399, "unif": 0.71}
Epoch: 125
{"powerlaw": 0.9060910940170288, "unif": 0.67}
Epoch: 126
{"powerlaw": 0.9255613088607788, "unif": 0.73}
Epoch: 127
{"powerlaw": 0.9227901101112366, "unif": 0.72}
Epoch: 128
{"powerlaw": 0.9117351174354553, "unif": 0.68}
Epoch: 129
{"powerlaw": 0.9132710695266724, "unif": 0.7}
Epoch: 130
{"powerlaw": 0.8719889521598816, "unif": 0.66}
Epoch: 131
{"powerlaw": 0.9184162616729736, "unif": 0.72}
Epoch: 132
{"powerlaw": 0.9268440008163452, "unif": 0.74}
Epoch: 133
{"powerlaw": 0.9184210896492004, "unif": 0.72}
Epoch: 134
{"powerlaw": 0.930652916431427, "unif": 0.76}
Epoch: 135
{"powerlaw": 0.9324573874473572, "unif": 0.76}
Epoch: 136
{"powerlaw": 0.9281038641929626, "unif": 0.75}
Epoch: 137
{"powerlaw": 0.9263484477996826, "unif": 0.74}
Epoch: 138
{"powerlaw": 0.9241318702697754, "unif": 0.74}
Epoch: 139
{"powerlaw": 0.9272540807723999, "unif": 0.74}
Epoch: 140
{"powerlaw": 0.9247626662254333, "unif": 0.74}
Epoch: 141
{"powerlaw": 0.9350087642669678, "unif": 0.77}
Epoch: 142
{"powerlaw": 0.9321305751800537, "unif": 0.76}
Epoch: 143
{"powerlaw": 0.9243929386138916, "unif": 0.74}
Epoch: 144
{"powerlaw": 0.9304292798042297, "unif": 0.75}
Epoch: 145
{"powerlaw": 0.9354726672172546, "unif": 0.77}
Epoch: 146
{"powerlaw": 0.93187016248703, "unif": 0.75}
Epoch: 147
{"powerlaw": 0.913915753364563, "unif": 0.7}
Epoch: 148
{"powerlaw": 0.9073713421821594, "unif": 0.7}
Epoch: 149
{"powerlaw": 0.9307968616485596, "unif": 0.76}
Epoch: 150
input: 0 -> message: 0 -> output: 0
input: 1 -> message: 23,11,11,11,11,11,11,11,11,11,11,11,24,24,24,8,8,21,21,0 -> output: 1
input: 2 -> message: 22,22,32,11,11,11,11,11,11,11,11,11,11,11,11,11,11,24,24,24,24,8,8,21,21,0 -> output: 2
input: 3 -> message: 26,23,32,11,11,11,11,11,11,11,11,11,11,11,11,11,11,11,11,24,24,24,24,8,8,21,11,0 -> output: 3
input: 4 -> message: 11,11,24,24,24,8,8,8,0 -> output: 4
input: 5 -> message: 27,11,11,11,11,11,11,11,11,11,24,24,24,24,8,8,21,0 -> output: 5
input: 6 -> message: 27,11,8,8,11,0 -> output: 6
input: 7 -> message: 27,11,24,8,8,11,0 -> output: 7
input: 8 -> message: 26,0 -> output: 8
input: 9 -> message: 22,22,11,11,11,11,11,11,11,11,11,24,24,24,24,8,8,21,0 -> output: 9
input: 10 -> message: 22,3,0 -> output: 10
input: 11 -> message: 12,12,31,11,11,24,24,8,8,8,0 -> output: 11
input: 12 -> message: 22,0 -> output: 12
input: 13 -> message: 22,8,8,8,11,0 -> output: 13
input: 14 -> message: 26,8,0 -> output: 14
input: 15 -> message: 11,11,11,11,11,24,24,24,8,8,8,11,0 -> output: 15
input: 16 -> message: 22,22,22,22,11,2,2,8,21,21,0 -> output: 16
input: 17 -> message: 22,8,8,11,0 -> output: 17
input: 18 -> message: 33,8,8,11,0 -> output: 18
input: 19 -> message: 11,11,11,11,24,24,24,8,8,21,0 -> output: 19
input: 20 -> message: 12,22,22,22,22,11,24,2,2,21,21,11,0 -> output: 20
input: 21 -> message: 12,22,32,11,11,11,11,11,11,11,11,11,11,11,11,11,11,24,24,24,24,8,8,21,11,0 -> output: 21
input: 22 -> message: 8,8,8,0 -> output: 22
input: 23 -> message: 33,0 -> output: 23
input: 24 -> message: 19,23,0 -> output: 24
input: 25 -> message: 12,12,22,22,11,11,11,11,24,24,24,8,8,21,0 -> output: 25
input: 26 -> message: 27,11,11,11,24,24,24,8,8,21,0 -> output: 26
input: 27 -> message: 12,22,22,22,11,24,2,8,8,11,0 -> output: 27
input: 28 -> message: 27,11,0 -> output: 28
input: 29 -> message: 11,8,8,11,0 -> output: 29
input: 30 -> message: 22,11,11,11,11,11,11,11,11,11,24,24,24,24,8,8,21,0 -> output: 30
input: 31 -> message: 26,8,8,0 -> output: 31
input: 32 -> message: 32,11,11,11,11,11,11,11,11,24,24,24,8,8,8,11,0 -> output: 32
input: 33 -> message: 33,33,0 -> output: 33
input: 34 -> message: 22,11,21,8,8,11,0 -> output: 34
input: 35 -> message: 22,32,11,11,11,11,11,11,11,11,11,11,11,11,24,24,24,24,8,8,21,11,0 -> output: 35
input: 36 -> message: 27,11,11,11,11,24,24,24,8,8,21,0 -> output: 36
input: 37 -> message: 33,8,8,8,0 -> output: 18
input: 38 -> message: 27,11,11,11,11,11,11,11,24,24,24,24,8,8,21,0 -> output: 38
input: 39 -> message: 26,8,8,8,0 -> output: 39
input: 40 -> message: 11,24,24,8,8,8,0 -> output: 40
input: 41 -> message: 33,11,8,8,8,0 -> output: 41
input: 42 -> message: 19,23,0 -> output: 24
input: 43 -> message: 27,0 -> output: 43
input: 44 -> message: 33,0 -> output: 23
input: 45 -> message: 19,11,8,8,11,0 -> output: 45
input: 46 -> message: 19,8,8,11,0 -> output: 46
input: 47 -> message: 11,0 -> output: 47
input: 48 -> message: 26,32,11,11,11,11,11,11,11,11,11,11,11,11,24,24,24,8,8,21,21,0 -> output: 48
input: 49 -> message: 22,11,11,11,24,24,24,8,8,8,0 -> output: 49
input: 50 -> message: 8,8,0 -> output: 50
input: 51 -> message: 11,8,8,11,0 -> output: 29
input: 52 -> message: 27,8,8,11,0 -> output: 52
input: 53 -> message: 22,11,11,11,11,11,11,11,24,24,24,24,8,8,21,0 -> output: 53
input: 54 -> message: 11,24,8,8,8,0 -> output: 59
input: 55 -> message: 14,0 -> output: 55
input: 56 -> message: 26,32,11,11,11,11,11,11,11,11,11,24,24,24,24,8,8,21,11,0 -> output: 56
input: 57 -> message: 11,0 -> output: 47
input: 58 -> message: 22,11,11,11,11,11,11,11,11,11,11,24,24,24,24,8,8,21,11,0 -> output: 58
input: 59 -> message: 11,24,8,8,8,0 -> output: 59
input: 60 -> message: 19,0 -> output: 60
input: 61 -> message: 22,23,32,11,11,11,11,11,11,11,11,11,11,11,11,11,11,24,24,24,24,24,8,21,21,11,0 -> output: 61
input: 62 -> message: 19,0 -> output: 60
input: 63 -> message: 19,23,19,0 -> output: 70
input: 64 -> message: 11,11,11,11,11,11,11,24,24,24,8,8,8,11,0 -> output: 64
input: 65 -> message: 27,8,8,8,0 -> output: 52
input: 66 -> message: 22,8,8,0 -> output: 66
input: 67 -> message: 33,0 -> output: 23
input: 68 -> message: 11,8,8,8,0 -> output: 29
input: 69 -> message: 8,8,0 -> output: 50
input: 70 -> message: 19,23,19,0 -> output: 70
input: 71 -> message: 11,8,8,0 -> output: 22
input: 72 -> message: 27,11,0 -> output: 28
input: 73 -> message: 8,8,8,0 -> output: 22
input: 74 -> message: 27,8,11,0 -> output: 74
input: 75 -> message: 22,11,24,24,8,8,8,11,0 -> output: 75
input: 76 -> message: 22,22,19,0 -> output: 76
input: 77 -> message: 22,22,22,11,11,11,11,11,11,11,11,11,11,11,24,24,24,24,8,8,21,11,0 -> output: 77
input: 78 -> message: 22,32,11,11,11,11,11,11,11,11,11,11,24,24,24,24,8,8,21,11,0 -> output: 78
input: 79 -> message: 11,8,8,8,0 -> output: 29
input: 80 -> message: 22,11,11,11,11,11,24,24,24,24,8,8,21,0 -> output: 80
input: 81 -> message: 8,8,8,0 -> output: 22
input: 82 -> message: 22,22,22,19,11,24,24,8,8,21,11,0 -> output: 82
input: 83 -> message: 27,8,8,11,0 -> output: 52
input: 84 -> message: 27,11,11,11,11,11,11,24,24,24,8,8,8,11,0 -> output: 84
input: 85 -> message: 11,24,8,8,8,0 -> output: 59
input: 86 -> message: 12,22,11,11,24,24,8,8,8,0 -> output: 86
input: 87 -> message: 11,8,8,8,0 -> output: 29
input: 88 -> message: 2,8,0 -> output: 88
input: 89 -> message: 22,19,23,0 -> output: 98
input: 90 -> message: 22,11,11,11,11,11,11,11,11,11,11,24,24,24,8,8,8,11,0 -> output: 58
input: 91 -> message: 33,8,0 -> output: 91
input: 92 -> message: 22,27,3,0 -> output: 92
input: 93 -> message: 8,8,0 -> output: 50
input: 94 -> message: 12,22,11,11,11,11,24,24,24,8,8,21,0 -> output: 94
input: 95 -> message: 27,11,11,11,11,11,24,24,24,8,8,21,0 -> output: 95
input: 96 -> message: 11,8,8,8,0 -> output: 29
input: 97 -> message: 2,0 -> output: 97
input: 98 -> message: 22,19,3,0 -> output: 98
input: 99 -> message: 8,8,0 -> output: 50
{"powerlaw": 0.9286110997200012, "unif": 0.75}
Epoch: 151
{"powerlaw": 0.9280511140823364, "unif": 0.75}
Epoch: 152
{"powerlaw": 0.9000261425971985, "unif": 0.67}
Epoch: 153
{"powerlaw": 0.9250821471214294, "unif": 0.75}
Epoch: 154
{"powerlaw": 0.9237594604492188, "unif": 0.74}
Epoch: 155
{"powerlaw": 0.927492618560791, "unif": 0.76}
Epoch: 156
{"powerlaw": 0.9115936160087585, "unif": 0.71}
Epoch: 157
{"powerlaw": 0.9165759682655334, "unif": 0.73}
Epoch: 158
{"powerlaw": 0.9361851215362549, "unif": 0.77}
Epoch: 159
{"powerlaw": 0.9379584789276123, "unif": 0.78}
Epoch: 160
{"powerlaw": 0.9390121102333069, "unif": 0.78}
Epoch: 161
{"powerlaw": 0.939409077167511, "unif": 0.79}
Epoch: 162
{"powerlaw": 0.9415785670280457, "unif": 0.79}
Epoch: 163
{"powerlaw": 0.944252610206604, "unif": 0.8}
Epoch: 164
{"powerlaw": 0.9434547424316406, "unif": 0.8}
Epoch: 165
{"powerlaw": 0.9494040012359619, "unif": 0.82}
Epoch: 166
{"powerlaw": 0.9371882677078247, "unif": 0.77}
Epoch: 167
{"powerlaw": 0.9477659463882446, "unif": 0.81}
Epoch: 168
{"powerlaw": 0.908638060092926, "unif": 0.78}
Epoch: 169
{"powerlaw": 0.9422239661216736, "unif": 0.79}
Epoch: 170
{"powerlaw": 0.9436566233634949, "unif": 0.8}
Epoch: 171
{"powerlaw": 0.9467670917510986, "unif": 0.8}
Epoch: 172
{"powerlaw": 0.9425835013389587, "unif": 0.8}
Epoch: 173
{"powerlaw": 0.9437531232833862, "unif": 0.8}
Epoch: 174
{"powerlaw": 0.938224732875824, "unif": 0.78}
Epoch: 175
{"powerlaw": 0.9448322653770447, "unif": 0.8}
Epoch: 176
{"powerlaw": 0.9471040368080139, "unif": 0.81}
Epoch: 177
{"powerlaw": 0.9497094750404358, "unif": 0.82}
Epoch: 178
{"powerlaw": 0.9305940866470337, "unif": 0.76}
Epoch: 179
{"powerlaw": 0.9624181985855103, "unif": 0.86}
Epoch: 180
{"powerlaw": 0.9562185406684875, "unif": 0.84}
Epoch: 181
{"powerlaw": 0.9660979509353638, "unif": 0.88}
Epoch: 182
{"powerlaw": 0.9676439762115479, "unif": 0.89}
Epoch: 183
{"powerlaw": 0.9685459136962891, "unif": 0.88}
Epoch: 184
{"powerlaw": 0.975538969039917, "unif": 0.91}
Epoch: 185
{"powerlaw": 0.9720675349235535, "unif": 0.89}
Epoch: 186
{"powerlaw": 0.9715642333030701, "unif": 0.89}
Epoch: 187
{"powerlaw": 0.9738321900367737, "unif": 0.9}
Epoch: 188
{"powerlaw": 0.9724439382553101, "unif": 0.9}
Epoch: 189
{"powerlaw": 0.973899781703949, "unif": 0.9}
Epoch: 190
{"powerlaw": 0.9609889984130859, "unif": 0.85}
Epoch: 191
{"powerlaw": 0.9789055585861206, "unif": 0.92}
Epoch: 192
{"powerlaw": 0.9763233065605164, "unif": 0.91}
Epoch: 193
{"powerlaw": 0.9801083207130432, "unif": 0.93}
Epoch: 194
{"powerlaw": 0.9682703614234924, "unif": 0.88}
Epoch: 195
{"powerlaw": 0.9772173166275024, "unif": 0.92}
Epoch: 196
{"powerlaw": 0.9807326793670654, "unif": 0.93}
Epoch: 197
{"powerlaw": 0.9808011651039124, "unif": 0.93}
Epoch: 198
{"powerlaw": 0.9837220311164856, "unif": 0.94}
Epoch: 199
{"powerlaw": 0.9766160845756531, "unif": 0.94}

========================================================================
Task 5 (lstm_baseline seed 123) finished at Wed Mar 25 02:42:51 AM EDT 2026
========================================================================
