========================================================================
LAZIMPA FULL EXPERIMENT ARRAY - Task 7 of 40
========================================================================
Job ID: 730477.7
Started on qa-a10-024.crc.nd.edu at Wed Mar 25 01:39:28 AM EDT 2026
Python: /software/c/conda/25.9.1/bin/python
CUDA available: True
========================================================================

Running: lstm_baseline with seed 2048

True
Namespace(n_features=1000, batches_per_epoch=1000, dim_dataset=10240, force_eos=0, sender_hidden=250, receiver_hidden=600, receiver_num_layers=1, sender_num_layers=1, receiver_num_heads=8, sender_num_heads=8, sender_embedding=50, receiver_embedding=50, causal_sender=False, causal_receiver=False, sender_generate_style='in-place', sender_cell='lstm', receiver_cell='lstm', sender_entropy_coeff=0.1, receiver_entropy_coeff=0.1, probs='powerlaw', length_cost=0.0, name='lstm_baseline_seed2048', early_stopping_thr=0.9999, dir_save='results/lstm_baseline/seed_2048', unigram_pen=0.0, impatient=False, print_message=False, reg=False, random_seed=2048, checkpoint_dir=None, preemptable=False, checkpoint_freq=0, validation_freq=1, n_epochs=500, load_from_checkpoint=None, no_cuda=False, batch_size=32, optimizer='adam', lr=0.001, vocab_size=40, max_len=30, tensorboard=False, tensorboard_dir='runs/', cuda=True, device='cuda')
the probs are:  [0.13359211 0.06679606 0.0445307  0.03339803 0.02671842 0.02226535
 0.01908459 0.01669901 0.01484357 0.01335921 0.01214474 0.01113268
 0.01027632 0.00954229 0.00890614 0.00834951 0.00785836 0.00742178
 0.00703116 0.00667961 0.00636153 0.00607237 0.00580835 0.00556634
 0.00534368 0.00513816 0.00494786 0.00477115 0.00460662 0.00445307
 0.00430942 0.00417475 0.00404825 0.00392918 0.00381692 0.00371089
 0.0036106  0.00351558 0.00342544 0.0033398  0.00325834 0.00318076
 0.00310679 0.00303618 0.00296871 0.00290418 0.00284239 0.00278317
 0.00272637 0.00267184 0.00261945 0.00256908 0.00252061 0.00247393
 0.00242895 0.00238557 0.00234372 0.00230331 0.00226427 0.00222654
 0.00219003 0.00215471 0.00212051 0.00208738 0.00205526 0.00202412
 0.00199391 0.00196459 0.00193612 0.00190846 0.00188158 0.00185545
 0.00183003 0.0018053  0.00178123 0.00175779 0.00173496 0.00171272
 0.00169104 0.0016699  0.00164929 0.00162917 0.00160954 0.00159038
 0.00157167 0.0015534  0.00153554 0.00151809 0.00150104 0.00148436
 0.00146805 0.00145209 0.00143647 0.00142119 0.00140623 0.00139158
 0.00137724 0.00136318 0.00134942 0.00133592 0.00132269 0.00130973
 0.00129701 0.00128454 0.00127231 0.0012603  0.00124852 0.00123696
 0.00122562 0.00121447 0.00120353 0.00119279 0.00118223 0.00117186
 0.00116167 0.00115166 0.00114181 0.00113214 0.00112262 0.00111327
 0.00110407 0.00109502 0.00108611 0.00107736 0.00106874 0.00106025
 0.00105191 0.00104369 0.0010356  0.00102763 0.00101979 0.00101206
 0.00100445 0.00099696 0.00098957 0.0009823  0.00097512 0.00096806
 0.00096109 0.00095423 0.00094746 0.00094079 0.00093421 0.00092772
 0.00092132 0.00091501 0.00090879 0.00090265 0.00089659 0.00089061
 0.00088472 0.0008789  0.00087315 0.00086748 0.00086188 0.00085636
 0.00085091 0.00084552 0.0008402  0.00083495 0.00082976 0.00082464
 0.00081958 0.00081459 0.00080965 0.00080477 0.00079995 0.00079519
 0.00079049 0.00078584 0.00078124 0.0007767  0.00077221 0.00076777
 0.00076338 0.00075905 0.00075476 0.00075052 0.00074632 0.00074218
 0.00073808 0.00073402 0.00073001 0.00072604 0.00072212 0.00071824
 0.0007144  0.0007106  0.00070684 0.00070312 0.00069944 0.00069579
 0.00069219 0.00068862 0.00068509 0.00068159 0.00067813 0.00067471
 0.00067132 0.00066796 0.00066464 0.00066135 0.00065809 0.00065486
 0.00065167 0.00064851 0.00064537 0.00064227 0.0006392  0.00063615
 0.00063314 0.00063015 0.00062719 0.00062426 0.00062136 0.00061848
 0.00061563 0.00061281 0.00061001 0.00060724 0.00060449 0.00060177
 0.00059907 0.00059639 0.00059374 0.00059112 0.00058851 0.00058593
 0.00058337 0.00058084 0.00057832 0.00057583 0.00057336 0.00057091
 0.00056848 0.00056607 0.00056368 0.00056131 0.00055896 0.00055663
 0.00055432 0.00055203 0.00054976 0.00054751 0.00054527 0.00054306
 0.00054086 0.00053868 0.00053651 0.00053437 0.00053224 0.00053013
 0.00052803 0.00052595 0.00052389 0.00052184 0.00051981 0.0005178
 0.0005158  0.00051382 0.00051185 0.00050989 0.00050795 0.00050603
 0.00050412 0.00050223 0.00050035 0.00049848 0.00049662 0.00049479
 0.00049296 0.00049115 0.00048935 0.00048756 0.00048579 0.00048403
 0.00048228 0.00048055 0.00047882 0.00047711 0.00047542 0.00047373
 0.00047206 0.00047039 0.00046874 0.00046711 0.00046548 0.00046386
 0.00046226 0.00046066 0.00045908 0.00045751 0.00045595 0.00045439
 0.00045285 0.00045132 0.00044981 0.0004483  0.0004468  0.00044531
 0.00044383 0.00044236 0.0004409  0.00043945 0.00043801 0.00043658
 0.00043515 0.00043374 0.00043234 0.00043094 0.00042956 0.00042818
 0.00042681 0.00042545 0.0004241  0.00042276 0.00042143 0.0004201
 0.00041878 0.00041748 0.00041617 0.00041488 0.0004136  0.00041232
 0.00041105 0.00040979 0.00040854 0.00040729 0.00040606 0.00040482
 0.0004036  0.00040239 0.00040118 0.00039998 0.00039878 0.0003976
 0.00039642 0.00039524 0.00039408 0.00039292 0.00039177 0.00039062
 0.00038948 0.00038835 0.00038722 0.0003861  0.00038499 0.00038389
 0.00038279 0.00038169 0.0003806  0.00037952 0.00037845 0.00037738
 0.00037632 0.00037526 0.00037421 0.00037316 0.00037212 0.00037109
 0.00037006 0.00036904 0.00036802 0.00036701 0.00036601 0.00036501
 0.00036401 0.00036302 0.00036204 0.00036106 0.00036009 0.00035912
 0.00035816 0.0003572  0.00035625 0.0003553  0.00035436 0.00035342
 0.00035249 0.00035156 0.00035064 0.00034972 0.0003488  0.0003479
 0.00034699 0.00034609 0.0003452  0.00034431 0.00034342 0.00034254
 0.00034167 0.0003408  0.00033993 0.00033907 0.00033821 0.00033735
 0.0003365  0.00033566 0.00033482 0.00033398 0.00033315 0.00033232
 0.00033149 0.00033067 0.00032986 0.00032904 0.00032824 0.00032743
 0.00032663 0.00032583 0.00032504 0.00032425 0.00032347 0.00032269
 0.00032191 0.00032113 0.00032036 0.0003196  0.00031884 0.00031808
 0.00031732 0.00031657 0.00031582 0.00031508 0.00031433 0.0003136
 0.00031286 0.00031213 0.0003114  0.00031068 0.00030996 0.00030924
 0.00030853 0.00030782 0.00030711 0.0003064  0.0003057  0.000305
 0.00030431 0.00030362 0.00030293 0.00030224 0.00030156 0.00030088
 0.00030021 0.00029953 0.00029886 0.0002982  0.00029753 0.00029687
 0.00029621 0.00029556 0.00029491 0.00029426 0.00029361 0.00029297
 0.00029232 0.00029169 0.00029105 0.00029042 0.00028979 0.00028916
 0.00028854 0.00028791 0.00028729 0.00028668 0.00028606 0.00028545
 0.00028484 0.00028424 0.00028364 0.00028303 0.00028244 0.00028184
 0.00028125 0.00028066 0.00028007 0.00027948 0.0002789  0.00027832
 0.00027774 0.00027716 0.00027659 0.00027602 0.00027545 0.00027488
 0.00027432 0.00027375 0.00027319 0.00027264 0.00027208 0.00027153
 0.00027098 0.00027043 0.00026988 0.00026934 0.0002688  0.00026826
 0.00026772 0.00026718 0.00026665 0.00026612 0.00026559 0.00026506
 0.00026454 0.00026402 0.0002635  0.00026298 0.00026246 0.00026195
 0.00026143 0.00026092 0.00026041 0.00025991 0.0002594  0.0002589
 0.0002584  0.0002579  0.0002574  0.00025691 0.00025641 0.00025592
 0.00025543 0.00025495 0.00025446 0.00025398 0.0002535  0.00025302
 0.00025254 0.00025206 0.00025159 0.00025111 0.00025064 0.00025017
 0.0002497  0.00024924 0.00024877 0.00024831 0.00024785 0.00024739
 0.00024694 0.00024648 0.00024603 0.00024557 0.00024512 0.00024467
 0.00024423 0.00024378 0.00024334 0.00024289 0.00024245 0.00024201
 0.00024158 0.00024114 0.00024071 0.00024027 0.00023984 0.00023941
 0.00023898 0.00023856 0.00023813 0.00023771 0.00023729 0.00023687
 0.00023645 0.00023603 0.00023561 0.0002352  0.00023478 0.00023437
 0.00023396 0.00023355 0.00023315 0.00023274 0.00023233 0.00023193
 0.00023153 0.00023113 0.00023073 0.00023033 0.00022993 0.00022954
 0.00022915 0.00022875 0.00022836 0.00022797 0.00022758 0.0002272
 0.00022681 0.00022643 0.00022604 0.00022566 0.00022528 0.0002249
 0.00022452 0.00022415 0.00022377 0.0002234  0.00022303 0.00022265
 0.00022228 0.00022191 0.00022155 0.00022118 0.00022081 0.00022045
 0.00022009 0.00021972 0.00021936 0.000219   0.00021865 0.00021829
 0.00021793 0.00021758 0.00021722 0.00021687 0.00021652 0.00021617
 0.00021582 0.00021547 0.00021512 0.00021478 0.00021443 0.00021409
 0.00021375 0.00021341 0.00021307 0.00021273 0.00021239 0.00021205
 0.00021171 0.00021138 0.00021105 0.00021071 0.00021038 0.00021005
 0.00020972 0.00020939 0.00020906 0.00020874 0.00020841 0.00020809
 0.00020776 0.00020744 0.00020712 0.0002068  0.00020648 0.00020616
 0.00020584 0.00020553 0.00020521 0.0002049  0.00020458 0.00020427
 0.00020396 0.00020365 0.00020334 0.00020303 0.00020272 0.00020241
 0.00020211 0.0002018  0.0002015  0.00020119 0.00020089 0.00020059
 0.00020029 0.00019999 0.00019969 0.00019939 0.00019909 0.0001988
 0.0001985  0.00019821 0.00019791 0.00019762 0.00019733 0.00019704
 0.00019675 0.00019646 0.00019617 0.00019588 0.0001956  0.00019531
 0.00019502 0.00019474 0.00019446 0.00019417 0.00019389 0.00019361
 0.00019333 0.00019305 0.00019277 0.0001925  0.00019222 0.00019194
 0.00019167 0.00019139 0.00019112 0.00019085 0.00019057 0.0001903
 0.00019003 0.00018976 0.00018949 0.00018922 0.00018896 0.00018869
 0.00018842 0.00018816 0.00018789 0.00018763 0.00018737 0.0001871
 0.00018684 0.00018658 0.00018632 0.00018606 0.0001858  0.00018554
 0.00018529 0.00018503 0.00018477 0.00018452 0.00018426 0.00018401
 0.00018376 0.00018351 0.00018325 0.000183   0.00018275 0.0001825
 0.00018225 0.00018201 0.00018176 0.00018151 0.00018126 0.00018102
 0.00018077 0.00018053 0.00018029 0.00018004 0.0001798  0.00017956
 0.00017932 0.00017908 0.00017884 0.0001786  0.00017836 0.00017812
 0.00017789 0.00017765 0.00017741 0.00017718 0.00017694 0.00017671
 0.00017648 0.00017624 0.00017601 0.00017578 0.00017555 0.00017532
 0.00017509 0.00017486 0.00017463 0.0001744  0.00017417 0.00017395
 0.00017372 0.0001735  0.00017327 0.00017305 0.00017282 0.0001726
 0.00017238 0.00017215 0.00017193 0.00017171 0.00017149 0.00017127
 0.00017105 0.00017083 0.00017062 0.0001704  0.00017018 0.00016996
 0.00016975 0.00016953 0.00016932 0.0001691  0.00016889 0.00016868
 0.00016846 0.00016825 0.00016804 0.00016783 0.00016762 0.00016741
 0.0001672  0.00016699 0.00016678 0.00016657 0.00016637 0.00016616
 0.00016595 0.00016575 0.00016554 0.00016534 0.00016513 0.00016493
 0.00016473 0.00016452 0.00016432 0.00016412 0.00016392 0.00016372
 0.00016352 0.00016332 0.00016312 0.00016292 0.00016272 0.00016252
 0.00016232 0.00016213 0.00016193 0.00016173 0.00016154 0.00016134
 0.00016115 0.00016095 0.00016076 0.00016057 0.00016037 0.00016018
 0.00015999 0.0001598  0.00015961 0.00015942 0.00015923 0.00015904
 0.00015885 0.00015866 0.00015847 0.00015828 0.0001581  0.00015791
 0.00015772 0.00015754 0.00015735 0.00015717 0.00015698 0.0001568
 0.00015661 0.00015643 0.00015625 0.00015607 0.00015588 0.0001557
 0.00015552 0.00015534 0.00015516 0.00015498 0.0001548  0.00015462
 0.00015444 0.00015426 0.00015409 0.00015391 0.00015373 0.00015355
 0.00015338 0.0001532  0.00015303 0.00015285 0.00015268 0.0001525
 0.00015233 0.00015216 0.00015198 0.00015181 0.00015164 0.00015146
 0.00015129 0.00015112 0.00015095 0.00015078 0.00015061 0.00015044
 0.00015027 0.0001501  0.00014994 0.00014977 0.0001496  0.00014943
 0.00014926 0.0001491  0.00014893 0.00014877 0.0001486  0.00014844
 0.00014827 0.00014811 0.00014794 0.00014778 0.00014762 0.00014745
 0.00014729 0.00014713 0.00014697 0.0001468  0.00014664 0.00014648
 0.00014632 0.00014616 0.000146   0.00014584 0.00014568 0.00014553
 0.00014537 0.00014521 0.00014505 0.00014489 0.00014474 0.00014458
 0.00014442 0.00014427 0.00014411 0.00014396 0.0001438  0.00014365
 0.00014349 0.00014334 0.00014319 0.00014303 0.00014288 0.00014273
 0.00014257 0.00014242 0.00014227 0.00014212 0.00014197 0.00014182
 0.00014167 0.00014152 0.00014137 0.00014122 0.00014107 0.00014092
 0.00014077 0.00014062 0.00014048 0.00014033 0.00014018 0.00014003
 0.00013989 0.00013974 0.00013959 0.00013945 0.0001393  0.00013916
 0.00013901 0.00013887 0.00013872 0.00013858 0.00013844 0.00013829
 0.00013815 0.00013801 0.00013787 0.00013772 0.00013758 0.00013744
 0.0001373  0.00013716 0.00013702 0.00013688 0.00013674 0.0001366
 0.00013646 0.00013632 0.00013618 0.00013604 0.0001359  0.00013576
 0.00013563 0.00013549 0.00013535 0.00013521 0.00013508 0.00013494
 0.00013481 0.00013467 0.00013453 0.0001344  0.00013426 0.00013413
 0.00013399 0.00013386 0.00013373 0.00013359]
Epoch: 0
input: 0 -> message: 20,18,18,39,18,18,18,39,18,18,18,24,18,18,24,18,18,18,39,18,18,18,24,18,18,24,18,18,18,39 -> output: 0
input: 1 -> message: 12,39,1,18,18,24,18,18,18,39,18,18,18,24,18,18,24,18,18,18,39,18,18,18,24,18,18,24,18,18 -> output: 0
input: 2 -> message: 12,20,20,18,18,39,18,18,18,24,18,18,18,39,18,18,18,24,18,18,24,18,18,18,39,18,18,18,24,18 -> output: 0
input: 3 -> message: 12,20,20,18,18,39,18,18,18,24,18,18,18,39,18,18,18,24,18,18,24,18,18,18,39,18,18,18,24,18 -> output: 0
input: 4 -> message: 18,39,17,29,29,24,18,18,39,18,18,18,39,18,18,18,24,18,18,24,18,18,18,39,18,18,18,24,18,18 -> output: 0
input: 5 -> message: 12,20,20,18,18,39,18,18,18,24,18,18,18,39,18,18,18,24,18,18,24,18,18,18,39,18,18,18,24,18 -> output: 0
input: 6 -> message: 39,1,18,18,39,18,18,18,39,18,18,18,24,18,18,24,18,18,18,39,18,18,18,24,18,18,24,18,18,18 -> output: 0
input: 7 -> message: 12,20,20,18,18,39,18,18,18,24,18,18,18,39,18,18,18,24,18,18,24,18,18,18,39,18,18,18,24,18 -> output: 0
input: 8 -> message: 12,20,20,18,18,39,18,18,18,24,18,18,18,39,18,18,18,24,18,18,24,18,18,18,39,18,18,18,24,18 -> output: 0
input: 9 -> message: 12,20,20,18,18,39,18,18,18,24,18,18,18,39,18,18,18,24,18,18,24,18,18,18,39,18,18,18,24,18 -> output: 0
input: 10 -> message: 12,20,20,18,18,39,18,18,18,24,18,18,18,39,18,18,18,24,18,18,24,18,18,18,39,18,18,18,24,18 -> output: 0
input: 11 -> message: 39,27,27,27,30,0 -> output: 0
input: 12 -> message: 12,20,20,18,18,39,18,18,18,24,18,18,18,39,18,18,18,24,18,18,24,18,18,18,39,18,18,18,24,18 -> output: 0
input: 13 -> message: 12,20,20,18,18,39,18,18,18,24,18,18,18,39,18,18,18,24,18,18,24,18,18,18,39,18,18,18,24,18 -> output: 0
input: 14 -> message: 12,20,20,18,18,39,18,18,18,24,18,18,18,39,18,18,18,24,18,18,24,18,18,18,39,18,18,18,24,18 -> output: 0
input: 15 -> message: 18,39,27,18,18,6,18,18,39,27,27,27,30,0 -> output: 0
input: 16 -> message: 12,20,20,18,18,39,18,18,18,24,18,18,18,39,18,18,18,24,18,18,24,18,18,18,39,18,18,18,24,18 -> output: 0
input: 17 -> message: 20,18,39,18,18,39,18,18,18,24,18,18,24,18,18,18,39,18,18,18,24,18,18,24,18,18,18,39,18,18 -> output: 0
input: 18 -> message: 18,39,17,29,29,24,18,18,39,18,18,18,39,18,18,18,24,18,18,24,18,18,18,39,18,18,18,24,18,18 -> output: 0
input: 19 -> message: 20,18,39,18,18,39,18,18,18,24,18,18,24,18,18,18,39,18,18,18,24,18,18,24,18,18,18,39,18,18 -> output: 0
input: 20 -> message: 12,20,20,18,18,39,18,18,18,24,18,18,18,39,18,18,18,24,18,18,24,18,18,18,39,18,18,18,24,18 -> output: 0
input: 21 -> message: 20,20,18,18,39,18,18,18,24,18,18,18,39,18,18,18,24,18,18,24,18,18,18,39,18,18,18,24,18,18 -> output: 0
input: 22 -> message: 12,20,20,18,18,39,18,18,18,24,18,18,18,39,18,18,18,24,18,18,24,18,18,18,39,18,18,18,24,18 -> output: 0
input: 23 -> message: 39,27,27,27,30,0 -> output: 0
input: 24 -> message: 20,18,39,18,18,39,18,18,18,24,18,18,24,18,18,18,39,18,18,18,24,18,18,24,18,18,18,39,18,18 -> output: 0
input: 25 -> message: 12,20,20,18,18,39,18,18,18,24,18,18,18,39,18,18,18,24,18,18,24,18,18,18,39,18,18,18,24,18 -> output: 0
input: 26 -> message: 14,14,10,18,18,39,18,18,18,6,18,18,39,18,18,39,27,27,27,30,0 -> output: 0
input: 27 -> message: 20,18,39,18,18,39,18,18,18,24,18,18,24,18,18,18,39,18,18,18,24,18,18,24,18,18,18,39,18,18 -> output: 0
input: 28 -> message: 20,20,18,18,39,18,18,18,24,18,18,18,39,18,18,18,24,18,18,24,18,18,18,39,18,18,18,24,18,18 -> output: 0
input: 29 -> message: 12,20,20,18,18,39,18,18,18,24,18,18,18,39,18,18,18,24,18,18,24,18,18,18,39,18,18,18,24,18 -> output: 0
input: 30 -> message: 12,39,1,18,18,24,18,18,18,39,18,18,18,24,18,18,24,18,18,18,39,18,18,18,24,18,18,24,18,18 -> output: 0
input: 31 -> message: 20,20,18,18,39,18,18,18,24,18,18,18,39,18,18,18,24,18,18,24,18,18,18,39,18,18,18,24,18,18 -> output: 0
input: 32 -> message: 18,39,27,18,18,6,18,18,39,27,27,27,30,0 -> output: 0
input: 33 -> message: 39,27,27,27,30,0 -> output: 0
input: 34 -> message: 20,20,18,18,39,18,18,18,24,18,18,18,39,18,18,18,24,18,18,24,18,18,18,39,18,18,18,24,18,18 -> output: 0
input: 35 -> message: 20,20,18,18,39,18,18,18,24,18,18,18,39,18,18,18,24,18,18,24,18,18,18,39,18,18,18,24,18,18 -> output: 0
input: 36 -> message: 0 -> output: 0
input: 37 -> message: 12,20,20,18,18,39,18,18,18,24,18,18,18,39,18,18,18,24,18,18,24,18,18,18,39,18,18,18,24,18 -> output: 0
input: 38 -> message: 20,18,18,39,18,18,18,39,18,18,18,24,18,18,24,18,18,18,39,18,18,18,24,18,18,24,18,18,18,39 -> output: 0
input: 39 -> message: 39,1,18,18,39,18,18,18,39,18,18,18,24,18,18,24,18,18,18,39,18,18,18,24,18,18,24,18,18,18 -> output: 0
input: 40 -> message: 20,20,18,18,39,18,18,18,24,18,18,18,39,18,18,18,24,18,18,24,18,18,18,39,18,18,18,24,18,18 -> output: 0
input: 41 -> message: 12,20,20,18,18,39,18,18,18,24,18,18,18,39,18,18,18,24,18,18,24,18,18,18,39,18,18,18,24,18 -> output: 0
input: 42 -> message: 39,1,18,18,39,18,18,18,39,18,18,18,24,18,18,24,18,18,18,39,18,18,18,24,18,18,24,18,18,18 -> output: 0
input: 43 -> message: 12,20,20,18,18,39,18,18,18,24,18,18,18,39,18,18,18,24,18,18,24,18,18,18,39,18,18,18,24,18 -> output: 0
input: 44 -> message: 39,1,18,18,39,18,18,18,39,18,18,18,24,18,18,24,18,18,18,39,18,18,18,24,18,18,24,18,18,18 -> output: 0
input: 45 -> message: 12,20,20,18,18,39,18,18,18,24,18,18,18,39,18,18,18,24,18,18,24,18,18,18,39,18,18,18,24,18 -> output: 0
input: 46 -> message: 12,20,20,18,18,39,18,18,18,24,18,18,18,39,18,18,18,24,18,18,24,18,18,18,39,18,18,18,24,18 -> output: 0
input: 47 -> message: 20,20,18,18,39,18,18,18,24,18,18,18,39,18,18,18,24,18,18,24,18,18,18,39,18,18,18,24,18,18 -> output: 0
input: 48 -> message: 18,39,27,18,18,6,18,18,39,27,27,27,30,0 -> output: 0
input: 49 -> message: 20,18,39,18,18,39,18,18,18,24,18,18,24,18,18,18,39,18,18,18,24,18,18,24,18,18,18,39,18,18 -> output: 0
input: 50 -> message: 20,20,18,18,39,18,18,18,24,18,18,18,39,18,18,18,24,18,18,24,18,18,18,39,18,18,18,24,18,18 -> output: 0
input: 51 -> message: 39,27,27,27,30,0 -> output: 0
input: 52 -> message: 39,27,27,27,30,0 -> output: 0
input: 53 -> message: 12,20,20,18,18,39,18,18,18,24,18,18,18,39,18,18,18,24,18,18,24,18,18,18,39,18,18,18,24,18 -> output: 0
input: 54 -> message: 12,20,20,18,18,39,18,18,18,24,18,18,18,39,18,18,18,24,18,18,24,18,18,18,39,18,18,18,24,18 -> output: 0
input: 55 -> message: 18,39,27,18,18,6,18,18,39,27,27,27,30,0 -> output: 0
input: 56 -> message: 20,18,39,18,18,39,18,18,18,24,18,18,24,18,18,18,39,18,18,18,24,18,18,24,18,18,18,39,18,18 -> output: 0
input: 57 -> message: 12,20,20,18,18,39,18,18,18,24,18,18,18,39,18,18,18,24,18,18,24,18,18,18,39,18,18,18,24,18 -> output: 0
input: 58 -> message: 12,20,20,18,18,39,18,18,18,24,18,18,18,39,18,18,18,24,18,18,24,18,18,18,39,18,18,18,24,18 -> output: 0
input: 59 -> message: 20,18,18,39,18,18,18,39,18,18,18,24,18,18,24,18,18,18,39,18,18,18,24,18,18,24,18,18,18,39 -> output: 0
input: 60 -> message: 20,20,18,18,39,18,18,18,24,18,18,18,39,18,18,18,24,18,18,24,18,18,18,39,18,18,18,24,18,18 -> output: 0
input: 61 -> message: 12,20,20,18,18,39,18,18,18,24,18,18,18,39,18,18,18,24,18,18,24,18,18,18,39,18,18,18,24,18 -> output: 0
input: 62 -> message: 39,27,27,27,30,0 -> output: 0
input: 63 -> message: 12,20,20,18,18,39,18,18,18,24,18,18,18,39,18,18,18,24,18,18,24,18,18,18,39,18,18,18,24,18 -> output: 0
input: 64 -> message: 12,20,20,18,18,39,18,18,18,24,18,18,18,39,18,18,18,24,18,18,24,18,18,18,39,18,18,18,24,18 -> output: 0
input: 65 -> message: 12,20,20,18,18,39,18,18,18,24,18,18,18,39,18,18,18,24,18,18,24,18,18,18,39,18,18,18,24,18 -> output: 0
input: 66 -> message: 12,20,20,18,18,39,18,18,18,24,18,18,18,39,18,18,18,24,18,18,24,18,18,18,39,18,18,18,24,18 -> output: 0
input: 67 -> message: 20,20,18,18,39,18,18,18,24,18,18,18,39,18,18,18,24,18,18,24,18,18,18,39,18,18,18,24,18,18 -> output: 0
input: 68 -> message: 18,39,27,18,18,6,18,18,39,27,27,27,30,0 -> output: 0
input: 69 -> message: 12,20,20,18,18,39,18,18,18,24,18,18,18,39,18,18,18,24,18,18,24,18,18,18,39,18,18,18,24,18 -> output: 0
input: 70 -> message: 20,18,39,18,18,39,18,18,18,24,18,18,24,18,18,18,39,18,18,18,24,18,18,24,18,18,18,39,18,18 -> output: 0
input: 71 -> message: 39,27,27,27,30,0 -> output: 0
input: 72 -> message: 20,18,18,39,18,18,18,39,18,18,18,24,18,18,24,18,18,18,39,18,18,18,24,18,18,24,18,18,18,39 -> output: 0
input: 73 -> message: 12,20,20,18,18,39,18,18,18,24,18,18,18,39,18,18,18,24,18,18,24,18,18,18,39,18,18,18,24,18 -> output: 0
input: 74 -> message: 12,20,20,18,18,39,18,18,18,24,18,18,18,39,18,18,18,24,18,18,24,18,18,18,39,18,18,18,24,18 -> output: 0
input: 75 -> message: 18,39,27,18,18,6,18,18,39,27,27,27,30,0 -> output: 0
input: 76 -> message: 18,39,27,18,18,6,18,18,39,27,27,27,30,0 -> output: 0
input: 77 -> message: 12,20,20,18,18,39,18,18,18,24,18,18,18,39,18,18,18,24,18,18,24,18,18,18,39,18,18,18,24,18 -> output: 0
input: 78 -> message: 12,20,20,18,18,39,18,18,18,24,18,18,18,39,18,18,18,24,18,18,24,18,18,18,39,18,18,18,24,18 -> output: 0
input: 79 -> message: 18,39,27,18,18,6,18,18,39,27,27,27,30,0 -> output: 0
input: 80 -> message: 20,18,39,18,18,39,18,18,18,24,18,18,24,18,18,18,39,18,18,18,24,18,18,24,18,18,18,39,18,18 -> output: 0
input: 81 -> message: 12,20,20,18,18,39,18,18,18,24,18,18,18,39,18,18,18,24,18,18,24,18,18,18,39,18,18,18,24,18 -> output: 0
input: 82 -> message: 20,20,18,18,39,18,18,18,24,18,18,18,39,18,18,18,24,18,18,24,18,18,18,39,18,18,18,24,18,18 -> output: 0
input: 83 -> message: 39,27,27,27,30,0 -> output: 0
input: 84 -> message: 20,18,39,18,18,39,18,18,18,24,18,18,24,18,18,18,39,18,18,18,24,18,18,24,18,18,18,39,18,18 -> output: 0
input: 85 -> message: 20,20,18,18,39,18,18,18,24,18,18,18,39,18,18,18,24,18,18,24,18,18,18,39,18,18,18,24,18,18 -> output: 0
input: 86 -> message: 12,20,20,18,18,39,18,18,18,24,18,18,18,39,18,18,18,24,18,18,24,18,18,18,39,18,18,18,24,18 -> output: 0
input: 87 -> message: 18,39,27,18,18,6,18,18,39,27,27,27,30,0 -> output: 0
input: 88 -> message: 12,20,20,18,18,39,18,18,18,24,18,18,18,39,18,18,18,24,18,18,24,18,18,18,39,18,18,18,24,18 -> output: 0
input: 89 -> message: 20,20,18,18,39,18,18,18,24,18,18,18,39,18,18,18,24,18,18,24,18,18,18,39,18,18,18,24,18,18 -> output: 0
input: 90 -> message: 12,20,20,18,18,39,18,18,18,24,18,18,18,39,18,18,18,24,18,18,24,18,18,18,39,18,18,18,24,18 -> output: 0
input: 91 -> message: 39,1,18,18,39,18,18,18,39,18,18,18,24,18,18,24,18,18,18,39,18,18,18,24,18,18,24,18,18,18 -> output: 0
input: 92 -> message: 39,1,18,18,39,18,18,18,39,18,18,18,24,18,18,24,18,18,18,39,18,18,18,24,18,18,24,18,18,18 -> output: 0
input: 93 -> message: 18,39,27,18,18,6,18,18,39,27,27,27,30,0 -> output: 0
input: 94 -> message: 12,20,20,18,18,39,18,18,18,24,18,18,18,39,18,18,18,24,18,18,24,18,18,18,39,18,18,18,24,18 -> output: 0
input: 95 -> message: 39,1,18,18,39,18,18,18,39,18,18,18,24,18,18,24,18,18,18,39,18,18,18,24,18,18,24,18,18,18 -> output: 0
input: 96 -> message: 12,20,20,18,18,39,18,18,18,24,18,18,18,39,18,18,18,24,18,18,24,18,18,18,39,18,18,18,24,18 -> output: 0
input: 97 -> message: 12,20,20,18,18,39,18,18,18,24,18,18,18,39,18,18,18,24,18,18,24,18,18,18,39,18,18,18,24,18 -> output: 0
input: 98 -> message: 20,18,39,18,18,39,18,18,18,24,18,18,24,18,18,18,39,18,18,18,24,18,18,24,18,18,18,39,18,18 -> output: 0
input: 99 -> message: 20,18,39,18,18,39,18,18,18,24,18,18,24,18,18,18,39,18,18,18,24,18,18,24,18,18,18,39,18,18 -> output: 0
input: 100 -> message: 12,20,20,18,18,39,18,18,18,24,18,18,18,39,18,18,18,24,18,18,24,18,18,18,39,18,18,18,24,18 -> output: 0
input: 101 -> message: 20,18,39,18,18,39,18,18,18,24,18,18,24,18,18,18,39,18,18,18,24,18,18,24,18,18,18,39,18,18 -> output: 0
input: 102 -> message: 20,18,39,18,18,39,18,18,18,24,18,18,24,18,18,18,39,18,18,18,24,18,18,24,18,18,18,39,18,18 -> output: 0
input: 103 -> message: 20,18,18,39,18,18,18,39,18,18,18,24,18,18,24,18,18,18,39,18,18,18,24,18,18,24,18,18,18,39 -> output: 0
input: 104 -> message: 18,39,17,29,29,24,18,18,39,18,18,18,39,18,18,18,24,18,18,24,18,18,18,39,18,18,18,24,18,18 -> output: 0
input: 105 -> message: 12,20,20,18,18,39,18,18,18,24,18,18,18,39,18,18,18,24,18,18,24,18,18,18,39,18,18,18,24,18 -> output: 0
input: 106 -> message: 12,20,20,18,18,39,18,18,18,24,18,18,18,39,18,18,18,24,18,18,24,18,18,18,39,18,18,18,24,18 -> output: 0
input: 107 -> message: 14,14,10,18,18,18,6,18,18,39,18,18,39,27,27,27,30,0 -> output: 0
input: 108 -> message: 20,18,39,18,18,39,18,18,18,24,18,18,24,18,18,18,39,18,18,18,24,18,18,24,18,18,18,39,18,18 -> output: 0
input: 109 -> message: 18,39,27,18,18,6,18,18,39,27,27,27,30,0 -> output: 0
input: 110 -> message: 20,20,18,18,39,18,18,18,24,18,18,18,39,18,18,18,24,18,18,24,18,18,18,39,18,18,18,24,18,18 -> output: 0
input: 111 -> message: 12,20,20,18,18,39,18,18,18,24,18,18,18,39,18,18,18,24,18,18,24,18,18,18,39,18,18,18,24,18 -> output: 0
input: 112 -> message: 18,39,27,18,18,6,18,18,39,27,27,27,30,0 -> output: 0
input: 113 -> message: 20,20,18,18,39,18,18,18,24,18,18,18,39,18,18,18,24,18,18,24,18,18,18,39,18,18,18,24,18,18 -> output: 0
input: 114 -> message: 39,1,18,18,39,18,18,18,39,18,18,18,24,18,18,24,18,18,18,39,18,18,18,24,18,18,24,18,18,18 -> output: 0
input: 115 -> message: 39,27,27,27,30,0 -> output: 0
input: 116 -> message: 20,18,39,18,18,39,18,18,18,24,18,18,24,18,18,18,39,18,18,18,24,18,18,24,18,18,18,39,18,18 -> output: 0
input: 117 -> message: 20,18,18,39,18,18,18,39,18,18,18,24,18,18,24,18,18,18,39,18,18,18,24,18,18,24,18,18,18,39 -> output: 0
input: 118 -> message: 12,39,1,18,18,24,18,18,18,39,18,18,18,24,18,18,24,18,18,18,39,18,18,18,24,18,18,24,18,18 -> output: 0
input: 119 -> message: 18,39,27,18,18,6,18,18,39,27,27,27,30,0 -> output: 0
input: 120 -> message: 12,20,20,18,18,39,18,18,18,24,18,18,18,39,18,18,18,24,18,18,24,18,18,18,39,18,18,18,24,18 -> output: 0
input: 121 -> message: 12,20,20,18,18,39,18,18,18,24,18,18,18,39,18,18,18,24,18,18,24,18,18,18,39,18,18,18,24,18 -> output: 0
input: 122 -> message: 18,39,27,18,18,6,18,18,39,27,27,27,30,0 -> output: 0
input: 123 -> message: 12,20,20,18,18,39,18,18,18,24,18,18,18,39,18,18,18,24,18,18,24,18,18,18,39,18,18,18,24,18 -> output: 0
input: 124 -> message: 20,20,18,18,39,18,18,18,24,18,18,18,39,18,18,18,24,18,18,24,18,18,18,39,18,18,18,24,18,18 -> output: 0
input: 125 -> message: 18,39,27,18,18,6,18,18,39,27,27,27,30,0 -> output: 0
input: 126 -> message: 20,20,18,18,39,18,18,18,24,18,18,18,39,18,18,18,24,18,18,24,18,18,18,39,18,18,18,24,18,18 -> output: 0
input: 127 -> message: 20,18,39,18,18,39,18,18,18,24,18,18,24,18,18,18,39,18,18,18,24,18,18,24,18,18,18,39,18,18 -> output: 0
input: 128 -> message: 20,18,39,18,18,39,18,18,18,24,18,18,24,18,18,18,39,18,18,18,24,18,18,24,18,18,18,39,18,18 -> output: 0
input: 129 -> message: 12,20,20,18,18,39,18,18,18,24,18,18,18,39,18,18,18,24,18,18,24,18,18,18,39,18,18,18,24,18 -> output: 0
input: 130 -> message: 18,39,27,27,27,30,0 -> output: 0
input: 131 -> message: 39,1,18,18,39,18,18,18,39,18,18,18,24,18,18,24,18,18,18,39,18,18,18,24,18,18,24,18,18,18 -> output: 0
input: 132 -> message: 12,20,20,18,18,39,18,18,18,24,18,18,18,39,18,18,18,24,18,18,24,18,18,18,39,18,18,18,24,18 -> output: 0
input: 133 -> message: 12,20,20,18,18,39,18,18,18,24,18,18,18,39,18,18,18,24,18,18,24,18,18,18,39,18,18,18,24,18 -> output: 0
input: 134 -> message: 20,18,39,18,18,39,18,18,18,24,18,18,24,18,18,18,39,18,18,18,24,18,18,24,18,18,18,39,18,18 -> output: 0
input: 135 -> message: 20,18,39,18,18,39,18,18,18,24,18,18,24,18,18,18,39,18,18,18,24,18,18,24,18,18,18,39,18,18 -> output: 0
input: 136 -> message: 12,20,20,18,18,39,18,18,18,24,18,18,18,39,18,18,18,24,18,18,24,18,18,18,39,18,18,18,24,18 -> output: 0
input: 137 -> message: 12,20,20,18,18,39,18,18,18,24,18,18,18,39,18,18,18,24,18,18,24,18,18,18,39,18,18,18,24,18 -> output: 0
input: 138 -> message: 20,20,18,18,39,18,18,18,24,18,18,18,39,18,18,18,24,18,18,24,18,18,18,39,18,18,18,24,18,18 -> output: 0
input: 139 -> message: 39,1,18,18,39,18,18,18,39,18,18,18,24,18,18,24,18,18,18,39,18,18,18,24,18,18,24,18,18,18 -> output: 0
input: 140 -> message: 20,20,18,18,39,18,18,18,24,18,18,18,39,18,18,18,24,18,18,24,18,18,18,39,18,18,18,24,18,18 -> output: 0
input: 141 -> message: 39,27,27,27,30,0 -> output: 0
input: 142 -> message: 12,20,20,18,18,39,18,18,18,24,18,18,18,39,18,18,18,24,18,18,24,18,18,18,39,18,18,18,24,18 -> output: 0
input: 143 -> message: 12,20,20,18,18,39,18,18,18,24,18,18,18,39,18,18,18,24,18,18,24,18,18,18,39,18,18,18,24,18 -> output: 0
input: 144 -> message: 12,20,20,18,18,39,18,18,18,24,18,18,18,39,18,18,18,24,18,18,24,18,18,18,39,18,18,18,24,18 -> output: 0
input: 145 -> message: 7,10,1,18,18,39,18,18,18,39,18,18,18,24,18,18,24,18,18,18,39,18,18,18,24,18,18,24,18,18 -> output: 0
input: 146 -> message: 12,20,20,18,18,39,18,18,18,24,18,18,18,39,18,18,18,24,18,18,24,18,18,18,39,18,18,18,24,18 -> output: 0
input: 147 -> message: 18,39,27,18,18,6,18,18,39,27,27,27,30,0 -> output: 0
input: 148 -> message: 39,27,27,27,30,0 -> output: 0
input: 149 -> message: 20,18,39,18,18,39,18,18,18,24,18,18,24,18,18,18,39,18,18,18,24,18,18,24,18,18,18,39,18,18 -> output: 0
input: 150 -> message: 20,18,39,18,18,39,18,18,18,24,18,18,24,18,18,18,39,18,18,18,24,18,18,24,18,18,18,39,18,18 -> output: 0
input: 151 -> message: 18,39,27,18,18,6,18,18,39,27,27,27,30,0 -> output: 0
input: 152 -> message: 20,20,18,18,39,18,18,18,24,18,18,18,39,18,18,18,24,18,18,24,18,18,18,39,18,18,18,24,18,18 -> output: 0
input: 153 -> message: 18,39,27,18,18,6,18,18,39,27,27,27,30,0 -> output: 0
input: 154 -> message: 12,20,20,18,18,39,18,18,18,24,18,18,18,39,18,18,18,24,18,18,24,18,18,18,39,18,18,18,24,18 -> output: 0
input: 155 -> message: 20,18,39,18,18,39,18,18,18,24,18,18,24,18,18,18,39,18,18,18,24,18,18,24,18,18,18,39,18,18 -> output: 0
input: 156 -> message: 12,20,20,18,18,39,18,18,18,24,18,18,18,39,18,18,18,24,18,18,24,18,18,18,39,18,18,18,24,18 -> output: 0
input: 157 -> message: 18,39,27,18,18,6,18,18,39,27,27,27,30,0 -> output: 0
input: 158 -> message: 39,27,27,27,30,0 -> output: 0
input: 159 -> message: 0 -> output: 0
input: 160 -> message: 18,39,27,18,18,6,18,18,39,27,27,27,30,0 -> output: 0
input: 161 -> message: 12,20,20,18,18,39,18,18,18,24,18,18,18,39,18,18,18,24,18,18,24,18,18,18,39,18,18,18,24,18 -> output: 0
input: 162 -> message: 20,20,18,18,39,18,18,18,24,18,18,18,39,18,18,18,24,18,18,24,18,18,18,39,18,18,18,24,18,18 -> output: 0
input: 163 -> message: 18,39,27,27,27,30,0 -> output: 0
input: 164 -> message: 12,20,20,18,18,39,18,18,18,24,18,18,18,39,18,18,18,24,18,18,24,18,18,18,39,18,18,18,24,18 -> output: 0
input: 165 -> message: 20,20,18,18,39,18,18,18,24,18,18,18,39,18,18,18,24,18,18,24,18,18,18,39,18,18,18,24,18,18 -> output: 0
input: 166 -> message: 12,20,20,18,18,39,18,18,18,24,18,18,18,39,18,18,18,24,18,18,24,18,18,18,39,18,18,18,24,18 -> output: 0
input: 167 -> message: 20,18,39,18,18,39,18,18,18,24,18,18,24,18,18,18,39,18,18,18,24,18,18,24,18,18,18,39,18,18 -> output: 0
input: 168 -> message: 20,18,39,18,18,39,18,18,18,24,18,18,24,18,18,18,39,18,18,18,24,18,18,24,18,18,18,39,18,18 -> output: 0
input: 169 -> message: 12,20,20,18,18,39,18,18,18,24,18,18,18,39,18,18,18,24,18,18,24,18,18,18,39,18,18,18,24,18 -> output: 0
input: 170 -> message: 18,39,27,18,18,6,18,18,39,27,27,27,30,0 -> output: 0
input: 171 -> message: 20,18,39,18,18,39,18,18,18,24,18,18,24,18,18,18,39,18,18,18,24,18,18,24,18,18,18,39,18,18 -> output: 0
input: 172 -> message: 20,18,39,18,18,39,18,18,18,24,18,18,24,18,18,18,39,18,18,18,24,18,18,24,18,18,18,39,18,18 -> output: 0
input: 173 -> message: 12,20,20,18,18,39,18,18,18,24,18,18,18,39,18,18,18,24,18,18,24,18,18,18,39,18,18,18,24,18 -> output: 0
input: 174 -> message: 39,27,27,27,30,0 -> output: 0
input: 175 -> message: 20,20,20,20,20,20,20,18,18,39,18,18,18,24,18,18,18,39,18,18,18,24,18,18,24,18,18,18,39,18 -> output: 0
input: 176 -> message: 20,18,39,18,18,39,18,18,18,24,18,18,24,18,18,18,39,18,18,18,24,18,18,24,18,18,18,39,18,18 -> output: 0
input: 177 -> message: 12,20,20,18,18,39,18,18,18,24,18,18,18,39,18,18,18,24,18,18,24,18,18,18,39,18,18,18,24,18 -> output: 0
input: 178 -> message: 12,20,20,18,18,39,18,18,18,24,18,18,18,39,18,18,18,24,18,18,24,18,18,18,39,18,18,18,24,18 -> output: 0
input: 179 -> message: 12,20,20,18,18,39,18,18,18,24,18,18,18,39,18,18,18,24,18,18,24,18,18,18,39,18,18,18,24,18 -> output: 0
input: 180 -> message: 12,20,20,18,18,39,18,18,18,24,18,18,18,39,18,18,18,24,18,18,24,18,18,18,39,18,18,18,24,18 -> output: 0
input: 181 -> message: 18,39,27,18,18,6,18,18,39,27,27,27,30,0 -> output: 0
input: 182 -> message: 12,20,20,18,18,39,18,18,18,24,18,18,18,39,18,18,18,24,18,18,24,18,18,18,39,18,18,18,24,18 -> output: 0
input: 183 -> message: 12,20,20,18,18,39,18,18,18,24,18,18,18,39,18,18,18,24,18,18,24,18,18,18,39,18,18,18,24,18 -> output: 0
input: 184 -> message: 12,20,20,18,18,39,18,18,18,24,18,18,18,39,18,18,18,24,18,18,24,18,18,18,39,18,18,18,24,18 -> output: 0
input: 185 -> message: 20,18,39,18,18,39,18,18,18,24,18,18,24,18,18,18,39,18,18,18,24,18,18,24,18,18,18,39,18,18 -> output: 0
input: 186 -> message: 12,20,20,18,18,39,18,18,18,24,18,18,18,39,18,18,18,24,18,18,24,18,18,18,39,18,18,18,24,18 -> output: 0
input: 187 -> message: 12,20,20,18,18,39,18,18,18,24,18,18,18,39,18,18,18,24,18,18,24,18,18,18,39,18,18,18,24,18 -> output: 0
input: 188 -> message: 12,20,20,18,18,39,18,18,18,24,18,18,18,39,18,18,18,24,18,18,24,18,18,18,39,18,18,18,24,18 -> output: 0
input: 189 -> message: 7,10,1,18,18,39,18,18,18,39,18,18,18,24,18,18,24,18,18,18,39,18,18,18,24,18,18,24,18,18 -> output: 0
input: 190 -> message: 39,27,27,27,30,0 -> output: 0
input: 191 -> message: 12,20,20,18,18,39,18,18,18,24,18,18,18,39,18,18,18,24,18,18,24,18,18,18,39,18,18,18,24,18 -> output: 0
input: 192 -> message: 20,18,39,18,18,39,18,18,18,24,18,18,24,18,18,18,39,18,18,18,24,18,18,24,18,18,18,39,18,18 -> output: 0
input: 193 -> message: 20,18,39,18,18,39,18,18,18,24,18,18,24,18,18,18,39,18,18,18,24,18,18,24,18,18,18,39,18,18 -> output: 0
input: 194 -> message: 20,20,18,18,39,18,18,18,24,18,18,18,39,18,18,18,24,18,18,24,18,18,18,39,18,18,18,24,18,18 -> output: 0
input: 195 -> message: 12,20,20,18,18,39,18,18,18,24,18,18,18,39,18,18,18,24,18,18,24,18,18,18,39,18,18,18,24,18 -> output: 0
input: 196 -> message: 18,39,27,18,18,6,18,18,39,27,27,27,30,0 -> output: 0
input: 197 -> message: 18,39,27,18,18,6,18,18,39,27,27,27,30,0 -> output: 0
input: 198 -> message: 39,1,18,18,39,18,18,18,39,18,18,18,24,18,18,24,18,18,18,39,18,18,18,24,18,18,24,18,18,18 -> output: 0
input: 199 -> message: 18,39,27,18,18,6,18,18,39,27,27,27,30,0 -> output: 0
input: 200 -> message: 20,18,39,18,18,39,18,18,18,24,18,18,24,18,18,18,39,18,18,18,24,18,18,24,18,18,18,39,18,18 -> output: 0
input: 201 -> message: 20,18,39,18,18,39,18,18,18,24,18,18,24,18,18,18,39,18,18,18,24,18,18,24,18,18,18,39,18,18 -> output: 0
input: 202 -> message: 12,20,20,18,18,39,18,18,18,24,18,18,18,39,18,18,18,24,18,18,24,18,18,18,39,18,18,18,24,18 -> output: 0
input: 203 -> message: 20,20,18,18,39,18,18,18,24,18,18,18,39,18,18,18,24,18,18,24,18,18,18,39,18,18,18,24,18,18 -> output: 0
input: 204 -> message: 20,20,18,18,39,18,18,18,24,18,18,18,39,18,18,18,24,18,18,24,18,18,18,39,18,18,18,24,18,18 -> output: 0
input: 205 -> message: 20,18,39,18,18,39,18,18,18,24,18,18,24,18,18,18,39,18,18,18,24,18,18,24,18,18,18,39,18,18 -> output: 0
input: 206 -> message: 20,18,39,18,18,39,18,18,18,24,18,18,24,18,18,18,39,18,18,18,24,18,18,24,18,18,18,39,18,18 -> output: 0
input: 207 -> message: 20,20,18,18,39,18,18,18,24,18,18,18,39,18,18,18,24,18,18,24,18,18,18,39,18,18,18,24,18,18 -> output: 0
input: 208 -> message: 20,18,39,18,18,39,18,18,18,24,18,18,24,18,18,18,39,18,18,18,24,18,18,24,18,18,18,39,18,18 -> output: 0
input: 209 -> message: 12,20,20,18,18,39,18,18,18,24,18,18,18,39,18,18,18,24,18,18,24,18,18,18,39,18,18,18,24,18 -> output: 0
input: 210 -> message: 20,20,18,18,39,18,18,18,24,18,18,18,39,18,18,18,24,18,18,24,18,18,18,39,18,18,18,24,18,18 -> output: 0
input: 211 -> message: 20,20,18,18,39,18,18,18,24,18,18,18,39,18,18,18,24,18,18,24,18,18,18,39,18,18,18,24,18,18 -> output: 0
input: 212 -> message: 12,20,20,18,18,39,18,18,18,24,18,18,18,39,18,18,18,24,18,18,24,18,18,18,39,18,18,18,24,18 -> output: 0
input: 213 -> message: 18,39,27,18,18,6,18,18,39,27,27,27,30,0 -> output: 0
input: 214 -> message: 18,39,17,29,29,24,18,18,39,18,18,18,39,18,18,18,24,18,18,24,18,18,18,39,18,18,18,24,18,18 -> output: 0
input: 215 -> message: 12,20,20,18,18,39,18,18,18,24,18,18,18,39,18,18,18,24,18,18,24,18,18,18,39,18,18,18,24,18 -> output: 0
input: 216 -> message: 20,18,39,18,18,39,18,18,18,24,18,18,24,18,18,18,39,18,18,18,24,18,18,24,18,18,18,39,18,18 -> output: 0
input: 217 -> message: 20,20,18,18,39,18,18,18,24,18,18,18,39,18,18,18,24,18,18,24,18,18,18,39,18,18,18,24,18,18 -> output: 0
input: 218 -> message: 20,18,39,18,18,39,18,18,18,24,18,18,24,18,18,18,39,18,18,18,24,18,18,24,18,18,18,39,18,18 -> output: 0
input: 219 -> message: 20,18,39,18,18,39,18,18,18,24,18,18,24,18,18,18,39,18,18,18,24,18,18,24,18,18,18,39,18,18 -> output: 0
input: 220 -> message: 12,20,20,18,18,39,18,18,18,24,18,18,18,39,18,18,18,24,18,18,24,18,18,18,39,18,18,18,24,18 -> output: 0
input: 221 -> message: 18,39,27,18,18,6,18,18,39,27,27,27,30,0 -> output: 0
input: 222 -> message: 18,39,27,18,18,6,18,18,39,27,27,27,30,0 -> output: 0
input: 223 -> message: 20,20,18,18,39,18,18,18,24,18,18,18,39,18,18,18,24,18,18,24,18,18,18,39,18,18,18,24,18,18 -> output: 0
input: 224 -> message: 20,20,18,18,39,18,18,18,24,18,18,18,39,18,18,18,24,18,18,24,18,18,18,39,18,18,18,24,18,18 -> output: 0
input: 225 -> message: 20,18,39,18,18,39,18,18,18,24,18,18,24,18,18,18,39,18,18,18,24,18,18,24,18,18,18,39,18,18 -> output: 0
input: 226 -> message: 20,18,39,18,18,39,18,18,18,24,18,18,24,18,18,18,39,18,18,18,24,18,18,24,18,18,18,39,18,18 -> output: 0
input: 227 -> message: 12,20,20,18,18,39,18,18,18,24,18,18,18,39,18,18,18,24,18,18,24,18,18,18,39,18,18,18,24,18 -> output: 0
input: 228 -> message: 12,20,20,18,18,39,18,18,18,24,18,18,18,39,18,18,18,24,18,18,24,18,18,18,39,18,18,18,24,18 -> output: 0
input: 229 -> message: 20,18,39,18,18,39,18,18,18,24,18,18,24,18,18,18,39,18,18,18,24,18,18,24,18,18,18,39,18,18 -> output: 0
input: 230 -> message: 20,18,18,39,18,18,18,39,18,18,18,24,18,18,24,18,18,18,39,18,18,18,24,18,18,24,18,18,18,39 -> output: 0
input: 231 -> message: 18,39,27,18,18,6,18,18,39,27,27,27,30,0 -> output: 0
input: 232 -> message: 20,20,18,18,39,18,18,18,24,18,18,18,39,18,18,18,24,18,18,24,18,18,18,39,18,18,18,24,18,18 -> output: 0
input: 233 -> message: 12,20,20,18,18,39,18,18,18,24,18,18,18,39,18,18,18,24,18,18,24,18,18,18,39,18,18,18,24,18 -> output: 0
input: 234 -> message: 20,18,39,18,18,39,18,18,18,24,18,18,24,18,18,18,39,18,18,18,24,18,18,24,18,18,18,39,18,18 -> output: 0
input: 235 -> message: 20,18,39,18,18,39,18,18,18,24,18,18,24,18,18,18,39,18,18,18,24,18,18,24,18,18,18,39,18,18 -> output: 0
input: 236 -> message: 0 -> output: 0
input: 237 -> message: 20,20,18,18,39,18,18,18,24,18,18,18,39,18,18,18,24,18,18,24,18,18,18,39,18,18,18,24,18,18 -> output: 0
input: 238 -> message: 20,18,39,18,18,39,18,18,18,24,18,18,24,18,18,18,39,18,18,18,24,18,18,24,18,18,18,39,18,18 -> output: 0
input: 239 -> message: 20,20,18,18,39,18,18,18,24,18,18,18,39,18,18,18,24,18,18,24,18,18,18,39,18,18,18,24,18,18 -> output: 0
input: 240 -> message: 20,18,18,39,18,18,18,39,18,18,18,24,18,18,24,18,18,18,39,18,18,18,24,18,18,24,18,18,18,39 -> output: 0
input: 241 -> message: 12,20,20,18,18,39,18,18,18,24,18,18,18,39,18,18,18,24,18,18,24,18,18,18,39,18,18,18,24,18 -> output: 0
input: 242 -> message: 12,20,20,18,18,39,18,18,18,24,18,18,18,39,18,18,18,24,18,18,24,18,18,18,39,18,18,18,24,18 -> output: 0
input: 243 -> message: 20,18,39,18,18,39,18,18,18,24,18,18,18,39,18,18,18,24,18,18,24,18,18,18,39,18,18,18,24,18 -> output: 0
input: 244 -> message: 0 -> output: 0
input: 245 -> message: 39,27,27,27,30,0 -> output: 0
input: 246 -> message: 20,18,39,18,18,39,18,18,18,24,18,18,24,18,18,18,39,18,18,18,24,18,18,24,18,18,18,39,18,18 -> output: 0
input: 247 -> message: 39,27,27,27,30,0 -> output: 0
input: 248 -> message: 20,20,20,20,20,20,20,20,18,18,39,18,18,18,24,18,18,18,39,18,18,18,24,18,18,24,18,18,18,39 -> output: 0
input: 249 -> message: 20,20,18,18,39,18,18,18,24,18,18,18,39,18,18,18,24,18,18,24,18,18,18,39,18,18,18,24,18,18 -> output: 0
input: 250 -> message: 39,1,18,18,39,18,18,18,39,18,18,18,24,18,18,24,18,18,18,39,18,18,18,24,18,18,24,18,18,18 -> output: 0
input: 251 -> message: 12,20,20,18,18,39,18,18,18,24,18,18,18,39,18,18,18,24,18,18,24,18,18,18,39,18,18,18,24,18 -> output: 0
input: 252 -> message: 12,20,20,18,18,39,18,18,18,24,18,18,18,39,18,18,18,24,18,18,24,18,18,18,39,18,18,18,24,18 -> output: 0
input: 253 -> message: 20,20,18,18,39,18,18,18,24,18,18,18,39,18,18,18,24,18,18,24,18,18,18,39,18,18,18,24,18,18 -> output: 0
input: 254 -> message: 20,18,18,39,18,18,18,39,18,18,18,24,18,18,24,18,18,18,39,18,18,18,24,18,18,24,18,18,18,39 -> output: 0
input: 255 -> message: 20,20,18,18,39,18,18,18,24,18,18,18,39,18,18,18,24,18,18,24,18,18,18,39,18,18,18,24,18,18 -> output: 0
input: 256 -> message: 20,20,18,18,39,18,18,18,24,18,18,18,39,18,18,18,24,18,18,24,18,18,18,39,18,18,18,24,18,18 -> output: 0
input: 257 -> message: 20,20,20,20,20,20,20,18,18,39,18,18,18,24,18,18,18,39,18,18,18,24,18,18,24,18,18,18,39,18 -> output: 0
input: 258 -> message: 12,20,20,18,18,39,18,18,18,24,18,18,18,39,18,18,18,24,18,18,24,18,18,18,39,18,18,18,24,18 -> output: 0
input: 259 -> message: 20,18,39,18,18,39,18,18,18,24,18,18,24,18,18,18,39,18,18,18,24,18,18,24,18,18,18,39,18,18 -> output: 0
input: 260 -> message: 12,20,20,18,18,39,18,18,18,24,18,18,18,39,18,18,18,24,18,18,24,18,18,18,39,18,18,18,24,18 -> output: 0
input: 261 -> message: 12,20,20,18,18,39,18,18,18,24,18,18,18,39,18,18,18,24,18,18,24,18,18,18,39,18,18,18,24,18 -> output: 0
input: 262 -> message: 20,18,18,39,18,18,18,39,18,18,18,24,18,18,24,18,18,18,39,18,18,18,24,18,18,24,18,18,18,39 -> output: 0
input: 263 -> message: 1,18,39,17,29,29,24,18,18,39,18,18,18,39,18,18,18,24,18,18,24,18,18,18,39,18,18,18,24,18 -> output: 0
input: 264 -> message: 39,27,27,27,30,0 -> output: 0
input: 265 -> message: 20,18,18,39,18,18,18,39,18,18,18,24,18,18,24,18,18,18,39,18,18,18,24,18,18,24,18,18,18,39 -> output: 0
input: 266 -> message: 20,18,39,18,18,39,18,18,18,24,18,18,24,18,18,18,39,18,18,18,24,18,18,24,18,18,18,39,18,18 -> output: 0
input: 267 -> message: 12,20,20,18,18,39,18,18,18,24,18,18,18,39,18,18,18,24,18,18,24,18,18,18,39,18,18,18,24,18 -> output: 0
input: 268 -> message: 12,20,20,18,18,39,18,18,18,24,18,18,18,39,18,18,18,24,18,18,24,18,18,18,39,18,18,18,24,18 -> output: 0
input: 269 -> message: 12,20,20,18,18,39,18,18,18,24,18,18,18,39,18,18,18,24,18,18,24,18,18,18,39,18,18,18,24,18 -> output: 0
input: 270 -> message: 20,18,18,39,18,18,18,39,18,18,18,24,18,18,24,18,18,18,39,18,18,18,24,18,18,24,18,18,18,39 -> output: 0
input: 271 -> message: 12,20,20,18,18,39,18,18,18,24,18,18,18,39,18,18,18,24,18,18,24,18,18,18,39,18,18,18,24,18 -> output: 0
input: 272 -> message: 20,18,39,18,18,39,18,18,18,24,18,18,24,18,18,18,39,18,18,18,24,18,18,24,18,18,18,39,18,18 -> output: 0
input: 273 -> message: 20,18,39,18,18,39,18,18,18,24,18,18,24,18,18,18,39,18,18,18,24,18,18,24,18,18,18,39,18,18 -> output: 0
input: 274 -> message: 12,20,20,18,18,39,18,18,18,24,18,18,18,39,18,18,18,24,18,18,24,18,18,18,39,18,18,18,24,18 -> output: 0
input: 275 -> message: 10,1,18,18,39,27,18,18,6,18,18,39,27,27,27,30,0 -> output: 0
input: 276 -> message: 12,20,20,18,18,39,18,18,18,24,18,18,18,39,18,18,18,24,18,18,24,18,18,18,39,18,18,18,24,18 -> output: 0
input: 277 -> message: 20,18,39,18,18,39,18,18,18,24,18,18,24,18,18,18,39,18,18,18,24,18,18,24,18,18,18,39,18,18 -> output: 0
input: 278 -> message: 12,20,20,18,18,39,18,18,18,24,18,18,18,39,18,18,18,24,18,18,24,18,18,18,39,18,18,18,24,18 -> output: 0
input: 279 -> message: 12,20,20,18,18,39,18,18,18,24,18,18,18,39,18,18,18,24,18,18,24,18,18,18,39,18,18,18,24,18 -> output: 0
input: 280 -> message: 12,20,20,18,18,39,18,18,18,24,18,18,18,39,18,18,18,24,18,18,24,18,18,18,39,18,18,18,24,18 -> output: 0
input: 281 -> message: 20,18,39,18,18,39,18,18,18,24,18,18,24,18,18,18,39,18,18,18,24,18,18,24,18,18,18,39,18,18 -> output: 0
input: 282 -> message: 39,1,18,18,39,18,18,18,39,18,18,18,24,18,18,24,18,18,18,39,18,18,18,24,18,18,24,18,18,18 -> output: 0
input: 283 -> message: 18,39,27,18,18,6,18,18,39,27,27,27,30,0 -> output: 0
input: 284 -> message: 12,20,20,18,18,39,18,18,18,24,18,18,18,39,18,18,18,24,18,18,24,18,18,18,39,18,18,18,24,18 -> output: 0
input: 285 -> message: 12,20,20,18,18,39,18,18,18,24,18,18,18,39,18,18,18,24,18,18,24,18,18,18,39,18,18,18,24,18 -> output: 0
input: 286 -> message: 12,20,20,18,18,39,18,18,18,24,18,18,18,39,18,18,18,24,18,18,24,18,18,18,39,18,18,18,24,18 -> output: 0
input: 287 -> message: 12,20,20,18,18,39,18,18,18,24,18,18,18,39,18,18,18,24,18,18,24,18,18,18,39,18,18,18,24,18 -> output: 0
input: 288 -> message: 12,20,20,18,18,39,18,18,18,24,18,18,18,39,18,18,18,24,18,18,24,18,18,18,39,18,18,18,24,18 -> output: 0
input: 289 -> message: 39,27,27,27,30,0 -> output: 0
input: 290 -> message: 12,20,20,18,18,39,18,18,18,24,18,18,18,39,18,18,18,24,18,18,24,18,18,18,39,18,18,18,24,18 -> output: 0
input: 291 -> message: 20,20,18,18,39,18,18,18,24,18,18,18,39,18,18,18,24,18,18,24,18,18,18,39,18,18,18,24,18,18 -> output: 0
input: 292 -> message: 20,18,39,18,18,39,18,18,18,24,18,18,24,18,18,18,39,18,18,18,24,18,18,24,18,18,18,39,18,18 -> output: 0
input: 293 -> message: 20,20,18,18,39,18,18,18,24,18,18,18,39,18,18,18,24,18,18,24,18,18,18,39,18,18,18,24,18,18 -> output: 0
input: 294 -> message: 20,20,18,18,39,18,18,18,24,18,18,18,39,18,18,18,24,18,18,24,18,18,18,39,18,18,18,24,18,18 -> output: 0
input: 295 -> message: 18,39,27,18,18,6,18,18,39,27,27,27,30,0 -> output: 0
input: 296 -> message: 1,18,39,17,29,29,24,18,18,39,18,18,18,39,18,18,18,24,18,18,24,18,18,18,39,18,18,18,24,18 -> output: 0
input: 297 -> message: 12,20,20,18,18,39,18,18,18,24,18,18,18,39,18,18,18,24,18,18,24,18,18,18,39,18,18,18,24,18 -> output: 0
input: 298 -> message: 12,20,20,18,18,39,18,18,18,24,18,18,18,39,18,18,18,24,18,18,24,18,18,18,39,18,18,18,24,18 -> output: 0
input: 299 -> message: 12,20,20,18,18,39,18,18,18,24,18,18,18,39,18,18,18,24,18,18,24,18,18,18,39,18,18,18,24,18 -> output: 0
input: 300 -> message: 20,18,39,18,18,39,18,18,18,24,18,18,24,18,18,18,39,18,18,18,24,18,18,24,18,18,18,39,18,18 -> output: 0
input: 301 -> message: 18,39,17,29,29,24,18,18,39,18,18,18,39,18,18,18,24,18,18,24,18,18,18,39,18,18,18,24,18,18 -> output: 0
input: 302 -> message: 12,20,20,18,18,39,18,18,18,24,18,18,18,39,18,18,18,24,18,18,24,18,18,18,39,18,18,18,24,18 -> output: 0
input: 303 -> message: 12,20,20,18,18,39,18,18,18,24,18,18,18,39,18,18,18,24,18,18,24,18,18,18,39,18,18,18,24,18 -> output: 0
input: 304 -> message: 12,20,20,18,18,39,18,18,18,24,18,18,18,39,18,18,18,24,18,18,24,18,18,18,39,18,18,18,24,18 -> output: 0
input: 305 -> message: 20,18,39,18,18,39,18,18,18,24,18,18,24,18,18,18,39,18,18,18,24,18,18,24,18,18,18,39,18,18 -> output: 0
input: 306 -> message: 18,39,17,29,29,24,18,18,39,18,18,18,39,18,18,18,24,18,18,24,18,18,18,39,18,18,18,24,18,18 -> output: 0
input: 307 -> message: 20,18,39,18,18,39,18,18,18,24,18,18,24,18,18,18,39,18,18,18,24,18,18,24,18,18,18,39,18,18 -> output: 0
input: 308 -> message: 20,18,39,18,18,39,18,18,18,24,18,18,24,18,18,18,39,18,18,18,24,18,18,24,18,18,18,39,18,18 -> output: 0
input: 309 -> message: 20,18,39,18,18,39,18,18,18,24,18,18,24,18,18,18,39,18,18,18,24,18,18,24,18,18,18,39,18,18 -> output: 0
input: 310 -> message: 12,20,20,18,18,39,18,18,18,24,18,18,18,39,18,18,18,24,18,18,24,18,18,18,39,18,18,18,24,18 -> output: 0
input: 311 -> message: 12,20,20,18,18,39,18,18,18,24,18,18,18,39,18,18,18,24,18,18,24,18,18,18,39,18,18,18,24,18 -> output: 0
input: 312 -> message: 12,20,20,18,18,39,18,18,18,24,18,18,18,39,18,18,18,24,18,18,24,18,18,18,39,18,18,18,24,18 -> output: 0
input: 313 -> message: 12,20,20,18,18,39,18,18,18,24,18,18,18,39,18,18,18,24,18,18,24,18,18,18,39,18,18,18,24,18 -> output: 0
input: 314 -> message: 12,20,20,18,18,39,18,18,18,24,18,18,18,39,18,18,18,24,18,18,24,18,18,18,39,18,18,18,24,18 -> output: 0
input: 315 -> message: 20,18,39,18,18,39,18,18,18,24,18,18,24,18,18,18,39,18,18,18,24,18,18,24,18,18,18,39,18,18 -> output: 0
input: 316 -> message: 39,27,27,27,30,0 -> output: 0
input: 317 -> message: 20,18,39,18,18,39,18,18,18,24,18,18,24,18,18,18,39,18,18,18,24,18,18,24,18,18,18,39,18,18 -> output: 0
input: 318 -> message: 20,20,18,18,39,18,18,18,24,18,18,18,39,18,18,18,24,18,18,24,18,18,18,39,18,18,18,24,18,18 -> output: 0
input: 319 -> message: 20,18,39,18,18,39,18,18,18,24,18,18,24,18,18,18,39,18,18,18,24,18,18,24,18,18,18,39,18,18 -> output: 0
input: 320 -> message: 7,10,1,18,18,39,18,18,18,39,18,18,18,24,18,18,24,18,18,18,39,18,18,18,24,18,18,24,18,18 -> output: 0
input: 321 -> message: 12,20,20,18,18,39,18,18,18,24,18,18,18,39,18,18,18,24,18,18,24,18,18,18,39,18,18,18,24,18 -> output: 0
input: 322 -> message: 18,39,27,18,18,6,18,18,39,27,27,27,30,0 -> output: 0
input: 323 -> message: 20,18,39,18,18,39,18,18,18,24,18,18,24,18,18,18,39,18,18,18,24,18,18,24,18,18,18,39,18,18 -> output: 0
input: 324 -> message: 12,20,20,18,18,39,18,18,18,24,18,18,18,39,18,18,18,24,18,18,24,18,18,18,39,18,18,18,24,18 -> output: 0
input: 325 -> message: 12,20,20,18,18,39,18,18,18,24,18,18,18,39,18,18,18,24,18,18,24,18,18,18,39,18,18,18,24,18 -> output: 0
input: 326 -> message: 12,20,20,18,18,39,18,18,18,24,18,18,18,39,18,18,18,24,18,18,24,18,18,18,39,18,18,18,24,18 -> output: 0
input: 327 -> message: 20,20,18,18,39,18,18,18,24,18,18,18,39,18,18,18,24,18,18,24,18,18,18,39,18,18,18,24,18,18 -> output: 0
input: 328 -> message: 12,20,20,18,18,39,18,18,18,24,18,18,18,39,18,18,18,24,18,18,24,18,18,18,39,18,18,18,24,18 -> output: 0
input: 329 -> message: 18,39,27,18,18,6,18,18,39,27,27,27,30,0 -> output: 0
input: 330 -> message: 0 -> output: 0
input: 331 -> message: 12,20,20,18,18,39,18,18,18,24,18,18,18,39,18,18,18,24,18,18,24,18,18,18,39,18,18,18,24,18 -> output: 0
input: 332 -> message: 39,27,27,27,30,0 -> output: 0
input: 333 -> message: 18,39,27,18,18,6,18,18,39,27,27,27,30,0 -> output: 0
input: 334 -> message: 20,20,18,18,39,18,18,18,24,18,18,18,39,18,18,18,24,18,18,24,18,18,18,39,18,18,18,24,18,18 -> output: 0
input: 335 -> message: 20,20,20,20,20,20,20,20,18,18,39,18,18,18,24,18,18,18,39,18,18,18,24,18,18,24,18,18,18,39 -> output: 0
input: 336 -> message: 20,20,18,18,39,18,18,18,24,18,18,18,39,18,18,18,24,18,18,24,18,18,18,39,18,18,18,24,18,18 -> output: 0
input: 337 -> message: 20,18,39,18,18,39,18,18,18,24,18,18,24,18,18,18,39,18,18,18,24,18,18,24,18,18,18,39,18,18 -> output: 0
input: 338 -> message: 20,18,39,18,18,39,18,18,18,24,18,18,24,18,18,18,39,18,18,18,24,18,18,24,18,18,18,39,18,18 -> output: 0
input: 339 -> message: 12,20,20,18,18,39,18,18,18,24,18,18,18,39,18,18,18,24,18,18,24,18,18,18,39,18,18,18,24,18 -> output: 0
input: 340 -> message: 20,18,18,39,18,18,18,39,18,18,18,24,18,18,24,18,18,18,39,18,18,18,24,18,18,24,18,18,18,39 -> output: 0
input: 341 -> message: 20,20,18,18,39,18,18,18,24,18,18,18,39,18,18,18,24,18,18,24,18,18,18,39,18,18,18,24,18,18 -> output: 0
input: 342 -> message: 12,20,20,18,18,39,18,18,18,24,18,18,18,39,18,18,18,24,18,18,24,18,18,18,39,18,18,18,24,18 -> output: 0
input: 343 -> message: 12,20,20,18,18,39,18,18,18,24,18,18,18,39,18,18,18,24,18,18,24,18,18,18,39,18,18,18,24,18 -> output: 0
input: 344 -> message: 12,20,20,18,18,39,18,18,18,24,18,18,18,39,18,18,18,24,18,18,24,18,18,18,39,18,18,18,24,18 -> output: 0
input: 345 -> message: 20,18,39,18,18,39,18,18,18,24,18,18,24,18,18,18,39,18,18,18,24,18,18,24,18,18,18,39,18,18 -> output: 0
input: 346 -> message: 12,20,20,18,18,39,18,18,18,24,18,18,18,39,18,18,18,24,18,18,24,18,18,18,39,18,18,18,24,18 -> output: 0
input: 347 -> message: 12,20,20,18,18,39,18,18,18,24,18,18,18,39,18,18,18,24,18,18,24,18,18,18,39,18,18,18,24,18 -> output: 0
input: 348 -> message: 39,1,18,18,39,18,18,18,39,18,18,18,24,18,18,24,18,18,18,39,18,18,18,24,18,18,24,18,18,18 -> output: 0
input: 349 -> message: 20,18,18,39,18,18,18,39,18,18,18,24,18,18,24,18,18,18,39,18,18,18,24,18,18,24,18,18,18,39 -> output: 0
input: 350 -> message: 12,20,20,18,18,39,18,18,18,24,18,18,18,39,18,18,18,24,18,18,24,18,18,18,39,18,18,18,24,18 -> output: 0
input: 351 -> message: 20,18,39,18,18,39,18,18,18,24,18,18,24,18,18,18,39,18,18,18,24,18,18,24,18,18,18,39,18,18 -> output: 0
input: 352 -> message: 20,18,18,39,18,18,18,39,18,18,18,24,18,18,24,18,18,18,39,18,18,18,24,18,18,24,18,18,18,39 -> output: 0
input: 353 -> message: 18,39,27,18,18,6,18,18,39,27,27,27,30,0 -> output: 0
input: 354 -> message: 20,18,39,18,18,39,18,18,18,24,18,18,24,18,18,18,39,18,18,18,24,18,18,24,18,18,18,39,18,18 -> output: 0
input: 355 -> message: 12,20,20,18,18,39,18,18,18,24,18,18,18,39,18,18,18,24,18,18,24,18,18,18,39,18,18,18,24,18 -> output: 0
input: 356 -> message: 12,20,20,18,18,39,18,18,18,24,18,18,18,39,18,18,18,24,18,18,24,18,18,18,39,18,18,18,24,18 -> output: 0
input: 357 -> message: 20,18,39,18,18,39,18,18,18,24,18,18,24,18,18,18,39,18,18,18,24,18,18,24,18,18,18,39,18,18 -> output: 0
input: 358 -> message: 20,18,39,18,18,39,18,18,18,24,18,18,24,18,18,18,39,18,18,18,24,18,18,24,18,18,18,39,18,18 -> output: 0
input: 359 -> message: 20,18,39,18,18,39,18,18,18,24,18,18,24,18,18,18,39,18,18,18,24,18,18,24,18,18,18,39,18,18 -> output: 0
input: 360 -> message: 20,18,39,18,18,39,18,18,18,24,18,18,24,18,18,18,39,18,18,18,24,18,18,24,18,18,18,39,18,18 -> output: 0
input: 361 -> message: 39,1,18,18,39,18,18,18,39,18,18,18,24,18,18,24,18,18,18,39,18,18,18,24,18,18,24,18,18,18 -> output: 0
input: 362 -> message: 20,18,39,18,18,39,18,18,18,24,18,18,24,18,18,18,39,18,18,18,24,18,18,24,18,18,18,39,18,18 -> output: 0
input: 363 -> message: 20,20,18,18,39,18,18,18,24,18,18,18,39,18,18,18,24,18,18,24,18,18,18,39,18,18,18,24,18,18 -> output: 0
input: 364 -> message: 20,20,18,18,39,18,18,18,24,18,18,18,39,18,18,18,24,18,18,24,18,18,18,39,18,18,18,24,18,18 -> output: 0
input: 365 -> message: 18,39,27,18,18,6,18,18,39,27,27,27,30,0 -> output: 0
input: 366 -> message: 39,27,27,27,30,0 -> output: 0
input: 367 -> message: 12,20,20,18,18,39,18,18,18,24,18,18,18,39,18,18,18,24,18,18,24,18,18,18,39,18,18,18,24,18 -> output: 0
input: 368 -> message: 12,20,20,18,18,39,18,18,18,24,18,18,18,39,18,18,18,24,18,18,24,18,18,18,39,18,18,18,24,18 -> output: 0
input: 369 -> message: 39,27,27,27,30,0 -> output: 0
input: 370 -> message: 39,27,27,27,30,0 -> output: 0
input: 371 -> message: 20,18,39,18,18,39,18,18,18,24,18,18,24,18,18,18,39,18,18,18,24,18,18,24,18,18,18,39,18,18 -> output: 0
input: 372 -> message: 12,20,20,18,18,39,18,18,18,24,18,18,18,39,18,18,18,24,18,18,24,18,18,18,39,18,18,18,24,18 -> output: 0
input: 373 -> message: 12,20,20,18,18,39,18,18,18,24,18,18,18,39,18,18,18,24,18,18,24,18,18,18,39,18,18,18,24,18 -> output: 0
input: 374 -> message: 12,20,20,18,18,39,18,18,18,24,18,18,18,39,18,18,18,24,18,18,24,18,18,18,39,18,18,18,24,18 -> output: 0
input: 375 -> message: 20,18,39,18,18,39,18,18,18,24,18,18,24,18,18,18,39,18,18,18,24,18,18,24,18,18,18,39,18,18 -> output: 0
input: 376 -> message: 12,20,20,18,18,39,18,18,18,24,18,18,18,39,18,18,18,24,18,18,24,18,18,18,39,18,18,18,24,18 -> output: 0
input: 377 -> message: 12,20,20,18,18,39,18,18,18,24,18,18,18,39,18,18,18,24,18,18,24,18,18,18,39,18,18,18,24,18 -> output: 0
input: 378 -> message: 18,39,27,18,18,6,18,18,39,27,27,27,30,0 -> output: 0
input: 379 -> message: 20,18,39,18,18,39,18,18,18,24,18,18,24,18,18,18,39,18,18,18,24,18,18,24,18,18,18,39,18,18 -> output: 0
input: 380 -> message: 12,20,20,18,18,39,18,18,18,24,18,18,18,39,18,18,18,24,18,18,24,18,18,18,39,18,18,18,24,18 -> output: 0
input: 381 -> message: 20,18,39,18,18,39,18,18,18,24,18,18,24,18,18,18,39,18,18,18,24,18,18,24,18,18,18,39,18,18 -> output: 0
input: 382 -> message: 12,20,20,18,18,39,18,18,18,24,18,18,18,39,18,18,18,24,18,18,24,18,18,18,39,18,18,18,24,18 -> output: 0
input: 383 -> message: 20,20,18,18,39,18,18,18,24,18,18,18,39,18,18,18,24,18,18,24,18,18,18,39,18,18,18,24,18,18 -> output: 0
input: 384 -> message: 20,18,39,18,18,39,18,18,18,24,18,18,24,18,18,18,39,18,18,18,24,18,18,24,18,18,18,39,18,18 -> output: 0
input: 385 -> message: 20,18,39,18,18,39,18,18,18,24,18,18,24,18,18,18,39,18,18,18,24,18,18,24,18,18,18,39,18,18 -> output: 0
input: 386 -> message: 20,18,39,18,18,39,18,18,18,24,18,18,24,18,18,18,39,18,18,18,24,18,18,24,18,18,18,39,18,18 -> output: 0
input: 387 -> message: 20,20,18,18,39,18,18,18,24,18,18,18,39,18,18,18,24,18,18,24,18,18,18,39,18,18,18,24,18,18 -> output: 0
input: 388 -> message: 20,20,20,20,20,20,20,20,18,18,39,18,18,18,24,18,18,18,39,18,18,18,24,18,18,24,18,18,18,39 -> output: 0
input: 389 -> message: 20,20,18,18,39,18,18,18,24,18,18,18,39,18,18,18,24,18,18,24,18,18,18,39,18,18,18,24,18,18 -> output: 0
input: 390 -> message: 39,27,27,27,30,0 -> output: 0
input: 391 -> message: 20,18,39,18,18,39,18,18,18,24,18,18,24,18,18,18,39,18,18,18,24,18,18,24,18,18,18,39,18,18 -> output: 0
input: 392 -> message: 20,20,18,18,39,18,18,18,24,18,18,18,39,18,18,18,24,18,18,24,18,18,18,39,18,18,18,24,18,18 -> output: 0
input: 393 -> message: 12,20,20,18,18,39,18,18,18,24,18,18,18,39,18,18,18,24,18,18,24,18,18,18,39,18,18,18,24,18 -> output: 0
input: 394 -> message: 20,18,39,18,18,39,18,18,18,24,18,18,24,18,18,18,39,18,18,18,24,18,18,24,18,18,18,39,18,18 -> output: 0
input: 395 -> message: 1,18,39,17,14,29,29,24,18,18,39,18,18,18,24,18,18,18,39,18,18,18,24,18,18,24,18,18,18,39 -> output: 0
input: 396 -> message: 12,20,20,18,18,39,18,18,18,24,18,18,18,39,18,18,18,24,18,18,24,18,18,18,39,18,18,18,24,18 -> output: 0
input: 397 -> message: 20,18,39,18,18,39,18,18,18,24,18,18,24,18,18,18,39,18,18,18,24,18,18,24,18,18,18,39,18,18 -> output: 0
input: 398 -> message: 20,18,39,18,18,39,18,18,18,24,18,18,24,18,18,18,39,18,18,18,24,18,18,24,18,18,18,39,18,18 -> output: 0
input: 399 -> message: 20,20,18,18,39,18,18,18,24,18,18,18,39,18,18,18,24,18,18,24,18,18,18,39,18,18,18,24,18,18 -> output: 0
input: 400 -> message: 20,20,18,18,39,18,18,18,24,18,18,18,39,18,18,18,24,18,18,24,18,18,18,39,18,18,18,24,18,18 -> output: 0
input: 401 -> message: 12,20,20,18,18,39,18,18,18,24,18,18,18,39,18,18,18,24,18,18,24,18,18,18,39,18,18,18,24,18 -> output: 0
input: 402 -> message: 20,18,39,18,18,39,18,18,18,24,18,18,24,18,18,18,39,18,18,18,24,18,18,24,18,18,18,39,18,18 -> output: 0
input: 403 -> message: 12,20,20,18,18,39,18,18,18,24,18,18,18,39,18,18,18,24,18,18,24,18,18,18,39,18,18,18,24,18 -> output: 0
input: 404 -> message: 12,20,20,18,18,39,18,18,18,24,18,18,18,39,18,18,18,24,18,18,24,18,18,18,39,18,18,18,24,18 -> output: 0
input: 405 -> message: 20,18,39,18,18,39,18,18,18,24,18,18,24,18,18,18,39,18,18,18,24,18,18,24,18,18,18,39,18,18 -> output: 0
input: 406 -> message: 18,39,27,18,18,6,18,18,39,27,27,27,30,0 -> output: 0
input: 407 -> message: 12,20,20,18,18,39,18,18,18,24,18,18,18,39,18,18,18,24,18,18,24,18,18,18,39,18,18,18,24,18 -> output: 0
input: 408 -> message: 20,18,39,18,18,39,18,18,18,24,18,18,24,18,18,18,39,18,18,18,24,18,18,24,18,18,18,39,18,18 -> output: 0
input: 409 -> message: 18,39,27,18,18,6,18,18,39,27,27,27,30,0 -> output: 0
input: 410 -> message: 20,18,39,18,18,39,18,18,18,24,18,18,24,18,18,18,39,18,18,18,24,18,18,24,18,18,18,39,18,18 -> output: 0
input: 411 -> message: 20,18,39,18,18,39,18,18,18,24,18,18,24,18,18,18,39,18,18,18,24,18,18,24,18,18,18,39,18,18 -> output: 0
input: 412 -> message: 20,18,39,18,18,39,18,18,18,24,18,18,24,18,18,18,39,18,18,18,24,18,18,24,18,18,18,39,18,18 -> output: 0
input: 413 -> message: 12,20,20,18,18,39,18,18,18,24,18,18,18,39,18,18,18,24,18,18,24,18,18,18,39,18,18,18,24,18 -> output: 0
input: 414 -> message: 39,27,27,27,30,0 -> output: 0
input: 415 -> message: 20,18,39,18,18,39,18,18,18,24,18,18,18,39,18,18,18,24,18,18,24,18,18,18,39,18,18,18,24,18 -> output: 0
input: 416 -> message: 39,27,27,27,30,0 -> output: 0
input: 417 -> message: 12,20,20,18,18,39,18,18,18,24,18,18,18,39,18,18,18,24,18,18,24,18,18,18,39,18,18,18,24,18 -> output: 0
input: 418 -> message: 20,18,39,18,18,39,18,18,18,24,18,18,24,18,18,18,39,18,18,18,24,18,18,24,18,18,18,39,18,18 -> output: 0
input: 419 -> message: 20,18,39,18,18,39,18,18,18,24,18,18,24,18,18,18,39,18,18,18,24,18,18,24,18,18,18,39,18,18 -> output: 0
input: 420 -> message: 20,20,18,18,39,18,18,18,24,18,18,18,39,18,18,18,24,18,18,24,18,18,18,39,18,18,18,24,18,18 -> output: 0
input: 421 -> message: 20,18,39,18,18,39,18,18,18,24,18,18,24,18,18,18,39,18,18,18,24,18,18,24,18,18,18,39,18,18 -> output: 0
input: 422 -> message: 20,20,18,18,39,18,18,18,24,18,18,18,39,18,18,18,24,18,18,24,18,18,18,39,18,18,18,24,18,18 -> output: 0
input: 423 -> message: 12,20,20,18,18,39,18,18,18,24,18,18,18,39,18,18,18,24,18,18,24,18,18,18,39,18,18,18,24,18 -> output: 0
input: 424 -> message: 39,27,27,27,30,0 -> output: 0
input: 425 -> message: 20,20,18,18,39,18,18,18,24,18,18,18,39,18,18,18,24,18,18,24,18,18,18,39,18,18,18,24,18,18 -> output: 0
input: 426 -> message: 18,39,17,29,29,24,18,18,39,18,18,18,39,18,18,18,24,18,18,24,18,18,18,39,18,18,18,24,18,18 -> output: 0
input: 427 -> message: 20,18,39,18,18,39,18,18,18,24,18,18,24,18,18,18,39,18,18,18,24,18,18,24,18,18,18,39,18,18 -> output: 0
input: 428 -> message: 20,18,39,18,18,39,18,18,18,24,18,18,24,18,18,18,39,18,18,18,24,18,18,24,18,18,18,39,18,18 -> output: 0
input: 429 -> message: 12,20,20,18,18,39,18,18,18,24,18,18,18,39,18,18,18,24,18,18,24,18,18,18,39,18,18,18,24,18 -> output: 0
input: 430 -> message: 12,20,20,18,18,39,18,18,18,24,18,18,18,39,18,18,18,24,18,18,24,18,18,18,39,18,18,18,24,18 -> output: 0
input: 431 -> message: 20,20,18,18,39,18,18,18,24,18,18,18,39,18,18,18,24,18,18,24,18,18,18,39,18,18,18,24,18,18 -> output: 0
input: 432 -> message: 20,20,18,18,39,18,18,18,24,18,18,18,39,18,18,18,24,18,18,24,18,18,18,39,18,18,18,24,18,18 -> output: 0
input: 433 -> message: 39,27,27,27,30,0 -> output: 0
input: 434 -> message: 12,20,20,18,18,39,18,18,18,24,18,18,18,39,18,18,18,24,18,18,24,18,18,18,39,18,18,18,24,18 -> output: 0
input: 435 -> message: 39,27,27,27,30,0 -> output: 0
input: 436 -> message: 12,20,20,18,18,39,18,18,18,24,18,18,18,39,18,18,18,24,18,18,24,18,18,18,39,18,18,18,24,18 -> output: 0
input: 437 -> message: 20,20,18,18,39,18,18,18,24,18,18,18,39,18,18,18,24,18,18,24,18,18,18,39,18,18,18,24,18,18 -> output: 0
input: 438 -> message: 12,20,20,18,18,39,18,18,18,24,18,18,18,39,18,18,18,24,18,18,24,18,18,18,39,18,18,18,24,18 -> output: 0
input: 439 -> message: 0 -> output: 0
input: 440 -> message: 18,39,27,18,18,6,18,18,39,27,27,27,30,0 -> output: 0
input: 441 -> message: 20,20,18,18,39,18,18,18,24,18,18,18,39,18,18,18,24,18,18,24,18,18,18,39,18,18,18,24,18,18 -> output: 0
input: 442 -> message: 12,20,20,18,18,39,18,18,18,24,18,18,18,39,18,18,18,24,18,18,24,18,18,18,39,18,18,18,24,18 -> output: 0
input: 443 -> message: 39,27,27,27,30,0 -> output: 0
input: 444 -> message: 12,20,20,18,18,39,18,18,18,24,18,18,18,39,18,18,18,24,18,18,24,18,18,18,39,18,18,18,24,18 -> output: 0
input: 445 -> message: 12,20,20,18,18,39,18,18,18,24,18,18,18,39,18,18,18,24,18,18,24,18,18,18,39,18,18,18,24,18 -> output: 0
input: 446 -> message: 20,20,18,18,39,18,18,18,24,18,18,18,39,18,18,18,24,18,18,24,18,18,18,39,18,18,18,24,18,18 -> output: 0
input: 447 -> message: 12,20,20,18,18,39,18,18,18,24,18,18,18,39,18,18,18,24,18,18,24,18,18,18,39,18,18,18,24,18 -> output: 0
input: 448 -> message: 39,27,27,27,30,0 -> output: 0
input: 449 -> message: 12,20,20,18,18,39,18,18,18,24,18,18,18,39,18,18,18,24,18,18,24,18,18,18,39,18,18,18,24,18 -> output: 0
input: 450 -> message: 0 -> output: 0
input: 451 -> message: 12,20,20,18,18,39,18,18,18,24,18,18,18,39,18,18,18,24,18,18,24,18,18,18,39,18,18,18,24,18 -> output: 0
input: 452 -> message: 12,20,20,18,18,39,18,18,18,24,18,18,18,39,18,18,18,24,18,18,24,18,18,18,39,18,18,18,24,18 -> output: 0
input: 453 -> message: 12,20,20,18,18,39,18,18,18,24,18,18,18,39,18,18,18,24,18,18,24,18,18,18,39,18,18,18,24,18 -> output: 0
input: 454 -> message: 18,39,27,18,18,6,18,18,39,27,27,27,30,0 -> output: 0
input: 455 -> message: 20,20,18,18,39,18,18,18,24,18,18,18,39,18,18,18,24,18,18,24,18,18,18,39,18,18,18,24,18,18 -> output: 0
input: 456 -> message: 20,18,39,18,18,39,18,18,18,24,18,18,24,18,18,18,39,18,18,18,24,18,18,24,18,18,18,39,18,18 -> output: 0
input: 457 -> message: 12,20,20,18,18,39,18,18,18,24,18,18,18,39,18,18,18,24,18,18,24,18,18,18,39,18,18,18,24,18 -> output: 0
input: 458 -> message: 18,39,27,18,18,6,18,18,39,27,27,27,30,0 -> output: 0
input: 459 -> message: 20,18,39,18,18,39,18,18,18,24,18,18,24,18,18,18,39,18,18,18,24,18,18,24,18,18,18,39,18,18 -> output: 0
input: 460 -> message: 20,18,39,18,18,39,18,18,18,24,18,18,24,18,18,18,39,18,18,18,24,18,18,24,18,18,18,39,18,18 -> output: 0
input: 461 -> message: 20,20,18,18,39,18,18,18,24,18,18,18,39,18,18,18,24,18,18,24,18,18,18,39,18,18,18,24,18,18 -> output: 0
input: 462 -> message: 12,20,20,18,18,39,18,18,18,24,18,18,18,39,18,18,18,24,18,18,24,18,18,18,39,18,18,18,24,18 -> output: 0
input: 463 -> message: 12,20,20,18,18,39,18,18,18,24,18,18,18,39,18,18,18,24,18,18,24,18,18,18,39,18,18,18,24,18 -> output: 0
input: 464 -> message: 20,18,39,18,18,39,18,18,18,24,18,18,24,18,18,18,39,18,18,18,24,18,18,24,18,18,18,39,18,18 -> output: 0
input: 465 -> message: 12,20,20,18,18,39,18,18,18,24,18,18,18,39,18,18,18,24,18,18,24,18,18,18,39,18,18,18,24,18 -> output: 0
input: 466 -> message: 20,20,18,18,39,18,18,18,24,18,18,18,39,18,18,18,24,18,18,24,18,18,18,39,18,18,18,24,18,18 -> output: 0
input: 467 -> message: 12,20,20,18,18,39,18,18,18,24,18,18,18,39,18,18,18,24,18,18,24,18,18,18,39,18,18,18,24,18 -> output: 0
input: 468 -> message: 20,18,39,18,18,39,18,18,18,24,18,18,24,18,18,18,39,18,18,18,24,18,18,24,18,18,18,39,18,18 -> output: 0
input: 469 -> message: 12,20,20,18,18,39,18,18,18,24,18,18,18,39,18,18,18,24,18,18,24,18,18,18,39,18,18,18,24,18 -> output: 0
input: 470 -> message: 20,20,18,18,39,18,18,18,24,18,18,18,39,18,18,18,24,18,18,24,18,18,18,39,18,18,18,24,18,18 -> output: 0
input: 471 -> message: 20,18,39,18,18,39,18,18,18,24,18,18,24,18,18,18,39,18,18,18,24,18,18,24,18,18,18,39,18,18 -> output: 0
input: 472 -> message: 39,27,27,27,30,0 -> output: 0
input: 473 -> message: 20,18,39,18,18,39,18,18,18,24,18,18,24,18,18,18,39,18,18,18,24,18,18,24,18,18,18,39,18,18 -> output: 0
input: 474 -> message: 20,18,39,18,18,39,18,18,18,24,18,18,24,18,18,18,39,18,18,18,24,18,18,24,18,18,18,39,18,18 -> output: 0
input: 475 -> message: 12,20,20,18,18,39,18,18,18,24,18,18,18,39,18,18,18,24,18,18,24,18,18,18,39,18,18,18,24,18 -> output: 0
input: 476 -> message: 20,18,39,18,18,39,18,18,18,24,18,18,24,18,18,18,39,18,18,18,24,18,18,24,18,18,18,39,18,18 -> output: 0
input: 477 -> message: 20,20,18,18,39,18,18,18,24,18,18,18,39,18,18,18,24,18,18,24,18,18,18,39,18,18,18,24,18,18 -> output: 0
input: 478 -> message: 18,39,27,27,27,30,0 -> output: 0
input: 479 -> message: 20,18,39,18,18,39,18,18,18,24,18,18,24,18,18,18,39,18,18,18,24,18,18,24,18,18,18,39,18,18 -> output: 0
input: 480 -> message: 39,27,27,27,30,0 -> output: 0
input: 481 -> message: 20,20,18,18,39,18,18,18,24,18,18,18,39,18,18,18,24,18,18,24,18,18,18,39,18,18,18,24,18,18 -> output: 0
input: 482 -> message: 12,20,20,18,18,39,18,18,18,24,18,18,18,39,18,18,18,24,18,18,24,18,18,18,39,18,18,18,24,18 -> output: 0
input: 483 -> message: 12,20,20,18,18,39,18,18,18,24,18,18,18,39,18,18,18,24,18,18,24,18,18,18,39,18,18,18,24,18 -> output: 0
input: 484 -> message: 20,20,18,18,39,18,18,18,24,18,18,18,39,18,18,18,24,18,18,24,18,18,18,39,18,18,18,24,18,18 -> output: 0
input: 485 -> message: 20,18,39,18,18,39,18,18,18,24,18,18,24,18,18,18,39,18,18,18,24,18,18,24,18,18,18,39,18,18 -> output: 0
input: 486 -> message: 12,20,20,18,18,39,18,18,18,24,18,18,18,39,18,18,18,24,18,18,24,18,18,18,39,18,18,18,24,18 -> output: 0
input: 487 -> message: 12,20,20,18,18,39,18,18,18,24,18,18,18,39,18,18,18,24,18,18,24,18,18,18,39,18,18,18,24,18 -> output: 0
input: 488 -> message: 20,18,39,18,18,39,18,18,18,24,18,18,24,18,18,18,39,18,18,18,24,18,18,24,18,18,18,39,18,18 -> output: 0
input: 489 -> message: 12,20,20,18,18,39,18,18,18,24,18,18,18,39,18,18,18,24,18,18,24,18,18,18,39,18,18,18,24,18 -> output: 0
input: 490 -> message: 20,20,18,18,39,18,18,18,24,18,18,18,39,18,18,18,24,18,18,24,18,18,18,39,18,18,18,24,18,18 -> output: 0
input: 491 -> message: 12,20,20,18,18,39,18,18,18,24,18,18,18,39,18,18,18,24,18,18,24,18,18,18,39,18,18,18,24,18 -> output: 0
input: 492 -> message: 12,20,20,18,18,39,18,18,18,24,18,18,18,39,18,18,18,24,18,18,24,18,18,18,39,18,18,18,24,18 -> output: 0
input: 493 -> message: 20,18,39,18,18,39,18,18,18,24,18,18,24,18,18,18,39,18,18,18,24,18,18,24,18,18,18,39,18,18 -> output: 0
input: 494 -> message: 39,27,27,27,30,0 -> output: 0
input: 495 -> message: 20,20,18,18,39,18,18,18,24,18,18,18,39,18,18,18,24,18,18,24,18,18,18,39,18,18,18,24,18,18 -> output: 0
input: 496 -> message: 12,20,20,18,18,39,18,18,18,24,18,18,18,39,18,18,18,24,18,18,24,18,18,18,39,18,18,18,24,18 -> output: 0
input: 497 -> message: 0 -> output: 0
input: 498 -> message: 20,20,18,18,39,18,18,18,24,18,18,18,39,18,18,18,24,18,18,24,18,18,18,39,18,18,18,24,18,18 -> output: 0
input: 499 -> message: 18,39,27,18,18,6,18,18,39,27,27,27,30,0 -> output: 0
input: 500 -> message: 20,18,39,18,18,39,18,18,18,24,18,18,24,18,18,18,39,18,18,18,24,18,18,24,18,18,18,39,18,18 -> output: 0
input: 501 -> message: 12,20,20,18,18,39,18,18,18,24,18,18,18,39,18,18,18,24,18,18,24,18,18,18,39,18,18,18,24,18 -> output: 0
input: 502 -> message: 12,20,20,18,18,39,18,18,18,24,18,18,18,39,18,18,18,24,18,18,24,18,18,18,39,18,18,18,24,18 -> output: 0
input: 503 -> message: 20,18,39,18,18,39,18,18,18,24,18,18,24,18,18,18,39,18,18,18,24,18,18,24,18,18,18,39,18,18 -> output: 0
input: 504 -> message: 20,20,20,20,20,20,20,20,18,18,39,18,18,18,24,18,18,18,39,18,18,18,24,18,18,24,18,18,18,39 -> output: 0
input: 505 -> message: 20,18,39,18,18,39,18,18,18,24,18,18,24,18,18,18,39,18,18,18,24,18,18,24,18,18,18,39,18,18 -> output: 0
input: 506 -> message: 1,18,39,17,29,29,24,18,18,39,18,18,18,39,18,18,18,24,18,18,24,18,18,18,39,18,18,18,24,18 -> output: 0
input: 507 -> message: 20,20,18,18,39,18,18,18,24,18,18,18,39,18,18,18,24,18,18,24,18,18,18,39,18,18,18,24,18,18 -> output: 0
input: 508 -> message: 39,27,27,27,30,0 -> output: 0
input: 509 -> message: 39,1,18,18,39,18,18,18,39,18,18,18,24,18,18,24,18,18,18,39,18,18,18,24,18,18,24,18,18,18 -> output: 0
input: 510 -> message: 12,20,20,18,18,39,18,18,18,24,18,18,18,39,18,18,18,24,18,18,24,18,18,18,39,18,18,18,24,18 -> output: 0
input: 511 -> message: 12,20,20,18,18,39,18,18,18,24,18,18,18,39,18,18,18,24,18,18,24,18,18,18,39,18,18,18,24,18 -> output: 0
input: 512 -> message: 20,18,18,39,18,18,18,39,18,18,18,24,18,18,24,18,18,18,39,18,18,18,24,18,18,24,18,18,18,39 -> output: 0
input: 513 -> message: 20,18,39,18,18,39,18,18,18,24,18,18,24,18,18,18,39,18,18,18,24,18,18,24,18,18,18,39,18,18 -> output: 0
input: 514 -> message: 12,20,20,18,18,39,18,18,18,24,18,18,18,39,18,18,18,24,18,18,24,18,18,18,39,18,18,18,24,18 -> output: 0
input: 515 -> message: 39,1,18,18,39,18,18,18,39,18,18,18,24,18,18,24,18,18,18,39,18,18,18,24,18,18,24,18,18,18 -> output: 0
input: 516 -> message: 20,18,39,18,18,39,18,18,18,24,18,18,24,18,18,18,39,18,18,18,24,18,18,24,18,18,18,39,18,18 -> output: 0
input: 517 -> message: 20,20,18,18,39,18,18,18,24,18,18,18,39,18,18,18,24,18,18,24,18,18,18,39,18,18,18,24,18,18 -> output: 0
input: 518 -> message: 20,20,18,18,39,18,18,18,24,18,18,18,39,18,18,18,24,18,18,24,18,18,18,39,18,18,18,24,18,18 -> output: 0
input: 519 -> message: 18,39,27,18,18,6,18,18,39,27,27,27,30,0 -> output: 0
input: 520 -> message: 12,20,20,18,18,39,18,18,18,24,18,18,18,39,18,18,18,24,18,18,24,18,18,18,39,18,18,18,24,18 -> output: 0
input: 521 -> message: 20,18,18,39,18,18,18,39,18,18,18,24,18,18,24,18,18,18,39,18,18,18,24,18,18,24,18,18,18,39 -> output: 0
input: 522 -> message: 18,39,27,18,18,6,18,18,39,27,27,27,30,0 -> output: 0
input: 523 -> message: 20,18,39,18,18,39,18,18,18,24,18,18,24,18,18,18,39,18,18,18,24,18,18,24,18,18,18,39,18,18 -> output: 0
input: 524 -> message: 12,20,20,18,18,39,18,18,18,24,18,18,18,39,18,18,18,24,18,18,24,18,18,18,39,18,18,18,24,18 -> output: 0
input: 525 -> message: 20,18,39,18,18,39,18,18,18,24,18,18,24,18,18,18,39,18,18,18,24,18,18,24,18,18,18,39,18,18 -> output: 0
input: 526 -> message: 20,20,18,18,39,18,18,18,24,18,18,18,39,18,18,18,24,18,18,24,18,18,18,39,18,18,18,24,18,18 -> output: 0
input: 527 -> message: 20,20,18,18,39,18,18,18,24,18,18,18,39,18,18,18,24,18,18,24,18,18,18,39,18,18,18,24,18,18 -> output: 0
input: 528 -> message: 20,18,18,39,18,18,18,39,18,18,18,24,18,18,24,18,18,18,39,18,18,18,24,18,18,24,18,18,18,39 -> output: 0
input: 529 -> message: 39,27,27,27,30,0 -> output: 0
input: 530 -> message: 12,20,20,18,18,39,18,18,18,24,18,18,18,39,18,18,18,24,18,18,24,18,18,18,39,18,18,18,24,18 -> output: 0
input: 531 -> message: 12,20,20,18,18,39,18,18,18,24,18,18,18,39,18,18,18,24,18,18,24,18,18,18,39,18,18,18,24,18 -> output: 0
input: 532 -> message: 20,18,39,18,18,39,18,18,18,24,18,18,18,39,18,18,18,24,18,18,24,18,18,18,39,18,18,18,24,18 -> output: 0
input: 533 -> message: 0 -> output: 0
input: 534 -> message: 12,20,20,18,18,39,18,18,18,24,18,18,18,39,18,18,18,24,18,18,24,18,18,18,39,18,18,18,24,18 -> output: 0
input: 535 -> message: 12,20,20,18,18,39,18,18,18,24,18,18,18,39,18,18,18,24,18,18,24,18,18,18,39,18,18,18,24,18 -> output: 0
input: 536 -> message: 18,39,27,18,18,6,18,18,39,27,27,27,30,0 -> output: 0
input: 537 -> message: 18,39,27,18,18,6,18,18,39,27,27,27,30,0 -> output: 0
input: 538 -> message: 18,39,27,18,18,6,18,18,39,27,27,27,30,0 -> output: 0
input: 539 -> message: 20,18,39,18,18,39,18,18,18,24,18,18,24,18,18,18,39,18,18,18,24,18,18,24,18,18,18,39,18,18 -> output: 0
input: 540 -> message: 0 -> output: 0
input: 541 -> message: 20,20,18,18,39,18,18,18,24,18,18,18,39,18,18,18,24,18,18,24,18,18,18,39,18,18,18,24,18,18 -> output: 0
input: 542 -> message: 0 -> output: 0
input: 543 -> message: 20,18,39,18,18,39,18,18,18,24,18,18,24,18,18,18,39,18,18,18,24,18,18,24,18,18,18,39,18,18 -> output: 0
input: 544 -> message: 20,20,18,18,39,18,18,18,24,18,18,18,39,18,18,18,24,18,18,24,18,18,18,39,18,18,18,24,18,18 -> output: 0
input: 545 -> message: 12,20,20,18,18,39,18,18,18,24,18,18,18,39,18,18,18,24,18,18,24,18,18,18,39,18,18,18,24,18 -> output: 0
input: 546 -> message: 12,20,20,18,18,39,18,18,18,24,18,18,18,39,18,18,18,24,18,18,24,18,18,18,39,18,18,18,24,18 -> output: 0
input: 547 -> message: 12,20,20,18,18,39,18,18,18,24,18,18,18,39,18,18,18,24,18,18,24,18,18,18,39,18,18,18,24,18 -> output: 0
input: 548 -> message: 20,20,18,18,39,18,18,18,24,18,18,18,39,18,18,18,24,18,18,24,18,18,18,39,18,18,18,24,18,18 -> output: 0
input: 549 -> message: 20,18,39,18,18,39,18,18,18,24,18,18,24,18,18,18,39,18,18,18,24,18,18,24,18,18,18,39,18,18 -> output: 0
input: 550 -> message: 12,20,20,18,18,39,18,18,18,24,18,18,18,39,18,18,18,24,18,18,24,18,18,18,39,18,18,18,24,18 -> output: 0
input: 551 -> message: 12,20,20,18,18,39,18,18,18,24,18,18,18,39,18,18,18,24,18,18,24,18,18,18,39,18,18,18,24,18 -> output: 0
input: 552 -> message: 20,18,39,18,18,39,18,18,18,24,18,18,24,18,18,18,39,18,18,18,24,18,18,24,18,18,18,39,18,18 -> output: 0
input: 553 -> message: 20,20,18,18,39,18,18,18,24,18,18,18,39,18,18,18,24,18,18,24,18,18,18,39,18,18,18,24,18,18 -> output: 0
input: 554 -> message: 20,20,18,18,39,18,18,18,24,18,18,18,39,18,18,18,24,18,18,24,18,18,18,39,18,18,18,24,18,18 -> output: 0
input: 555 -> message: 20,18,39,18,18,39,18,18,18,24,18,18,24,18,18,18,39,18,18,18,24,18,18,24,18,18,18,39,18,18 -> output: 0
input: 556 -> message: 39,27,27,27,30,0 -> output: 0
input: 557 -> message: 20,20,18,18,39,18,18,18,24,18,18,18,39,18,18,18,24,18,18,24,18,18,18,39,18,18,18,24,18,18 -> output: 0
input: 558 -> message: 20,20,18,18,39,18,18,18,24,18,18,18,39,18,18,18,24,18,18,24,18,18,18,39,18,18,18,24,18,18 -> output: 0
input: 559 -> message: 20,18,39,18,18,39,18,18,18,24,18,18,24,18,18,18,39,18,18,18,24,18,18,24,18,18,18,39,18,18 -> output: 0
input: 560 -> message: 18,39,27,18,18,6,18,18,39,27,27,27,30,0 -> output: 0
input: 561 -> message: 20,18,39,18,18,39,18,18,18,24,18,18,24,18,18,18,39,18,18,18,24,18,18,24,18,18,18,39,18,18 -> output: 0
input: 562 -> message: 20,18,39,18,18,39,18,18,18,24,18,18,24,18,18,18,39,18,18,18,24,18,18,24,18,18,18,39,18,18 -> output: 0
input: 563 -> message: 20,20,18,18,39,18,18,18,24,18,18,18,39,18,18,18,24,18,18,24,18,18,18,39,18,18,18,24,18,18 -> output: 0
input: 564 -> message: 12,20,20,18,18,39,18,18,18,24,18,18,18,39,18,18,18,24,18,18,24,18,18,18,39,18,18,18,24,18 -> output: 0
input: 565 -> message: 18,39,27,18,18,6,18,18,39,27,27,27,30,0 -> output: 0
input: 566 -> message: 12,20,20,18,18,39,18,18,18,24,18,18,18,39,18,18,18,24,18,18,24,18,18,18,39,18,18,18,24,18 -> output: 0
input: 567 -> message: 20,18,18,39,18,18,18,39,18,18,18,24,18,18,24,18,18,18,39,18,18,18,24,18,18,24,18,18,18,39 -> output: 0
input: 568 -> message: 20,18,39,18,18,39,18,18,18,24,18,18,24,18,18,18,39,18,18,18,24,18,18,24,18,18,18,39,18,18 -> output: 0
input: 569 -> message: 20,20,18,18,39,18,18,18,24,18,18,18,39,18,18,18,24,18,18,24,18,18,18,39,18,18,18,24,18,18 -> output: 0
input: 570 -> message: 20,20,20,20,20,20,20,18,18,39,18,18,18,24,18,18,18,39,18,18,18,24,18,18,24,18,18,18,39,18 -> output: 0
input: 571 -> message: 12,20,20,18,18,39,18,18,18,24,18,18,18,39,18,18,18,24,18,18,24,18,18,18,39,18,18,18,24,18 -> output: 0
input: 572 -> message: 12,20,20,18,18,39,18,18,18,24,18,18,18,39,18,18,18,24,18,18,24,18,18,18,39,18,18,18,24,18 -> output: 0
input: 573 -> message: 12,20,20,18,18,39,18,18,18,24,18,18,18,39,18,18,18,24,18,18,24,18,18,18,39,18,18,18,24,18 -> output: 0
input: 574 -> message: 20,20,20,20,20,20,20,18,18,39,18,18,18,24,18,18,18,39,18,18,18,24,18,18,24,18,18,18,39,18 -> output: 0
input: 575 -> message: 12,20,20,18,18,39,18,18,18,24,18,18,18,39,18,18,18,24,18,18,24,18,18,18,39,18,18,18,24,18 -> output: 0
input: 576 -> message: 20,18,39,18,18,39,18,18,18,24,18,18,24,18,18,18,39,18,18,18,24,18,18,24,18,18,18,39,18,18 -> output: 0
input: 577 -> message: 12,20,20,18,18,39,18,18,18,24,18,18,18,39,18,18,18,24,18,18,24,18,18,18,39,18,18,18,24,18 -> output: 0
input: 578 -> message: 20,18,39,18,18,39,18,18,18,24,18,18,24,18,18,18,39,18,18,18,24,18,18,24,18,18,18,39,18,18 -> output: 0
input: 579 -> message: 20,18,39,18,18,39,18,18,18,24,18,18,24,18,18,18,39,18,18,18,24,18,18,24,18,18,18,39,18,18 -> output: 0
input: 580 -> message: 20,20,20,20,20,20,20,20,18,18,39,18,18,18,24,18,18,18,39,18,18,18,24,18,18,24,18,18,18,39 -> output: 0
input: 581 -> message: 39,27,27,27,30,0 -> output: 0
input: 582 -> message: 18,39,27,18,18,6,18,18,39,27,27,27,30,0 -> output: 0
input: 583 -> message: 39,27,27,27,30,0 -> output: 0
input: 584 -> message: 39,27,27,27,30,0 -> output: 0
input: 585 -> message: 20,18,18,39,18,18,18,39,18,18,18,24,18,18,24,18,18,18,39,18,18,18,24,18,18,24,18,18,18,39 -> output: 0
input: 586 -> message: 39,27,27,27,30,0 -> output: 0
input: 587 -> message: 39,27,27,27,30,0 -> output: 0
input: 588 -> message: 18,39,27,18,18,6,18,18,39,27,27,27,30,0 -> output: 0
input: 589 -> message: 12,20,20,18,18,39,18,18,18,24,18,18,18,39,18,18,18,24,18,18,24,18,18,18,39,18,18,18,24,18 -> output: 0
input: 590 -> message: 12,20,20,18,18,39,18,18,18,24,18,18,18,39,18,18,18,24,18,18,24,18,18,18,39,18,18,18,24,18 -> output: 0
input: 591 -> message: 20,20,18,18,39,18,18,18,24,18,18,18,39,18,18,18,24,18,18,24,18,18,18,39,18,18,18,24,18,18 -> output: 0
input: 592 -> message: 18,39,27,18,18,6,18,18,39,27,27,27,30,0 -> output: 0
input: 593 -> message: 12,20,20,18,18,39,18,18,18,24,18,18,18,39,18,18,18,24,18,18,24,18,18,18,39,18,18,18,24,18 -> output: 0
input: 594 -> message: 20,20,18,18,39,18,18,18,24,18,18,18,39,18,18,18,24,18,18,24,18,18,18,39,18,18,18,24,18,18 -> output: 0
input: 595 -> message: 18,39,27,18,18,6,18,18,39,27,27,27,30,0 -> output: 0
input: 596 -> message: 20,18,39,18,18,39,18,18,18,24,18,18,24,18,18,18,39,18,18,18,24,18,18,24,18,18,18,39,18,18 -> output: 0
input: 597 -> message: 20,20,18,18,39,18,18,18,24,18,18,18,39,18,18,18,24,18,18,24,18,18,18,39,18,18,18,24,18,18 -> output: 0
input: 598 -> message: 20,18,18,39,18,18,18,39,18,18,18,24,18,18,24,18,18,18,39,18,18,18,24,18,18,24,18,18,18,39 -> output: 0
input: 599 -> message: 20,20,18,18,39,18,18,18,24,18,18,18,39,18,18,18,24,18,18,24,18,18,18,39,18,18,18,24,18,18 -> output: 0
input: 600 -> message: 12,20,20,18,18,39,18,18,18,24,18,18,18,39,18,18,18,24,18,18,24,18,18,18,39,18,18,18,24,18 -> output: 0
input: 601 -> message: 20,18,39,18,18,39,18,18,18,24,18,18,24,18,18,18,39,18,18,18,24,18,18,24,18,18,18,39,18,18 -> output: 0
input: 602 -> message: 20,18,18,39,18,18,18,39,18,18,18,24,18,18,24,18,18,18,39,18,18,18,24,18,18,24,18,18,18,39 -> output: 0
input: 603 -> message: 12,20,20,18,18,39,18,18,18,24,18,18,18,39,18,18,18,24,18,18,24,18,18,18,39,18,18,18,24,18 -> output: 0
input: 604 -> message: 7,10,1,18,18,39,18,18,18,39,18,18,18,24,18,18,24,18,18,18,39,18,18,18,24,18,18,24,18,18 -> output: 0
input: 605 -> message: 20,18,39,18,18,39,18,18,18,24,18,18,24,18,18,18,39,18,18,18,24,18,18,24,18,18,18,39,18,18 -> output: 0
input: 606 -> message: 20,18,39,18,18,39,18,18,18,24,18,18,24,18,18,18,39,18,18,18,24,18,18,24,18,18,18,39,18,18 -> output: 0
input: 607 -> message: 20,18,39,18,18,39,18,18,18,24,18,18,24,18,18,18,39,18,18,18,24,18,18,24,18,18,18,39,18,18 -> output: 0
input: 608 -> message: 12,20,20,18,18,39,18,18,18,24,18,18,18,39,18,18,18,24,18,18,24,18,18,18,39,18,18,18,24,18 -> output: 0
input: 609 -> message: 12,20,20,18,18,39,18,18,18,24,18,18,18,39,18,18,18,24,18,18,24,18,18,18,39,18,18,18,24,18 -> output: 0
input: 610 -> message: 20,18,39,18,18,39,18,18,18,24,18,18,24,18,18,18,39,18,18,18,24,18,18,24,18,18,18,39,18,18 -> output: 0
input: 611 -> message: 12,20,20,18,18,39,18,18,18,24,18,18,18,39,18,18,18,24,18,18,24,18,18,18,39,18,18,18,24,18 -> output: 0
input: 612 -> message: 18,39,27,27,27,30,0 -> output: 0
input: 613 -> message: 20,20,18,18,39,18,18,18,24,18,18,18,39,18,18,18,24,18,18,24,18,18,18,39,18,18,18,24,18,18 -> output: 0
input: 614 -> message: 20,20,18,18,39,18,18,18,24,18,18,18,39,18,18,18,24,18,18,24,18,18,18,39,18,18,18,24,18,18 -> output: 0
input: 615 -> message: 20,20,18,18,39,18,18,18,24,18,18,18,39,18,18,18,24,18,18,24,18,18,18,39,18,18,18,24,18,18 -> output: 0
input: 616 -> message: 20,18,39,18,18,39,18,18,18,24,18,18,24,18,18,18,39,18,18,18,24,18,18,24,18,18,18,39,18,18 -> output: 0
input: 617 -> message: 20,18,39,18,18,39,18,18,18,24,18,18,18,39,18,18,18,24,18,18,24,18,18,18,39,18,18,18,24,18 -> output: 0
input: 618 -> message: 20,18,18,39,18,18,18,39,18,18,18,24,18,18,24,18,18,18,39,18,18,18,24,18,18,24,18,18,18,39 -> output: 0
input: 619 -> message: 12,20,20,18,18,39,18,18,18,24,18,18,18,39,18,18,18,24,18,18,24,18,18,18,39,18,18,18,24,18 -> output: 0
input: 620 -> message: 12,20,20,18,18,39,18,18,18,24,18,18,18,39,18,18,18,24,18,18,24,18,18,18,39,18,18,18,24,18 -> output: 0
input: 621 -> message: 39,1,18,18,39,18,18,18,39,18,18,18,24,18,18,24,18,18,18,39,18,18,18,24,18,18,24,18,18,18 -> output: 0
input: 622 -> message: 12,20,20,18,18,39,18,18,18,24,18,18,18,39,18,18,18,24,18,18,24,18,18,18,39,18,18,18,24,18 -> output: 0
input: 623 -> message: 20,18,39,18,18,39,18,18,18,24,18,18,24,18,18,18,39,18,18,18,24,18,18,24,18,18,18,39,18,18 -> output: 0
input: 624 -> message: 12,20,20,18,18,39,18,18,18,24,18,18,18,39,18,18,18,24,18,18,24,18,18,18,39,18,18,18,24,18 -> output: 0
input: 625 -> message: 20,20,18,18,39,18,18,18,24,18,18,18,39,18,18,18,24,18,18,24,18,18,18,39,18,18,18,24,18,18 -> output: 0
input: 626 -> message: 20,20,18,18,39,18,18,18,24,18,18,18,39,18,18,18,24,18,18,24,18,18,18,39,18,18,18,24,18,18 -> output: 0
input: 627 -> message: 20,20,18,18,39,18,18,18,24,18,18,18,39,18,18,18,24,18,18,24,18,18,18,39,18,18,18,24,18,18 -> output: 0
input: 628 -> message: 12,20,20,18,18,39,18,18,18,24,18,18,18,39,18,18,18,24,18,18,24,18,18,18,39,18,18,18,24,18 -> output: 0
input: 629 -> message: 20,18,39,18,18,39,18,18,18,24,18,18,24,18,18,18,39,18,18,18,24,18,18,24,18,18,18,39,18,18 -> output: 0
input: 630 -> message: 39,27,27,27,30,0 -> output: 0
input: 631 -> message: 20,20,18,18,39,18,18,18,24,18,18,18,39,18,18,18,24,18,18,24,18,18,18,39,18,18,18,24,18,18 -> output: 0
input: 632 -> message: 18,39,27,18,18,6,18,18,39,27,27,27,30,0 -> output: 0
input: 633 -> message: 20,20,18,18,39,18,18,18,24,18,18,18,39,18,18,18,24,18,18,24,18,18,18,39,18,18,18,24,18,18 -> output: 0
input: 634 -> message: 0 -> output: 0
input: 635 -> message: 12,20,20,18,18,39,18,18,18,24,18,18,18,39,18,18,18,24,18,18,24,18,18,18,39,18,18,18,24,18 -> output: 0
input: 636 -> message: 12,20,20,18,18,39,18,18,18,24,18,18,18,39,18,18,18,24,18,18,24,18,18,18,39,18,18,18,24,18 -> output: 0
input: 637 -> message: 12,20,20,18,18,39,18,18,18,24,18,18,18,39,18,18,18,24,18,18,24,18,18,18,39,18,18,18,24,18 -> output: 0
input: 638 -> message: 12,20,20,18,18,39,18,18,18,24,18,18,18,39,18,18,18,24,18,18,24,18,18,18,39,18,18,18,24,18 -> output: 0
input: 639 -> message: 12,20,20,18,18,39,18,18,18,24,18,18,18,39,18,18,18,24,18,18,24,18,18,18,39,18,18,18,24,18 -> output: 0
input: 640 -> message: 20,18,39,18,18,39,18,18,18,24,18,18,24,18,18,18,39,18,18,18,24,18,18,24,18,18,18,39,18,18 -> output: 0
input: 641 -> message: 20,20,20,20,20,20,20,20,18,18,39,18,18,18,24,18,18,18,39,18,18,18,24,18,18,24,18,18,18,39 -> output: 0
input: 642 -> message: 18,39,27,27,27,30,0 -> output: 0
input: 643 -> message: 18,39,27,27,27,30,0 -> output: 0
input: 644 -> message: 20,20,18,18,39,18,18,18,24,18,18,18,39,18,18,18,24,18,18,24,18,18,18,39,18,18,18,24,18,18 -> output: 0
input: 645 -> message: 18,39,27,18,18,6,18,18,39,27,27,27,30,0 -> output: 0
input: 646 -> message: 12,20,20,18,18,39,18,18,18,24,18,18,18,39,18,18,18,24,18,18,24,18,18,18,39,18,18,18,24,18 -> output: 0
input: 647 -> message: 20,18,39,18,18,39,18,18,18,24,18,18,24,18,18,18,39,18,18,18,24,18,18,24,18,18,18,39,18,18 -> output: 0
input: 648 -> message: 20,20,18,18,39,18,18,18,24,18,18,18,39,18,18,18,24,18,18,24,18,18,18,39,18,18,18,24,18,18 -> output: 0
input: 649 -> message: 20,18,39,18,18,39,18,18,18,24,18,18,24,18,18,18,39,18,18,18,24,18,18,24,18,18,18,39,18,18 -> output: 0
input: 650 -> message: 39,27,27,27,30,0 -> output: 0
input: 651 -> message: 39,1,18,18,39,18,18,18,39,18,18,18,24,18,18,24,18,18,18,39,18,18,18,24,18,18,24,18,18,18 -> output: 0
input: 652 -> message: 12,20,20,18,18,39,18,18,18,24,18,18,18,39,18,18,18,24,18,18,24,18,18,18,39,18,18,18,24,18 -> output: 0
input: 653 -> message: 20,18,39,18,18,39,18,18,18,24,18,18,24,18,18,18,39,18,18,18,24,18,18,24,18,18,18,39,18,18 -> output: 0
input: 654 -> message: 20,18,39,18,18,39,18,18,18,24,18,18,24,18,18,18,39,18,18,18,24,18,18,24,18,18,18,39,18,18 -> output: 0
input: 655 -> message: 10,1,18,18,39,27,18,18,6,18,18,39,27,27,27,30,0 -> output: 0
input: 656 -> message: 12,20,20,18,18,39,18,18,18,24,18,18,18,39,18,18,18,24,18,18,24,18,18,18,39,18,18,18,24,18 -> output: 0
input: 657 -> message: 20,20,18,18,39,18,18,18,24,18,18,18,39,18,18,18,24,18,18,24,18,18,18,39,18,18,18,24,18,18 -> output: 0
input: 658 -> message: 12,20,20,18,18,39,18,18,18,24,18,18,18,39,18,18,18,24,18,18,24,18,18,18,39,18,18,18,24,18 -> output: 0
input: 659 -> message: 0 -> output: 0
input: 660 -> message: 18,39,27,18,18,6,18,18,39,27,27,27,30,0 -> output: 0
input: 661 -> message: 20,18,18,39,18,18,18,39,18,18,18,24,18,18,24,18,18,18,39,18,18,18,24,18,18,24,18,18,18,39 -> output: 0
input: 662 -> message: 18,39,27,18,18,6,18,18,39,27,27,27,30,0 -> output: 0
input: 663 -> message: 20,18,39,18,18,39,18,18,18,24,18,18,24,18,18,18,39,18,18,18,24,18,18,24,18,18,18,39,18,18 -> output: 0
input: 664 -> message: 39,27,27,27,30,0 -> output: 0
input: 665 -> message: 12,20,20,18,18,39,18,18,18,24,18,18,18,39,18,18,18,24,18,18,24,18,18,18,39,18,18,18,24,18 -> output: 0
input: 666 -> message: 12,20,20,18,18,39,18,18,18,24,18,18,18,39,18,18,18,24,18,18,24,18,18,18,39,18,18,18,24,18 -> output: 0
input: 667 -> message: 39,27,27,27,30,0 -> output: 0
input: 668 -> message: 39,27,27,27,30,0 -> output: 0
input: 669 -> message: 20,18,39,18,18,39,18,18,18,24,18,18,24,18,18,18,39,18,18,18,24,18,18,24,18,18,18,39,18,18 -> output: 0
input: 670 -> message: 12,20,20,18,18,39,18,18,18,24,18,18,18,39,18,18,18,24,18,18,24,18,18,18,39,18,18,18,24,18 -> output: 0
input: 671 -> message: 20,18,39,18,18,39,18,18,18,24,18,18,24,18,18,18,39,18,18,18,24,18,18,24,18,18,18,39,18,18 -> output: 0
input: 672 -> message: 20,18,39,18,18,39,18,18,18,24,18,18,24,18,18,18,39,18,18,18,24,18,18,24,18,18,18,39,18,18 -> output: 0
input: 673 -> message: 39,1,18,18,39,18,18,18,39,18,18,18,24,18,18,24,18,18,18,39,18,18,18,24,18,18,24,18,18,18 -> output: 0
input: 674 -> message: 20,20,18,18,39,18,18,18,24,18,18,18,39,18,18,18,24,18,18,24,18,18,18,39,18,18,18,24,18,18 -> output: 0
input: 675 -> message: 12,20,20,18,18,39,18,18,18,24,18,18,18,39,18,18,18,24,18,18,24,18,18,18,39,18,18,18,24,18 -> output: 0
input: 676 -> message: 39,1,18,18,39,18,18,18,39,18,18,18,24,18,18,24,18,18,18,39,18,18,18,24,18,18,24,18,18,18 -> output: 0
input: 677 -> message: 12,20,20,18,18,39,18,18,18,24,18,18,18,39,18,18,18,24,18,18,24,18,18,18,39,18,18,18,24,18 -> output: 0
input: 678 -> message: 20,18,39,18,18,39,18,18,18,24,18,18,24,18,18,18,39,18,18,18,24,18,18,24,18,18,18,39,18,18 -> output: 0
input: 679 -> message: 20,20,18,18,39,18,18,18,24,18,18,18,39,18,18,18,24,18,18,24,18,18,18,39,18,18,18,24,18,18 -> output: 0
input: 680 -> message: 20,18,39,18,18,39,18,18,18,24,18,18,24,18,18,18,39,18,18,18,24,18,18,24,18,18,18,39,18,18 -> output: 0
input: 681 -> message: 39,1,18,18,39,18,18,18,39,18,18,18,24,18,18,24,18,18,18,39,18,18,18,24,18,18,24,18,18,18 -> output: 0
input: 682 -> message: 39,27,27,27,30,0 -> output: 0
input: 683 -> message: 20,20,20,20,20,20,20,18,18,39,18,18,18,24,18,18,18,39,18,18,18,24,18,18,24,18,18,18,39,18 -> output: 0
input: 684 -> message: 12,20,20,18,18,39,18,18,18,24,18,18,18,39,18,18,18,24,18,18,24,18,18,18,39,18,18,18,24,18 -> output: 0
input: 685 -> message: 12,20,20,18,18,39,18,18,18,24,18,18,18,39,18,18,18,24,18,18,24,18,18,18,39,18,18,18,24,18 -> output: 0
input: 686 -> message: 20,20,18,18,39,18,18,18,24,18,18,18,39,18,18,18,24,18,18,24,18,18,18,39,18,18,18,24,18,18 -> output: 0
input: 687 -> message: 20,18,39,18,18,39,18,18,18,24,18,18,24,18,18,18,39,18,18,18,24,18,18,24,18,18,18,39,18,18 -> output: 0
input: 688 -> message: 18,39,27,18,18,6,18,18,39,27,27,27,30,0 -> output: 0
input: 689 -> message: 12,20,20,18,18,39,18,18,18,24,18,18,18,39,18,18,18,24,18,18,24,18,18,18,39,18,18,18,24,18 -> output: 0
input: 690 -> message: 20,20,18,18,39,18,18,18,24,18,18,18,39,18,18,18,24,18,18,24,18,18,18,39,18,18,18,24,18,18 -> output: 0
input: 691 -> message: 20,18,39,18,18,39,18,18,18,24,18,18,24,18,18,18,39,18,18,18,24,18,18,24,18,18,18,39,18,18 -> output: 0
input: 692 -> message: 20,20,18,18,39,18,18,18,24,18,18,18,39,18,18,18,24,18,18,24,18,18,18,39,18,18,18,24,18,18 -> output: 0
input: 693 -> message: 12,20,20,18,18,39,18,18,18,24,18,18,18,39,18,18,18,24,18,18,24,18,18,18,39,18,18,18,24,18 -> output: 0
input: 694 -> message: 12,20,20,18,18,39,18,18,18,24,18,18,18,39,18,18,18,24,18,18,24,18,18,18,39,18,18,18,24,18 -> output: 0
input: 695 -> message: 20,20,18,18,39,18,18,18,24,18,18,18,39,18,18,18,24,18,18,24,18,18,18,39,18,18,18,24,18,18 -> output: 0
input: 696 -> message: 20,18,39,18,18,39,18,18,18,24,18,18,24,18,18,18,39,18,18,18,24,18,18,24,18,18,18,39,18,18 -> output: 0
input: 697 -> message: 20,18,39,18,18,39,18,18,18,24,18,18,24,18,18,18,39,18,18,18,24,18,18,24,18,18,18,39,18,18 -> output: 0
input: 698 -> message: 39,27,27,27,30,0 -> output: 0
input: 699 -> message: 20,18,39,18,18,39,18,18,18,24,18,18,18,39,18,18,18,24,18,18,24,18,18,18,39,18,18,18,24,18 -> output: 0
input: 700 -> message: 12,20,20,18,18,39,18,18,18,24,18,18,18,39,18,18,18,24,18,18,24,18,18,18,39,18,18,18,24,18 -> output: 0
input: 701 -> message: 20,20,20,20,20,20,20,18,18,39,18,18,18,24,18,18,18,39,18,18,18,24,18,18,24,18,18,18,39,18 -> output: 0
input: 702 -> message: 12,20,20,18,18,39,18,18,18,24,18,18,18,39,18,18,18,24,18,18,24,18,18,18,39,18,18,18,24,18 -> output: 0
input: 703 -> message: 18,39,27,18,18,6,18,18,39,27,27,27,30,0 -> output: 0
input: 704 -> message: 12,20,20,18,18,39,18,18,18,24,18,18,18,39,18,18,18,24,18,18,24,18,18,18,39,18,18,18,24,18 -> output: 0
input: 705 -> message: 20,18,39,18,18,39,18,18,18,24,18,18,24,18,18,18,39,18,18,18,24,18,18,24,18,18,18,39,18,18 -> output: 0
input: 706 -> message: 20,18,39,18,18,39,18,18,18,24,18,18,24,18,18,18,39,18,18,18,24,18,18,24,18,18,18,39,18,18 -> output: 0
input: 707 -> message: 12,20,20,18,18,39,18,18,18,24,18,18,18,39,18,18,18,24,18,18,24,18,18,18,39,18,18,18,24,18 -> output: 0
input: 708 -> message: 12,20,20,18,18,39,18,18,18,24,18,18,18,39,18,18,18,24,18,18,24,18,18,18,39,18,18,18,24,18 -> output: 0
input: 709 -> message: 12,20,20,18,18,39,18,18,18,24,18,18,18,39,18,18,18,24,18,18,24,18,18,18,39,18,18,18,24,18 -> output: 0
input: 710 -> message: 0 -> output: 0
input: 711 -> message: 20,18,39,18,18,39,18,18,18,24,18,18,24,18,18,18,39,18,18,18,24,18,18,24,18,18,18,39,18,18 -> output: 0
input: 712 -> message: 7,10,1,18,18,39,18,18,18,39,18,18,18,24,18,18,24,18,18,18,39,18,18,18,24,18,18,24,18,18 -> output: 0
input: 713 -> message: 39,1,18,18,39,18,18,18,39,18,18,18,24,18,18,24,18,18,18,39,18,18,18,24,18,18,24,18,18,18 -> output: 0
input: 714 -> message: 20,20,18,18,39,18,18,18,24,18,18,18,39,18,18,18,24,18,18,24,18,18,18,39,18,18,18,24,18,18 -> output: 0
input: 715 -> message: 20,18,39,18,18,39,18,18,18,24,18,18,24,18,18,18,39,18,18,18,24,18,18,24,18,18,18,39,18,18 -> output: 0
input: 716 -> message: 12,20,20,18,18,39,18,18,18,24,18,18,18,39,18,18,18,24,18,18,24,18,18,18,39,18,18,18,24,18 -> output: 0
input: 717 -> message: 20,20,18,18,39,18,18,18,24,18,18,18,39,18,18,18,24,18,18,24,18,18,18,39,18,18,18,24,18,18 -> output: 0
input: 718 -> message: 20,20,18,18,39,18,18,18,24,18,18,18,39,18,18,18,24,18,18,24,18,18,18,39,18,18,18,24,18,18 -> output: 0
input: 719 -> message: 20,20,18,18,39,18,18,18,24,18,18,18,39,18,18,18,24,18,18,24,18,18,18,39,18,18,18,24,18,18 -> output: 0
input: 720 -> message: 20,18,39,18,18,39,18,18,18,24,18,18,24,18,18,18,39,18,18,18,24,18,18,24,18,18,18,39,18,18 -> output: 0
input: 721 -> message: 12,20,20,18,18,39,18,18,18,24,18,18,18,39,18,18,18,24,18,18,24,18,18,18,39,18,18,18,24,18 -> output: 0
input: 722 -> message: 12,20,20,18,18,39,18,18,18,24,18,18,18,39,18,18,18,24,18,18,24,18,18,18,39,18,18,18,24,18 -> output: 0
input: 723 -> message: 39,27,27,27,30,0 -> output: 0
input: 724 -> message: 20,18,39,18,18,39,18,18,18,24,18,18,24,18,18,18,39,18,18,18,24,18,18,24,18,18,18,39,18,18 -> output: 0
input: 725 -> message: 12,20,20,18,18,39,18,18,18,24,18,18,18,39,18,18,18,24,18,18,24,18,18,18,39,18,18,18,24,18 -> output: 0
input: 726 -> message: 20,18,18,39,18,18,18,39,18,18,18,24,18,18,24,18,18,18,39,18,18,18,24,18,18,24,18,18,18,39 -> output: 0
input: 727 -> message: 12,20,20,18,18,39,18,18,18,24,18,18,18,39,18,18,18,24,18,18,24,18,18,18,39,18,18,18,24,18 -> output: 0
input: 728 -> message: 20,18,18,39,18,18,18,39,18,18,18,24,18,18,24,18,18,18,39,18,18,18,24,18,18,24,18,18,18,39 -> output: 0
input: 729 -> message: 12,20,20,18,18,39,18,18,18,24,18,18,18,39,18,18,18,24,18,18,24,18,18,18,39,18,18,18,24,18 -> output: 0
input: 730 -> message: 18,39,27,18,18,6,18,18,39,27,27,27,30,0 -> output: 0
input: 731 -> message: 20,18,39,18,18,39,18,18,18,24,18,18,24,18,18,18,39,18,18,18,24,18,18,24,18,18,18,39,18,18 -> output: 0
input: 732 -> message: 20,20,18,18,39,18,18,18,24,18,18,18,39,18,18,18,24,18,18,24,18,18,18,39,18,18,18,24,18,18 -> output: 0
input: 733 -> message: 20,18,39,18,18,39,18,18,18,24,18,18,24,18,18,18,39,18,18,18,24,18,18,24,18,18,18,39,18,18 -> output: 0
input: 734 -> message: 20,18,39,18,18,39,18,18,18,24,18,18,18,39,18,18,18,24,18,18,24,18,18,18,39,18,18,18,24,18 -> output: 0
input: 735 -> message: 20,18,39,18,18,39,18,18,18,24,18,18,24,18,18,18,39,18,18,18,24,18,18,24,18,18,18,39,18,18 -> output: 0
input: 736 -> message: 20,18,39,18,18,39,18,18,18,24,18,18,24,18,18,18,39,18,18,18,24,18,18,24,18,18,18,39,18,18 -> output: 0
input: 737 -> message: 12,20,20,18,18,39,18,18,18,24,18,18,18,39,18,18,18,24,18,18,24,18,18,18,39,18,18,18,24,18 -> output: 0
input: 738 -> message: 20,18,39,18,18,39,18,18,18,24,18,18,18,39,18,18,18,24,18,18,24,18,18,18,39,18,18,18,24,18 -> output: 0
input: 739 -> message: 20,18,39,18,18,39,18,18,18,24,18,18,24,18,18,18,39,18,18,18,24,18,18,24,18,18,18,39,18,18 -> output: 0
input: 740 -> message: 39,1,18,18,39,18,18,18,39,18,18,18,24,18,18,24,18,18,18,39,18,18,18,24,18,18,24,18,18,18 -> output: 0
input: 741 -> message: 20,20,18,18,39,18,18,18,24,18,18,18,39,18,18,18,24,18,18,24,18,18,18,39,18,18,18,24,18,18 -> output: 0
input: 742 -> message: 18,39,27,18,18,6,18,18,39,27,27,27,30,0 -> output: 0
input: 743 -> message: 20,20,18,18,39,18,18,18,24,18,18,18,39,18,18,18,24,18,18,24,18,18,18,39,18,18,18,24,18,18 -> output: 0
input: 744 -> message: 39,27,27,27,30,0 -> output: 0
input: 745 -> message: 18,39,27,18,18,6,18,18,39,27,27,27,30,0 -> output: 0
input: 746 -> message: 0 -> output: 0
input: 747 -> message: 20,18,39,18,18,39,18,18,18,24,18,18,24,18,18,18,39,18,18,18,24,18,18,24,18,18,18,39,18,18 -> output: 0
input: 748 -> message: 12,20,20,18,18,39,18,18,18,24,18,18,18,39,18,18,18,24,18,18,24,18,18,18,39,18,18,18,24,18 -> output: 0
input: 749 -> message: 20,18,39,18,18,39,18,18,18,24,18,18,24,18,18,18,39,18,18,18,24,18,18,24,18,18,18,39,18,18 -> output: 0
input: 750 -> message: 20,18,39,18,18,39,18,18,18,24,18,18,24,18,18,18,39,18,18,18,24,18,18,24,18,18,18,39,18,18 -> output: 0
input: 751 -> message: 12,20,20,18,18,39,18,18,18,24,18,18,18,39,18,18,18,24,18,18,24,18,18,18,39,18,18,18,24,18 -> output: 0
input: 752 -> message: 20,18,39,18,18,39,18,18,18,24,18,18,24,18,18,18,39,18,18,18,24,18,18,24,18,18,18,39,18,18 -> output: 0
input: 753 -> message: 39,1,18,18,39,18,18,18,39,18,18,18,24,18,18,24,18,18,18,39,18,18,18,24,18,18,24,18,18,18 -> output: 0
input: 754 -> message: 20,18,39,18,18,39,18,18,18,24,18,18,24,18,18,18,39,18,18,18,24,18,18,24,18,18,18,39,18,18 -> output: 0
input: 755 -> message: 12,20,20,18,18,39,18,18,18,24,18,18,18,39,18,18,18,24,18,18,24,18,18,18,39,18,18,18,24,18 -> output: 0
input: 756 -> message: 18,39,27,18,18,6,18,18,39,27,27,27,30,0 -> output: 0
input: 757 -> message: 0 -> output: 0
input: 758 -> message: 39,1,18,18,39,18,18,18,39,18,18,18,24,18,18,24,18,18,18,39,18,18,18,24,18,18,24,18,18,18 -> output: 0
input: 759 -> message: 12,20,20,18,18,39,18,18,18,24,18,18,18,39,18,18,18,24,18,18,24,18,18,18,39,18,18,18,24,18 -> output: 0
input: 760 -> message: 18,39,27,27,27,30,0 -> output: 0
input: 761 -> message: 20,18,18,39,18,18,18,39,18,18,18,24,18,18,24,18,18,18,39,18,18,18,24,18,18,24,18,18,18,39 -> output: 0
input: 762 -> message: 39,27,27,27,30,0 -> output: 0
input: 763 -> message: 18,39,27,18,18,6,18,18,39,27,27,27,30,0 -> output: 0
input: 764 -> message: 39,1,18,18,39,18,18,18,39,18,18,18,24,18,18,24,18,18,18,39,18,18,18,24,18,18,24,18,18,18 -> output: 0
input: 765 -> message: 1,18,39,17,29,29,24,18,18,39,18,18,18,39,18,18,18,24,18,18,24,18,18,18,39,18,18,18,24,18 -> output: 0
input: 766 -> message: 20,18,39,18,18,39,18,18,18,24,18,18,24,18,18,18,39,18,18,18,24,18,18,24,18,18,18,39,18,18 -> output: 0
input: 767 -> message: 20,20,18,18,39,18,18,18,24,18,18,18,39,18,18,18,24,18,18,24,18,18,18,39,18,18,18,24,18,18 -> output: 0
input: 768 -> message: 12,20,20,18,18,39,18,18,18,24,18,18,18,39,18,18,18,24,18,18,24,18,18,18,39,18,18,18,24,18 -> output: 0
input: 769 -> message: 12,20,20,18,18,39,18,18,18,24,18,18,18,39,18,18,18,24,18,18,24,18,18,18,39,18,18,18,24,18 -> output: 0
input: 770 -> message: 12,20,20,18,18,39,18,18,18,24,18,18,18,39,18,18,18,24,18,18,24,18,18,18,39,18,18,18,24,18 -> output: 0
input: 771 -> message: 20,20,18,18,39,18,18,18,24,18,18,18,39,18,18,18,24,18,18,24,18,18,18,39,18,18,18,24,18,18 -> output: 0
input: 772 -> message: 20,18,18,39,18,18,18,39,18,18,18,24,18,18,24,18,18,18,39,18,18,18,24,18,18,24,18,18,18,39 -> output: 0
input: 773 -> message: 20,20,18,18,39,18,18,18,24,18,18,18,39,18,18,18,24,18,18,24,18,18,18,39,18,18,18,24,18,18 -> output: 0
input: 774 -> message: 39,1,18,18,39,18,18,18,39,18,18,18,24,18,18,24,18,18,18,39,18,18,18,24,18,18,24,18,18,18 -> output: 0
input: 775 -> message: 12,20,20,18,18,39,18,18,18,24,18,18,18,39,18,18,18,24,18,18,24,18,18,18,39,18,18,18,24,18 -> output: 0
input: 776 -> message: 20,18,39,18,18,39,18,18,18,24,18,18,24,18,18,18,39,18,18,18,24,18,18,24,18,18,18,39,18,18 -> output: 0
input: 777 -> message: 1,18,39,17,14,29,29,24,18,18,39,18,18,18,24,18,18,18,39,18,18,18,24,18,18,24,18,18,18,39 -> output: 0
input: 778 -> message: 18,39,27,27,27,30,0 -> output: 0
input: 779 -> message: 39,27,27,27,30,0 -> output: 0
input: 780 -> message: 20,20,18,18,39,18,18,18,24,18,18,18,39,18,18,18,24,18,18,24,18,18,18,39,18,18,18,24,18,18 -> output: 0
input: 781 -> message: 18,39,27,18,18,6,18,18,39,27,27,27,30,0 -> output: 0
input: 782 -> message: 20,20,18,18,39,18,18,18,24,18,18,18,39,18,18,18,24,18,18,24,18,18,18,39,18,18,18,24,18,18 -> output: 0
input: 783 -> message: 20,18,39,18,18,39,18,18,18,24,18,18,24,18,18,18,39,18,18,18,24,18,18,24,18,18,18,39,18,18 -> output: 0
input: 784 -> message: 12,20,20,18,18,39,18,18,18,24,18,18,18,39,18,18,18,24,18,18,24,18,18,18,39,18,18,18,24,18 -> output: 0
input: 785 -> message: 20,18,39,18,18,39,18,18,18,24,18,18,24,18,18,18,39,18,18,18,24,18,18,24,18,18,18,39,18,18 -> output: 0
input: 786 -> message: 20,18,39,18,18,39,18,18,18,24,18,18,24,18,18,18,39,18,18,18,24,18,18,24,18,18,18,39,18,18 -> output: 0
input: 787 -> message: 12,20,20,18,18,39,18,18,18,24,18,18,18,39,18,18,18,24,18,18,24,18,18,18,39,18,18,18,24,18 -> output: 0
input: 788 -> message: 20,18,39,18,18,39,18,18,18,24,18,18,24,18,18,18,39,18,18,18,24,18,18,24,18,18,18,39,18,18 -> output: 0
input: 789 -> message: 20,20,18,18,39,18,18,18,24,18,18,18,39,18,18,18,24,18,18,24,18,18,18,39,18,18,18,24,18,18 -> output: 0
input: 790 -> message: 20,20,18,18,39,18,18,18,24,18,18,18,39,18,18,18,24,18,18,24,18,18,18,39,18,18,18,24,18,18 -> output: 0
input: 791 -> message: 0 -> output: 0
input: 792 -> message: 39,27,27,27,30,0 -> output: 0
input: 793 -> message: 12,20,20,18,18,39,18,18,18,24,18,18,18,39,18,18,18,24,18,18,24,18,18,18,39,18,18,18,24,18 -> output: 0
input: 794 -> message: 20,20,18,18,39,18,18,18,24,18,18,18,39,18,18,18,24,18,18,24,18,18,18,39,18,18,18,24,18,18 -> output: 0
input: 795 -> message: 12,20,20,18,18,39,18,18,18,24,18,18,18,39,18,18,18,24,18,18,24,18,18,18,39,18,18,18,24,18 -> output: 0
input: 796 -> message: 20,20,18,18,39,18,18,18,24,18,18,18,39,18,18,18,24,18,18,24,18,18,18,39,18,18,18,24,18,18 -> output: 0
input: 797 -> message: 20,18,39,18,18,39,18,18,18,24,18,18,18,39,18,18,18,24,18,18,24,18,18,18,39,18,18,18,24,18 -> output: 0
input: 798 -> message: 20,20,18,18,39,18,18,18,24,18,18,18,39,18,18,18,24,18,18,24,18,18,18,39,18,18,18,24,18,18 -> output: 0
input: 799 -> message: 12,20,20,18,18,39,18,18,18,24,18,18,18,39,18,18,18,24,18,18,24,18,18,18,39,18,18,18,24,18 -> output: 0
input: 800 -> message: 12,20,20,18,18,39,18,18,18,24,18,18,18,39,18,18,18,24,18,18,24,18,18,18,39,18,18,18,24,18 -> output: 0
input: 801 -> message: 1,18,39,17,29,29,24,18,18,39,18,18,18,39,18,18,18,24,18,18,24,18,18,18,39,18,18,18,24,18 -> output: 0
input: 802 -> message: 20,18,39,18,18,39,18,18,18,24,18,18,24,18,18,18,39,18,18,18,24,18,18,24,18,18,18,39,18,18 -> output: 0
input: 803 -> message: 12,20,20,18,18,39,18,18,18,24,18,18,18,39,18,18,18,24,18,18,24,18,18,18,39,18,18,18,24,18 -> output: 0
input: 804 -> message: 12,20,20,18,18,39,18,18,18,24,18,18,18,39,18,18,18,24,18,18,24,18,18,18,39,18,18,18,24,18 -> output: 0
input: 805 -> message: 12,20,20,18,18,39,18,18,18,24,18,18,18,39,18,18,18,24,18,18,24,18,18,18,39,18,18,18,24,18 -> output: 0
input: 806 -> message: 20,20,18,18,39,18,18,18,24,18,18,18,39,18,18,18,24,18,18,24,18,18,18,39,18,18,18,24,18,18 -> output: 0
input: 807 -> message: 20,20,18,18,39,18,18,18,24,18,18,18,39,18,18,18,24,18,18,24,18,18,18,39,18,18,18,24,18,18 -> output: 0
input: 808 -> message: 18,39,27,18,18,6,18,18,39,27,27,27,30,0 -> output: 0
input: 809 -> message: 12,20,20,18,18,39,18,18,18,24,18,18,18,39,18,18,18,24,18,18,24,18,18,18,39,18,18,18,24,18 -> output: 0
input: 810 -> message: 39,27,27,27,30,0 -> output: 0
input: 811 -> message: 20,20,20,20,20,20,20,20,18,18,39,18,18,18,24,18,18,18,39,18,18,18,24,18,18,24,18,18,18,39 -> output: 0
input: 812 -> message: 12,20,20,18,18,39,18,18,18,24,18,18,18,39,18,18,18,24,18,18,24,18,18,18,39,18,18,18,24,18 -> output: 0
input: 813 -> message: 12,20,20,18,18,39,18,18,18,24,18,18,18,39,18,18,18,24,18,18,24,18,18,18,39,18,18,18,24,18 -> output: 0
input: 814 -> message: 39,27,27,27,30,0 -> output: 0
input: 815 -> message: 20,18,39,18,18,39,18,18,18,24,18,18,24,18,18,18,39,18,18,18,24,18,18,24,18,18,18,39,18,18 -> output: 0
input: 816 -> message: 20,18,39,18,18,39,18,18,18,24,18,18,24,18,18,18,39,18,18,18,24,18,18,24,18,18,18,39,18,18 -> output: 0
input: 817 -> message: 20,18,39,18,18,39,18,18,18,24,18,18,24,18,18,18,39,18,18,18,24,18,18,24,18,18,18,39,18,18 -> output: 0
input: 818 -> message: 12,20,20,18,18,39,18,18,18,24,18,18,18,39,18,18,18,24,18,18,24,18,18,18,39,18,18,18,24,18 -> output: 0
input: 819 -> message: 18,39,27,18,18,6,18,18,39,27,27,27,30,0 -> output: 0
input: 820 -> message: 20,18,18,39,17,29,24,18,18,39,18,18,18,24,18,18,18,39,18,18,18,24,18,18,24,18,18,18,39,18 -> output: 0
input: 821 -> message: 20,18,18,39,18,18,18,39,18,18,18,24,18,18,24,18,18,18,39,18,18,18,24,18,18,24,18,18,18,39 -> output: 0
input: 822 -> message: 12,20,20,18,18,39,18,18,18,24,18,18,18,39,18,18,18,24,18,18,24,18,18,18,39,18,18,18,24,18 -> output: 0
input: 823 -> message: 18,39,27,18,18,6,18,18,39,27,27,27,30,0 -> output: 0
input: 824 -> message: 18,39,17,29,29,24,18,18,39,18,18,18,39,18,18,18,24,18,18,24,18,18,18,39,18,18,18,24,18,18 -> output: 0
input: 825 -> message: 39,1,18,18,39,18,18,18,39,18,18,18,24,18,18,24,18,18,18,39,18,18,18,24,18,18,24,18,18,18 -> output: 0
input: 826 -> message: 18,39,27,18,18,6,18,18,39,27,27,27,30,0 -> output: 0
input: 827 -> message: 12,20,20,18,18,39,18,18,18,24,18,18,18,39,18,18,18,24,18,18,24,18,18,18,39,18,18,18,24,18 -> output: 0
input: 828 -> message: 20,20,18,18,39,18,18,18,24,18,18,18,39,18,18,18,24,18,18,24,18,18,18,39,18,18,18,24,18,18 -> output: 0
input: 829 -> message: 1,18,39,17,14,29,29,24,18,18,39,18,18,18,24,18,18,18,39,18,18,18,24,18,18,24,18,18,18,39 -> output: 0
input: 830 -> message: 20,18,39,18,18,39,18,18,18,24,18,18,24,18,18,18,39,18,18,18,24,18,18,24,18,18,18,39,18,18 -> output: 0
input: 831 -> message: 20,18,39,18,18,39,18,18,18,24,18,18,24,18,18,18,39,18,18,18,24,18,18,24,18,18,18,39,18,18 -> output: 0
input: 832 -> message: 12,20,20,18,18,39,18,18,18,24,18,18,18,39,18,18,18,24,18,18,24,18,18,18,39,18,18,18,24,18 -> output: 0
input: 833 -> message: 20,20,18,18,39,18,18,18,24,18,18,18,39,18,18,18,24,18,18,24,18,18,18,39,18,18,18,24,18,18 -> output: 0
input: 834 -> message: 12,20,20,18,18,39,18,18,18,24,18,18,18,39,18,18,18,24,18,18,24,18,18,18,39,18,18,18,24,18 -> output: 0
input: 835 -> message: 20,18,39,18,18,39,18,18,18,24,18,18,24,18,18,18,39,18,18,18,24,18,18,24,18,18,18,39,18,18 -> output: 0
input: 836 -> message: 12,20,20,18,18,39,18,18,18,24,18,18,18,39,18,18,18,24,18,18,24,18,18,18,39,18,18,18,24,18 -> output: 0
input: 837 -> message: 20,20,18,18,39,18,18,18,24,18,18,18,39,18,18,18,24,18,18,24,18,18,18,39,18,18,18,24,18,18 -> output: 0
input: 838 -> message: 20,18,39,18,18,39,18,18,18,24,18,18,24,18,18,18,39,18,18,18,24,18,18,24,18,18,18,39,18,18 -> output: 0
input: 839 -> message: 20,18,18,39,18,18,18,39,18,18,18,24,18,18,24,18,18,18,39,18,18,18,24,18,18,24,18,18,18,39 -> output: 0
input: 840 -> message: 20,18,39,18,18,39,18,18,18,24,18,18,24,18,18,18,39,18,18,18,24,18,18,24,18,18,18,39,18,18 -> output: 0
input: 841 -> message: 12,20,20,18,18,39,18,18,18,24,18,18,18,39,18,18,18,24,18,18,24,18,18,18,39,18,18,18,24,18 -> output: 0
input: 842 -> message: 20,18,39,18,18,39,18,18,18,24,18,18,24,18,18,18,39,18,18,18,24,18,18,24,18,18,18,39,18,18 -> output: 0
input: 843 -> message: 12,20,20,18,18,39,18,18,18,24,18,18,18,39,18,18,18,24,18,18,24,18,18,18,39,18,18,18,24,18 -> output: 0
input: 844 -> message: 20,18,39,18,18,39,18,18,18,24,18,18,24,18,18,18,39,18,18,18,24,18,18,24,18,18,18,39,18,18 -> output: 0
input: 845 -> message: 12,20,20,18,18,39,18,18,18,24,18,18,18,39,18,18,18,24,18,18,24,18,18,18,39,18,18,18,24,18 -> output: 0
input: 846 -> message: 20,18,39,18,18,39,18,18,18,24,18,18,24,18,18,18,39,18,18,18,24,18,18,24,18,18,18,39,18,18 -> output: 0
input: 847 -> message: 39,27,27,27,30,0 -> output: 0
input: 848 -> message: 20,18,39,18,18,39,18,18,18,24,18,18,24,18,18,18,39,18,18,18,24,18,18,24,18,18,18,39,18,18 -> output: 0
input: 849 -> message: 20,20,18,39,18,18,39,18,18,18,24,18,18,18,39,18,18,18,24,18,18,24,18,18,18,39,18,18,18,24 -> output: 0
input: 850 -> message: 12,20,20,18,18,39,18,18,18,24,18,18,18,39,18,18,18,24,18,18,24,18,18,18,39,18,18,18,24,18 -> output: 0
input: 851 -> message: 18,39,27,18,18,6,18,18,39,27,27,27,30,0 -> output: 0
input: 852 -> message: 20,18,39,18,18,39,18,18,18,24,18,18,24,18,18,18,39,18,18,18,24,18,18,24,18,18,18,39,18,18 -> output: 0
input: 853 -> message: 12,20,20,18,18,39,18,18,18,24,18,18,18,39,18,18,18,24,18,18,24,18,18,18,39,18,18,18,24,18 -> output: 0
input: 854 -> message: 20,20,20,20,20,20,20,20,18,18,39,18,18,18,24,18,18,18,39,18,18,18,24,18,18,24,18,18,18,39 -> output: 0
input: 855 -> message: 12,20,20,18,18,39,18,18,18,24,18,18,18,39,18,18,18,24,18,18,24,18,18,18,39,18,18,18,24,18 -> output: 0
input: 856 -> message: 12,20,20,18,18,39,18,18,18,24,18,18,18,39,18,18,18,24,18,18,24,18,18,18,39,18,18,18,24,18 -> output: 0
input: 857 -> message: 20,18,39,18,18,39,18,18,18,24,18,18,24,18,18,18,39,18,18,18,24,18,18,24,18,18,18,39,18,18 -> output: 0
input: 858 -> message: 20,20,18,18,39,18,18,18,24,18,18,18,39,18,18,18,24,18,18,24,18,18,18,39,18,18,18,24,18,18 -> output: 0
input: 859 -> message: 20,20,18,18,39,18,18,18,24,18,18,18,39,18,18,18,24,18,18,24,18,18,18,39,18,18,18,24,18,18 -> output: 0
input: 860 -> message: 20,18,39,18,18,39,18,18,18,24,18,18,24,18,18,18,39,18,18,18,24,18,18,24,18,18,18,39,18,18 -> output: 0
input: 861 -> message: 39,27,27,27,30,0 -> output: 0
input: 862 -> message: 12,20,20,18,18,39,18,18,18,24,18,18,18,39,18,18,18,24,18,18,24,18,18,18,39,18,18,18,24,18 -> output: 0
input: 863 -> message: 20,18,39,18,18,39,18,18,18,24,18,18,24,18,18,18,39,18,18,18,24,18,18,24,18,18,18,39,18,18 -> output: 0
input: 864 -> message: 39,27,27,27,30,0 -> output: 0
input: 865 -> message: 12,20,20,18,18,39,18,18,18,24,18,18,18,39,18,18,18,24,18,18,24,18,18,18,39,18,18,18,24,18 -> output: 0
input: 866 -> message: 12,20,20,18,18,39,18,18,18,24,18,18,18,39,18,18,18,24,18,18,24,18,18,18,39,18,18,18,24,18 -> output: 0
input: 867 -> message: 20,18,39,18,18,39,18,18,18,24,18,18,24,18,18,18,39,18,18,18,24,18,18,24,18,18,18,39,18,18 -> output: 0
input: 868 -> message: 20,18,39,18,18,39,18,18,18,24,18,18,24,18,18,18,39,18,18,18,24,18,18,24,18,18,18,39,18,18 -> output: 0
input: 869 -> message: 20,18,39,18,18,39,18,18,18,24,18,18,24,18,18,18,39,18,18,18,24,18,18,24,18,18,18,39,18,18 -> output: 0
input: 870 -> message: 39,1,18,18,39,18,18,18,39,18,18,18,24,18,18,24,18,18,18,39,18,18,18,24,18,18,24,18,18,18 -> output: 0
input: 871 -> message: 18,39,27,18,18,6,18,18,39,27,27,27,30,0 -> output: 0
input: 872 -> message: 18,39,27,18,18,6,18,18,39,27,27,27,30,0 -> output: 0
input: 873 -> message: 20,20,18,18,39,18,18,18,24,18,18,18,39,18,18,18,24,18,18,24,18,18,18,39,18,18,18,24,18,18 -> output: 0
input: 874 -> message: 20,20,18,18,39,18,18,18,24,18,18,18,39,18,18,18,24,18,18,24,18,18,18,39,18,18,18,24,18,18 -> output: 0
input: 875 -> message: 12,20,20,18,18,39,18,18,18,24,18,18,18,39,18,18,18,24,18,18,24,18,18,18,39,18,18,18,24,18 -> output: 0
input: 876 -> message: 39,1,18,18,39,18,18,18,39,18,18,18,24,18,18,24,18,18,18,39,18,18,18,24,18,18,24,18,18,18 -> output: 0
input: 877 -> message: 12,20,20,18,18,39,18,18,18,24,18,18,18,39,18,18,18,24,18,18,24,18,18,18,39,18,18,18,24,18 -> output: 0
input: 878 -> message: 20,18,39,18,18,39,18,18,18,24,18,18,24,18,18,18,39,18,18,18,24,18,18,24,18,18,18,39,18,18 -> output: 0
input: 879 -> message: 20,20,18,18,39,18,18,18,24,18,18,18,39,18,18,18,24,18,18,24,18,18,18,39,18,18,18,24,18,18 -> output: 0
input: 880 -> message: 20,18,39,18,18,39,18,18,18,24,18,18,24,18,18,18,39,18,18,18,24,18,18,24,18,18,18,39,18,18 -> output: 0
input: 881 -> message: 39,27,27,27,30,0 -> output: 0
input: 882 -> message: 20,20,20,20,20,20,20,20,18,18,39,18,18,18,24,18,18,18,39,18,18,18,24,18,18,24,18,18,18,39 -> output: 0
input: 883 -> message: 12,20,20,18,18,39,18,18,18,24,18,18,18,39,18,18,18,24,18,18,24,18,18,18,39,18,18,18,24,18 -> output: 0
input: 884 -> message: 12,20,20,18,18,39,18,18,18,24,18,18,18,39,18,18,18,24,18,18,24,18,18,18,39,18,18,18,24,18 -> output: 0
input: 885 -> message: 20,18,39,18,18,39,18,18,18,24,18,18,24,18,18,18,39,18,18,18,24,18,18,24,18,18,18,39,18,18 -> output: 0
input: 886 -> message: 20,18,39,18,18,39,18,18,18,24,18,18,24,18,18,18,39,18,18,18,24,18,18,24,18,18,18,39,18,18 -> output: 0
input: 887 -> message: 0 -> output: 0
input: 888 -> message: 20,18,39,18,18,39,18,18,18,24,18,18,24,18,18,18,39,18,18,18,24,18,18,24,18,18,18,39,18,18 -> output: 0
input: 889 -> message: 12,20,20,18,18,39,18,18,18,24,18,18,18,39,18,18,18,24,18,18,24,18,18,18,39,18,18,18,24,18 -> output: 0
input: 890 -> message: 20,20,18,18,39,18,18,18,24,18,18,18,39,18,18,18,24,18,18,24,18,18,18,39,18,18,18,24,18,18 -> output: 0
input: 891 -> message: 12,20,20,18,18,39,18,18,18,24,18,18,18,39,18,18,18,24,18,18,24,18,18,18,39,18,18,18,24,18 -> output: 0
input: 892 -> message: 20,20,18,18,39,18,18,18,24,18,18,18,39,18,18,18,24,18,18,24,18,18,18,39,18,18,18,24,18,18 -> output: 0
input: 893 -> message: 7,10,1,18,18,39,18,18,18,39,18,18,18,24,18,18,24,18,18,18,39,18,18,18,24,18,18,24,18,18 -> output: 0
input: 894 -> message: 12,20,20,18,18,39,18,18,18,24,18,18,18,39,18,18,18,24,18,18,24,18,18,18,39,18,18,18,24,18 -> output: 0
input: 895 -> message: 20,18,39,18,18,39,18,18,18,24,18,18,24,18,18,18,39,18,18,18,24,18,18,24,18,18,18,39,18,18 -> output: 0
input: 896 -> message: 20,18,39,18,18,39,18,18,18,24,18,18,24,18,18,18,39,18,18,18,24,18,18,24,18,18,18,39,18,18 -> output: 0
input: 897 -> message: 12,20,20,18,18,39,18,18,18,24,18,18,18,39,18,18,18,24,18,18,24,18,18,18,39,18,18,18,24,18 -> output: 0
input: 898 -> message: 20,18,39,18,18,39,18,18,18,24,18,18,24,18,18,18,39,18,18,18,24,18,18,24,18,18,18,39,18,18 -> output: 0
input: 899 -> message: 12,20,20,18,18,39,18,18,18,24,18,18,18,39,18,18,18,24,18,18,24,18,18,18,39,18,18,18,24,18 -> output: 0
input: 900 -> message: 20,20,18,18,39,18,18,18,24,18,18,18,39,18,18,18,24,18,18,24,18,18,18,39,18,18,18,24,18,18 -> output: 0
input: 901 -> message: 20,18,18,39,18,18,18,39,18,18,18,24,18,18,24,18,18,18,39,18,18,18,24,18,18,24,18,18,18,39 -> output: 0
input: 902 -> message: 12,20,20,18,18,39,18,18,18,24,18,18,18,39,18,18,18,24,18,18,24,18,18,18,39,18,18,18,24,18 -> output: 0
input: 903 -> message: 1,18,39,17,14,29,29,24,18,18,39,18,18,18,24,18,18,18,39,18,18,18,24,18,18,24,18,18,18,39 -> output: 0
input: 904 -> message: 12,20,20,18,18,39,18,18,18,24,18,18,18,39,18,18,18,24,18,18,24,18,18,18,39,18,18,18,24,18 -> output: 0
input: 905 -> message: 20,18,39,18,18,39,18,18,18,24,18,18,24,18,18,18,39,18,18,18,24,18,18,24,18,18,18,39,18,18 -> output: 0
input: 906 -> message: 1,18,39,17,14,29,29,24,18,18,39,18,18,18,24,18,18,18,39,18,18,18,24,18,18,24,18,18,18,39 -> output: 0
input: 907 -> message: 18,39,27,18,18,6,18,18,39,27,27,27,30,0 -> output: 0
input: 908 -> message: 18,39,27,18,18,6,18,18,39,27,27,27,30,0 -> output: 0
input: 909 -> message: 18,39,27,18,18,6,18,18,39,27,27,27,30,0 -> output: 0
input: 910 -> message: 12,20,20,18,18,39,18,18,18,24,18,18,18,39,18,18,18,24,18,18,24,18,18,18,39,18,18,18,24,18 -> output: 0
input: 911 -> message: 39,1,18,18,39,18,18,18,39,18,18,18,24,18,18,24,18,18,18,39,18,18,18,24,18,18,24,18,18,18 -> output: 0
input: 912 -> message: 12,20,20,18,18,39,18,18,18,24,18,18,18,39,18,18,18,24,18,18,24,18,18,18,39,18,18,18,24,18 -> output: 0
input: 913 -> message: 20,20,18,18,39,18,18,18,24,18,18,18,39,18,18,18,24,18,18,24,18,18,18,39,18,18,18,24,18,18 -> output: 0
input: 914 -> message: 12,20,20,18,18,39,18,18,18,24,18,18,18,39,18,18,18,24,18,18,24,18,18,18,39,18,18,18,24,18 -> output: 0
input: 915 -> message: 20,18,39,18,18,39,18,18,18,24,18,18,24,18,18,18,39,18,18,18,24,18,18,24,18,18,18,39,18,18 -> output: 0
input: 916 -> message: 20,18,39,18,18,39,18,18,18,24,18,18,24,18,18,18,39,18,18,18,24,18,18,24,18,18,18,39,18,18 -> output: 0
input: 917 -> message: 20,20,18,18,39,18,18,18,24,18,18,18,39,18,18,18,24,18,18,24,18,18,18,39,18,18,18,24,18,18 -> output: 0
input: 918 -> message: 20,20,18,18,39,18,18,18,24,18,18,18,39,18,18,18,24,18,18,24,18,18,18,39,18,18,18,24,18,18 -> output: 0
input: 919 -> message: 20,20,18,18,39,18,18,18,24,18,18,18,39,18,18,18,24,18,18,24,18,18,18,39,18,18,18,24,18,18 -> output: 0
input: 920 -> message: 20,18,39,18,18,39,18,18,18,24,18,18,24,18,18,18,39,18,18,18,24,18,18,24,18,18,18,39,18,18 -> output: 0
input: 921 -> message: 20,18,39,18,18,39,18,18,18,24,18,18,24,18,18,18,39,18,18,18,24,18,18,24,18,18,18,39,18,18 -> output: 0
input: 922 -> message: 20,18,39,18,18,39,18,18,18,24,18,18,24,18,18,18,39,18,18,18,24,18,18,24,18,18,18,39,18,18 -> output: 0
input: 923 -> message: 20,18,39,18,18,39,18,18,18,24,18,18,24,18,18,18,39,18,18,18,24,18,18,24,18,18,18,39,18,18 -> output: 0
input: 924 -> message: 12,20,20,18,18,39,18,18,18,24,18,18,18,39,18,18,18,24,18,18,24,18,18,18,39,18,18,18,24,18 -> output: 0
input: 925 -> message: 20,18,39,18,18,39,18,18,18,24,18,18,24,18,18,18,39,18,18,18,24,18,18,24,18,18,18,39,18,18 -> output: 0
input: 926 -> message: 20,20,18,18,39,18,18,18,24,18,18,18,39,18,18,18,24,18,18,24,18,18,18,39,18,18,18,24,18,18 -> output: 0
input: 927 -> message: 39,27,27,27,30,0 -> output: 0
input: 928 -> message: 20,18,39,18,18,39,18,18,18,24,18,18,24,18,18,18,39,18,18,18,24,18,18,24,18,18,18,39,18,18 -> output: 0
input: 929 -> message: 20,20,18,18,39,18,18,18,24,18,18,18,39,18,18,18,24,18,18,24,18,18,18,39,18,18,18,24,18,18 -> output: 0
input: 930 -> message: 12,20,20,18,18,39,18,18,18,24,18,18,18,39,18,18,18,24,18,18,24,18,18,18,39,18,18,18,24,18 -> output: 0
input: 931 -> message: 12,20,20,18,18,39,18,18,18,24,18,18,18,39,18,18,18,24,18,18,24,18,18,18,39,18,18,18,24,18 -> output: 0
input: 932 -> message: 12,20,20,18,18,39,18,18,18,24,18,18,18,39,18,18,18,24,18,18,24,18,18,18,39,18,18,18,24,18 -> output: 0
input: 933 -> message: 20,18,39,18,18,39,18,18,18,24,18,18,24,18,18,18,39,18,18,18,24,18,18,24,18,18,18,39,18,18 -> output: 0
input: 934 -> message: 20,20,18,18,39,18,18,18,24,18,18,18,39,18,18,18,24,18,18,24,18,18,18,39,18,18,18,24,18,18 -> output: 0
input: 935 -> message: 7,10,1,18,18,39,18,18,18,39,18,18,18,24,18,18,24,18,18,18,39,18,18,18,24,18,18,24,18,18 -> output: 0
input: 936 -> message: 18,39,27,18,18,6,18,18,39,27,27,27,30,0 -> output: 0
input: 937 -> message: 12,20,20,18,18,39,18,18,18,24,18,18,18,39,18,18,18,24,18,18,24,18,18,18,39,18,18,18,24,18 -> output: 0
input: 938 -> message: 39,1,18,18,39,18,18,18,39,18,18,18,24,18,18,24,18,18,18,39,18,18,18,24,18,18,24,18,18,18 -> output: 0
input: 939 -> message: 20,18,39,18,18,39,18,18,18,24,18,18,24,18,18,18,39,18,18,18,24,18,18,24,18,18,18,39,18,18 -> output: 0
input: 940 -> message: 18,39,27,18,18,6,18,18,39,27,27,27,30,0 -> output: 0
input: 941 -> message: 12,20,20,18,18,39,18,18,18,24,18,18,18,39,18,18,18,24,18,18,24,18,18,18,39,18,18,18,24,18 -> output: 0
input: 942 -> message: 39,1,18,18,39,18,18,18,39,18,18,18,24,18,18,24,18,18,18,39,18,18,18,24,18,18,24,18,18,18 -> output: 0
input: 943 -> message: 20,18,39,18,18,39,18,18,18,24,18,18,24,18,18,18,39,18,18,18,24,18,18,24,18,18,18,39,18,18 -> output: 0
input: 944 -> message: 20,18,18,39,18,18,18,39,18,18,18,24,18,18,24,18,18,18,39,18,18,18,24,18,18,24,18,18,18,39 -> output: 0
input: 945 -> message: 39,1,18,18,39,18,18,18,39,18,18,18,24,18,18,24,18,18,18,39,18,18,18,24,18,18,24,18,18,18 -> output: 0
input: 946 -> message: 12,20,20,18,18,39,18,18,18,24,18,18,18,39,18,18,18,24,18,18,24,18,18,18,39,18,18,18,24,18 -> output: 0
input: 947 -> message: 20,18,39,18,18,39,18,18,18,24,18,18,24,18,18,18,39,18,18,18,24,18,18,24,18,18,18,39,18,18 -> output: 0
input: 948 -> message: 20,20,18,18,39,18,18,18,24,18,18,18,39,18,18,18,24,18,18,24,18,18,18,39,18,18,18,24,18,18 -> output: 0
input: 949 -> message: 20,18,39,18,18,39,18,18,18,24,18,18,24,18,18,18,39,18,18,18,24,18,18,24,18,18,18,39,18,18 -> output: 0
input: 950 -> message: 20,18,39,18,18,39,18,18,18,24,18,18,24,18,18,18,39,18,18,18,24,18,18,24,18,18,18,39,18,18 -> output: 0
input: 951 -> message: 20,18,39,18,18,39,18,18,18,24,18,18,24,18,18,18,39,18,18,18,24,18,18,24,18,18,18,39,18,18 -> output: 0
input: 952 -> message: 20,18,39,18,18,39,18,18,18,24,18,18,24,18,18,18,39,18,18,18,24,18,18,24,18,18,18,39,18,18 -> output: 0
input: 953 -> message: 20,18,39,18,18,39,18,18,18,24,18,18,24,18,18,18,39,18,18,18,24,18,18,24,18,18,18,39,18,18 -> output: 0
input: 954 -> message: 18,39,27,18,18,6,18,18,39,27,27,27,30,0 -> output: 0
input: 955 -> message: 12,20,20,18,18,39,18,18,18,24,18,18,18,39,18,18,18,24,18,18,24,18,18,18,39,18,18,18,24,18 -> output: 0
input: 956 -> message: 12,20,20,18,18,39,18,18,18,24,18,18,18,39,18,18,18,24,18,18,24,18,18,18,39,18,18,18,24,18 -> output: 0
input: 957 -> message: 20,20,18,18,39,18,18,18,24,18,18,18,39,18,18,18,24,18,18,24,18,18,18,39,18,18,18,24,18,18 -> output: 0
input: 958 -> message: 18,39,27,18,18,6,18,18,39,27,27,27,30,0 -> output: 0
input: 959 -> message: 12,20,20,18,18,39,18,18,18,24,18,18,18,39,18,18,18,24,18,18,24,18,18,18,39,18,18,18,24,18 -> output: 0
input: 960 -> message: 12,20,20,18,18,39,18,18,18,24,18,18,18,39,18,18,18,24,18,18,24,18,18,18,39,18,18,18,24,18 -> output: 0
input: 961 -> message: 1,18,39,17,14,29,29,24,18,18,39,18,18,18,24,18,18,18,39,18,18,18,24,18,18,24,18,18,18,39 -> output: 0
input: 962 -> message: 12,20,20,18,18,39,18,18,18,24,18,18,18,39,18,18,18,24,18,18,24,18,18,18,39,18,18,18,24,18 -> output: 0
input: 963 -> message: 39,27,27,27,30,0 -> output: 0
input: 964 -> message: 39,27,27,27,30,0 -> output: 0
input: 965 -> message: 20,20,18,18,39,18,18,18,24,18,18,18,39,18,18,18,24,18,18,24,18,18,18,39,18,18,18,24,18,18 -> output: 0
input: 966 -> message: 20,20,18,18,39,18,18,18,24,18,18,18,39,18,18,18,24,18,18,24,18,18,18,39,18,18,18,24,18,18 -> output: 0
input: 967 -> message: 20,20,18,18,39,18,18,18,24,18,18,18,39,18,18,18,24,18,18,24,18,18,18,39,18,18,18,24,18,18 -> output: 0
input: 968 -> message: 0 -> output: 0
input: 969 -> message: 12,20,20,18,18,39,18,18,18,24,18,18,18,39,18,18,18,24,18,18,24,18,18,18,39,18,18,18,24,18 -> output: 0
input: 970 -> message: 20,20,18,18,39,18,18,18,24,18,18,18,39,18,18,18,24,18,18,24,18,18,18,39,18,18,18,24,18,18 -> output: 0
input: 971 -> message: 20,20,20,18,18,39,18,18,18,24,18,18,18,39,18,18,18,24,18,18,24,18,18,18,39,18,18,18,24,18 -> output: 0
input: 972 -> message: 12,20,20,18,18,39,18,18,18,24,18,18,18,39,18,18,18,24,18,18,24,18,18,18,39,18,18,18,24,18 -> output: 0
input: 973 -> message: 20,18,39,18,18,39,18,18,18,24,18,18,24,18,18,18,39,18,18,18,24,18,18,24,18,18,18,39,18,18 -> output: 0
input: 974 -> message: 20,18,39,18,18,39,18,18,18,24,18,18,24,18,18,18,39,18,18,18,24,18,18,24,18,18,18,39,18,18 -> output: 0
input: 975 -> message: 20,18,39,18,18,39,18,18,18,24,18,18,24,18,18,18,39,18,18,18,24,18,18,24,18,18,18,39,18,18 -> output: 0
input: 976 -> message: 12,20,20,18,18,39,18,18,18,24,18,18,18,39,18,18,18,24,18,18,24,18,18,18,39,18,18,18,24,18 -> output: 0
input: 977 -> message: 20,18,39,18,18,39,18,18,18,24,18,18,18,39,18,18,18,24,18,18,24,18,18,18,39,18,18,18,24,18 -> output: 0
input: 978 -> message: 39,1,18,18,39,18,18,18,39,18,18,18,24,18,18,24,18,18,18,39,18,18,18,24,18,18,24,18,18,18 -> output: 0
input: 979 -> message: 20,20,18,18,39,18,18,18,24,18,18,18,39,18,18,18,24,18,18,24,18,18,18,39,18,18,18,24,18,18 -> output: 0
input: 980 -> message: 12,20,20,18,18,39,18,18,18,24,18,18,18,39,18,18,18,24,18,18,24,18,18,18,39,18,18,18,24,18 -> output: 0
input: 981 -> message: 18,39,27,18,18,6,18,18,39,27,27,27,30,0 -> output: 0
input: 982 -> message: 12,20,20,18,18,39,18,18,18,24,18,18,18,39,18,18,18,24,18,18,24,18,18,18,39,18,18,18,24,18 -> output: 0
input: 983 -> message: 18,39,27,18,18,6,18,18,39,27,27,27,30,0 -> output: 0
input: 984 -> message: 12,20,20,18,18,39,18,18,18,24,18,18,18,39,18,18,18,24,18,18,24,18,18,18,39,18,18,18,24,18 -> output: 0
input: 985 -> message: 20,18,39,18,18,39,18,18,18,24,18,18,24,18,18,18,39,18,18,18,24,18,18,24,18,18,18,39,18,18 -> output: 0
input: 986 -> message: 20,18,39,18,18,39,18,18,18,24,18,18,24,18,18,18,39,18,18,18,24,18,18,24,18,18,18,39,18,18 -> output: 0
input: 987 -> message: 20,18,39,18,18,39,18,18,18,24,18,18,24,18,18,18,39,18,18,18,24,18,18,24,18,18,18,39,18,18 -> output: 0
input: 988 -> message: 12,20,20,18,18,39,18,18,18,24,18,18,18,39,18,18,18,24,18,18,24,18,18,18,39,18,18,18,24,18 -> output: 0
input: 989 -> message: 12,20,20,18,18,39,18,18,18,24,18,18,18,39,18,18,18,24,18,18,24,18,18,18,39,18,18,18,24,18 -> output: 0
input: 990 -> message: 12,20,20,18,18,39,18,18,18,24,18,18,18,39,18,18,18,24,18,18,24,18,18,18,39,18,18,18,24,18 -> output: 0
input: 991 -> message: 20,18,39,18,18,39,18,18,18,24,18,18,24,18,18,18,39,18,18,18,24,18,18,24,18,18,18,39,18,18 -> output: 0
input: 992 -> message: 12,20,20,18,18,39,18,18,18,24,18,18,18,39,18,18,18,24,18,18,24,18,18,18,39,18,18,18,24,18 -> output: 0
input: 993 -> message: 20,20,18,18,39,18,18,18,24,18,18,18,39,18,18,18,24,18,18,24,18,18,18,39,18,18,18,24,18,18 -> output: 0
input: 994 -> message: 12,20,20,18,18,39,18,18,18,24,18,18,18,39,18,18,18,24,18,18,24,18,18,18,39,18,18,18,24,18 -> output: 0
input: 995 -> message: 12,20,20,18,18,39,18,18,18,24,18,18,18,39,18,18,18,24,18,18,24,18,18,18,39,18,18,18,24,18 -> output: 0
input: 996 -> message: 20,18,39,18,18,39,18,18,18,24,18,18,24,18,18,18,39,18,18,18,24,18,18,24,18,18,18,39,18,18 -> output: 0
input: 997 -> message: 20,20,18,18,39,18,18,18,24,18,18,18,39,18,18,18,24,18,18,24,18,18,18,39,18,18,18,24,18,18 -> output: 0
input: 998 -> message: 20,18,39,18,18,39,18,18,18,24,18,18,24,18,18,18,39,18,18,18,24,18,18,24,18,18,18,39,18,18 -> output: 0
input: 999 -> message: 12,20,20,18,18,39,18,18,18,24,18,18,18,39,18,18,18,24,18,18,24,18,18,18,39,18,18,18,24,18 -> output: 0
========================================================================
LAZIMPA EXPERIMENT (NOTEBOOK) - Task 7 of 8
========================================================================
Job ID: 732461.7
Started on qa-a10-025.crc.nd.edu at Wed Mar 25 02:47:35 AM EDT 2026
Python: /software/c/conda/25.9.1/bin/python
CUDA available: True
========================================================================

Running: transformer_baseline with seed 123

True
Namespace(n_features=100, batches_per_epoch=100, dim_dataset=10240, force_eos=0, sender_hidden=512, receiver_hidden=512, receiver_num_layers=2, sender_num_layers=2, receiver_num_heads=8, sender_num_heads=8, sender_embedding=256, receiver_embedding=256, causal_sender=True, causal_receiver=True, sender_generate_style='in-place', sender_cell='transformer', receiver_cell='transformer', sender_entropy_coeff=0.1, receiver_entropy_coeff=0.1, probs='powerlaw', length_cost=0.0, name='transformer_baseline_seed123', early_stopping_thr=0.99, dir_save='results/transformer_baseline/seed_123', unigram_pen=0.0, impatient=False, print_message=False, reg=False, random_seed=123, checkpoint_dir=None, preemptable=False, checkpoint_freq=0, validation_freq=1, n_epochs=200, load_from_checkpoint=None, no_cuda=False, batch_size=512, optimizer='adam', lr=0.001, vocab_size=40, max_len=30, tensorboard=False, tensorboard_dir='runs/', cuda=True, device='cuda')
the probs are:  [0.1927756  0.0963878  0.06425854 0.0481939  0.03855512 0.03212927
 0.02753937 0.02409695 0.02141951 0.01927756 0.01752505 0.01606463
 0.01482889 0.01376969 0.01285171 0.01204848 0.01133974 0.01070976
 0.01014608 0.00963878 0.00917979 0.00876253 0.00838155 0.00803232
 0.00771102 0.00741445 0.00713984 0.00688484 0.00664743 0.00642585
 0.00621857 0.00602424 0.00584168 0.00566987 0.00550787 0.00535488
 0.00521015 0.00507304 0.00494296 0.00481939 0.00470184 0.0045899
 0.00448315 0.00438126 0.0042839  0.00419077 0.00410161 0.00401616
 0.0039342  0.00385551 0.00377991 0.00370722 0.00363728 0.00356992
 0.00350501 0.00344242 0.00338203 0.00332372 0.00326738 0.00321293
 0.00316026 0.00310928 0.00305993 0.00301212 0.00296578 0.00292084
 0.00287725 0.00283494 0.00279385 0.00275394 0.00271515 0.00267744
 0.00264076 0.00260508 0.00257034 0.00253652 0.00250358 0.00247148
 0.0024402  0.0024097  0.00237995 0.00235092 0.0023226  0.00229495
 0.00226795 0.00224158 0.00221581 0.00219063 0.00216602 0.00214195
 0.00211841 0.00209539 0.00207286 0.0020508  0.00202922 0.00200808
 0.00198738 0.0019671  0.00194723 0.00192776]
/users/aquisper/.local/lib/python3.12/site-packages/torch/nn/modules/activation.py:1336: UserWarning: Support for mismatched key_padding_mask and attn_mask is deprecated. Use same type for both instead.
  key_padding_mask = F._canonical_mask(
Epoch: 0
input: 0 -> message: 21,21,21,21,21,21,21,21,21,21,21,21,21,21,21,21,21,21,21,21,21,21,21,21,21,21,21,21,21,21 -> output: 0
input: 1 -> message: 21,21,21,21,21,21,21,21,21,21,21,21,21,21,21,21,21,21,21,21,21,21,21,21,21,21,21,21,21,21 -> output: 0
input: 2 -> message: 21,21,21,21,21,21,21,21,21,21,21,21,21,21,21,21,21,21,21,21,21,21,21,21,21,21,21,21,21,21 -> output: 0
input: 3 -> message: 21,21,21,21,21,21,21,21,21,21,21,21,21,21,21,21,21,21,21,21,21,21,21,21,21,21,21,21,21,21 -> output: 0
input: 4 -> message: 21,21,21,21,21,21,21,21,21,21,21,21,21,21,21,21,21,21,21,21,21,21,21,21,21,21,21,21,21,21 -> output: 0
input: 5 -> message: 21,21,21,21,21,21,21,21,21,21,21,21,21,21,21,21,21,21,21,21,21,21,21,21,21,21,21,21,21,21 -> output: 0
input: 6 -> message: 21,21,21,21,21,21,21,21,21,21,21,21,21,21,21,21,21,21,21,21,21,21,21,21,21,21,21,21,21,21 -> output: 0
input: 7 -> message: 21,21,21,21,21,21,21,21,21,21,21,21,21,21,21,21,21,21,21,21,21,21,21,21,21,21,21,21,21,21 -> output: 0
input: 8 -> message: 21,21,21,21,21,21,21,21,21,21,21,21,21,21,21,21,21,21,21,21,21,21,21,21,21,21,21,21,21,21 -> output: 0
input: 9 -> message: 21,21,21,21,21,21,21,21,21,21,21,21,21,21,21,21,21,21,21,21,21,21,21,21,21,21,21,21,21,21 -> output: 0
input: 10 -> message: 21,21,21,21,21,21,21,21,21,21,21,21,21,21,21,21,21,21,21,21,21,21,21,21,21,21,21,21,21,21 -> output: 0
input: 11 -> message: 21,21,21,21,21,21,21,21,21,21,21,21,21,21,21,21,21,21,21,21,21,21,21,21,21,21,21,21,21,21 -> output: 0
input: 12 -> message: 21,21,21,21,21,21,21,21,21,21,21,21,21,21,21,21,21,21,21,21,21,21,21,21,21,21,21,21,21,21 -> output: 0
input: 13 -> message: 21,21,21,21,21,21,21,21,21,21,21,21,21,21,21,21,21,21,21,21,21,21,21,21,21,21,21,21,21,21 -> output: 0
input: 14 -> message: 21,21,21,21,21,21,21,21,21,21,21,21,21,21,21,21,21,21,21,21,21,21,21,21,21,21,21,21,21,21 -> output: 0
input: 15 -> message: 21,21,21,21,21,21,21,21,21,21,21,21,21,21,21,21,21,21,21,21,21,21,21,21,21,21,21,21,21,21 -> output: 0
input: 16 -> message: 21,21,21,21,21,21,21,21,21,21,21,21,21,21,21,21,21,21,21,21,21,21,21,21,21,21,21,21,21,21 -> output: 0
input: 17 -> message: 21,21,21,21,21,21,21,21,21,21,21,21,21,21,21,21,21,21,21,21,21,21,21,21,21,21,21,21,21,21 -> output: 0
input: 18 -> message: 21,21,21,21,21,21,21,21,21,21,21,21,21,21,21,21,21,21,21,21,21,21,21,21,21,21,21,21,21,21 -> output: 0
input: 19 -> message: 21,21,21,21,21,21,21,21,21,21,21,21,21,21,21,21,21,21,21,21,21,21,21,21,21,21,21,21,21,21 -> output: 0
input: 20 -> message: 21,21,21,21,21,21,21,21,21,21,21,21,21,21,21,21,21,21,21,21,21,21,21,21,21,21,21,21,21,21 -> output: 0
input: 21 -> message: 21,21,21,21,21,21,21,21,21,21,21,21,21,21,21,21,21,21,21,21,21,21,21,21,21,21,21,21,21,21 -> output: 0
input: 22 -> message: 21,21,21,21,21,21,21,21,21,21,21,21,21,21,21,21,21,21,21,21,21,21,21,21,21,21,21,21,21,21 -> output: 0
input: 23 -> message: 21,21,21,21,21,21,21,21,21,21,21,21,21,21,21,21,21,21,21,21,21,21,21,21,21,21,21,21,21,21 -> output: 0
input: 24 -> message: 21,21,21,21,21,21,21,21,21,21,21,21,21,21,21,21,21,21,21,21,21,21,21,21,21,21,21,21,21,21 -> output: 0
input: 25 -> message: 21,21,21,21,21,21,21,21,21,21,21,21,21,21,21,21,21,21,21,21,21,21,21,21,21,21,21,21,21,21 -> output: 0
input: 26 -> message: 21,21,21,21,21,21,21,21,21,21,21,21,21,21,21,21,21,21,21,21,21,21,21,21,21,21,21,21,21,21 -> output: 0
input: 27 -> message: 21,21,21,21,21,21,21,21,21,21,21,21,21,21,21,21,21,21,21,21,21,21,21,21,21,21,21,21,21,21 -> output: 0
input: 28 -> message: 21,21,21,21,21,21,21,21,21,21,21,21,21,21,21,21,21,21,21,21,21,21,21,21,21,21,21,21,21,21 -> output: 0
input: 29 -> message: 21,21,21,21,21,21,21,21,21,21,21,21,21,21,21,21,21,21,21,21,21,21,21,21,21,21,21,21,21,21 -> output: 0
input: 30 -> message: 21,21,21,21,21,21,21,21,21,21,21,21,21,21,21,21,21,21,21,21,21,21,21,21,21,21,21,21,21,21 -> output: 0
input: 31 -> message: 21,21,21,21,21,21,21,21,21,21,21,21,21,21,21,21,21,21,21,21,21,21,21,21,21,21,21,21,21,21 -> output: 0
input: 32 -> message: 21,21,21,21,21,21,21,21,21,21,21,21,21,21,21,21,21,21,21,21,21,21,21,21,21,21,21,21,21,21 -> output: 0
input: 33 -> message: 21,21,21,21,21,21,21,21,21,21,21,21,21,21,21,21,21,21,21,21,21,21,21,21,21,21,21,21,21,21 -> output: 0
input: 34 -> message: 21,21,21,21,21,21,21,21,21,21,21,21,21,21,21,21,21,21,21,21,21,21,21,21,21,21,21,21,21,21 -> output: 0
input: 35 -> message: 21,21,21,21,21,21,21,21,21,21,21,21,21,21,21,21,21,21,21,21,21,21,21,21,21,21,21,21,21,21 -> output: 0
input: 36 -> message: 21,21,21,21,21,21,21,21,21,21,21,21,21,21,21,21,21,21,21,21,21,21,21,21,21,21,21,21,21,21 -> output: 0
input: 37 -> message: 21,21,21,21,21,21,21,21,21,21,21,21,21,21,21,21,21,21,21,21,21,21,21,21,21,21,21,21,21,21 -> output: 0
input: 38 -> message: 21,21,21,21,21,21,21,21,21,21,21,21,21,21,21,21,21,21,21,21,21,21,21,21,21,21,21,21,21,21 -> output: 0
input: 39 -> message: 21,21,21,21,21,21,21,21,21,21,21,21,21,21,21,21,21,21,21,21,21,21,21,21,21,21,21,21,21,21 -> output: 0
input: 40 -> message: 21,21,21,21,21,21,21,21,21,21,21,21,21,21,21,21,21,21,21,21,21,21,21,21,21,21,21,21,21,21 -> output: 0
input: 41 -> message: 21,21,21,21,21,21,21,21,21,21,21,21,21,21,21,21,21,21,21,21,21,21,21,21,21,21,21,21,21,21 -> output: 0
input: 42 -> message: 21,21,21,21,21,21,21,21,21,21,21,21,21,21,21,21,21,21,21,21,21,21,21,21,21,21,21,21,21,21 -> output: 0
input: 43 -> message: 21,21,21,21,21,21,21,21,21,21,21,21,21,21,21,21,21,21,21,21,21,21,21,21,21,21,21,21,21,21 -> output: 0
input: 44 -> message: 21,21,21,21,21,21,21,21,21,21,21,21,21,21,21,21,21,21,21,21,21,21,21,21,21,21,21,21,21,21 -> output: 0
input: 45 -> message: 21,21,21,21,21,21,21,21,21,21,21,21,21,21,21,21,21,21,21,21,21,21,21,21,21,21,21,21,21,21 -> output: 0
input: 46 -> message: 21,21,21,21,21,21,21,21,21,21,21,21,21,21,21,21,21,21,21,21,21,21,21,21,21,21,21,21,21,21 -> output: 0
input: 47 -> message: 21,21,21,21,21,21,21,21,21,21,21,21,21,21,21,21,21,21,21,21,21,21,21,21,21,21,21,21,21,21 -> output: 0
input: 48 -> message: 21,21,21,21,21,21,21,21,21,21,21,21,21,21,21,21,21,21,21,21,21,21,21,21,21,21,21,21,21,21 -> output: 0
input: 49 -> message: 21,21,21,21,21,21,21,21,21,21,21,21,21,21,21,21,21,21,21,21,21,21,21,21,21,21,21,21,21,21 -> output: 0
input: 50 -> message: 21,21,21,21,21,21,21,21,21,21,21,21,21,21,21,21,21,21,21,21,21,21,21,21,21,21,21,21,21,21 -> output: 0
input: 51 -> message: 21,21,21,21,21,21,21,21,21,21,21,21,21,21,21,21,21,21,21,21,21,21,21,21,21,21,21,21,21,21 -> output: 0
input: 52 -> message: 21,21,21,21,21,21,21,21,21,21,21,21,21,21,21,21,21,21,21,21,21,21,21,21,21,21,21,21,21,21 -> output: 0
input: 53 -> message: 21,21,21,21,21,21,21,21,21,21,21,21,21,21,21,21,21,21,21,21,21,21,21,21,21,21,21,21,21,21 -> output: 0
input: 54 -> message: 21,21,21,21,21,21,21,21,21,21,21,21,21,21,21,21,21,21,21,21,21,21,21,21,21,21,21,21,21,21 -> output: 0
input: 55 -> message: 21,21,21,21,21,21,21,21,21,21,21,21,21,21,21,21,21,21,21,21,21,21,21,21,21,21,21,21,21,21 -> output: 0
input: 56 -> message: 21,21,21,21,21,21,21,21,21,21,21,21,21,21,21,21,21,21,21,21,21,21,21,21,21,21,21,21,21,21 -> output: 0
input: 57 -> message: 21,21,21,21,21,21,21,21,21,21,21,21,21,21,21,21,21,21,21,21,21,21,21,21,21,21,21,21,21,21 -> output: 0
input: 58 -> message: 21,21,21,21,21,21,21,21,21,21,21,21,21,21,21,21,21,21,21,21,21,21,21,21,21,21,21,21,21,21 -> output: 0
input: 59 -> message: 21,21,21,21,21,21,21,21,21,21,21,21,21,21,21,21,21,21,21,21,21,21,21,21,21,21,21,21,21,21 -> output: 0
input: 60 -> message: 21,21,21,21,21,21,21,21,21,21,21,21,21,21,21,21,21,21,21,21,21,21,21,21,21,21,21,21,21,21 -> output: 0
input: 61 -> message: 21,21,21,21,21,21,21,21,21,21,21,21,21,21,21,21,21,21,21,21,21,21,21,21,21,21,21,21,21,21 -> output: 0
input: 62 -> message: 21,21,21,21,21,21,21,21,21,21,21,21,21,21,21,21,21,21,21,21,21,21,21,21,21,21,21,21,21,21 -> output: 0
input: 63 -> message: 21,21,21,21,21,21,21,21,21,21,21,21,21,21,21,21,21,21,21,21,21,21,21,21,21,21,21,21,21,21 -> output: 0
input: 64 -> message: 21,21,21,21,21,21,21,21,21,21,21,21,21,21,21,21,21,21,21,21,21,21,21,21,21,21,21,21,21,21 -> output: 0
input: 65 -> message: 21,21,21,21,21,21,21,21,21,21,21,21,21,21,21,21,21,21,21,21,21,21,21,21,21,21,21,21,21,21 -> output: 0
input: 66 -> message: 21,21,21,21,21,21,21,21,21,21,21,21,21,21,21,21,21,21,21,21,21,21,21,21,21,21,21,21,21,21 -> output: 0
input: 67 -> message: 21,21,21,21,21,21,21,21,21,21,21,21,21,21,21,21,21,21,21,21,21,21,21,21,21,21,21,21,21,21 -> output: 0
input: 68 -> message: 21,21,21,21,21,21,21,21,21,21,21,21,21,21,21,21,21,21,21,21,21,21,21,21,21,21,21,21,21,21 -> output: 0
input: 69 -> message: 21,21,21,21,21,21,21,21,21,21,21,21,21,21,21,21,21,21,21,21,21,21,21,21,21,21,21,21,21,21 -> output: 0
input: 70 -> message: 21,21,21,21,21,21,21,21,21,21,21,21,21,21,21,21,21,21,21,21,21,21,21,21,21,21,21,21,21,21 -> output: 0
input: 71 -> message: 21,21,21,21,21,21,21,21,21,21,21,21,21,21,21,21,21,21,21,21,21,21,21,21,21,21,21,21,21,21 -> output: 0
input: 72 -> message: 21,21,21,21,21,21,21,21,21,21,21,21,21,21,21,21,21,21,21,21,21,21,21,21,21,21,21,21,21,21 -> output: 0
input: 73 -> message: 21,21,21,21,21,21,21,21,21,21,21,21,21,21,21,21,21,21,21,21,21,21,21,21,21,21,21,21,21,21 -> output: 0
input: 74 -> message: 21,21,21,21,21,21,21,21,21,21,21,21,21,21,21,21,21,21,21,21,21,21,21,21,21,21,21,21,21,21 -> output: 0
input: 75 -> message: 21,21,21,21,21,21,21,21,21,21,21,21,21,21,21,21,21,21,21,21,21,21,21,21,21,21,21,21,21,21 -> output: 0
input: 76 -> message: 21,21,21,21,21,21,21,21,21,21,21,21,21,21,21,21,21,21,21,21,21,21,21,21,21,21,21,21,21,21 -> output: 0
input: 77 -> message: 21,21,21,21,21,21,21,21,21,21,21,21,21,21,21,21,21,21,21,21,21,21,21,21,21,21,21,21,21,21 -> output: 0
input: 78 -> message: 21,21,21,21,21,21,21,21,21,21,21,21,21,21,21,21,21,21,21,21,21,21,21,21,21,21,21,21,21,21 -> output: 0
input: 79 -> message: 21,21,21,21,21,21,21,21,21,21,21,21,21,21,21,21,21,21,21,21,21,21,21,21,21,21,21,21,21,21 -> output: 0
input: 80 -> message: 21,21,21,21,21,21,21,21,21,21,21,21,21,21,21,21,21,21,21,21,21,21,21,21,21,21,21,21,21,21 -> output: 0
input: 81 -> message: 21,21,21,21,21,21,21,21,21,21,21,21,21,21,21,21,21,21,21,21,21,21,21,21,21,21,21,21,21,21 -> output: 0
input: 82 -> message: 21,21,21,21,21,21,21,21,21,21,21,21,21,21,21,21,21,21,21,21,21,21,21,21,21,21,21,21,21,21 -> output: 0
input: 83 -> message: 21,21,21,21,21,21,21,21,21,21,21,21,21,21,21,21,21,21,21,21,21,21,21,21,21,21,21,21,21,21 -> output: 0
input: 84 -> message: 21,21,21,21,21,21,21,21,21,21,21,21,21,21,21,21,21,21,21,21,21,21,21,21,21,21,21,21,21,21 -> output: 0
input: 85 -> message: 21,21,21,21,21,21,21,21,21,21,21,21,21,21,21,21,21,21,21,21,21,21,21,21,21,21,21,21,21,21 -> output: 0
input: 86 -> message: 21,21,21,21,21,21,21,21,21,21,21,21,21,21,21,21,21,21,21,21,21,21,21,21,21,21,21,21,21,21 -> output: 0
input: 87 -> message: 21,21,21,21,21,21,21,21,21,21,21,21,21,21,21,21,21,21,21,21,21,21,21,21,21,21,21,21,21,21 -> output: 0
input: 88 -> message: 21,21,21,21,21,21,21,21,21,21,21,21,21,21,21,21,21,21,21,21,21,21,21,21,21,21,21,21,21,21 -> output: 0
input: 89 -> message: 21,21,21,21,21,21,21,21,21,21,21,21,21,21,21,21,21,21,21,21,21,21,21,21,21,21,21,21,21,21 -> output: 0
input: 90 -> message: 21,21,21,21,21,21,21,21,21,21,21,21,21,21,21,21,21,21,21,21,21,21,21,21,21,21,21,21,21,21 -> output: 0
input: 91 -> message: 21,21,21,21,21,21,21,21,21,21,21,21,21,21,21,21,21,21,21,21,21,21,21,21,21,21,21,21,21,21 -> output: 0
input: 92 -> message: 21,21,21,21,21,21,21,21,21,21,21,21,21,21,21,21,21,21,21,21,21,21,21,21,21,21,21,21,21,21 -> output: 0
input: 93 -> message: 21,21,21,21,21,21,21,21,21,21,21,21,21,21,21,21,21,21,21,21,21,21,21,21,21,21,21,21,21,21 -> output: 0
input: 94 -> message: 21,21,21,21,21,21,21,21,21,21,21,21,21,21,21,21,21,21,21,21,21,21,21,21,21,21,21,21,21,21 -> output: 0
input: 95 -> message: 21,21,21,21,21,21,21,21,21,21,21,21,21,21,21,21,21,21,21,21,21,21,21,21,21,21,21,21,21,21 -> output: 0
input: 96 -> message: 21,21,21,21,21,21,21,21,21,21,21,21,21,21,21,21,21,21,21,21,21,21,21,21,21,21,21,21,21,21 -> output: 0
input: 97 -> message: 21,21,21,21,21,21,21,21,21,21,21,21,21,21,21,21,21,21,21,21,21,21,21,21,21,21,21,21,21,21 -> output: 0
input: 98 -> message: 21,21,21,21,21,21,21,21,21,21,21,21,21,21,21,21,21,21,21,21,21,21,21,21,21,21,21,21,21,21 -> output: 0
input: 99 -> message: 21,21,21,21,21,21,21,21,21,21,21,21,21,21,21,21,21,21,21,21,21,21,21,21,21,21,21,21,21,21 -> output: 0
{"powerlaw": 0.19277560710906982, "unif": 0.01}
Epoch: 1
{"powerlaw": 0.19277560710906982, "unif": 0.01}
Epoch: 2
{"powerlaw": 0.19277560710906982, "unif": 0.01}
Epoch: 3
{"powerlaw": 0.34699609875679016, "unif": 0.05}
Epoch: 4
{"powerlaw": 0.4154272675514221, "unif": 0.07}
Epoch: 5
{"powerlaw": 0.4708061218261719, "unif": 0.1}
Epoch: 6
{"powerlaw": 0.5610864758491516, "unif": 0.12}
Epoch: 7
{"powerlaw": 0.5411826372146606, "unif": 0.14}
Epoch: 8
{"powerlaw": 0.562365710735321, "unif": 0.11}
Epoch: 9
{"powerlaw": 0.6192913055419922, "unif": 0.16}
Epoch: 10
{"powerlaw": 0.6223731637001038, "unif": 0.17}
Epoch: 11
{"powerlaw": 0.48434871435165405, "unif": 0.07}
Epoch: 12
{"powerlaw": 0.5251535773277283, "unif": 0.13}
Epoch: 13
{"powerlaw": 0.607731819152832, "unif": 0.17}
Epoch: 14
{"powerlaw": 0.6897096633911133, "unif": 0.25}
Epoch: 15
{"powerlaw": 0.7166030406951904, "unif": 0.26}
Epoch: 16
{"powerlaw": 0.6696676015853882, "unif": 0.23}
Epoch: 17
{"powerlaw": 0.5755670070648193, "unif": 0.17}
Epoch: 18
{"powerlaw": 0.7466593384742737, "unif": 0.33}
Epoch: 19
{"powerlaw": 0.7257031202316284, "unif": 0.3}
Epoch: 20
{"powerlaw": 0.7377280592918396, "unif": 0.3}
Epoch: 21
{"powerlaw": 0.7588275671005249, "unif": 0.33}
Epoch: 22
{"powerlaw": 0.792881965637207, "unif": 0.41}
Epoch: 23
{"powerlaw": 0.8043938279151917, "unif": 0.48}
Epoch: 24
{"powerlaw": 0.7965447902679443, "unif": 0.45}
Epoch: 25
{"powerlaw": 0.631436288356781, "unif": 0.23}
Epoch: 26
{"powerlaw": 0.7187303900718689, "unif": 0.28}
Epoch: 27
{"powerlaw": 0.7309436798095703, "unif": 0.31}
Epoch: 28
{"powerlaw": 0.7520004510879517, "unif": 0.34}
Epoch: 29
{"powerlaw": 0.7739975452423096, "unif": 0.4}
Epoch: 30
{"powerlaw": 0.7720293998718262, "unif": 0.43}
Epoch: 31
{"powerlaw": 0.7599589228630066, "unif": 0.38}
Epoch: 32
{"powerlaw": 0.7883968353271484, "unif": 0.46}
Epoch: 33
{"powerlaw": 0.781167209148407, "unif": 0.44}
Epoch: 34
{"powerlaw": 0.7684323191642761, "unif": 0.39}
Epoch: 35
{"powerlaw": 0.6055529117584229, "unif": 0.16}
Epoch: 36
{"powerlaw": 0.747334897518158, "unif": 0.31}
Epoch: 37
{"powerlaw": 0.7468702793121338, "unif": 0.36}
Epoch: 38
{"powerlaw": 0.8039246797561646, "unif": 0.45}
Epoch: 39
{"powerlaw": 0.8535871505737305, "unif": 0.57}
Epoch: 40
{"powerlaw": 0.6270147562026978, "unif": 0.17}
Epoch: 41
{"powerlaw": 0.7146932482719421, "unif": 0.29}
Epoch: 42
{"powerlaw": 0.770944356918335, "unif": 0.39}
Epoch: 43
{"powerlaw": 0.7880533337593079, "unif": 0.44}
Epoch: 44
{"powerlaw": 0.8144177198410034, "unif": 0.51}
Epoch: 45
{"powerlaw": 0.7977131605148315, "unif": 0.45}
Epoch: 46
{"powerlaw": 0.8034571409225464, "unif": 0.48}
Epoch: 47
{"powerlaw": 0.7649180293083191, "unif": 0.42}
Epoch: 48
{"powerlaw": 0.813690721988678, "unif": 0.52}
Epoch: 49
{"powerlaw": 0.7477943897247314, "unif": 0.35}
Epoch: 50
input: 0 -> message: 39,39,39,39,39,39,39,39,39,39,39,39,39,39,39,39,39,39,39,39,39,39,39,39,39,39,39,39,39,39 -> output: 0
input: 1 -> message: 8,8,8,8,8,8,8,8,8,8,8,8,8,8,8,8,8,8,8,8,8,27,27,27,27,27,27,27,27,27 -> output: 1
input: 2 -> message: 8,8,8,8,8,8,8,8,8,27,27,27,27,27,27,27,27,27,27,27,27,27,27,27,27,27,27,27,27,27 -> output: 2
input: 3 -> message: 8,8,8,8,8,8,8,8,8,8,8,8,8,8,8,8,8,8,27,27,27,27,27,27,27,27,27,27,27,27 -> output: 3
input: 4 -> message: 27,27,27,27,27,27,27,27,27,27,27,27,27,27,27,27,27,27,27,27,27,27,27,27,27,27,27,27,27,27 -> output: 4
input: 5 -> message: 17,17,17,17,17,17,17,17,17,17,17,17,39,39,39,39,39,39,36,36,36,36,36,36,36,36,36,36,36,36 -> output: 5
input: 6 -> message: 39,39,39,39,39,39,39,39,39,36,36,36,36,36,36,36,36,36,36,36,36,36,36,36,36,36,36,36,36,36 -> output: 6
input: 7 -> message: 39,39,39,39,36,36,36,36,36,36,36,36,36,36,36,36,36,36,36,36,36,36,36,36,36,36,36,36,36,36 -> output: 7
input: 8 -> message: 39,39,39,39,39,39,39,39,39,39,39,39,39,39,39,39,39,39,39,36,36,36,36,36,36,36,36,36,36,36 -> output: 8
input: 9 -> message: 36,36,36,36,36,36,36,36,36,36,36,36,36,36,36,36,36,36,36,36,36,36,36,36,36,36,36,36,36,36 -> output: 9
input: 10 -> message: 17,17,17,17,17,17,17,17,17,17,8,8,8,8,8,8,8,8,8,8,8,8,8,8,8,8,8,8,8,8 -> output: 10
input: 11 -> message: 17,17,17,17,17,17,17,17,17,17,8,27,27,27,27,27,27,27,27,27,27,27,27,27,27,36,27,27,27,27 -> output: 11
input: 12 -> message: 17,17,17,17,17,17,17,17,17,17,8,8,8,27,27,27,27,27,27,27,27,27,27,27,27,27,27,27,27,27 -> output: 12
input: 13 -> message: 17,17,17,17,17,17,17,17,17,17,17,8,8,8,8,8,8,8,8,27,27,27,27,27,27,27,27,27,27,27 -> output: 13
input: 14 -> message: 17,17,17,17,8,8,8,8,8,8,27,27,27,27,27,27,27,27,27,27,27,27,27,27,27,27,27,27,27,27 -> output: 14
input: 15 -> message: 17,17,17,17,17,17,17,17,17,17,27,27,27,27,27,27,27,27,27,27,27,27,27,27,27,27,27,27,27,27 -> output: 15
input: 16 -> message: 17,17,17,17,17,17,17,17,17,17,8,8,27,27,27,27,27,27,27,27,27,27,27,27,27,27,27,27,27,27 -> output: 16
input: 17 -> message: 8,8,8,8,8,8,8,8,8,8,8,8,8,8,8,8,8,8,8,8,8,8,8,8,8,8,8,8,8,8 -> output: 23
input: 18 -> message: 17,17,17,17,17,17,17,17,8,27,27,27,27,27,27,27,27,27,27,27,27,27,27,27,27,27,27,27,27,27 -> output: 18
input: 19 -> message: 17,17,17,17,17,39,39,36,36,36,36,36,36,36,36,36,36,36,36,36,36,36,36,36,36,36,36,36,36,36 -> output: 19
input: 20 -> message: 36,36,36,36,36,36,36,36,36,36,36,36,36,36,36,36,36,36,36,36,36,36,36,36,36,36,36,36,36,36 -> output: 9
input: 21 -> message: 17,36,17,36,36,36,36,36,36,36,36,36,36,36,36,36,36,36,36,36,36,36,36,36,36,36,36,36,36,36 -> output: 21
input: 22 -> message: 36,36,36,36,36,36,36,36,36,36,36,36,36,36,36,36,36,36,36,36,36,36,36,36,36,36,36,36,36,36 -> output: 9
input: 23 -> message: 8,8,8,8,8,8,8,8,8,8,8,8,8,8,8,8,8,8,8,8,8,8,8,8,8,8,8,8,8,8 -> output: 23
input: 24 -> message: 36,36,36,36,36,36,36,36,36,36,36,36,36,36,36,36,36,36,36,36,36,36,36,36,36,36,36,36,36,36 -> output: 9
input: 25 -> message: 17,17,17,17,39,39,36,36,36,36,36,36,36,36,36,36,36,36,36,36,36,36,36,36,36,36,36,36,36,36 -> output: 25
input: 26 -> message: 17,17,17,17,39,39,39,39,39,39,39,39,39,36,39,39,39,36,36,36,36,36,36,36,36,36,36,36,36,36 -> output: 26
input: 27 -> message: 36,17,36,36,36,36,36,36,36,36,36,36,36,36,36,36,36,36,36,36,36,36,36,36,36,36,36,36,36,36 -> output: 27
input: 28 -> message: 17,17,17,17,17,36,36,36,36,36,36,36,36,36,36,36,36,36,36,36,36,36,36,36,36,36,36,36,36,36 -> output: 28
input: 29 -> message: 36,36,36,36,36,36,36,36,36,36,36,36,36,36,36,36,36,36,36,36,36,36,36,36,36,36,36,36,36,36 -> output: 9
input: 30 -> message: 36,36,36,36,36,36,36,36,36,36,36,36,36,36,36,36,36,36,36,36,36,36,36,36,36,36,36,36,36,36 -> output: 9
input: 31 -> message: 17,17,17,17,36,36,36,36,36,36,36,36,36,36,36,36,36,36,36,36,36,36,36,36,36,36,36,36,36,36 -> output: 49
input: 32 -> message: 39,39,39,39,39,39,39,39,39,39,39,36,39,36,36,36,36,36,36,36,36,36,36,36,36,36,36,36,36,36 -> output: 35
input: 33 -> message: 36,36,36,36,36,36,36,36,36,36,36,36,36,36,36,36,36,36,36,36,36,36,36,36,36,36,36,36,36,36 -> output: 9
input: 34 -> message: 17,17,17,8,8,8,8,8,8,8,8,8,8,8,8,8,8,8,27,27,27,27,27,27,27,27,27,27,27,27 -> output: 34
input: 35 -> message: 39,39,39,39,39,39,39,39,39,39,39,36,36,36,36,36,36,36,36,36,36,36,36,36,36,36,36,36,36,36 -> output: 35
input: 36 -> message: 36,36,36,36,36,36,36,36,36,36,36,36,36,36,36,36,36,36,36,36,36,36,36,36,36,36,36,36,36,36 -> output: 9
input: 37 -> message: 17,39,36,36,36,36,36,36,36,36,36,36,36,36,36,36,36,36,36,36,36,36,36,36,36,36,36,36,36,36 -> output: 67
input: 38 -> message: 36,36,36,36,36,36,36,36,36,36,36,36,36,36,36,36,36,36,36,36,36,36,36,36,36,36,36,36,36,36 -> output: 9
input: 39 -> message: 36,39,36,36,36,36,36,36,36,36,36,36,36,36,36,36,36,36,36,36,36,36,36,36,36,36,36,36,36,36 -> output: 39
input: 40 -> message: 36,36,36,36,36,36,36,36,36,36,36,36,36,36,36,36,36,36,36,36,36,36,36,36,36,36,36,36,36,36 -> output: 9
input: 41 -> message: 17,17,17,17,36,36,36,36,36,36,36,36,36,36,36,36,36,36,36,36,36,36,36,36,36,36,36,36,36,36 -> output: 49
input: 42 -> message: 36,17,36,36,36,36,36,36,36,36,36,36,36,36,36,36,36,36,36,36,36,36,36,36,36,36,36,36,36,36 -> output: 27
input: 43 -> message: 17,27,17,36,36,36,36,36,36,36,36,36,36,36,36,36,36,36,36,36,36,36,36,36,36,36,36,36,36,36 -> output: 43
input: 44 -> message: 17,17,17,17,17,17,39,36,36,36,36,36,36,36,36,36,36,36,36,36,36,36,36,36,36,36,36,36,36,36 -> output: 44
input: 45 -> message: 17,17,17,17,17,17,17,17,17,36,36,36,36,36,36,36,36,36,36,36,36,36,36,36,36,36,36,36,36,36 -> output: 45
input: 46 -> message: 36,39,36,36,36,36,36,36,36,36,36,36,36,36,36,36,36,36,36,36,36,36,36,36,36,36,36,36,36,36 -> output: 39
input: 47 -> message: 36,36,36,36,36,36,36,36,36,36,36,36,36,36,36,36,36,36,36,36,36,36,36,36,36,36,36,36,36,36 -> output: 9
input: 48 -> message: 17,17,17,17,36,36,36,36,36,36,36,36,36,36,36,36,36,36,36,36,36,36,36,36,36,36,36,36,36,36 -> output: 49
input: 49 -> message: 17,17,17,17,36,36,36,36,36,36,36,36,36,36,36,36,36,36,36,36,36,36,36,36,36,36,36,36,36,36 -> output: 49
input: 50 -> message: 27,27,27,27,27,36,36,36,36,36,36,36,36,36,36,36,36,36,36,36,36,36,36,36,36,36,36,36,36,36 -> output: 50
input: 51 -> message: 17,17,17,17,17,36,36,36,36,36,36,36,36,36,36,36,36,36,36,36,36,36,36,36,36,36,36,36,36,36 -> output: 28
input: 52 -> message: 17,17,17,17,17,17,39,39,39,36,36,36,36,36,36,36,36,36,36,36,36,36,36,36,36,36,36,36,36,36 -> output: 52
input: 53 -> message: 17,17,17,17,17,36,36,36,36,36,36,36,36,36,36,36,36,36,36,36,36,36,36,36,36,36,36,36,36,36 -> output: 28
input: 54 -> message: 36,36,36,36,36,36,36,36,36,36,36,36,36,36,36,36,36,36,36,36,36,36,36,36,36,36,36,36,36,36 -> output: 9
input: 55 -> message: 36,36,36,36,36,36,36,36,36,36,36,36,36,36,36,36,36,36,36,36,36,36,36,36,36,36,36,36,36,36 -> output: 9
input: 56 -> message: 17,17,17,17,17,17,17,17,17,17,39,36,36,36,36,36,36,36,36,36,36,36,36,36,36,36,36,36,36,36 -> output: 86
input: 57 -> message: 36,36,36,36,36,36,36,36,36,36,36,36,36,36,36,36,36,36,36,36,36,36,36,36,36,36,36,36,36,36 -> output: 9
input: 58 -> message: 27,17,36,36,36,36,36,36,36,36,36,36,36,36,36,36,36,36,36,36,36,36,36,36,36,36,36,36,36,36 -> output: 58
input: 59 -> message: 36,39,36,36,36,36,36,36,36,36,36,36,36,36,36,36,36,36,36,36,36,36,36,36,36,36,36,36,36,36 -> output: 39
input: 60 -> message: 17,17,17,17,17,17,17,17,17,8,8,8,27,27,27,27,27,27,27,27,27,27,27,27,27,27,27,27,27,27 -> output: 60
input: 61 -> message: 36,36,36,36,36,36,36,36,36,36,36,36,36,36,36,36,36,36,36,36,36,36,36,36,36,36,36,36,36,36 -> output: 9
input: 62 -> message: 17,17,17,17,17,17,17,39,39,36,36,36,36,36,36,36,36,36,36,36,36,36,36,36,36,36,36,36,36,36 -> output: 62
input: 63 -> message: 17,17,17,17,17,17,17,36,36,36,36,36,36,36,36,36,36,36,36,36,36,36,36,36,36,36,36,36,36,36 -> output: 63
input: 64 -> message: 36,36,36,36,36,36,36,36,36,36,36,36,36,36,36,36,36,36,36,36,36,36,36,36,36,36,36,36,36,36 -> output: 9
input: 65 -> message: 36,17,36,36,36,36,36,36,36,36,36,36,36,36,36,36,36,36,36,36,36,36,36,36,36,36,36,36,36,36 -> output: 27
input: 66 -> message: 17,17,17,17,17,17,17,17,17,8,8,8,27,27,27,27,27,27,27,27,27,27,27,27,27,27,27,27,27,27 -> output: 60
input: 67 -> message: 17,39,36,36,36,36,36,36,36,36,36,36,36,36,36,36,36,36,36,36,36,36,36,36,36,36,36,36,36,36 -> output: 67
input: 68 -> message: 8,8,8,8,8,8,8,8,8,8,8,8,8,8,8,8,8,8,8,8,8,8,8,8,8,8,8,8,8,8 -> output: 23
input: 69 -> message: 17,17,17,17,17,17,17,17,17,17,17,8,8,8,8,8,8,8,8,27,27,27,27,27,27,27,27,27,27,27 -> output: 13
input: 70 -> message: 17,17,17,17,17,17,17,17,17,8,8,8,8,8,8,8,8,8,27,27,27,27,27,27,27,27,27,27,27,27 -> output: 70
input: 71 -> message: 39,36,36,36,36,36,36,36,36,36,36,36,36,36,36,36,36,36,36,36,36,36,36,36,36,36,36,36,36,36 -> output: 7
input: 72 -> message: 17,36,17,36,36,36,36,36,36,36,36,36,36,36,36,36,36,36,36,36,36,36,36,36,36,36,36,36,36,36 -> output: 21
input: 73 -> message: 36,36,36,36,36,36,36,36,36,36,36,36,36,36,36,36,36,36,36,36,36,36,36,36,36,36,36,36,36,36 -> output: 9
input: 74 -> message: 17,17,17,17,17,17,17,17,17,8,8,8,8,8,8,8,8,8,8,27,27,27,27,27,27,27,27,27,27,27 -> output: 74
input: 75 -> message: 17,17,17,17,17,17,17,17,17,17,17,8,8,8,8,8,8,8,27,27,27,27,27,27,27,27,27,27,27,27 -> output: 80
input: 76 -> message: 39,39,39,39,39,36,36,36,36,36,36,36,36,36,36,36,36,36,36,36,36,36,36,36,36,36,36,36,36,36 -> output: 76
input: 77 -> message: 17,39,36,36,36,36,36,36,36,36,36,36,36,36,36,36,36,36,36,36,36,36,36,36,36,36,36,36,36,36 -> output: 67
input: 78 -> message: 17,36,17,36,36,36,36,36,36,36,36,36,36,36,36,36,36,36,36,36,36,36,36,36,36,36,36,36,36,36 -> output: 21
input: 79 -> message: 17,17,17,17,17,17,17,17,8,8,8,27,27,27,27,27,27,27,27,27,27,27,27,27,27,27,27,27,27,27 -> output: 18
input: 80 -> message: 17,17,17,17,17,17,17,17,17,17,17,8,8,8,8,8,8,27,27,27,27,27,27,27,27,27,27,27,27,27 -> output: 80
input: 81 -> message: 36,36,36,36,36,36,36,36,36,36,36,36,36,36,36,36,36,36,36,36,36,36,36,36,36,36,36,36,36,36 -> output: 9
input: 82 -> message: 17,17,17,17,17,17,17,17,17,39,36,36,36,36,36,36,36,36,36,36,36,36,36,36,36,36,36,36,36,36 -> output: 86
input: 83 -> message: 17,17,17,17,17,17,17,17,27,36,36,36,36,36,36,36,36,36,36,27,27,27,27,27,27,27,27,27,27,27 -> output: 83
input: 84 -> message: 8,8,8,8,8,8,8,8,8,8,8,8,27,27,27,27,27,27,27,27,27,27,27,27,27,27,27,27,27,27 -> output: 84
input: 85 -> message: 36,36,36,36,36,36,36,36,36,36,36,36,36,36,36,36,36,36,36,36,36,36,36,36,36,36,36,36,36,36 -> output: 9
input: 86 -> message: 17,17,17,17,17,17,17,17,17,39,36,36,36,36,36,36,36,36,36,36,36,36,36,36,36,36,36,36,36,36 -> output: 86
input: 87 -> message: 36,36,36,36,36,36,36,36,36,36,36,36,36,36,36,36,36,36,36,36,36,36,36,36,36,36,36,36,36,36 -> output: 9
input: 88 -> message: 36,36,36,36,36,36,36,36,36,36,36,36,36,36,36,36,36,36,36,36,36,36,36,36,36,36,36,36,36,36 -> output: 9
input: 89 -> message: 17,17,17,17,17,17,17,17,17,17,17,17,8,8,8,8,8,8,8,8,8,8,8,27,27,27,27,27,27,27 -> output: 89
input: 90 -> message: 8,17,17,8,8,8,8,8,8,8,8,8,27,27,27,27,27,27,27,27,27,27,27,27,27,27,27,27,27,27 -> output: 14
input: 91 -> message: 39,36,36,36,36,36,36,36,36,36,36,36,36,36,36,36,36,36,36,36,36,36,36,36,36,36,36,36,36,36 -> output: 7
input: 92 -> message: 17,17,17,17,36,36,36,36,36,36,36,36,36,36,36,36,36,36,36,36,36,36,36,36,36,36,36,36,36,36 -> output: 49
input: 93 -> message: 36,17,36,36,36,36,36,36,36,36,36,36,36,36,36,36,36,36,36,36,36,36,36,36,36,36,36,36,36,36 -> output: 27
input: 94 -> message: 36,36,36,36,36,36,36,36,36,36,36,36,36,36,36,36,36,36,36,36,36,36,36,36,36,36,36,36,36,36 -> output: 9
input: 95 -> message: 36,36,36,36,36,36,36,36,36,36,36,36,36,36,36,36,36,36,36,36,36,36,36,36,36,36,36,36,36,36 -> output: 9
input: 96 -> message: 36,36,36,36,36,36,36,36,36,36,36,36,36,36,36,36,36,36,36,36,36,36,36,36,36,36,36,36,36,36 -> output: 9
input: 97 -> message: 8,8,8,8,8,8,8,8,8,8,8,8,8,8,8,8,8,8,8,27,27,27,27,27,27,27,27,27,27,27 -> output: 97
input: 98 -> message: 17,17,17,17,17,17,17,39,39,39,39,36,36,36,36,36,36,36,36,36,36,36,36,36,36,36,36,36,36,36 -> output: 62
input: 99 -> message: 17,17,17,17,17,17,8,8,8,8,8,8,27,27,27,27,27,27,27,27,27,27,27,27,27,27,27,27,27,27 -> output: 14
{"powerlaw": 0.8039303421974182, "unif": 0.48}
Epoch: 51
{"powerlaw": 0.8189482092857361, "unif": 0.52}
Epoch: 52
{"powerlaw": 0.8225765824317932, "unif": 0.53}
Epoch: 53
{"powerlaw": 0.8249043822288513, "unif": 0.55}
Epoch: 54
{"powerlaw": 0.8400217294692993, "unif": 0.6}
Epoch: 55
{"powerlaw": 0.8396271467208862, "unif": 0.6}
Epoch: 56
{"powerlaw": 0.7407171130180359, "unif": 0.38}
Epoch: 57
{"powerlaw": 0.8053100109100342, "unif": 0.56}
Epoch: 58
{"powerlaw": 0.8627197742462158, "unif": 0.67}
Epoch: 59
{"powerlaw": 0.8369207978248596, "unif": 0.62}
Epoch: 60
{"powerlaw": 0.7840558290481567, "unif": 0.45}
Epoch: 61
{"powerlaw": 0.8299863338470459, "unif": 0.56}
Epoch: 62
{"powerlaw": 0.8295370936393738, "unif": 0.58}
Epoch: 63
{"powerlaw": 0.8627482652664185, "unif": 0.66}
Epoch: 64
{"powerlaw": 0.8611487746238708, "unif": 0.62}
Epoch: 65
{"powerlaw": 0.8679550290107727, "unif": 0.67}
Epoch: 66
{"powerlaw": 0.8527848124504089, "unif": 0.62}
Epoch: 67
{"powerlaw": 0.86869215965271, "unif": 0.67}
Epoch: 68
{"powerlaw": 0.8734440207481384, "unif": 0.7}
Epoch: 69
{"powerlaw": 0.8580145835876465, "unif": 0.64}
Epoch: 70
{"powerlaw": 0.8801509737968445, "unif": 0.69}
Epoch: 71
{"powerlaw": 0.8080251812934875, "unif": 0.54}
Epoch: 72
{"powerlaw": 0.8460363745689392, "unif": 0.61}
Epoch: 73
{"powerlaw": 0.8633061647415161, "unif": 0.64}
Epoch: 74
{"powerlaw": 0.8749791979789734, "unif": 0.67}
Epoch: 75
{"powerlaw": 0.8860198855400085, "unif": 0.72}
Epoch: 76
{"powerlaw": 0.8646792769432068, "unif": 0.64}
Epoch: 77
{"powerlaw": 0.851849377155304, "unif": 0.62}
Epoch: 78
{"powerlaw": 0.89066082239151, "unif": 0.73}
Epoch: 79
{"powerlaw": 0.8879876136779785, "unif": 0.74}
Epoch: 80
{"powerlaw": 0.8961199522018433, "unif": 0.75}
Epoch: 81
{"powerlaw": 0.8833070993423462, "unif": 0.73}
Epoch: 82
{"powerlaw": 0.8928233981132507, "unif": 0.74}
Epoch: 83
{"powerlaw": 0.9000710844993591, "unif": 0.76}
Epoch: 84
{"powerlaw": 0.8826207518577576, "unif": 0.71}
Epoch: 85
{"powerlaw": 0.8967708945274353, "unif": 0.74}
Epoch: 86
{"powerlaw": 0.8265641927719116, "unif": 0.59}
Epoch: 87
{"powerlaw": 0.8311387300491333, "unif": 0.55}
Epoch: 88
{"powerlaw": 0.8467936515808105, "unif": 0.61}
Epoch: 89
{"powerlaw": 0.848212718963623, "unif": 0.62}
Epoch: 90
{"powerlaw": 0.8538240790367126, "unif": 0.62}
Epoch: 91
{"powerlaw": 0.8442286252975464, "unif": 0.61}
Epoch: 92
{"powerlaw": 0.8572136163711548, "unif": 0.64}
Epoch: 93
{"powerlaw": 0.8574017286300659, "unif": 0.64}
Epoch: 94
{"powerlaw": 0.8474352359771729, "unif": 0.61}
Epoch: 95
{"powerlaw": 0.8799706101417542, "unif": 0.7}
Epoch: 96
{"powerlaw": 0.8767424821853638, "unif": 0.69}
Epoch: 97
{"powerlaw": 0.8578036427497864, "unif": 0.64}
Epoch: 98
{"powerlaw": 0.873375654220581, "unif": 0.68}
Epoch: 99
{"powerlaw": 0.8523168563842773, "unif": 0.61}
Epoch: 100
input: 0 -> message: 39,39,39,39,39,39,39,39,39,39,39,39,39,39,39,39,39,39,39,39,39,39,39,39,39,39,39,39,39,39 -> output: 0
input: 1 -> message: 8,8,8,8,8,8,8,8,8,8,8,8,8,8,8,8,8,8,8,8,8,8,8,8,27,27,27,27,27,27 -> output: 1
input: 2 -> message: 8,8,8,8,8,8,27,27,27,27,27,27,27,27,27,27,27,27,27,27,27,27,27,27,27,27,27,27,27,27 -> output: 2
input: 3 -> message: 8,8,8,8,8,8,8,8,8,8,8,8,27,27,27,27,27,27,27,27,27,27,27,27,27,27,27,27,27,27 -> output: 3
input: 4 -> message: 27,27,27,27,27,27,27,27,27,27,27,27,27,27,27,27,27,27,27,27,27,27,27,27,27,27,27,27,27,27 -> output: 4
input: 5 -> message: 17,17,17,17,17,17,17,17,17,17,17,17,17,17,17,17,17,17,17,17,8,8,8,8,8,8,8,8,8,8 -> output: 5
input: 6 -> message: 39,39,39,39,39,39,39,39,39,39,39,39,36,39,39,39,39,36,36,36,36,36,36,36,36,36,36,36,36,36 -> output: 6
input: 7 -> message: 39,39,39,39,39,39,39,39,36,39,39,36,36,36,36,36,36,36,36,36,36,36,36,36,36,36,36,36,36,36 -> output: 7
input: 8 -> message: 39,39,39,39,39,39,39,39,39,39,39,39,39,39,39,39,39,39,39,39,39,39,36,39,36,36,36,36,36,36 -> output: 8
input: 9 -> message: 36,36,36,36,36,36,36,36,36,36,36,36,36,36,36,36,36,36,36,36,36,36,36,36,36,36,36,36,36,36 -> output: 9
input: 10 -> message: 8,17,8,8,8,8,8,8,8,8,8,8,8,8,8,8,8,8,8,8,8,8,8,8,8,8,8,8,8,8 -> output: 10
input: 11 -> message: 17,17,17,17,17,17,17,17,17,17,17,8,8,8,8,8,8,8,8,8,8,8,8,8,8,8,8,8,8,8 -> output: 11
input: 12 -> message: 17,17,17,17,17,17,17,17,17,17,17,8,8,8,8,8,8,8,8,8,27,27,27,27,27,27,27,27,27,27 -> output: 12
input: 13 -> message: 17,17,17,17,17,17,17,17,17,17,17,8,8,8,8,8,8,8,8,8,8,8,8,8,8,27,27,27,27,8 -> output: 13
input: 14 -> message: 17,8,8,8,8,8,8,27,8,27,27,27,27,27,27,27,27,27,27,27,27,27,27,27,27,27,27,27,27,27 -> output: 14
input: 15 -> message: 17,17,17,17,17,17,17,17,17,17,17,17,27,27,27,27,27,27,27,27,27,27,27,36,36,36,36,36,36,36 -> output: 15
input: 16 -> message: 17,17,17,17,17,17,17,17,17,17,17,17,8,8,8,8,8,8,27,27,27,27,27,27,27,27,27,27,27,27 -> output: 16
input: 17 -> message: 8,8,8,8,8,8,8,8,8,8,8,8,8,8,8,8,8,8,8,8,8,8,8,8,8,8,8,8,8,8 -> output: 17
input: 18 -> message: 27,17,27,27,27,27,27,27,27,27,27,27,27,27,27,27,27,27,27,27,27,27,27,27,27,27,27,27,27,27 -> output: 18
input: 19 -> message: 17,17,17,17,17,17,17,17,17,17,17,17,17,17,17,17,17,17,17,17,17,8,36,36,36,36,36,36,36,36 -> output: 19
input: 20 -> message: 36,36,36,36,36,36,36,36,36,36,36,36,36,36,36,36,36,36,36,36,36,36,36,36,36,36,36,36,36,36 -> output: 9
input: 21 -> message: 36,36,17,36,36,36,36,36,36,36,36,36,36,36,36,36,36,36,36,36,36,36,36,36,36,36,36,36,36,36 -> output: 21
input: 22 -> message: 36,36,36,36,36,36,36,36,36,36,36,36,36,36,36,36,36,36,36,36,36,36,36,36,36,36,36,36,36,36 -> output: 9
input: 23 -> message: 8,8,8,8,8,8,8,8,8,8,8,8,8,8,8,8,8,8,8,8,8,8,8,8,8,8,8,8,8,8 -> output: 17
input: 24 -> message: 36,36,36,36,36,36,36,36,36,36,36,36,36,36,36,36,36,36,36,36,36,36,36,36,36,36,36,36,36,36 -> output: 9
input: 25 -> message: 17,39,17,17,17,17,17,17,17,17,39,39,39,39,39,39,39,39,39,36,36,36,36,36,36,36,36,36,36,36 -> output: 25
input: 26 -> message: 17,39,17,17,39,39,39,39,39,39,39,39,39,39,39,39,39,39,39,39,39,39,39,39,39,39,39,39,39,39 -> output: 26
input: 27 -> message: 17,17,17,17,17,17,17,17,36,36,36,36,36,36,36,36,36,36,36,36,36,36,36,36,36,36,36,36,36,36 -> output: 27
input: 28 -> message: 17,17,17,17,17,17,17,17,17,17,17,17,17,17,17,17,17,17,17,17,8,8,8,8,27,27,27,27,27,27 -> output: 28
input: 29 -> message: 36,36,36,36,36,36,36,36,36,36,36,36,36,36,36,36,36,36,36,36,36,36,36,36,36,36,36,36,36,36 -> output: 9
input: 30 -> message: 36,36,36,36,36,36,36,36,36,36,36,36,36,36,36,36,36,36,36,36,36,36,36,36,36,36,36,36,36,36 -> output: 9
input: 31 -> message: 17,17,17,17,17,17,17,17,17,17,17,17,17,17,17,17,17,17,17,36,36,36,36,36,36,36,36,36,36,36 -> output: 31
input: 32 -> message: 39,39,39,39,39,39,39,39,39,39,39,39,39,39,39,39,39,39,36,39,36,36,36,36,36,36,36,36,36,36 -> output: 32
input: 33 -> message: 36,36,36,36,36,36,36,36,36,36,36,36,36,36,36,36,36,36,36,36,36,36,36,36,36,36,36,36,36,36 -> output: 9
input: 34 -> message: 8,17,8,8,8,8,8,8,8,8,8,8,8,8,8,8,8,8,8,8,27,27,27,27,27,27,27,27,27,27 -> output: 34
input: 35 -> message: 39,39,39,39,39,39,39,39,39,39,39,39,39,39,39,39,39,39,39,39,36,39,36,36,36,36,36,36,36,36 -> output: 35
input: 36 -> message: 36,36,39,36,36,36,36,36,36,36,36,36,36,36,36,36,36,36,36,36,36,36,36,36,36,36,36,36,36,36 -> output: 36
input: 37 -> message: 39,39,39,39,39,36,39,36,36,36,36,36,36,36,36,36,36,36,36,36,36,36,36,36,36,36,36,36,36,36 -> output: 37
input: 38 -> message: 17,17,17,17,17,17,17,17,17,17,17,17,17,17,17,17,17,17,17,17,8,36,36,36,36,36,36,36,36,36 -> output: 38
input: 39 -> message: 36,36,36,36,36,36,36,36,36,36,36,36,36,36,36,36,36,36,36,36,36,36,36,36,36,36,36,36,36,36 -> output: 9
input: 40 -> message: 36,36,36,36,36,36,36,36,36,36,36,36,36,36,36,36,36,36,36,36,36,36,36,36,36,36,36,36,36,36 -> output: 9
input: 41 -> message: 36,39,39,36,36,36,36,36,36,36,36,36,36,36,36,36,36,36,36,36,36,36,36,36,36,36,36,36,36,36 -> output: 41
input: 42 -> message: 36,36,36,36,36,36,36,36,36,36,36,36,36,36,36,36,36,36,36,36,36,36,36,36,36,36,36,36,36,36 -> output: 9
input: 43 -> message: 17,17,17,17,17,17,17,17,17,17,17,17,17,17,17,17,17,17,17,8,8,27,27,27,27,36,36,36,27,27 -> output: 43
input: 44 -> message: 17,17,17,17,17,17,17,17,17,17,17,17,17,17,17,17,17,17,17,17,8,8,8,27,36,36,36,36,36,36 -> output: 44
input: 45 -> message: 17,39,17,39,39,39,39,39,39,39,36,36,36,36,36,36,36,36,36,36,36,36,36,36,36,36,36,36,36,36 -> output: 45
input: 46 -> message: 36,36,36,36,36,36,36,36,36,36,36,36,36,36,36,36,36,36,36,36,36,36,36,36,36,36,36,36,36,36 -> output: 9
input: 47 -> message: 36,36,36,36,36,36,36,36,36,36,36,36,36,36,36,36,36,36,36,36,36,36,36,36,36,36,36,36,36,36 -> output: 9
input: 48 -> message: 36,39,39,39,36,36,36,36,36,36,36,36,36,36,36,36,36,36,36,36,36,36,36,36,36,36,36,36,36,36 -> output: 49
input: 49 -> message: 36,39,36,36,36,36,36,36,36,36,36,36,36,36,36,36,36,36,36,36,36,36,36,36,36,36,36,36,36,36 -> output: 36
input: 50 -> message: 17,17,17,17,17,27,27,27,27,27,27,36,36,36,36,36,36,36,36,36,36,36,36,36,36,36,36,36,36,36 -> output: 50
input: 51 -> message: 17,17,17,17,17,17,17,17,17,17,17,17,17,17,17,17,17,17,17,8,27,27,27,36,36,36,36,36,36,36 -> output: 51
input: 52 -> message: 17,17,17,17,17,17,17,17,17,17,17,17,17,17,17,17,17,17,17,17,39,17,39,39,36,36,36,36,36,36 -> output: 52
input: 53 -> message: 17,17,17,17,17,17,17,17,17,17,17,17,17,17,17,17,17,17,17,17,27,27,27,36,36,36,36,36,36,36 -> output: 53
input: 54 -> message: 36,36,36,36,36,36,36,36,36,36,36,36,36,36,36,36,36,36,36,36,36,36,36,36,36,36,36,36,36,36 -> output: 9
input: 55 -> message: 36,36,36,36,36,36,36,36,36,36,36,36,36,36,36,36,36,36,36,36,36,36,36,36,36,36,36,36,36,36 -> output: 9
input: 56 -> message: 17,17,17,17,17,17,17,17,17,17,17,17,17,17,17,17,17,17,8,8,8,8,8,8,8,8,8,8,8,8 -> output: 56
input: 57 -> message: 36,36,36,36,36,36,36,36,36,36,36,36,36,36,36,36,36,36,36,36,36,36,36,36,36,36,36,36,36,36 -> output: 9
input: 58 -> message: 27,17,36,36,27,27,27,27,27,36,36,36,36,36,36,36,36,36,36,36,36,36,36,36,36,36,36,36,36,36 -> output: 58
input: 59 -> message: 39,36,39,39,39,36,36,36,36,36,36,36,36,36,36,36,36,36,36,36,36,36,36,36,36,36,36,36,36,36 -> output: 71
input: 60 -> message: 17,17,17,17,17,17,17,8,8,8,8,8,8,8,8,8,8,8,27,27,27,27,27,27,27,27,27,27,27,27 -> output: 60
input: 61 -> message: 36,36,36,36,36,36,36,36,36,36,36,36,36,36,36,36,36,36,36,36,36,36,36,36,36,36,36,36,36,36 -> output: 9
input: 62 -> message: 17,17,17,17,17,17,17,17,17,17,17,17,17,17,17,17,17,17,17,17,8,8,8,8,8,8,8,8,8,8 -> output: 5
input: 63 -> message: 17,17,17,17,17,17,17,17,17,17,17,17,17,17,8,8,8,8,8,8,8,8,8,8,8,27,27,27,27,8 -> output: 63
input: 64 -> message: 36,36,36,36,36,36,36,36,36,36,36,36,36,36,36,36,36,36,36,36,36,36,36,36,36,36,36,36,36,36 -> output: 9
input: 65 -> message: 17,17,17,17,17,17,17,17,17,17,17,17,17,17,17,17,17,17,27,27,36,36,36,36,36,36,36,36,36,36 -> output: 65
input: 66 -> message: 17,17,17,17,17,8,8,8,8,8,27,27,27,27,27,27,27,27,27,27,27,27,27,27,27,27,27,27,27,27 -> output: 66
input: 67 -> message: 39,17,39,36,36,36,36,36,36,36,36,36,36,36,36,36,36,36,36,36,36,36,36,36,36,36,36,36,36,36 -> output: 67
input: 68 -> message: 8,8,8,8,8,8,8,8,8,8,8,8,8,8,8,8,8,8,8,8,8,8,8,8,8,8,8,8,8,8 -> output: 17
input: 69 -> message: 17,17,17,17,17,17,17,17,17,17,17,17,17,17,8,8,8,8,8,8,8,8,8,8,8,8,8,8,8,8 -> output: 69
input: 70 -> message: 17,17,17,17,8,8,8,8,8,8,8,8,8,8,8,8,8,8,8,8,8,27,27,27,27,27,27,27,27,27 -> output: 70
input: 71 -> message: 39,36,39,39,36,36,36,36,36,36,36,36,36,36,36,36,36,36,36,36,36,36,36,36,36,36,36,36,36,36 -> output: 71
input: 72 -> message: 17,17,17,17,17,17,17,17,17,17,17,17,17,17,17,17,17,17,17,8,27,27,27,27,36,36,36,36,36,36 -> output: 72
input: 73 -> message: 36,36,36,36,36,36,36,36,36,36,36,36,36,36,36,36,36,36,36,36,36,36,36,36,36,36,36,36,36,36 -> output: 9
input: 74 -> message: 17,17,17,8,8,8,8,8,8,8,8,8,8,8,8,8,8,8,8,8,8,8,8,8,27,27,27,27,27,27 -> output: 74
input: 75 -> message: 17,17,17,17,17,17,17,17,17,17,8,8,8,27,8,8,8,27,27,27,27,27,27,27,27,27,27,27,27,27 -> output: 75
input: 76 -> message: 39,17,39,39,39,39,39,39,39,39,39,36,39,36,36,36,36,36,36,36,36,36,36,36,36,36,36,36,36,36 -> output: 76
input: 77 -> message: 36,36,39,36,36,36,36,36,36,36,36,36,36,36,36,36,36,36,36,36,36,36,36,36,36,36,36,36,36,36 -> output: 36
input: 78 -> message: 36,17,36,36,36,36,36,36,36,36,36,36,36,36,36,36,36,36,36,36,36,36,36,36,36,36,36,36,36,36 -> output: 21
input: 79 -> message: 17,17,17,8,8,8,8,8,8,8,8,27,27,27,27,27,27,27,27,27,27,27,27,27,27,27,27,27,27,27 -> output: 79
input: 80 -> message: 17,17,17,17,17,17,17,17,17,17,17,17,17,17,17,17,17,17,8,8,8,8,8,8,27,27,27,27,27,27 -> output: 80
input: 81 -> message: 36,36,39,36,36,36,36,36,36,36,36,36,36,36,36,36,36,36,36,36,36,36,36,36,36,36,36,36,36,36 -> output: 36
input: 82 -> message: 17,17,17,17,17,17,17,17,17,17,17,17,17,17,17,17,17,17,17,17,17,17,8,8,8,8,36,8,8,8 -> output: 82
input: 83 -> message: 17,17,17,17,17,17,8,8,27,8,27,27,27,27,27,27,27,27,27,27,27,27,27,27,27,27,27,27,27,27 -> output: 83
input: 84 -> message: 8,17,8,8,8,8,8,8,8,8,27,27,27,27,27,27,27,27,27,27,27,27,27,27,27,27,27,27,27,27 -> output: 84
input: 85 -> message: 36,36,36,36,36,36,36,36,36,36,36,36,36,36,36,36,36,36,36,36,36,36,36,36,36,36,36,36,36,36 -> output: 9
input: 86 -> message: 17,17,17,17,17,17,17,17,17,17,17,17,17,17,17,17,17,17,17,17,17,17,17,17,39,39,39,39,39,39 -> output: 86
input: 87 -> message: 27,17,36,36,36,36,36,36,36,36,36,36,36,36,36,36,36,36,36,36,36,36,36,36,36,36,36,36,36,36 -> output: 87
input: 88 -> message: 27,27,27,27,27,27,36,36,36,36,36,36,36,36,36,36,36,36,36,36,36,36,36,36,36,36,36,36,36,36 -> output: 88
input: 89 -> message: 17,17,17,17,17,8,8,8,8,8,8,8,8,8,8,8,8,8,8,8,8,8,8,8,8,8,8,8,8,8 -> output: 89
input: 90 -> message: 8,17,8,8,8,8,8,8,8,8,8,8,8,8,8,8,8,27,27,27,27,27,27,27,27,27,27,27,27,27 -> output: 90
input: 91 -> message: 39,39,39,39,36,36,36,36,36,36,36,36,36,36,36,36,36,36,36,36,36,36,36,36,36,36,36,36,36,36 -> output: 59
input: 92 -> message: 17,17,17,17,17,17,17,17,17,17,17,17,17,17,17,17,17,8,8,8,27,27,27,27,27,27,27,27,27,27 -> output: 92
input: 93 -> message: 36,39,39,39,36,36,36,36,36,36,36,36,36,36,36,36,36,36,36,36,36,36,36,36,36,36,36,36,36,36 -> output: 49
input: 94 -> message: 36,36,36,36,36,36,36,36,36,36,36,36,36,36,36,36,36,36,36,36,36,36,36,36,36,36,36,36,36,36 -> output: 9
input: 95 -> message: 36,36,36,36,36,36,36,36,36,36,36,36,36,36,36,36,36,36,36,36,36,36,36,36,36,36,36,36,36,36 -> output: 9
input: 96 -> message: 36,39,36,36,36,36,36,36,36,36,36,36,36,36,36,36,36,36,36,36,36,36,36,36,36,36,36,36,36,36 -> output: 36
input: 97 -> message: 8,8,8,8,8,8,8,8,8,8,8,8,8,8,8,8,8,8,8,27,27,27,27,27,27,27,27,27,27,27 -> output: 97
input: 98 -> message: 17,17,17,17,17,17,17,17,17,17,17,17,17,17,17,17,17,17,17,17,17,17,17,39,39,36,36,36,39,39 -> output: 98
input: 99 -> message: 17,17,17,17,17,8,8,8,8,8,8,8,8,8,8,8,8,8,27,27,27,27,27,27,27,27,27,27,27,27 -> output: 99
{"powerlaw": 0.8707761168479919, "unif": 0.68}
Epoch: 101
{"powerlaw": 0.862269401550293, "unif": 0.66}
Epoch: 102
{"powerlaw": 0.8685309886932373, "unif": 0.68}
Epoch: 103
{"powerlaw": 0.8606005907058716, "unif": 0.66}
Epoch: 104
{"powerlaw": 0.8637005090713501, "unif": 0.67}
Epoch: 105
{"powerlaw": 0.8752458095550537, "unif": 0.69}
Epoch: 106
{"powerlaw": 0.8280435800552368, "unif": 0.57}
Epoch: 107
{"powerlaw": 0.8756879568099976, "unif": 0.7}
Epoch: 108
{"powerlaw": 0.8721691370010376, "unif": 0.69}
Epoch: 109
{"powerlaw": 0.8718373775482178, "unif": 0.68}
Epoch: 110
{"powerlaw": 0.873016893863678, "unif": 0.7}
Epoch: 111
{"powerlaw": 0.8305523991584778, "unif": 0.58}
Epoch: 112
{"powerlaw": 0.8688771724700928, "unif": 0.7}
Epoch: 113
{"powerlaw": 0.8761796951293945, "unif": 0.71}
Epoch: 114
{"powerlaw": 0.8815797567367554, "unif": 0.72}
Epoch: 115
{"powerlaw": 0.8785038590431213, "unif": 0.72}
Epoch: 116
{"powerlaw": 0.8831366300582886, "unif": 0.73}
Epoch: 117
{"powerlaw": 0.8844247460365295, "unif": 0.73}
Epoch: 118
{"powerlaw": 0.8805447816848755, "unif": 0.73}
Epoch: 119
{"powerlaw": 0.8726180195808411, "unif": 0.7}
Epoch: 120
{"powerlaw": 0.8865025043487549, "unif": 0.73}
Epoch: 121
{"powerlaw": 0.8677874803543091, "unif": 0.68}
Epoch: 122
{"powerlaw": 0.8873396515846252, "unif": 0.73}
Epoch: 123
{"powerlaw": 0.8881619572639465, "unif": 0.73}
Epoch: 124
{"powerlaw": 0.8797954320907593, "unif": 0.71}
Epoch: 125
{"powerlaw": 0.888495683670044, "unif": 0.73}
Epoch: 126
{"powerlaw": 0.8892329931259155, "unif": 0.73}
Epoch: 127
{"powerlaw": 0.8861343860626221, "unif": 0.73}
Epoch: 128
{"powerlaw": 0.8915556073188782, "unif": 0.74}
Epoch: 129
{"powerlaw": 0.845262885093689, "unif": 0.58}
Epoch: 130
{"powerlaw": 0.8819419145584106, "unif": 0.72}
Epoch: 131
{"powerlaw": 0.8779063820838928, "unif": 0.71}
Epoch: 132
{"powerlaw": 0.8790850043296814, "unif": 0.73}
Epoch: 133
{"powerlaw": 0.8850460648536682, "unif": 0.72}
Epoch: 134
{"powerlaw": 0.894869863986969, "unif": 0.76}
Epoch: 135
{"powerlaw": 0.8014364838600159, "unif": 0.47}
Epoch: 136
{"powerlaw": 0.8787261247634888, "unif": 0.71}
Epoch: 137
{"powerlaw": 0.8770904541015625, "unif": 0.7}
Epoch: 138
{"powerlaw": 0.8791858553886414, "unif": 0.71}
Epoch: 139
{"powerlaw": 0.8787261247634888, "unif": 0.71}
Epoch: 140
{"powerlaw": 0.8782178163528442, "unif": 0.71}
Epoch: 141
{"powerlaw": 0.8764312267303467, "unif": 0.71}
Epoch: 142
{"powerlaw": 0.878593921661377, "unif": 0.71}
Epoch: 143
{"powerlaw": 0.8738274574279785, "unif": 0.7}
Epoch: 144
{"powerlaw": 0.8807436227798462, "unif": 0.71}
Epoch: 145
{"powerlaw": 0.855499804019928, "unif": 0.65}
Epoch: 146
{"powerlaw": 0.8672338128089905, "unif": 0.67}
Epoch: 147
{"powerlaw": 0.864857017993927, "unif": 0.67}
Epoch: 148
{"powerlaw": 0.8692612051963806, "unif": 0.68}
Epoch: 149
{"powerlaw": 0.8676735162734985, "unif": 0.68}
Epoch: 150
input: 0 -> message: 39,39,39,39,39,39,39,39,39,39,39,39,39,39,39,39,39,39,39,39,39,39,39,39,39,39,39,39,39,39 -> output: 0
input: 1 -> message: 8,8,8,8,8,8,8,8,8,8,8,8,8,8,8,8,8,8,8,8,8,8,27,27,27,27,27,27,27,27 -> output: 1
input: 2 -> message: 8,8,8,8,8,27,27,27,27,27,27,27,27,27,27,27,27,27,27,27,27,27,27,27,27,27,27,27,27,27 -> output: 2
input: 3 -> message: 8,8,8,8,8,8,8,27,27,27,27,27,27,27,27,27,27,27,27,27,27,27,27,27,27,27,27,27,27,27 -> output: 3
input: 4 -> message: 27,27,27,27,27,27,27,27,27,27,27,27,27,27,27,27,27,27,27,27,27,27,27,27,27,27,27,27,27,27 -> output: 4
input: 5 -> message: 17,17,17,17,17,17,17,17,17,17,17,17,17,17,17,17,17,17,17,8,8,8,8,8,8,8,8,8,8,8 -> output: 5
input: 6 -> message: 39,39,39,39,39,39,39,39,39,39,36,36,36,36,36,36,36,36,36,36,36,36,36,36,36,36,36,36,36,36 -> output: 6
input: 7 -> message: 39,39,39,39,39,36,36,36,36,36,36,36,36,36,36,36,36,36,36,36,36,36,36,36,36,36,36,36,36,36 -> output: 7
input: 8 -> message: 39,39,39,39,39,39,39,39,39,39,39,39,39,39,39,39,39,39,39,39,39,39,39,36,36,36,36,36,36,39 -> output: 8
input: 9 -> message: 36,36,36,36,36,36,36,36,36,36,36,36,36,36,36,36,36,36,36,36,36,36,36,36,36,36,36,36,36,36 -> output: 9
input: 10 -> message: 8,17,8,8,8,8,8,8,8,8,8,8,8,8,8,8,8,8,8,8,8,8,8,8,8,8,8,8,8,8 -> output: 10
input: 11 -> message: 17,17,17,17,17,17,17,17,17,8,8,8,8,8,8,8,8,8,8,8,8,8,8,8,8,8,8,8,8,8 -> output: 11
input: 12 -> message: 17,17,17,17,17,17,17,17,17,17,17,8,8,8,8,8,8,8,27,27,27,27,27,27,27,27,27,27,27,27 -> output: 12
input: 13 -> message: 17,17,17,17,17,8,8,8,8,8,8,8,8,8,8,8,8,8,8,8,8,8,8,27,27,27,27,27,27,8 -> output: 13
input: 14 -> message: 17,8,8,8,27,27,27,27,27,27,27,27,27,27,27,27,27,27,27,27,27,27,27,27,27,27,27,27,27,27 -> output: 14
input: 15 -> message: 17,17,17,17,17,17,17,17,27,27,27,27,36,27,36,36,36,36,36,36,36,36,36,36,36,36,36,36,36,36 -> output: 15
input: 16 -> message: 17,17,17,17,17,17,17,17,17,17,17,17,17,8,8,27,27,27,27,27,27,27,27,27,27,27,27,27,27,27 -> output: 16
input: 17 -> message: 8,8,8,8,8,8,8,8,8,8,8,8,8,8,8,8,8,8,8,8,8,8,8,8,8,8,8,8,8,8 -> output: 17
input: 18 -> message: 27,17,27,27,27,27,27,27,27,27,27,27,27,27,27,27,27,27,27,27,27,27,27,27,27,27,27,27,27,27 -> output: 18
input: 19 -> message: 17,17,17,17,17,17,17,17,17,17,17,17,17,17,17,17,17,17,17,17,17,17,17,17,17,17,17,17,17,17 -> output: 19
input: 20 -> message: 36,36,36,36,36,36,36,36,36,36,36,36,36,36,36,36,36,36,36,36,36,36,36,36,36,36,36,36,36,36 -> output: 9
input: 21 -> message: 17,17,17,17,36,36,36,36,36,36,36,36,36,36,36,36,36,36,36,36,36,36,36,36,36,36,36,36,36,36 -> output: 21
input: 22 -> message: 36,36,36,36,36,36,36,36,36,36,36,36,36,36,36,36,36,36,36,36,36,36,36,36,36,36,36,36,36,36 -> output: 9
input: 23 -> message: 8,8,8,8,8,8,8,8,8,8,8,8,8,8,8,8,8,8,8,8,8,8,8,8,8,8,8,8,8,8 -> output: 17
input: 24 -> message: 36,36,36,36,36,36,36,36,36,36,36,36,36,36,36,36,36,36,36,36,36,36,36,36,36,36,36,36,36,36 -> output: 9
input: 25 -> message: 17,17,17,17,39,39,39,39,39,39,39,36,36,36,36,36,36,36,36,36,36,36,36,36,36,36,36,36,36,36 -> output: 25
input: 26 -> message: 39,17,39,39,39,39,39,39,39,39,39,39,39,39,39,39,39,39,39,39,39,39,39,39,39,39,39,39,39,39 -> output: 26
input: 27 -> message: 17,36,17,36,36,36,36,36,36,36,36,36,36,36,36,36,36,36,36,36,36,36,36,36,36,36,36,36,36,36 -> output: 27
input: 28 -> message: 17,17,17,17,17,17,17,17,17,17,17,17,17,17,17,17,8,8,8,27,27,27,27,27,27,27,27,27,27,27 -> output: 28
input: 29 -> message: 36,36,36,36,36,36,36,36,36,36,36,36,36,36,36,36,36,36,36,36,36,36,36,36,36,36,36,36,36,36 -> output: 9
input: 30 -> message: 36,17,36,36,36,36,36,36,36,36,36,36,36,36,36,36,36,36,36,36,36,36,36,36,36,36,36,36,36,36 -> output: 42
input: 31 -> message: 17,17,17,17,36,36,36,36,36,36,36,36,36,36,36,36,36,36,36,36,36,36,36,36,36,36,36,36,36,36 -> output: 21
input: 32 -> message: 39,39,39,39,39,39,39,39,39,39,39,39,39,39,39,39,36,36,36,36,36,36,36,36,36,36,36,36,36,36 -> output: 32
input: 33 -> message: 17,36,36,36,36,36,36,36,36,36,36,36,36,36,36,36,36,36,36,36,36,36,36,36,36,36,36,36,36,36 -> output: 33
input: 34 -> message: 17,8,8,8,8,8,8,8,8,8,8,8,8,8,8,8,8,8,8,8,27,27,27,27,27,27,27,27,27,27 -> output: 34
input: 35 -> message: 39,39,39,39,39,39,39,39,39,39,39,39,39,39,39,39,39,39,36,39,36,36,36,36,36,36,36,36,36,36 -> output: 35
input: 36 -> message: 17,36,36,36,36,36,36,36,36,36,36,36,36,36,36,36,36,36,36,36,36,36,36,36,36,36,36,36,36,36 -> output: 33
input: 37 -> message: 39,17,39,39,39,39,39,39,36,36,36,36,36,36,36,36,36,36,36,36,36,36,36,36,36,36,36,36,36,36 -> output: 37
input: 38 -> message: 17,17,17,17,17,17,17,17,17,17,17,39,39,39,36,36,36,36,36,36,36,36,36,36,36,36,36,36,36,36 -> output: 38
input: 39 -> message: 36,36,36,36,36,36,36,36,36,36,36,36,36,36,36,36,36,36,36,36,36,36,36,36,36,36,36,36,36,36 -> output: 9
input: 40 -> message: 17,36,36,36,36,36,36,36,36,36,36,36,36,36,36,36,36,36,36,36,36,36,36,36,36,36,36,36,36,36 -> output: 33
input: 41 -> message: 17,36,36,36,36,36,36,36,36,36,36,36,36,36,36,36,36,36,36,36,36,36,36,36,36,36,36,36,36,36 -> output: 33
input: 42 -> message: 36,17,36,36,36,36,36,36,36,36,36,36,36,36,36,36,36,36,36,36,36,36,36,36,36,36,36,36,36,36 -> output: 42
input: 43 -> message: 17,17,17,17,17,17,17,17,17,17,36,17,36,36,36,36,36,36,36,36,36,36,36,36,36,36,36,36,36,36 -> output: 43
input: 44 -> message: 17,17,17,17,17,17,17,17,39,36,36,36,36,36,36,36,36,36,36,36,36,36,36,36,36,36,36,36,36,36 -> output: 44
input: 45 -> message: 17,17,17,17,39,39,39,39,36,36,36,36,36,36,36,36,36,36,36,36,36,36,36,36,36,36,36,36,36,36 -> output: 45
input: 46 -> message: 17,36,36,36,36,36,36,36,36,36,36,36,36,36,36,36,36,36,36,36,36,36,36,36,36,36,36,36,36,36 -> output: 33
input: 47 -> message: 36,36,36,36,36,36,36,36,36,36,36,36,36,36,36,36,36,36,36,36,36,36,36,36,36,36,36,36,36,36 -> output: 9
input: 48 -> message: 17,39,17,36,36,36,36,36,36,36,36,36,36,36,36,36,36,36,36,36,36,36,36,36,36,36,36,36,36,36 -> output: 48
input: 49 -> message: 17,36,36,36,36,36,36,36,36,36,36,36,36,36,36,36,36,36,36,36,36,36,36,36,36,36,36,36,36,36 -> output: 33
input: 50 -> message: 17,27,27,27,36,36,36,36,36,36,36,36,36,36,36,36,36,36,36,36,36,36,36,36,36,36,36,36,36,36 -> output: 50
input: 51 -> message: 17,17,17,17,17,17,17,17,36,36,36,36,36,36,36,36,36,36,36,36,36,36,36,36,36,36,36,36,36,36 -> output: 51
input: 52 -> message: 17,17,17,17,17,17,39,39,39,39,39,39,39,39,39,39,39,39,39,36,36,36,36,36,36,36,36,36,36,36 -> output: 52
input: 53 -> message: 17,17,17,17,17,17,17,17,17,17,17,17,17,17,17,36,36,36,36,36,36,36,36,36,36,36,36,36,36,36 -> output: 53
input: 54 -> message: 36,36,36,36,36,36,36,36,36,36,36,36,36,36,36,36,36,36,36,36,36,36,36,36,36,36,36,36,36,36 -> output: 9
input: 55 -> message: 36,36,36,36,36,36,36,36,36,36,36,36,36,36,36,36,36,36,36,36,36,36,36,36,36,36,36,36,36,36 -> output: 9
input: 56 -> message: 17,17,17,17,17,17,17,17,17,17,17,17,17,17,17,8,8,8,8,8,8,8,8,8,8,27,27,27,8,8 -> output: 56
input: 57 -> message: 36,36,36,36,36,36,36,36,36,36,36,36,36,36,36,36,36,36,36,36,36,36,36,36,36,36,36,36,36,36 -> output: 9
input: 58 -> message: 17,27,36,27,27,36,36,36,36,36,36,36,36,36,36,36,36,36,36,36,36,36,36,36,36,36,36,36,36,36 -> output: 58
input: 59 -> message: 39,36,39,36,36,36,36,36,36,36,36,36,36,36,36,36,36,36,36,36,36,36,36,36,36,36,36,36,36,36 -> output: 59
input: 60 -> message: 17,8,8,8,8,8,8,8,8,8,8,8,8,8,8,27,27,27,27,27,27,27,27,27,27,27,27,27,27,27 -> output: 60
input: 61 -> message: 36,36,36,36,36,36,36,36,36,36,36,36,36,36,36,36,36,36,36,36,36,36,36,36,36,36,36,36,36,36 -> output: 9
input: 62 -> message: 17,17,17,17,17,17,17,17,17,17,17,17,17,17,17,17,17,17,17,17,17,17,17,17,17,17,17,17,17,17 -> output: 19
input: 63 -> message: 17,17,17,17,17,17,17,17,17,17,17,17,8,8,8,8,8,8,8,8,8,8,27,27,27,27,27,27,27,27 -> output: 63
input: 64 -> message: 36,36,36,36,36,36,36,36,36,36,36,36,36,36,36,36,36,36,36,36,36,36,36,36,36,36,36,36,36,36 -> output: 9
input: 65 -> message: 17,17,17,36,36,36,36,36,36,36,36,36,36,36,36,36,36,36,36,36,36,36,36,36,36,36,36,36,36,36 -> output: 65
input: 66 -> message: 17,17,17,17,17,8,8,8,27,27,27,27,27,27,27,27,27,27,27,27,27,27,27,27,27,27,27,27,27,27 -> output: 66
input: 67 -> message: 17,17,17,39,36,36,36,36,36,36,36,36,36,36,36,36,36,36,36,36,36,36,36,36,36,36,36,36,36,36 -> output: 67
input: 68 -> message: 8,8,8,8,8,8,8,8,8,8,8,8,8,8,8,8,8,8,8,8,8,8,8,8,8,8,8,8,8,8 -> output: 17
input: 69 -> message: 17,17,17,17,17,17,17,17,17,17,17,17,17,8,8,8,8,8,8,8,8,8,8,8,8,8,8,8,8,8 -> output: 69
input: 70 -> message: 17,17,17,17,8,8,8,8,8,8,8,8,8,8,8,8,8,27,27,27,27,27,27,27,27,27,27,27,27,27 -> output: 70
input: 71 -> message: 39,17,39,39,39,36,36,36,36,36,36,36,36,36,36,36,36,36,36,36,36,36,36,36,36,36,36,36,36,36 -> output: 71
input: 72 -> message: 17,17,17,27,36,27,36,36,36,36,36,36,36,36,36,36,36,36,36,36,36,36,36,36,36,36,36,36,36,36 -> output: 72
input: 73 -> message: 36,36,36,36,36,36,36,36,36,36,36,36,36,36,36,36,36,36,36,36,36,36,36,36,36,36,36,36,36,36 -> output: 9
input: 74 -> message: 17,8,8,8,8,8,8,8,8,8,8,8,8,8,8,8,8,8,8,8,8,8,8,8,27,27,27,27,8,8 -> output: 74
input: 75 -> message: 17,17,17,17,8,8,8,8,8,8,8,27,27,27,27,27,27,27,27,27,27,27,27,27,27,27,27,27,27,27 -> output: 75
input: 76 -> message: 39,17,39,39,39,39,39,39,39,39,39,39,39,36,36,36,36,36,36,36,36,36,36,36,36,36,36,36,36,36 -> output: 76
input: 77 -> message: 17,39,39,36,36,36,36,36,36,36,36,36,36,36,36,36,36,36,36,36,36,36,36,36,36,36,36,36,36,36 -> output: 77
input: 78 -> message: 17,36,36,36,36,36,36,36,36,36,36,36,36,36,36,36,36,36,36,36,36,36,36,36,36,36,36,36,36,36 -> output: 33
input: 79 -> message: 17,8,8,8,8,8,8,8,8,8,27,27,27,27,27,27,27,27,27,27,27,27,27,27,27,27,27,27,27,27 -> output: 79
input: 80 -> message: 17,17,17,17,17,17,17,17,17,17,17,17,17,17,17,17,17,17,8,8,8,8,27,27,27,27,27,27,27,27 -> output: 80
input: 81 -> message: 17,36,36,36,36,36,36,36,36,36,36,36,36,36,36,36,36,36,36,36,36,36,36,36,36,36,36,36,36,36 -> output: 33
input: 82 -> message: 17,17,17,17,17,17,17,17,17,17,17,17,17,17,17,17,17,17,17,17,17,17,17,17,17,17,17,17,17,17 -> output: 19
input: 83 -> message: 17,17,17,8,27,27,27,27,27,27,27,27,27,27,27,27,27,27,27,27,27,27,27,27,27,27,27,27,27,27 -> output: 83
input: 84 -> message: 8,17,8,8,27,27,27,27,27,27,27,27,27,27,27,27,27,27,27,27,27,27,27,27,27,27,27,27,27,27 -> output: 84
input: 85 -> message: 17,36,36,36,36,36,36,36,36,36,36,36,36,36,36,36,36,36,36,36,36,36,36,36,36,36,36,36,36,36 -> output: 33
input: 86 -> message: 17,17,17,17,39,39,39,39,39,39,39,39,39,39,39,39,39,39,39,39,39,39,39,39,36,36,36,36,39,39 -> output: 86
input: 87 -> message: 17,27,36,27,36,36,36,36,36,36,36,36,36,36,36,36,36,36,36,36,36,36,36,36,36,36,36,36,36,36 -> output: 87
input: 88 -> message: 27,17,36,36,36,36,36,36,36,36,36,36,36,36,36,36,36,36,36,36,36,36,36,36,36,36,36,36,36,36 -> output: 88
input: 89 -> message: 17,17,17,17,8,8,8,8,8,8,8,8,8,8,8,8,8,8,8,8,8,8,8,8,8,8,8,8,8,8 -> output: 89
input: 90 -> message: 8,17,8,8,8,8,8,8,8,27,27,27,27,27,27,27,27,27,27,27,27,27,27,27,27,27,27,27,27,27 -> output: 90
input: 91 -> message: 17,36,36,36,36,36,36,36,36,36,36,36,36,36,36,36,36,36,36,36,36,36,36,36,36,36,36,36,36,36 -> output: 33
input: 92 -> message: 17,17,17,17,17,17,17,17,17,17,17,17,8,8,8,8,8,8,8,27,27,27,27,27,27,27,27,27,27,27 -> output: 92
input: 93 -> message: 39,17,39,36,36,36,36,36,36,36,36,36,36,36,36,36,36,36,36,36,36,36,36,36,36,36,36,36,36,36 -> output: 93
input: 94 -> message: 36,17,36,36,36,36,36,36,36,36,36,36,36,36,36,36,36,36,36,36,36,36,36,36,36,36,36,36,36,36 -> output: 42
input: 95 -> message: 36,17,36,36,36,36,36,36,36,36,36,36,36,36,36,36,36,36,36,36,36,36,36,36,36,36,36,36,36,36 -> output: 42
input: 96 -> message: 17,36,36,36,36,36,36,36,36,36,36,36,36,36,36,36,36,36,36,36,36,36,36,36,36,36,36,36,36,36 -> output: 33
input: 97 -> message: 8,8,8,8,8,8,8,8,8,8,8,8,8,27,27,27,27,27,27,27,27,27,27,27,27,27,27,27,27,27 -> output: 97
input: 98 -> message: 17,17,17,17,17,17,17,17,17,17,17,17,17,17,17,17,17,17,17,17,17,17,17,17,36,36,36,17,17,17 -> output: 98
input: 99 -> message: 17,17,17,8,8,8,8,8,8,8,8,8,8,8,27,27,27,27,27,27,27,27,27,27,27,27,27,27,27,27 -> output: 99
{"powerlaw": 0.8744516968727112, "unif": 0.7}
Epoch: 151
{"powerlaw": 0.8761870861053467, "unif": 0.7}
Epoch: 152
{"powerlaw": 0.8658563494682312, "unif": 0.69}
Epoch: 153
{"powerlaw": 0.8724798560142517, "unif": 0.69}
Epoch: 154
{"powerlaw": 0.8658946752548218, "unif": 0.67}
Epoch: 155
{"powerlaw": 0.8490380644798279, "unif": 0.66}
Epoch: 156
{"powerlaw": 0.8780380487442017, "unif": 0.7}
Epoch: 157
{"powerlaw": 0.8534876704216003, "unif": 0.63}
Epoch: 158
{"powerlaw": 0.8724933862686157, "unif": 0.68}
Epoch: 159
{"powerlaw": 0.8745657801628113, "unif": 0.71}
Epoch: 160
{"powerlaw": 0.8699634075164795, "unif": 0.7}
Epoch: 161
{"powerlaw": 0.8790361881256104, "unif": 0.7}
Epoch: 162
{"powerlaw": 0.7948190569877625, "unif": 0.51}
Epoch: 163
{"powerlaw": 0.9039537906646729, "unif": 0.76}
Epoch: 164
{"powerlaw": 0.9069693088531494, "unif": 0.76}
Epoch: 165
{"powerlaw": 0.904168426990509, "unif": 0.77}
Epoch: 166
{"powerlaw": 0.9080376625061035, "unif": 0.77}
Epoch: 167
{"powerlaw": 0.8643220067024231, "unif": 0.66}
Epoch: 168
{"powerlaw": 0.9190894365310669, "unif": 0.81}
Epoch: 169
{"powerlaw": 0.8848608732223511, "unif": 0.7}
Epoch: 170
{"powerlaw": 0.8530662655830383, "unif": 0.67}
Epoch: 171
{"powerlaw": 0.8909099698066711, "unif": 0.73}
Epoch: 172
{"powerlaw": 0.9044821858406067, "unif": 0.75}
Epoch: 173
{"powerlaw": 0.9044322371482849, "unif": 0.75}
Epoch: 174
{"powerlaw": 0.910650372505188, "unif": 0.79}
Epoch: 175
{"powerlaw": 0.9094408750534058, "unif": 0.77}
Epoch: 176
{"powerlaw": 0.9272295236587524, "unif": 0.82}
Epoch: 177
{"powerlaw": 0.9193109273910522, "unif": 0.8}
Epoch: 178
{"powerlaw": 0.9144038558006287, "unif": 0.78}
Epoch: 179
{"powerlaw": 0.8728627562522888, "unif": 0.65}
Epoch: 180
{"powerlaw": 0.9060301184654236, "unif": 0.76}
Epoch: 181
{"powerlaw": 0.9110419750213623, "unif": 0.77}
Epoch: 182
{"powerlaw": 0.9186866879463196, "unif": 0.79}
Epoch: 183
{"powerlaw": 0.9126418828964233, "unif": 0.77}
Epoch: 184
{"powerlaw": 0.9090432524681091, "unif": 0.76}
Epoch: 185
{"powerlaw": 0.9126752018928528, "unif": 0.78}
Epoch: 186
{"powerlaw": 0.9089025855064392, "unif": 0.77}
Epoch: 187
{"powerlaw": 0.9157893657684326, "unif": 0.77}
Epoch: 188
{"powerlaw": 0.9090765118598938, "unif": 0.75}
Epoch: 189
{"powerlaw": 0.8842354416847229, "unif": 0.68}
Epoch: 190
{"powerlaw": 0.9326427578926086, "unif": 0.81}
Epoch: 191
{"powerlaw": 0.9210526347160339, "unif": 0.77}
Epoch: 192
{"powerlaw": 0.9147220849990845, "unif": 0.76}
Epoch: 193
{"powerlaw": 0.9308905601501465, "unif": 0.81}
Epoch: 194
{"powerlaw": 0.9220595359802246, "unif": 0.78}
Epoch: 195
{"powerlaw": 0.9148140549659729, "unif": 0.76}
Epoch: 196
{"powerlaw": 0.9307582974433899, "unif": 0.8}
Epoch: 197
{"powerlaw": 0.9368535876274109, "unif": 0.82}
Epoch: 198
{"powerlaw": 0.9357449412345886, "unif": 0.83}
Epoch: 199
{"powerlaw": 0.9272217750549316, "unif": 0.8}

========================================================================
Task 7 (transformer_baseline seed 123) finished at Wed Mar 25 06:02:03 AM EDT 2026
========================================================================
