========================================================================
LAZIMPA FULL EXPERIMENT ARRAY - Task 1 of 40
========================================================================
Job ID: 730477.1
Started on qa-a10-031.crc.nd.edu at Tue Mar 24 05:39:22 PM EDT 2026
Python: /software/c/conda/25.9.1/bin/python
CUDA available: True
========================================================================

Running: lstm_baseline with seed 42

True
Namespace(n_features=1000, batches_per_epoch=1000, dim_dataset=10240, force_eos=0, sender_hidden=250, receiver_hidden=600, receiver_num_layers=1, sender_num_layers=1, receiver_num_heads=8, sender_num_heads=8, sender_embedding=50, receiver_embedding=50, causal_sender=False, causal_receiver=False, sender_generate_style='in-place', sender_cell='lstm', receiver_cell='lstm', sender_entropy_coeff=0.1, receiver_entropy_coeff=0.1, probs='powerlaw', length_cost=0.0, name='lstm_baseline_seed42', early_stopping_thr=0.9999, dir_save='results/lstm_baseline/seed_42', unigram_pen=0.0, impatient=False, print_message=False, reg=False, random_seed=42, checkpoint_dir=None, preemptable=False, checkpoint_freq=0, validation_freq=1, n_epochs=500, load_from_checkpoint=None, no_cuda=False, batch_size=32, optimizer='adam', lr=0.001, vocab_size=40, max_len=30, tensorboard=False, tensorboard_dir='runs/', cuda=True, device='cuda')
the probs are:  [0.13359211 0.06679606 0.0445307  0.03339803 0.02671842 0.02226535
 0.01908459 0.01669901 0.01484357 0.01335921 0.01214474 0.01113268
 0.01027632 0.00954229 0.00890614 0.00834951 0.00785836 0.00742178
 0.00703116 0.00667961 0.00636153 0.00607237 0.00580835 0.00556634
 0.00534368 0.00513816 0.00494786 0.00477115 0.00460662 0.00445307
 0.00430942 0.00417475 0.00404825 0.00392918 0.00381692 0.00371089
 0.0036106  0.00351558 0.00342544 0.0033398  0.00325834 0.00318076
 0.00310679 0.00303618 0.00296871 0.00290418 0.00284239 0.00278317
 0.00272637 0.00267184 0.00261945 0.00256908 0.00252061 0.00247393
 0.00242895 0.00238557 0.00234372 0.00230331 0.00226427 0.00222654
 0.00219003 0.00215471 0.00212051 0.00208738 0.00205526 0.00202412
 0.00199391 0.00196459 0.00193612 0.00190846 0.00188158 0.00185545
 0.00183003 0.0018053  0.00178123 0.00175779 0.00173496 0.00171272
 0.00169104 0.0016699  0.00164929 0.00162917 0.00160954 0.00159038
 0.00157167 0.0015534  0.00153554 0.00151809 0.00150104 0.00148436
 0.00146805 0.00145209 0.00143647 0.00142119 0.00140623 0.00139158
 0.00137724 0.00136318 0.00134942 0.00133592 0.00132269 0.00130973
 0.00129701 0.00128454 0.00127231 0.0012603  0.00124852 0.00123696
 0.00122562 0.00121447 0.00120353 0.00119279 0.00118223 0.00117186
 0.00116167 0.00115166 0.00114181 0.00113214 0.00112262 0.00111327
 0.00110407 0.00109502 0.00108611 0.00107736 0.00106874 0.00106025
 0.00105191 0.00104369 0.0010356  0.00102763 0.00101979 0.00101206
 0.00100445 0.00099696 0.00098957 0.0009823  0.00097512 0.00096806
 0.00096109 0.00095423 0.00094746 0.00094079 0.00093421 0.00092772
 0.00092132 0.00091501 0.00090879 0.00090265 0.00089659 0.00089061
 0.00088472 0.0008789  0.00087315 0.00086748 0.00086188 0.00085636
 0.00085091 0.00084552 0.0008402  0.00083495 0.00082976 0.00082464
 0.00081958 0.00081459 0.00080965 0.00080477 0.00079995 0.00079519
 0.00079049 0.00078584 0.00078124 0.0007767  0.00077221 0.00076777
 0.00076338 0.00075905 0.00075476 0.00075052 0.00074632 0.00074218
 0.00073808 0.00073402 0.00073001 0.00072604 0.00072212 0.00071824
 0.0007144  0.0007106  0.00070684 0.00070312 0.00069944 0.00069579
 0.00069219 0.00068862 0.00068509 0.00068159 0.00067813 0.00067471
 0.00067132 0.00066796 0.00066464 0.00066135 0.00065809 0.00065486
 0.00065167 0.00064851 0.00064537 0.00064227 0.0006392  0.00063615
 0.00063314 0.00063015 0.00062719 0.00062426 0.00062136 0.00061848
 0.00061563 0.00061281 0.00061001 0.00060724 0.00060449 0.00060177
 0.00059907 0.00059639 0.00059374 0.00059112 0.00058851 0.00058593
 0.00058337 0.00058084 0.00057832 0.00057583 0.00057336 0.00057091
 0.00056848 0.00056607 0.00056368 0.00056131 0.00055896 0.00055663
 0.00055432 0.00055203 0.00054976 0.00054751 0.00054527 0.00054306
 0.00054086 0.00053868 0.00053651 0.00053437 0.00053224 0.00053013
 0.00052803 0.00052595 0.00052389 0.00052184 0.00051981 0.0005178
 0.0005158  0.00051382 0.00051185 0.00050989 0.00050795 0.00050603
 0.00050412 0.00050223 0.00050035 0.00049848 0.00049662 0.00049479
 0.00049296 0.00049115 0.00048935 0.00048756 0.00048579 0.00048403
 0.00048228 0.00048055 0.00047882 0.00047711 0.00047542 0.00047373
 0.00047206 0.00047039 0.00046874 0.00046711 0.00046548 0.00046386
 0.00046226 0.00046066 0.00045908 0.00045751 0.00045595 0.00045439
 0.00045285 0.00045132 0.00044981 0.0004483  0.0004468  0.00044531
 0.00044383 0.00044236 0.0004409  0.00043945 0.00043801 0.00043658
 0.00043515 0.00043374 0.00043234 0.00043094 0.00042956 0.00042818
 0.00042681 0.00042545 0.0004241  0.00042276 0.00042143 0.0004201
 0.00041878 0.00041748 0.00041617 0.00041488 0.0004136  0.00041232
 0.00041105 0.00040979 0.00040854 0.00040729 0.00040606 0.00040482
 0.0004036  0.00040239 0.00040118 0.00039998 0.00039878 0.0003976
 0.00039642 0.00039524 0.00039408 0.00039292 0.00039177 0.00039062
 0.00038948 0.00038835 0.00038722 0.0003861  0.00038499 0.00038389
 0.00038279 0.00038169 0.0003806  0.00037952 0.00037845 0.00037738
 0.00037632 0.00037526 0.00037421 0.00037316 0.00037212 0.00037109
 0.00037006 0.00036904 0.00036802 0.00036701 0.00036601 0.00036501
 0.00036401 0.00036302 0.00036204 0.00036106 0.00036009 0.00035912
 0.00035816 0.0003572  0.00035625 0.0003553  0.00035436 0.00035342
 0.00035249 0.00035156 0.00035064 0.00034972 0.0003488  0.0003479
 0.00034699 0.00034609 0.0003452  0.00034431 0.00034342 0.00034254
 0.00034167 0.0003408  0.00033993 0.00033907 0.00033821 0.00033735
 0.0003365  0.00033566 0.00033482 0.00033398 0.00033315 0.00033232
 0.00033149 0.00033067 0.00032986 0.00032904 0.00032824 0.00032743
 0.00032663 0.00032583 0.00032504 0.00032425 0.00032347 0.00032269
 0.00032191 0.00032113 0.00032036 0.0003196  0.00031884 0.00031808
 0.00031732 0.00031657 0.00031582 0.00031508 0.00031433 0.0003136
 0.00031286 0.00031213 0.0003114  0.00031068 0.00030996 0.00030924
 0.00030853 0.00030782 0.00030711 0.0003064  0.0003057  0.000305
 0.00030431 0.00030362 0.00030293 0.00030224 0.00030156 0.00030088
 0.00030021 0.00029953 0.00029886 0.0002982  0.00029753 0.00029687
 0.00029621 0.00029556 0.00029491 0.00029426 0.00029361 0.00029297
 0.00029232 0.00029169 0.00029105 0.00029042 0.00028979 0.00028916
 0.00028854 0.00028791 0.00028729 0.00028668 0.00028606 0.00028545
 0.00028484 0.00028424 0.00028364 0.00028303 0.00028244 0.00028184
 0.00028125 0.00028066 0.00028007 0.00027948 0.0002789  0.00027832
 0.00027774 0.00027716 0.00027659 0.00027602 0.00027545 0.00027488
 0.00027432 0.00027375 0.00027319 0.00027264 0.00027208 0.00027153
 0.00027098 0.00027043 0.00026988 0.00026934 0.0002688  0.00026826
 0.00026772 0.00026718 0.00026665 0.00026612 0.00026559 0.00026506
 0.00026454 0.00026402 0.0002635  0.00026298 0.00026246 0.00026195
 0.00026143 0.00026092 0.00026041 0.00025991 0.0002594  0.0002589
 0.0002584  0.0002579  0.0002574  0.00025691 0.00025641 0.00025592
 0.00025543 0.00025495 0.00025446 0.00025398 0.0002535  0.00025302
 0.00025254 0.00025206 0.00025159 0.00025111 0.00025064 0.00025017
 0.0002497  0.00024924 0.00024877 0.00024831 0.00024785 0.00024739
 0.00024694 0.00024648 0.00024603 0.00024557 0.00024512 0.00024467
 0.00024423 0.00024378 0.00024334 0.00024289 0.00024245 0.00024201
 0.00024158 0.00024114 0.00024071 0.00024027 0.00023984 0.00023941
 0.00023898 0.00023856 0.00023813 0.00023771 0.00023729 0.00023687
 0.00023645 0.00023603 0.00023561 0.0002352  0.00023478 0.00023437
 0.00023396 0.00023355 0.00023315 0.00023274 0.00023233 0.00023193
 0.00023153 0.00023113 0.00023073 0.00023033 0.00022993 0.00022954
 0.00022915 0.00022875 0.00022836 0.00022797 0.00022758 0.0002272
 0.00022681 0.00022643 0.00022604 0.00022566 0.00022528 0.0002249
 0.00022452 0.00022415 0.00022377 0.0002234  0.00022303 0.00022265
 0.00022228 0.00022191 0.00022155 0.00022118 0.00022081 0.00022045
 0.00022009 0.00021972 0.00021936 0.000219   0.00021865 0.00021829
 0.00021793 0.00021758 0.00021722 0.00021687 0.00021652 0.00021617
 0.00021582 0.00021547 0.00021512 0.00021478 0.00021443 0.00021409
 0.00021375 0.00021341 0.00021307 0.00021273 0.00021239 0.00021205
 0.00021171 0.00021138 0.00021105 0.00021071 0.00021038 0.00021005
 0.00020972 0.00020939 0.00020906 0.00020874 0.00020841 0.00020809
 0.00020776 0.00020744 0.00020712 0.0002068  0.00020648 0.00020616
 0.00020584 0.00020553 0.00020521 0.0002049  0.00020458 0.00020427
 0.00020396 0.00020365 0.00020334 0.00020303 0.00020272 0.00020241
 0.00020211 0.0002018  0.0002015  0.00020119 0.00020089 0.00020059
 0.00020029 0.00019999 0.00019969 0.00019939 0.00019909 0.0001988
 0.0001985  0.00019821 0.00019791 0.00019762 0.00019733 0.00019704
 0.00019675 0.00019646 0.00019617 0.00019588 0.0001956  0.00019531
 0.00019502 0.00019474 0.00019446 0.00019417 0.00019389 0.00019361
 0.00019333 0.00019305 0.00019277 0.0001925  0.00019222 0.00019194
 0.00019167 0.00019139 0.00019112 0.00019085 0.00019057 0.0001903
 0.00019003 0.00018976 0.00018949 0.00018922 0.00018896 0.00018869
 0.00018842 0.00018816 0.00018789 0.00018763 0.00018737 0.0001871
 0.00018684 0.00018658 0.00018632 0.00018606 0.0001858  0.00018554
 0.00018529 0.00018503 0.00018477 0.00018452 0.00018426 0.00018401
 0.00018376 0.00018351 0.00018325 0.000183   0.00018275 0.0001825
 0.00018225 0.00018201 0.00018176 0.00018151 0.00018126 0.00018102
 0.00018077 0.00018053 0.00018029 0.00018004 0.0001798  0.00017956
 0.00017932 0.00017908 0.00017884 0.0001786  0.00017836 0.00017812
 0.00017789 0.00017765 0.00017741 0.00017718 0.00017694 0.00017671
 0.00017648 0.00017624 0.00017601 0.00017578 0.00017555 0.00017532
 0.00017509 0.00017486 0.00017463 0.0001744  0.00017417 0.00017395
 0.00017372 0.0001735  0.00017327 0.00017305 0.00017282 0.0001726
 0.00017238 0.00017215 0.00017193 0.00017171 0.00017149 0.00017127
 0.00017105 0.00017083 0.00017062 0.0001704  0.00017018 0.00016996
 0.00016975 0.00016953 0.00016932 0.0001691  0.00016889 0.00016868
 0.00016846 0.00016825 0.00016804 0.00016783 0.00016762 0.00016741
 0.0001672  0.00016699 0.00016678 0.00016657 0.00016637 0.00016616
 0.00016595 0.00016575 0.00016554 0.00016534 0.00016513 0.00016493
 0.00016473 0.00016452 0.00016432 0.00016412 0.00016392 0.00016372
 0.00016352 0.00016332 0.00016312 0.00016292 0.00016272 0.00016252
 0.00016232 0.00016213 0.00016193 0.00016173 0.00016154 0.00016134
 0.00016115 0.00016095 0.00016076 0.00016057 0.00016037 0.00016018
 0.00015999 0.0001598  0.00015961 0.00015942 0.00015923 0.00015904
 0.00015885 0.00015866 0.00015847 0.00015828 0.0001581  0.00015791
 0.00015772 0.00015754 0.00015735 0.00015717 0.00015698 0.0001568
 0.00015661 0.00015643 0.00015625 0.00015607 0.00015588 0.0001557
 0.00015552 0.00015534 0.00015516 0.00015498 0.0001548  0.00015462
 0.00015444 0.00015426 0.00015409 0.00015391 0.00015373 0.00015355
 0.00015338 0.0001532  0.00015303 0.00015285 0.00015268 0.0001525
 0.00015233 0.00015216 0.00015198 0.00015181 0.00015164 0.00015146
 0.00015129 0.00015112 0.00015095 0.00015078 0.00015061 0.00015044
 0.00015027 0.0001501  0.00014994 0.00014977 0.0001496  0.00014943
 0.00014926 0.0001491  0.00014893 0.00014877 0.0001486  0.00014844
 0.00014827 0.00014811 0.00014794 0.00014778 0.00014762 0.00014745
 0.00014729 0.00014713 0.00014697 0.0001468  0.00014664 0.00014648
 0.00014632 0.00014616 0.000146   0.00014584 0.00014568 0.00014553
 0.00014537 0.00014521 0.00014505 0.00014489 0.00014474 0.00014458
 0.00014442 0.00014427 0.00014411 0.00014396 0.0001438  0.00014365
 0.00014349 0.00014334 0.00014319 0.00014303 0.00014288 0.00014273
 0.00014257 0.00014242 0.00014227 0.00014212 0.00014197 0.00014182
 0.00014167 0.00014152 0.00014137 0.00014122 0.00014107 0.00014092
 0.00014077 0.00014062 0.00014048 0.00014033 0.00014018 0.00014003
 0.00013989 0.00013974 0.00013959 0.00013945 0.0001393  0.00013916
 0.00013901 0.00013887 0.00013872 0.00013858 0.00013844 0.00013829
 0.00013815 0.00013801 0.00013787 0.00013772 0.00013758 0.00013744
 0.0001373  0.00013716 0.00013702 0.00013688 0.00013674 0.0001366
 0.00013646 0.00013632 0.00013618 0.00013604 0.0001359  0.00013576
 0.00013563 0.00013549 0.00013535 0.00013521 0.00013508 0.00013494
 0.00013481 0.00013467 0.00013453 0.0001344  0.00013426 0.00013413
 0.00013399 0.00013386 0.00013373 0.00013359]
Epoch: 0
input: 0 -> message: 36,36,2,2,2,2,2,2,2,2,2,2,2,2,2,2,2,2,2,2,2,2,2,2,2,2,2,2,2,2 -> output: 0
input: 1 -> message: 2,2,2,2,2,2,2,2,2,2,2,2,2,2,2,2,2,2,2,2,2,2,2,2,2,2,2,2,2,2 -> output: 0
input: 2 -> message: 36,27,2,2,2,2,2,2,2,2,2,2,2,2,2,2,2,2,2,2,2,2,2,2,2,2,2,2,2,2 -> output: 0
input: 3 -> message: 36,11,34,11,11,4,39,27,2,2,2,2,2,2,2,2,2,2,2,2,2,2,2,2,2,2,2,2,2,2 -> output: 0
input: 4 -> message: 36,36,2,2,2,2,2,2,2,2,2,2,2,2,2,2,2,2,2,2,2,2,2,2,2,2,2,2,2,2 -> output: 0
input: 5 -> message: 36,2,2,2,2,2,2,2,2,2,2,2,2,2,2,2,2,2,2,2,2,2,2,2,2,2,2,2,2,2 -> output: 0
input: 6 -> message: 36,11,34,11,11,11,4,39,27,2,2,2,2,2,2,2,2,2,2,2,2,2,2,2,2,2,2,2,2,2 -> output: 0
input: 7 -> message: 36,2,2,2,2,2,2,2,2,2,2,2,2,2,2,2,2,2,2,2,2,2,2,2,2,2,2,2,2,2 -> output: 0
input: 8 -> message: 29,2,2,2,2,2,2,2,2,2,2,2,2,2,2,2,2,2,2,2,2,2,2,2,2,2,2,2,2,2 -> output: 0
input: 9 -> message: 2,2,2,2,2,2,2,2,2,2,2,2,2,2,2,2,2,2,2,2,2,2,2,2,2,2,2,2,2,2 -> output: 0
input: 10 -> message: 36,11,34,11,11,4,39,27,2,2,2,2,2,2,2,2,2,2,2,2,2,2,2,2,2,2,2,2,2,2 -> output: 0
input: 11 -> message: 36,11,11,11,4,39,27,2,2,2,2,2,2,2,2,2,2,2,2,2,2,2,2,2,2,2,2,2,2,2 -> output: 0
input: 12 -> message: 36,11,11,11,4,39,27,2,2,2,2,2,2,2,2,2,2,2,2,2,2,2,2,2,2,2,2,2,2,2 -> output: 0
input: 13 -> message: 36,11,11,11,4,39,27,2,2,2,2,2,2,2,2,2,2,2,2,2,2,2,2,2,2,2,2,2,2,2 -> output: 0
input: 14 -> message: 36,11,34,11,11,4,39,27,2,2,2,2,2,2,2,2,2,2,2,2,2,2,2,2,2,2,2,2,2,2 -> output: 0
input: 15 -> message: 36,36,2,2,2,2,2,2,2,2,2,2,2,2,2,2,2,2,2,2,2,2,2,2,2,2,2,2,2,2 -> output: 0
input: 16 -> message: 36,11,34,11,11,4,39,27,2,2,2,2,2,2,2,2,2,2,2,2,2,2,2,2,2,2,2,2,2,2 -> output: 0
input: 17 -> message: 36,11,11,11,4,39,27,2,2,2,2,2,2,2,2,2,2,2,2,2,2,2,2,2,2,2,2,2,2,2 -> output: 0
input: 18 -> message: 36,11,34,11,11,4,39,27,2,2,2,2,2,2,2,2,2,2,2,2,2,2,2,2,2,2,2,2,2,2 -> output: 0
input: 19 -> message: 36,36,2,2,2,2,2,2,2,2,2,2,2,2,2,2,2,2,2,2,2,2,2,2,2,2,2,2,2,2 -> output: 0
input: 20 -> message: 36,11,34,11,11,4,39,27,2,2,2,2,2,2,2,2,2,2,2,2,2,2,2,2,2,2,2,2,2,2 -> output: 0
input: 21 -> message: 36,2,2,2,2,2,2,2,2,2,2,2,2,2,2,2,2,2,2,2,2,2,2,2,2,2,2,2,2,2 -> output: 0
input: 22 -> message: 36,36,2,2,2,2,2,2,2,2,2,2,2,2,2,2,2,2,2,2,2,2,2,2,2,2,2,2,2,2 -> output: 0
input: 23 -> message: 36,11,34,11,11,4,39,27,2,2,2,2,2,2,2,2,2,2,2,2,2,2,2,2,2,2,2,2,2,2 -> output: 0
input: 24 -> message: 36,11,11,11,4,39,27,2,2,2,2,2,2,2,2,2,2,2,2,2,2,2,2,2,2,2,2,2,2,2 -> output: 0
input: 25 -> message: 36,11,11,11,4,39,27,2,2,2,2,2,2,2,2,2,2,2,2,2,2,2,2,2,2,2,2,2,2,2 -> output: 0
input: 26 -> message: 29,2,2,2,2,2,2,2,2,2,2,2,2,2,2,2,2,2,2,2,2,2,2,2,2,2,2,2,2,2 -> output: 0
input: 27 -> message: 36,11,11,11,4,39,27,2,2,2,2,2,2,2,2,2,2,2,2,2,2,2,2,2,2,2,2,2,2,2 -> output: 0
input: 28 -> message: 36,11,11,11,4,39,27,2,2,2,2,2,2,2,2,2,2,2,2,2,2,2,2,2,2,2,2,2,2,2 -> output: 0
input: 29 -> message: 36,11,34,11,11,4,39,27,2,2,2,2,2,2,2,2,2,2,2,2,2,2,2,2,2,2,2,2,2,2 -> output: 0
input: 30 -> message: 36,11,11,11,4,39,27,2,2,2,2,2,2,2,2,2,2,2,2,2,2,2,2,2,2,2,2,2,2,2 -> output: 0
input: 31 -> message: 36,2,2,2,2,2,2,2,2,2,2,2,2,2,2,2,2,2,2,2,2,2,2,2,2,2,2,2,2,2 -> output: 0
input: 32 -> message: 36,36,2,2,2,2,2,2,2,2,2,2,2,2,2,2,2,2,2,2,2,2,2,2,2,2,2,2,2,2 -> output: 0
input: 33 -> message: 36,11,34,11,11,4,39,27,2,2,2,2,2,2,2,2,2,2,2,2,2,2,2,2,2,2,2,2,2,2 -> output: 0
input: 34 -> message: 36,11,11,11,4,39,27,2,2,2,2,2,2,2,2,2,2,2,2,2,2,2,2,2,2,2,2,2,2,2 -> output: 0
input: 35 -> message: 36,11,11,11,4,39,27,2,2,2,2,2,2,2,2,2,2,2,2,2,2,2,2,2,2,2,2,2,2,2 -> output: 0
input: 36 -> message: 36,11,11,11,4,39,27,2,2,2,2,2,2,2,2,2,2,2,2,2,2,2,2,2,2,2,2,2,2,2 -> output: 0
input: 37 -> message: 36,2,2,2,2,2,2,2,2,2,2,2,2,2,2,2,2,2,2,2,2,2,2,2,2,2,2,2,2,2 -> output: 0
input: 38 -> message: 36,11,34,11,11,4,39,27,2,2,2,2,2,2,2,2,2,2,2,2,2,2,2,2,2,2,2,2,2,2 -> output: 0
input: 39 -> message: 36,11,11,4,39,27,2,2,2,2,2,2,2,2,2,2,2,2,2,2,2,2,2,2,2,2,2,2,2,2 -> output: 0
input: 40 -> message: 36,36,2,2,2,2,2,2,2,2,2,2,2,2,2,2,2,2,2,2,2,2,2,2,2,2,2,2,2,2 -> output: 0
input: 41 -> message: 36,11,11,4,39,2,2,2,2,2,2,2,2,2,2,2,2,2,2,2,2,2,2,2,2,2,2,2,2,2 -> output: 0
input: 42 -> message: 36,27,2,2,2,2,2,2,2,2,2,2,2,2,2,2,2,2,2,2,2,2,2,2,2,2,2,2,2,2 -> output: 0
input: 43 -> message: 36,11,34,11,11,11,4,4,27,2,2,2,2,2,2,2,2,2,2,2,2,2,2,2,2,2,2,2,2,2 -> output: 0
input: 44 -> message: 36,2,2,2,2,2,2,2,2,2,2,2,2,2,2,2,2,2,2,2,2,2,2,2,2,2,2,2,2,2 -> output: 0
input: 45 -> message: 36,36,2,2,2,2,2,2,2,2,2,2,2,2,2,2,2,2,2,2,2,2,2,2,2,2,2,2,2,2 -> output: 0
input: 46 -> message: 36,36,2,2,2,2,2,2,2,2,2,2,2,2,2,2,2,2,2,2,2,2,2,2,2,2,2,2,2,2 -> output: 0
input: 47 -> message: 36,2,2,2,2,2,2,2,2,2,2,2,2,2,2,2,2,2,2,2,2,2,2,2,2,2,2,2,2,2 -> output: 0
input: 48 -> message: 29,2,2,2,2,2,2,2,2,2,2,2,2,2,2,2,2,2,2,2,2,2,2,2,2,2,2,2,2,2 -> output: 0
input: 49 -> message: 36,11,11,11,4,39,27,2,2,2,2,2,2,2,2,2,2,2,2,2,2,2,2,2,2,2,2,2,2,2 -> output: 0
input: 50 -> message: 36,11,11,11,4,39,27,2,2,2,2,2,2,2,2,2,2,2,2,2,2,2,2,2,2,2,2,2,2,2 -> output: 0
input: 51 -> message: 2,2,2,2,2,2,2,2,2,2,2,2,2,2,2,2,2,2,2,2,2,2,2,2,2,2,2,2,2,2 -> output: 0
input: 52 -> message: 36,11,11,11,4,39,27,2,2,2,2,2,2,2,2,2,2,2,2,2,2,2,2,2,2,2,2,2,2,2 -> output: 0
input: 53 -> message: 36,11,34,11,11,11,4,39,27,2,2,2,2,2,2,2,2,2,2,2,2,2,2,2,2,2,2,2,2,2 -> output: 0
input: 54 -> message: 36,11,34,11,11,4,39,27,2,2,2,2,2,2,2,2,2,2,2,2,2,2,2,2,2,2,2,2,2,2 -> output: 0
input: 55 -> message: 2,2,2,2,2,2,2,2,2,2,2,2,2,2,2,2,2,2,2,2,2,2,2,2,2,2,2,2,2,2 -> output: 0
input: 56 -> message: 36,11,34,11,11,11,4,4,27,2,2,2,2,2,2,2,2,2,2,2,2,2,2,2,2,2,2,2,2,2 -> output: 0
input: 57 -> message: 36,2,2,2,2,2,2,2,2,2,2,2,2,2,2,2,2,2,2,2,2,2,2,2,2,2,2,2,2,2 -> output: 0
input: 58 -> message: 36,36,2,2,2,2,2,2,2,2,2,2,2,2,2,2,2,2,2,2,2,2,2,2,2,2,2,2,2,2 -> output: 0
input: 59 -> message: 25,26,13,27,2,2,2,2,2,2,2,2,2,2,2,2,2,2,2,2,2,2,2,2,2,2,2,2,2,2 -> output: 0
input: 60 -> message: 36,11,11,4,39,2,2,2,2,2,2,2,2,2,2,2,2,2,2,2,2,2,2,2,2,2,2,2,2,2 -> output: 0
input: 61 -> message: 36,11,11,11,4,39,27,2,2,2,2,2,2,2,2,2,2,2,2,2,2,2,2,2,2,2,2,2,2,2 -> output: 0
input: 62 -> message: 36,2,2,2,2,2,2,2,2,2,2,2,2,2,2,2,2,2,2,2,2,2,2,2,2,2,2,2,2,2 -> output: 0
input: 63 -> message: 36,11,34,11,11,4,4,27,2,2,2,2,2,2,2,2,2,2,2,2,2,2,2,2,2,2,2,2,2,2 -> output: 0
input: 64 -> message: 36,27,2,2,2,2,2,2,2,2,2,2,2,2,2,2,2,2,2,2,2,2,2,2,2,2,2,2,2,2 -> output: 0
input: 65 -> message: 36,11,34,11,11,4,39,27,2,2,2,2,2,2,2,2,2,2,2,2,2,2,2,2,2,2,2,2,2,2 -> output: 0
input: 66 -> message: 2,2,2,2,2,2,2,2,2,2,2,2,2,2,2,2,2,2,2,2,2,2,2,2,2,2,2,2,2,2 -> output: 0
input: 67 -> message: 36,11,34,11,11,11,4,39,27,2,2,2,2,2,2,2,2,2,2,2,2,2,2,2,2,2,2,2,2,2 -> output: 0
input: 68 -> message: 36,2,2,2,2,2,2,2,2,2,2,2,2,2,2,2,2,2,2,2,2,2,2,2,2,2,2,2,2,2 -> output: 0
input: 69 -> message: 2,2,2,2,2,2,2,2,2,2,2,2,2,2,2,2,2,2,2,2,2,2,2,2,2,2,2,2,2,2 -> output: 0
input: 70 -> message: 2,2,2,2,2,2,2,2,2,2,2,2,2,2,2,2,2,2,2,2,2,2,2,2,2,2,2,2,2,2 -> output: 0
input: 71 -> message: 36,36,2,2,2,2,2,2,2,2,2,2,2,2,2,2,2,2,2,2,2,2,2,2,2,2,2,2,2,2 -> output: 0
input: 72 -> message: 36,11,11,11,4,39,27,2,2,2,2,2,2,2,2,2,2,2,2,2,2,2,2,2,2,2,2,2,2,2 -> output: 0
input: 73 -> message: 36,36,2,2,2,2,2,2,2,2,2,2,2,2,2,2,2,2,2,2,2,2,2,2,2,2,2,2,2,2 -> output: 0
input: 74 -> message: 36,27,2,2,2,2,2,2,2,2,2,2,2,2,2,2,2,2,2,2,2,2,2,2,2,2,2,2,2,2 -> output: 0
input: 75 -> message: 36,11,34,11,11,4,39,27,2,2,2,2,2,2,2,2,2,2,2,2,2,2,2,2,2,2,2,2,2,2 -> output: 0
input: 76 -> message: 36,36,2,2,2,2,2,2,2,2,2,2,2,2,2,2,2,2,2,2,2,2,2,2,2,2,2,2,2,2 -> output: 0
input: 77 -> message: 36,27,2,2,2,2,2,2,2,2,2,2,2,2,2,2,2,2,2,2,2,2,2,2,2,2,2,2,2,2 -> output: 0
input: 78 -> message: 36,36,2,2,2,2,2,2,2,2,2,2,2,2,2,2,2,2,2,2,2,2,2,2,2,2,2,2,2,2 -> output: 0
input: 79 -> message: 36,11,11,11,4,39,27,2,2,2,2,2,2,2,2,2,2,2,2,2,2,2,2,2,2,2,2,2,2,2 -> output: 0
input: 80 -> message: 36,11,11,11,4,39,27,2,2,2,2,2,2,2,2,2,2,2,2,2,2,2,2,2,2,2,2,2,2,2 -> output: 0
input: 81 -> message: 2,2,2,2,2,2,2,2,2,2,2,2,2,2,2,2,2,2,2,2,2,2,2,2,2,2,2,2,2,2 -> output: 0
input: 82 -> message: 36,2,2,2,2,2,2,2,2,2,2,2,2,2,2,2,2,2,2,2,2,2,2,2,2,2,2,2,2,2 -> output: 0
input: 83 -> message: 36,11,34,11,11,11,4,39,27,2,2,2,2,2,2,2,2,2,2,2,2,2,2,2,2,2,2,2,2,2 -> output: 0
input: 84 -> message: 36,11,11,11,4,39,27,2,2,2,2,2,2,2,2,2,2,2,2,2,2,2,2,2,2,2,2,2,2,2 -> output: 0
input: 85 -> message: 36,36,2,2,2,2,2,2,2,2,2,2,2,2,2,2,2,2,2,2,2,2,2,2,2,2,2,2,2,2 -> output: 0
input: 86 -> message: 36,11,34,11,11,4,39,27,2,2,2,2,2,2,2,2,2,2,2,2,2,2,2,2,2,2,2,2,2,2 -> output: 0
input: 87 -> message: 36,36,2,2,2,2,2,2,2,2,2,2,2,2,2,2,2,2,2,2,2,2,2,2,2,2,2,2,2,2 -> output: 0
input: 88 -> message: 36,2,2,2,2,2,2,2,2,2,2,2,2,2,2,2,2,2,2,2,2,2,2,2,2,2,2,2,2,2 -> output: 0
input: 89 -> message: 36,36,2,2,2,2,2,2,2,2,2,2,2,2,2,2,2,2,2,2,2,2,2,2,2,2,2,2,2,2 -> output: 0
input: 90 -> message: 36,2,2,2,2,2,2,2,2,2,2,2,2,2,2,2,2,2,2,2,2,2,2,2,2,2,2,2,2,2 -> output: 0
input: 91 -> message: 36,11,11,11,4,39,27,2,2,2,2,2,2,2,2,2,2,2,2,2,2,2,2,2,2,2,2,2,2,2 -> output: 0
input: 92 -> message: 36,11,34,11,4,39,27,2,2,2,2,2,2,2,2,2,2,2,2,2,2,2,2,2,2,2,2,2,2,2 -> output: 0
input: 93 -> message: 36,11,11,11,4,39,27,2,2,2,2,2,2,2,2,2,2,2,2,2,2,2,2,2,2,2,2,2,2,2 -> output: 0
input: 94 -> message: 19,11,11,11,11,4,39,27,2,2,2,2,2,2,2,2,2,2,2,2,2,2,2,2,2,2,2,2,2,2 -> output: 0
input: 95 -> message: 2,2,2,2,2,2,2,2,2,2,2,2,2,2,2,2,2,2,2,2,2,2,2,2,2,2,2,2,2,2 -> output: 0
input: 96 -> message: 2,2,2,2,2,2,2,2,2,2,2,2,2,2,2,2,2,2,2,2,2,2,2,2,2,2,2,2,2,2 -> output: 0
input: 97 -> message: 36,11,34,11,11,4,39,27,2,2,2,2,2,2,2,2,2,2,2,2,2,2,2,2,2,2,2,2,2,2 -> output: 0
input: 98 -> message: 2,2,2,2,2,2,2,2,2,2,2,2,2,2,2,2,2,2,2,2,2,2,2,2,2,2,2,2,2,2 -> output: 0
input: 99 -> message: 2,2,2,2,2,2,2,2,2,2,2,2,2,2,2,2,2,2,2,2,2,2,2,2,2,2,2,2,2,2 -> output: 0
input: 100 -> message: 36,27,2,2,2,2,2,2,2,2,2,2,2,2,2,2,2,2,2,2,2,2,2,2,2,2,2,2,2,2 -> output: 0
input: 101 -> message: 36,11,34,11,11,11,4,4,27,2,2,2,2,2,2,2,2,2,2,2,2,2,2,2,2,2,2,2,2,2 -> output: 0
input: 102 -> message: 2,2,2,2,2,2,2,2,2,2,2,2,2,2,2,2,2,2,2,2,2,2,2,2,2,2,2,2,2,2 -> output: 0
input: 103 -> message: 36,11,34,11,11,11,4,4,27,2,2,2,2,2,2,2,2,2,2,2,2,2,2,2,2,2,2,2,2,2 -> output: 0
input: 104 -> message: 36,11,11,11,11,4,39,27,2,2,2,2,2,2,2,2,2,2,2,2,2,2,2,2,2,2,2,2,2,2 -> output: 0
input: 105 -> message: 36,11,11,11,4,39,27,2,2,2,2,2,2,2,2,2,2,2,2,2,2,2,2,2,2,2,2,2,2,2 -> output: 0
input: 106 -> message: 36,11,11,4,39,2,2,2,2,2,2,2,2,2,2,2,2,2,2,2,2,2,2,2,2,2,2,2,2,2 -> output: 0
input: 107 -> message: 36,11,34,11,11,4,39,27,2,2,2,2,2,2,2,2,2,2,2,2,2,2,2,2,2,2,2,2,2,2 -> output: 0
input: 108 -> message: 36,36,2,2,2,2,2,2,2,2,2,2,2,2,2,2,2,2,2,2,2,2,2,2,2,2,2,2,2,2 -> output: 0
input: 109 -> message: 36,11,34,11,11,11,4,39,27,2,2,2,2,2,2,2,2,2,2,2,2,2,2,2,2,2,2,2,2,2 -> output: 0
input: 110 -> message: 36,11,11,4,39,2,2,2,2,2,2,2,2,2,2,2,2,2,2,2,2,2,2,2,2,2,2,2,2,2 -> output: 0
input: 111 -> message: 36,36,2,2,2,2,2,2,2,2,2,2,2,2,2,2,2,2,2,2,2,2,2,2,2,2,2,2,2,2 -> output: 0
input: 112 -> message: 2,2,2,2,2,2,2,2,2,2,2,2,2,2,2,2,2,2,2,2,2,2,2,2,2,2,2,2,2,2 -> output: 0
input: 113 -> message: 36,27,2,2,2,2,2,2,2,2,2,2,2,2,2,2,2,2,2,2,2,2,2,2,2,2,2,2,2,2 -> output: 0
input: 114 -> message: 36,36,2,2,2,2,2,2,2,2,2,2,2,2,2,2,2,2,2,2,2,2,2,2,2,2,2,2,2,2 -> output: 0
input: 115 -> message: 36,36,2,2,2,2,2,2,2,2,2,2,2,2,2,2,2,2,2,2,2,2,2,2,2,2,2,2,2,2 -> output: 0
input: 116 -> message: 2,2,2,2,2,2,2,2,2,2,2,2,2,2,2,2,2,2,2,2,2,2,2,2,2,2,2,2,2,2 -> output: 0
input: 117 -> message: 36,11,11,4,39,27,2,2,2,2,2,2,2,2,2,2,2,2,2,2,2,2,2,2,2,2,2,2,2,2 -> output: 0
input: 118 -> message: 36,27,2,2,2,2,2,2,2,2,2,2,2,2,2,2,2,2,2,2,2,2,2,2,2,2,2,2,2,2 -> output: 0
input: 119 -> message: 36,2,2,2,2,2,2,2,2,2,2,2,2,2,2,2,2,2,2,2,2,2,2,2,2,2,2,2,2,2 -> output: 0
input: 120 -> message: 36,11,34,11,11,11,4,39,27,2,2,2,2,2,2,2,2,2,2,2,2,2,2,2,2,2,2,2,2,2 -> output: 0
input: 121 -> message: 36,2,2,2,2,2,2,2,2,2,2,2,2,2,2,2,2,2,2,2,2,2,2,2,2,2,2,2,2,2 -> output: 0
input: 122 -> message: 25,26,13,3,2,2,2,2,2,2,2,2,2,2,2,2,2,2,2,2,2,2,2,2,2,2,2,2,2,2 -> output: 0
input: 123 -> message: 36,36,2,2,2,2,2,2,2,2,2,2,2,2,2,2,2,2,2,2,2,2,2,2,2,2,2,2,2,2 -> output: 0
input: 124 -> message: 36,11,34,11,11,11,4,39,27,2,2,2,2,2,2,2,2,2,2,2,2,2,2,2,2,2,2,2,2,2 -> output: 0
input: 125 -> message: 36,2,2,2,2,2,2,2,2,2,2,2,2,2,2,2,2,2,2,2,2,2,2,2,2,2,2,2,2,2 -> output: 0
input: 126 -> message: 36,36,2,2,2,2,2,2,2,2,2,2,2,2,2,2,2,2,2,2,2,2,2,2,2,2,2,2,2,2 -> output: 0
input: 127 -> message: 2,2,2,2,2,2,2,2,2,2,2,2,2,2,2,2,2,2,2,2,2,2,2,2,2,2,2,2,2,2 -> output: 0
input: 128 -> message: 36,11,11,4,39,2,2,2,2,2,2,2,2,2,2,2,2,2,2,2,2,2,2,2,2,2,2,2,2,2 -> output: 0
input: 129 -> message: 36,2,2,2,2,2,2,2,2,2,2,2,2,2,2,2,2,2,2,2,2,2,2,2,2,2,2,2,2,2 -> output: 0
input: 130 -> message: 36,11,34,11,11,4,4,27,2,2,2,2,2,2,2,2,2,2,2,2,2,2,2,2,2,2,2,2,2,2 -> output: 0
input: 131 -> message: 36,11,11,4,39,27,2,2,2,2,2,2,2,2,2,2,2,2,2,2,2,2,2,2,2,2,2,2,2,2 -> output: 0
input: 132 -> message: 36,11,34,11,11,4,39,27,2,2,2,2,2,2,2,2,2,2,2,2,2,2,2,2,2,2,2,2,2,2 -> output: 0
input: 133 -> message: 36,11,11,4,39,2,2,2,2,2,2,2,2,2,2,2,2,2,2,2,2,2,2,2,2,2,2,2,2,2 -> output: 0
input: 134 -> message: 36,27,2,2,2,2,2,2,2,2,2,2,2,2,2,2,2,2,2,2,2,2,2,2,2,2,2,2,2,2 -> output: 0
input: 135 -> message: 2,2,2,2,2,2,2,2,2,2,2,2,2,2,2,2,2,2,2,2,2,2,2,2,2,2,2,2,2,2 -> output: 0
input: 136 -> message: 36,2,2,2,2,2,2,2,2,2,2,2,2,2,2,2,2,2,2,2,2,2,2,2,2,2,2,2,2,2 -> output: 0
input: 137 -> message: 36,36,2,2,2,2,2,2,2,2,2,2,2,2,2,2,2,2,2,2,2,2,2,2,2,2,2,2,2,2 -> output: 0
input: 138 -> message: 2,2,2,2,2,2,2,2,2,2,2,2,2,2,2,2,2,2,2,2,2,2,2,2,2,2,2,2,2,2 -> output: 0
input: 139 -> message: 36,27,2,2,2,2,2,2,2,2,2,2,2,2,2,2,2,2,2,2,2,2,2,2,2,2,2,2,2,2 -> output: 0
input: 140 -> message: 36,11,34,11,11,4,39,27,2,2,2,2,2,2,2,2,2,2,2,2,2,2,2,2,2,2,2,2,2,2 -> output: 0
input: 141 -> message: 36,2,2,2,2,2,2,2,2,2,2,2,2,2,2,2,2,2,2,2,2,2,2,2,2,2,2,2,2,2 -> output: 0
input: 142 -> message: 36,36,2,2,2,2,2,2,2,2,2,2,2,2,2,2,2,2,2,2,2,2,2,2,2,2,2,2,2,2 -> output: 0
input: 143 -> message: 36,2,2,2,2,2,2,2,2,2,2,2,2,2,2,2,2,2,2,2,2,2,2,2,2,2,2,2,2,2 -> output: 0
input: 144 -> message: 36,11,11,11,4,39,27,2,2,2,2,2,2,2,2,2,2,2,2,2,2,2,2,2,2,2,2,2,2,2 -> output: 0
input: 145 -> message: 36,27,2,2,2,2,2,2,2,2,2,2,2,2,2,2,2,2,2,2,2,2,2,2,2,2,2,2,2,2 -> output: 0
input: 146 -> message: 36,2,2,2,2,2,2,2,2,2,2,2,2,2,2,2,2,2,2,2,2,2,2,2,2,2,2,2,2,2 -> output: 0
input: 147 -> message: 36,27,2,2,2,2,2,2,2,2,2,2,2,2,2,2,2,2,2,2,2,2,2,2,2,2,2,2,2,2 -> output: 0
input: 148 -> message: 36,36,2,2,2,2,2,2,2,2,2,2,2,2,2,2,2,2,2,2,2,2,2,2,2,2,2,2,2,2 -> output: 0
input: 149 -> message: 36,27,2,2,2,2,2,2,2,2,2,2,2,2,2,2,2,2,2,2,2,2,2,2,2,2,2,2,2,2 -> output: 0
input: 150 -> message: 2,2,2,2,2,2,2,2,2,2,2,2,2,2,2,2,2,2,2,2,2,2,2,2,2,2,2,2,2,2 -> output: 0
input: 151 -> message: 36,11,34,11,11,4,39,27,2,2,2,2,2,2,2,2,2,2,2,2,2,2,2,2,2,2,2,2,2,2 -> output: 0
input: 152 -> message: 36,36,2,2,2,2,2,2,2,2,2,2,2,2,2,2,2,2,2,2,2,2,2,2,2,2,2,2,2,2 -> output: 0
input: 153 -> message: 36,27,2,2,2,2,2,2,2,2,2,2,2,2,2,2,2,2,2,2,2,2,2,2,2,2,2,2,2,2 -> output: 0
input: 154 -> message: 36,2,2,2,2,2,2,2,2,2,2,2,2,2,2,2,2,2,2,2,2,2,2,2,2,2,2,2,2,2 -> output: 0
input: 155 -> message: 36,2,2,2,2,2,2,2,2,2,2,2,2,2,2,2,2,2,2,2,2,2,2,2,2,2,2,2,2,2 -> output: 0
input: 156 -> message: 36,11,11,11,11,4,39,27,2,2,2,2,2,2,2,2,2,2,2,2,2,2,2,2,2,2,2,2,2,2 -> output: 0
input: 157 -> message: 36,11,11,11,4,39,27,2,2,2,2,2,2,2,2,2,2,2,2,2,2,2,2,2,2,2,2,2,2,2 -> output: 0
input: 158 -> message: 36,11,34,11,11,4,39,27,2,2,2,2,2,2,2,2,2,2,2,2,2,2,2,2,2,2,2,2,2,2 -> output: 0
input: 159 -> message: 2,2,2,2,2,2,2,2,2,2,2,2,2,2,2,2,2,2,2,2,2,2,2,2,2,2,2,2,2,2 -> output: 0
input: 160 -> message: 36,11,11,11,4,39,27,2,2,2,2,2,2,2,2,2,2,2,2,2,2,2,2,2,2,2,2,2,2,2 -> output: 0
input: 161 -> message: 36,27,2,2,2,2,2,2,2,2,2,2,2,2,2,2,2,2,2,2,2,2,2,2,2,2,2,2,2,2 -> output: 0
input: 162 -> message: 36,36,2,2,2,2,2,2,2,2,2,2,2,2,2,2,2,2,2,2,2,2,2,2,2,2,2,2,2,2 -> output: 0
input: 163 -> message: 36,11,11,4,39,27,2,2,2,2,2,2,2,2,2,2,2,2,2,2,2,2,2,2,2,2,2,2,2,2 -> output: 0
input: 164 -> message: 2,2,2,2,2,2,2,2,2,2,2,2,2,2,2,2,2,2,2,2,2,2,2,2,2,2,2,2,2,2 -> output: 0
input: 165 -> message: 36,11,11,4,39,2,2,2,2,2,2,2,2,2,2,2,2,2,2,2,2,2,2,2,2,2,2,2,2,2 -> output: 0
input: 166 -> message: 36,2,2,2,2,2,2,2,2,2,2,2,2,2,2,2,2,2,2,2,2,2,2,2,2,2,2,2,2,2 -> output: 0
input: 167 -> message: 36,36,2,2,2,2,2,2,2,2,2,2,2,2,2,2,2,2,2,2,2,2,2,2,2,2,2,2,2,2 -> output: 0
input: 168 -> message: 36,27,2,2,2,2,2,2,2,2,2,2,2,2,2,2,2,2,2,2,2,2,2,2,2,2,2,2,2,2 -> output: 0
input: 169 -> message: 36,11,11,11,4,39,27,2,2,2,2,2,2,2,2,2,2,2,2,2,2,2,2,2,2,2,2,2,2,2 -> output: 0
input: 170 -> message: 29,2,2,2,2,2,2,2,2,2,2,2,2,2,2,2,2,2,2,2,2,2,2,2,2,2,2,2,2,2 -> output: 0
input: 171 -> message: 36,2,2,2,2,2,2,2,2,2,2,2,2,2,2,2,2,2,2,2,2,2,2,2,2,2,2,2,2,2 -> output: 0
input: 172 -> message: 36,27,2,2,2,2,2,2,2,2,2,2,2,2,2,2,2,2,2,2,2,2,2,2,2,2,2,2,2,2 -> output: 0
input: 173 -> message: 2,2,2,2,2,2,2,2,2,2,2,2,2,2,2,2,2,2,2,2,2,2,2,2,2,2,2,2,2,2 -> output: 0
input: 174 -> message: 36,11,34,11,11,11,4,4,27,2,2,2,2,2,2,2,2,2,2,2,2,2,2,2,2,2,2,2,2,2 -> output: 0
input: 175 -> message: 36,11,34,11,11,4,39,27,2,2,2,2,2,2,2,2,2,2,2,2,2,2,2,2,2,2,2,2,2,2 -> output: 0
input: 176 -> message: 36,11,34,11,11,4,39,27,2,2,2,2,2,2,2,2,2,2,2,2,2,2,2,2,2,2,2,2,2,2 -> output: 0
input: 177 -> message: 36,11,11,4,39,2,2,2,2,2,2,2,2,2,2,2,2,2,2,2,2,2,2,2,2,2,2,2,2,2 -> output: 0
input: 178 -> message: 36,2,2,2,2,2,2,2,2,2,2,2,2,2,2,2,2,2,2,2,2,2,2,2,2,2,2,2,2,2 -> output: 0
input: 179 -> message: 36,11,11,4,39,2,2,2,2,2,2,2,2,2,2,2,2,2,2,2,2,2,2,2,2,2,2,2,2,2 -> output: 0
input: 180 -> message: 36,11,34,11,11,11,4,4,27,2,2,2,2,2,2,2,2,2,2,2,2,2,2,2,2,2,2,2,2,2 -> output: 0
input: 181 -> message: 36,11,11,11,4,39,27,2,2,2,2,2,2,2,2,2,2,2,2,2,2,2,2,2,2,2,2,2,2,2 -> output: 0
input: 182 -> message: 36,2,2,2,2,2,2,2,2,2,2,2,2,2,2,2,2,2,2,2,2,2,2,2,2,2,2,2,2,2 -> output: 0
input: 183 -> message: 36,27,2,2,2,2,2,2,2,2,2,2,2,2,2,2,2,2,2,2,2,2,2,2,2,2,2,2,2,2 -> output: 0
input: 184 -> message: 36,11,34,11,11,4,39,27,2,2,2,2,2,2,2,2,2,2,2,2,2,2,2,2,2,2,2,2,2,2 -> output: 0
input: 185 -> message: 2,2,2,2,2,2,2,2,2,2,2,2,2,2,2,2,2,2,2,2,2,2,2,2,2,2,2,2,2,2 -> output: 0
input: 186 -> message: 36,2,2,2,2,2,2,2,2,2,2,2,2,2,2,2,2,2,2,2,2,2,2,2,2,2,2,2,2,2 -> output: 0
input: 187 -> message: 36,36,2,2,2,2,2,2,2,2,2,2,2,2,2,2,2,2,2,2,2,2,2,2,2,2,2,2,2,2 -> output: 0
input: 188 -> message: 36,2,2,2,2,2,2,2,2,2,2,2,2,2,2,2,2,2,2,2,2,2,2,2,2,2,2,2,2,2 -> output: 0
input: 189 -> message: 36,2,2,2,2,2,2,2,2,2,2,2,2,2,2,2,2,2,2,2,2,2,2,2,2,2,2,2,2,2 -> output: 0
input: 190 -> message: 36,27,2,2,2,2,2,2,2,2,2,2,2,2,2,2,2,2,2,2,2,2,2,2,2,2,2,2,2,2 -> output: 0
input: 191 -> message: 29,2,2,2,2,2,2,2,2,2,2,2,2,2,2,2,2,2,2,2,2,2,2,2,2,2,2,2,2,2 -> output: 0
input: 192 -> message: 36,11,34,11,11,4,39,27,2,2,2,2,2,2,2,2,2,2,2,2,2,2,2,2,2,2,2,2,2,2 -> output: 0
input: 193 -> message: 36,27,2,2,2,2,2,2,2,2,2,2,2,2,2,2,2,2,2,2,2,2,2,2,2,2,2,2,2,2 -> output: 0
input: 194 -> message: 36,11,11,4,39,2,2,2,2,2,2,2,2,2,2,2,2,2,2,2,2,2,2,2,2,2,2,2,2,2 -> output: 0
input: 195 -> message: 36,2,2,2,2,2,2,2,2,2,2,2,2,2,2,2,2,2,2,2,2,2,2,2,2,2,2,2,2,2 -> output: 0
input: 196 -> message: 36,27,2,2,2,2,2,2,2,2,2,2,2,2,2,2,2,2,2,2,2,2,2,2,2,2,2,2,2,2 -> output: 0
input: 197 -> message: 36,11,11,4,39,2,2,2,2,2,2,2,2,2,2,2,2,2,2,2,2,2,2,2,2,2,2,2,2,2 -> output: 0
input: 198 -> message: 2,2,2,2,2,2,2,2,2,2,2,2,2,2,2,2,2,2,2,2,2,2,2,2,2,2,2,2,2,2 -> output: 0
input: 199 -> message: 36,11,34,11,11,4,39,27,2,2,2,2,2,2,2,2,2,2,2,2,2,2,2,2,2,2,2,2,2,2 -> output: 0
input: 200 -> message: 29,2,2,2,2,2,2,2,2,2,2,2,2,2,2,2,2,2,2,2,2,2,2,2,2,2,2,2,2,2 -> output: 0
input: 201 -> message: 36,11,11,11,4,39,27,2,2,2,2,2,2,2,2,2,2,2,2,2,2,2,2,2,2,2,2,2,2,2 -> output: 0
input: 202 -> message: 36,36,2,2,2,2,2,2,2,2,2,2,2,2,2,2,2,2,2,2,2,2,2,2,2,2,2,2,2,2 -> output: 0
input: 203 -> message: 36,11,11,11,4,39,27,2,2,2,2,2,2,2,2,2,2,2,2,2,2,2,2,2,2,2,2,2,2,2 -> output: 0
input: 204 -> message: 36,11,11,11,4,39,27,2,2,2,2,2,2,2,2,2,2,2,2,2,2,2,2,2,2,2,2,2,2,2 -> output: 0
input: 205 -> message: 29,2,2,2,2,2,2,2,2,2,2,2,2,2,2,2,2,2,2,2,2,2,2,2,2,2,2,2,2,2 -> output: 0
input: 206 -> message: 36,11,34,11,11,11,4,39,27,2,2,2,2,2,2,2,2,2,2,2,2,2,2,2,2,2,2,2,2,2 -> output: 0
input: 207 -> message: 36,36,2,2,2,2,2,2,2,2,2,2,2,2,2,2,2,2,2,2,2,2,2,2,2,2,2,2,2,2 -> output: 0
input: 208 -> message: 36,11,34,11,11,11,4,39,27,2,2,2,2,2,2,2,2,2,2,2,2,2,2,2,2,2,2,2,2,2 -> output: 0
input: 209 -> message: 36,11,34,11,11,11,4,4,27,2,2,2,2,2,2,2,2,2,2,2,2,2,2,2,2,2,2,2,2,2 -> output: 0
input: 210 -> message: 2,2,2,2,2,2,2,2,2,2,2,2,2,2,2,2,2,2,2,2,2,2,2,2,2,2,2,2,2,2 -> output: 0
input: 211 -> message: 36,11,11,11,4,39,27,2,2,2,2,2,2,2,2,2,2,2,2,2,2,2,2,2,2,2,2,2,2,2 -> output: 0
input: 212 -> message: 36,27,2,2,2,2,2,2,2,2,2,2,2,2,2,2,2,2,2,2,2,2,2,2,2,2,2,2,2,2 -> output: 0
input: 213 -> message: 36,2,2,2,2,2,2,2,2,2,2,2,2,2,2,2,2,2,2,2,2,2,2,2,2,2,2,2,2,2 -> output: 0
input: 214 -> message: 2,2,2,2,2,2,2,2,2,2,2,2,2,2,2,2,2,2,2,2,2,2,2,2,2,2,2,2,2,2 -> output: 0
input: 215 -> message: 36,2,2,2,2,2,2,2,2,2,2,2,2,2,2,2,2,2,2,2,2,2,2,2,2,2,2,2,2,2 -> output: 0
input: 216 -> message: 2,2,2,2,2,2,2,2,2,2,2,2,2,2,2,2,2,2,2,2,2,2,2,2,2,2,2,2,2,2 -> output: 0
input: 217 -> message: 36,11,11,11,4,39,27,2,2,2,2,2,2,2,2,2,2,2,2,2,2,2,2,2,2,2,2,2,2,2 -> output: 0
input: 218 -> message: 36,11,34,11,11,4,39,27,2,2,2,2,2,2,2,2,2,2,2,2,2,2,2,2,2,2,2,2,2,2 -> output: 0
input: 219 -> message: 36,2,2,2,2,2,2,2,2,2,2,2,2,2,2,2,2,2,2,2,2,2,2,2,2,2,2,2,2,2 -> output: 0
input: 220 -> message: 36,11,11,11,4,39,27,2,2,2,2,2,2,2,2,2,2,2,2,2,2,2,2,2,2,2,2,2,2,2 -> output: 0
input: 221 -> message: 36,11,11,4,39,2,2,2,2,2,2,2,2,2,2,2,2,2,2,2,2,2,2,2,2,2,2,2,2,2 -> output: 0
input: 222 -> message: 2,2,2,2,2,2,2,2,2,2,2,2,2,2,2,2,2,2,2,2,2,2,2,2,2,2,2,2,2,2 -> output: 0
input: 223 -> message: 36,27,2,2,2,2,2,2,2,2,2,2,2,2,2,2,2,2,2,2,2,2,2,2,2,2,2,2,2,2 -> output: 0
input: 224 -> message: 36,2,2,2,2,2,2,2,2,2,2,2,2,2,2,2,2,2,2,2,2,2,2,2,2,2,2,2,2,2 -> output: 0
input: 225 -> message: 36,11,11,4,39,2,2,2,2,2,2,2,2,2,2,2,2,2,2,2,2,2,2,2,2,2,2,2,2,2 -> output: 0
input: 226 -> message: 36,11,34,11,11,4,39,27,2,2,2,2,2,2,2,2,2,2,2,2,2,2,2,2,2,2,2,2,2,2 -> output: 0
input: 227 -> message: 36,27,2,2,2,2,2,2,2,2,2,2,2,2,2,2,2,2,2,2,2,2,2,2,2,2,2,2,2,2 -> output: 0
input: 228 -> message: 36,2,2,2,2,2,2,2,2,2,2,2,2,2,2,2,2,2,2,2,2,2,2,2,2,2,2,2,2,2 -> output: 0
input: 229 -> message: 29,2,2,2,2,2,2,2,2,2,2,2,2,2,2,2,2,2,2,2,2,2,2,2,2,2,2,2,2,2 -> output: 0
input: 230 -> message: 36,2,2,2,2,2,2,2,2,2,2,2,2,2,2,2,2,2,2,2,2,2,2,2,2,2,2,2,2,2 -> output: 0
input: 231 -> message: 36,27,2,2,2,2,2,2,2,2,2,2,2,2,2,2,2,2,2,2,2,2,2,2,2,2,2,2,2,2 -> output: 0
input: 232 -> message: 36,27,2,2,2,2,2,2,2,2,2,2,2,2,2,2,2,2,2,2,2,2,2,2,2,2,2,2,2,2 -> output: 0
input: 233 -> message: 36,11,11,11,4,39,27,2,2,2,2,2,2,2,2,2,2,2,2,2,2,2,2,2,2,2,2,2,2,2 -> output: 0
input: 234 -> message: 36,11,34,11,11,4,39,27,2,2,2,2,2,2,2,2,2,2,2,2,2,2,2,2,2,2,2,2,2,2 -> output: 0
input: 235 -> message: 36,2,2,2,2,2,2,2,2,2,2,2,2,2,2,2,2,2,2,2,2,2,2,2,2,2,2,2,2,2 -> output: 0
input: 236 -> message: 36,11,34,11,11,11,4,39,27,2,2,2,2,2,2,2,2,2,2,2,2,2,2,2,2,2,2,2,2,2 -> output: 0
input: 237 -> message: 36,11,11,11,4,39,27,2,2,2,2,2,2,2,2,2,2,2,2,2,2,2,2,2,2,2,2,2,2,2 -> output: 0
input: 238 -> message: 36,11,34,11,11,4,39,27,2,2,2,2,2,2,2,2,2,2,2,2,2,2,2,2,2,2,2,2,2,2 -> output: 0
input: 239 -> message: 36,11,34,11,11,11,11,4,4,27,2,2,2,2,2,2,2,2,2,2,2,2,2,2,2,2,2,2,2,2 -> output: 0
input: 240 -> message: 36,2,2,2,2,2,2,2,2,2,2,2,2,2,2,2,2,2,2,2,2,2,2,2,2,2,2,2,2,2 -> output: 0
input: 241 -> message: 2,2,2,2,2,2,2,2,2,2,2,2,2,2,2,2,2,2,2,2,2,2,2,2,2,2,2,2,2,2 -> output: 0
input: 242 -> message: 36,11,11,11,4,39,27,2,2,2,2,2,2,2,2,2,2,2,2,2,2,2,2,2,2,2,2,2,2,2 -> output: 0
input: 243 -> message: 36,11,11,4,39,27,2,2,2,2,2,2,2,2,2,2,2,2,2,2,2,2,2,2,2,2,2,2,2,2 -> output: 0
input: 244 -> message: 36,11,11,11,4,39,27,2,2,2,2,2,2,2,2,2,2,2,2,2,2,2,2,2,2,2,2,2,2,2 -> output: 0
input: 245 -> message: 36,11,11,11,4,39,27,2,2,2,2,2,2,2,2,2,2,2,2,2,2,2,2,2,2,2,2,2,2,2 -> output: 0
input: 246 -> message: 36,2,2,2,2,2,2,2,2,2,2,2,2,2,2,2,2,2,2,2,2,2,2,2,2,2,2,2,2,2 -> output: 0
input: 247 -> message: 36,36,2,2,2,2,2,2,2,2,2,2,2,2,2,2,2,2,2,2,2,2,2,2,2,2,2,2,2,2 -> output: 0
input: 248 -> message: 36,11,11,11,4,39,27,2,2,2,2,2,2,2,2,2,2,2,2,2,2,2,2,2,2,2,2,2,2,2 -> output: 0
input: 249 -> message: 36,11,11,11,4,39,27,2,2,2,2,2,2,2,2,2,2,2,2,2,2,2,2,2,2,2,2,2,2,2 -> output: 0
input: 250 -> message: 36,2,2,2,2,2,2,2,2,2,2,2,2,2,2,2,2,2,2,2,2,2,2,2,2,2,2,2,2,2 -> output: 0
input: 251 -> message: 2,2,2,2,2,2,2,2,2,2,2,2,2,2,2,2,2,2,2,2,2,2,2,2,2,2,2,2,2,2 -> output: 0
input: 252 -> message: 36,2,2,2,2,2,2,2,2,2,2,2,2,2,2,2,2,2,2,2,2,2,2,2,2,2,2,2,2,2 -> output: 0
input: 253 -> message: 36,2,2,2,2,2,2,2,2,2,2,2,2,2,2,2,2,2,2,2,2,2,2,2,2,2,2,2,2,2 -> output: 0
input: 254 -> message: 36,36,2,2,2,2,2,2,2,2,2,2,2,2,2,2,2,2,2,2,2,2,2,2,2,2,2,2,2,2 -> output: 0
input: 255 -> message: 36,27,2,2,2,2,2,2,2,2,2,2,2,2,2,2,2,2,2,2,2,2,2,2,2,2,2,2,2,2 -> output: 0
input: 256 -> message: 36,11,11,11,4,39,27,2,2,2,2,2,2,2,2,2,2,2,2,2,2,2,2,2,2,2,2,2,2,2 -> output: 0
input: 257 -> message: 36,2,2,2,2,2,2,2,2,2,2,2,2,2,2,2,2,2,2,2,2,2,2,2,2,2,2,2,2,2 -> output: 0
input: 258 -> message: 36,11,11,4,39,2,2,2,2,2,2,2,2,2,2,2,2,2,2,2,2,2,2,2,2,2,2,2,2,2 -> output: 0
input: 259 -> message: 36,11,11,11,4,39,27,2,2,2,2,2,2,2,2,2,2,2,2,2,2,2,2,2,2,2,2,2,2,2 -> output: 0
input: 260 -> message: 36,11,11,11,4,39,27,2,2,2,2,2,2,2,2,2,2,2,2,2,2,2,2,2,2,2,2,2,2,2 -> output: 0
input: 261 -> message: 36,2,2,2,2,2,2,2,2,2,2,2,2,2,2,2,2,2,2,2,2,2,2,2,2,2,2,2,2,2 -> output: 0
input: 262 -> message: 36,11,34,11,11,11,4,39,27,2,2,2,2,2,2,2,2,2,2,2,2,2,2,2,2,2,2,2,2,2 -> output: 0
input: 263 -> message: 2,2,2,2,2,2,2,2,2,2,2,2,2,2,2,2,2,2,2,2,2,2,2,2,2,2,2,2,2,2 -> output: 0
input: 264 -> message: 36,2,2,2,2,2,2,2,2,2,2,2,2,2,2,2,2,2,2,2,2,2,2,2,2,2,2,2,2,2 -> output: 0
input: 265 -> message: 36,11,11,11,4,39,27,2,2,2,2,2,2,2,2,2,2,2,2,2,2,2,2,2,2,2,2,2,2,2 -> output: 0
input: 266 -> message: 36,27,2,2,2,2,2,2,2,2,2,2,2,2,2,2,2,2,2,2,2,2,2,2,2,2,2,2,2,2 -> output: 0
input: 267 -> message: 36,2,2,2,2,2,2,2,2,2,2,2,2,2,2,2,2,2,2,2,2,2,2,2,2,2,2,2,2,2 -> output: 0
input: 268 -> message: 36,2,2,2,2,2,2,2,2,2,2,2,2,2,2,2,2,2,2,2,2,2,2,2,2,2,2,2,2,2 -> output: 0
input: 269 -> message: 29,2,2,2,2,2,2,2,2,2,2,2,2,2,2,2,2,2,2,2,2,2,2,2,2,2,2,2,2,2 -> output: 0
input: 270 -> message: 36,2,2,2,2,2,2,2,2,2,2,2,2,2,2,2,2,2,2,2,2,2,2,2,2,2,2,2,2,2 -> output: 0
input: 271 -> message: 36,2,2,2,2,2,2,2,2,2,2,2,2,2,2,2,2,2,2,2,2,2,2,2,2,2,2,2,2,2 -> output: 0
input: 272 -> message: 36,36,2,2,2,2,2,2,2,2,2,2,2,2,2,2,2,2,2,2,2,2,2,2,2,2,2,2,2,2 -> output: 0
input: 273 -> message: 36,11,11,11,4,39,27,2,2,2,2,2,2,2,2,2,2,2,2,2,2,2,2,2,2,2,2,2,2,2 -> output: 0
input: 274 -> message: 36,36,2,2,2,2,2,2,2,2,2,2,2,2,2,2,2,2,2,2,2,2,2,2,2,2,2,2,2,2 -> output: 0
input: 275 -> message: 36,11,34,11,11,4,39,27,2,2,2,2,2,2,2,2,2,2,2,2,2,2,2,2,2,2,2,2,2,2 -> output: 0
input: 276 -> message: 36,2,2,2,2,2,2,2,2,2,2,2,2,2,2,2,2,2,2,2,2,2,2,2,2,2,2,2,2,2 -> output: 0
input: 277 -> message: 36,11,11,11,4,39,27,2,2,2,2,2,2,2,2,2,2,2,2,2,2,2,2,2,2,2,2,2,2,2 -> output: 0
input: 278 -> message: 36,2,2,2,2,2,2,2,2,2,2,2,2,2,2,2,2,2,2,2,2,2,2,2,2,2,2,2,2,2 -> output: 0
input: 279 -> message: 36,2,2,2,2,2,2,2,2,2,2,2,2,2,2,2,2,2,2,2,2,2,2,2,2,2,2,2,2,2 -> output: 0
input: 280 -> message: 36,2,2,2,2,2,2,2,2,2,2,2,2,2,2,2,2,2,2,2,2,2,2,2,2,2,2,2,2,2 -> output: 0
input: 281 -> message: 2,2,2,2,2,2,2,2,2,2,2,2,2,2,2,2,2,2,2,2,2,2,2,2,2,2,2,2,2,2 -> output: 0
input: 282 -> message: 36,2,2,2,2,2,2,2,2,2,2,2,2,2,2,2,2,2,2,2,2,2,2,2,2,2,2,2,2,2 -> output: 0
input: 283 -> message: 36,2,2,2,2,2,2,2,2,2,2,2,2,2,2,2,2,2,2,2,2,2,2,2,2,2,2,2,2,2 -> output: 0
input: 284 -> message: 36,11,11,4,39,2,2,2,2,2,2,2,2,2,2,2,2,2,2,2,2,2,2,2,2,2,2,2,2,2 -> output: 0
input: 285 -> message: 36,11,34,11,11,11,4,39,27,2,2,2,2,2,2,2,2,2,2,2,2,2,2,2,2,2,2,2,2,2 -> output: 0
input: 286 -> message: 36,11,11,11,4,39,27,2,2,2,2,2,2,2,2,2,2,2,2,2,2,2,2,2,2,2,2,2,2,2 -> output: 0
input: 287 -> message: 36,2,2,2,2,2,2,2,2,2,2,2,2,2,2,2,2,2,2,2,2,2,2,2,2,2,2,2,2,2 -> output: 0
input: 288 -> message: 36,27,2,2,2,2,2,2,2,2,2,2,2,2,2,2,2,2,2,2,2,2,2,2,2,2,2,2,2,2 -> output: 0
input: 289 -> message: 36,2,2,2,2,2,2,2,2,2,2,2,2,2,2,2,2,2,2,2,2,2,2,2,2,2,2,2,2,2 -> output: 0
input: 290 -> message: 36,11,34,11,11,4,39,27,2,2,2,2,2,2,2,2,2,2,2,2,2,2,2,2,2,2,2,2,2,2 -> output: 0
input: 291 -> message: 36,27,2,2,2,2,2,2,2,2,2,2,2,2,2,2,2,2,2,2,2,2,2,2,2,2,2,2,2,2 -> output: 0
input: 292 -> message: 36,2,2,2,2,2,2,2,2,2,2,2,2,2,2,2,2,2,2,2,2,2,2,2,2,2,2,2,2,2 -> output: 0
input: 293 -> message: 36,11,11,11,4,39,27,2,2,2,2,2,2,2,2,2,2,2,2,2,2,2,2,2,2,2,2,2,2,2 -> output: 0
input: 294 -> message: 29,2,2,2,2,2,2,2,2,2,2,2,2,2,2,2,2,2,2,2,2,2,2,2,2,2,2,2,2,2 -> output: 0
input: 295 -> message: 36,11,34,11,11,11,4,4,27,2,2,2,2,2,2,2,2,2,2,2,2,2,2,2,2,2,2,2,2,2 -> output: 0
input: 296 -> message: 36,11,11,4,39,2,2,2,2,2,2,2,2,2,2,2,2,2,2,2,2,2,2,2,2,2,2,2,2,2 -> output: 0
input: 297 -> message: 36,11,11,4,39,27,2,2,2,2,2,2,2,2,2,2,2,2,2,2,2,2,2,2,2,2,2,2,2,2 -> output: 0
input: 298 -> message: 36,27,2,2,2,2,2,2,2,2,2,2,2,2,2,2,2,2,2,2,2,2,2,2,2,2,2,2,2,2 -> output: 0
input: 299 -> message: 2,2,2,2,2,2,2,2,2,2,2,2,2,2,2,2,2,2,2,2,2,2,2,2,2,2,2,2,2,2 -> output: 0
input: 300 -> message: 29,2,2,2,2,2,2,2,2,2,2,2,2,2,2,2,2,2,2,2,2,2,2,2,2,2,2,2,2,2 -> output: 0
input: 301 -> message: 36,11,11,4,39,2,2,2,2,2,2,2,2,2,2,2,2,2,2,2,2,2,2,2,2,2,2,2,2,2 -> output: 0
input: 302 -> message: 29,2,2,2,2,2,2,2,2,2,2,2,2,2,2,2,2,2,2,2,2,2,2,2,2,2,2,2,2,2 -> output: 0
input: 303 -> message: 36,2,2,2,2,2,2,2,2,2,2,2,2,2,2,2,2,2,2,2,2,2,2,2,2,2,2,2,2,2 -> output: 0
input: 304 -> message: 36,11,34,11,11,4,39,27,2,2,2,2,2,2,2,2,2,2,2,2,2,2,2,2,2,2,2,2,2,2 -> output: 0
input: 305 -> message: 36,2,2,2,2,2,2,2,2,2,2,2,2,2,2,2,2,2,2,2,2,2,2,2,2,2,2,2,2,2 -> output: 0
input: 306 -> message: 36,11,34,11,11,11,4,39,27,2,2,2,2,2,2,2,2,2,2,2,2,2,2,2,2,2,2,2,2,2 -> output: 0
input: 307 -> message: 36,36,2,2,2,2,2,2,2,2,2,2,2,2,2,2,2,2,2,2,2,2,2,2,2,2,2,2,2,2 -> output: 0
input: 308 -> message: 36,11,11,11,4,39,27,2,2,2,2,2,2,2,2,2,2,2,2,2,2,2,2,2,2,2,2,2,2,2 -> output: 0
input: 309 -> message: 36,11,11,11,4,39,27,2,2,2,2,2,2,2,2,2,2,2,2,2,2,2,2,2,2,2,2,2,2,2 -> output: 0
input: 310 -> message: 36,11,11,11,4,39,27,2,2,2,2,2,2,2,2,2,2,2,2,2,2,2,2,2,2,2,2,2,2,2 -> output: 0
input: 311 -> message: 36,11,11,4,39,27,2,2,2,2,2,2,2,2,2,2,2,2,2,2,2,2,2,2,2,2,2,2,2,2 -> output: 0
input: 312 -> message: 36,36,2,2,2,2,2,2,2,2,2,2,2,2,2,2,2,2,2,2,2,2,2,2,2,2,2,2,2,2 -> output: 0
input: 313 -> message: 36,11,11,11,4,39,27,2,2,2,2,2,2,2,2,2,2,2,2,2,2,2,2,2,2,2,2,2,2,2 -> output: 0
input: 314 -> message: 36,2,2,2,2,2,2,2,2,2,2,2,2,2,2,2,2,2,2,2,2,2,2,2,2,2,2,2,2,2 -> output: 0
input: 315 -> message: 36,11,11,4,39,2,2,2,2,2,2,2,2,2,2,2,2,2,2,2,2,2,2,2,2,2,2,2,2,2 -> output: 0
input: 316 -> message: 36,36,2,2,2,2,2,2,2,2,2,2,2,2,2,2,2,2,2,2,2,2,2,2,2,2,2,2,2,2 -> output: 0
input: 317 -> message: 36,11,11,4,39,2,2,2,2,2,2,2,2,2,2,2,2,2,2,2,2,2,2,2,2,2,2,2,2,2 -> output: 0
input: 318 -> message: 36,2,2,2,2,2,2,2,2,2,2,2,2,2,2,2,2,2,2,2,2,2,2,2,2,2,2,2,2,2 -> output: 0
input: 319 -> message: 36,11,11,11,4,39,27,2,2,2,2,2,2,2,2,2,2,2,2,2,2,2,2,2,2,2,2,2,2,2 -> output: 0
input: 320 -> message: 36,11,34,11,11,4,39,27,2,2,2,2,2,2,2,2,2,2,2,2,2,2,2,2,2,2,2,2,2,2 -> output: 0
input: 321 -> message: 36,2,2,2,2,2,2,2,2,2,2,2,2,2,2,2,2,2,2,2,2,2,2,2,2,2,2,2,2,2 -> output: 0
input: 322 -> message: 36,11,34,11,11,4,39,27,2,2,2,2,2,2,2,2,2,2,2,2,2,2,2,2,2,2,2,2,2,2 -> output: 0
input: 323 -> message: 36,36,2,2,2,2,2,2,2,2,2,2,2,2,2,2,2,2,2,2,2,2,2,2,2,2,2,2,2,2 -> output: 0
input: 324 -> message: 36,11,11,4,39,2,2,2,2,2,2,2,2,2,2,2,2,2,2,2,2,2,2,2,2,2,2,2,2,2 -> output: 0
input: 325 -> message: 36,11,11,11,4,39,27,2,2,2,2,2,2,2,2,2,2,2,2,2,2,2,2,2,2,2,2,2,2,2 -> output: 0
input: 326 -> message: 36,11,34,11,11,4,39,27,2,2,2,2,2,2,2,2,2,2,2,2,2,2,2,2,2,2,2,2,2,2 -> output: 0
input: 327 -> message: 36,36,2,2,2,2,2,2,2,2,2,2,2,2,2,2,2,2,2,2,2,2,2,2,2,2,2,2,2,2 -> output: 0
input: 328 -> message: 36,11,11,11,4,39,27,2,2,2,2,2,2,2,2,2,2,2,2,2,2,2,2,2,2,2,2,2,2,2 -> output: 0
input: 329 -> message: 25,26,13,27,2,2,2,2,2,2,2,2,2,2,2,2,2,2,2,2,2,2,2,2,2,2,2,2,2,2 -> output: 0
input: 330 -> message: 36,11,34,11,11,11,4,4,27,2,2,2,2,2,2,2,2,2,2,2,2,2,2,2,2,2,2,2,2,2 -> output: 0
input: 331 -> message: 2,2,2,2,2,2,2,2,2,2,2,2,2,2,2,2,2,2,2,2,2,2,2,2,2,2,2,2,2,2 -> output: 0
input: 332 -> message: 36,2,2,2,2,2,2,2,2,2,2,2,2,2,2,2,2,2,2,2,2,2,2,2,2,2,2,2,2,2 -> output: 0
input: 333 -> message: 36,2,2,2,2,2,2,2,2,2,2,2,2,2,2,2,2,2,2,2,2,2,2,2,2,2,2,2,2,2 -> output: 0
input: 334 -> message: 36,11,34,11,11,11,4,4,27,2,2,2,2,2,2,2,2,2,2,2,2,2,2,2,2,2,2,2,2,2 -> output: 0
input: 335 -> message: 36,36,2,2,2,2,2,2,2,2,2,2,2,2,2,2,2,2,2,2,2,2,2,2,2,2,2,2,2,2 -> output: 0
input: 336 -> message: 2,2,2,2,2,2,2,2,2,2,2,2,2,2,2,2,2,2,2,2,2,2,2,2,2,2,2,2,2,2 -> output: 0
input: 337 -> message: 36,2,2,2,2,2,2,2,2,2,2,2,2,2,2,2,2,2,2,2,2,2,2,2,2,2,2,2,2,2 -> output: 0
input: 338 -> message: 36,11,34,11,11,11,4,39,27,2,2,2,2,2,2,2,2,2,2,2,2,2,2,2,2,2,2,2,2,2 -> output: 0
input: 339 -> message: 36,2,2,2,2,2,2,2,2,2,2,2,2,2,2,2,2,2,2,2,2,2,2,2,2,2,2,2,2,2 -> output: 0
input: 340 -> message: 36,11,11,4,39,2,2,2,2,2,2,2,2,2,2,2,2,2,2,2,2,2,2,2,2,2,2,2,2,2 -> output: 0
input: 341 -> message: 36,11,34,11,11,11,4,4,27,2,2,2,2,2,2,2,2,2,2,2,2,2,2,2,2,2,2,2,2,2 -> output: 0
input: 342 -> message: 2,2,2,2,2,2,2,2,2,2,2,2,2,2,2,2,2,2,2,2,2,2,2,2,2,2,2,2,2,2 -> output: 0
input: 343 -> message: 36,11,34,11,11,11,4,39,27,2,2,2,2,2,2,2,2,2,2,2,2,2,2,2,2,2,2,2,2,2 -> output: 0
input: 344 -> message: 36,2,2,2,2,2,2,2,2,2,2,2,2,2,2,2,2,2,2,2,2,2,2,2,2,2,2,2,2,2 -> output: 0
input: 345 -> message: 36,11,34,11,11,4,39,27,2,2,2,2,2,2,2,2,2,2,2,2,2,2,2,2,2,2,2,2,2,2 -> output: 0
input: 346 -> message: 36,36,2,2,2,2,2,2,2,2,2,2,2,2,2,2,2,2,2,2,2,2,2,2,2,2,2,2,2,2 -> output: 0
input: 347 -> message: 36,11,34,11,11,4,39,27,2,2,2,2,2,2,2,2,2,2,2,2,2,2,2,2,2,2,2,2,2,2 -> output: 0
input: 348 -> message: 36,36,2,2,2,2,2,2,2,2,2,2,2,2,2,2,2,2,2,2,2,2,2,2,2,2,2,2,2,2 -> output: 0
input: 349 -> message: 36,11,11,11,4,39,27,2,2,2,2,2,2,2,2,2,2,2,2,2,2,2,2,2,2,2,2,2,2,2 -> output: 0
input: 350 -> message: 36,11,11,11,4,39,27,2,2,2,2,2,2,2,2,2,2,2,2,2,2,2,2,2,2,2,2,2,2,2 -> output: 0
input: 351 -> message: 36,2,2,2,2,2,2,2,2,2,2,2,2,2,2,2,2,2,2,2,2,2,2,2,2,2,2,2,2,2 -> output: 0
input: 352 -> message: 36,11,34,11,11,4,39,27,2,2,2,2,2,2,2,2,2,2,2,2,2,2,2,2,2,2,2,2,2,2 -> output: 0
input: 353 -> message: 36,11,11,4,39,27,2,2,2,2,2,2,2,2,2,2,2,2,2,2,2,2,2,2,2,2,2,2,2,2 -> output: 0
input: 354 -> message: 36,11,11,11,4,39,27,2,2,2,2,2,2,2,2,2,2,2,2,2,2,2,2,2,2,2,2,2,2,2 -> output: 0
input: 355 -> message: 36,11,11,4,39,2,2,2,2,2,2,2,2,2,2,2,2,2,2,2,2,2,2,2,2,2,2,2,2,2 -> output: 0
input: 356 -> message: 36,2,2,2,2,2,2,2,2,2,2,2,2,2,2,2,2,2,2,2,2,2,2,2,2,2,2,2,2,2 -> output: 0
input: 357 -> message: 36,11,11,11,4,39,27,2,2,2,2,2,2,2,2,2,2,2,2,2,2,2,2,2,2,2,2,2,2,2 -> output: 0
input: 358 -> message: 36,2,2,2,2,2,2,2,2,2,2,2,2,2,2,2,2,2,2,2,2,2,2,2,2,2,2,2,2,2 -> output: 0
input: 359 -> message: 36,36,2,2,2,2,2,2,2,2,2,2,2,2,2,2,2,2,2,2,2,2,2,2,2,2,2,2,2,2 -> output: 0
input: 360 -> message: 36,11,11,4,39,27,2,2,2,2,2,2,2,2,2,2,2,2,2,2,2,2,2,2,2,2,2,2,2,2 -> output: 0
input: 361 -> message: 36,11,11,11,4,39,27,2,2,2,2,2,2,2,2,2,2,2,2,2,2,2,2,2,2,2,2,2,2,2 -> output: 0
input: 362 -> message: 2,2,2,2,2,2,2,2,2,2,2,2,2,2,2,2,2,2,2,2,2,2,2,2,2,2,2,2,2,2 -> output: 0
input: 363 -> message: 2,2,2,2,2,2,2,2,2,2,2,2,2,2,2,2,2,2,2,2,2,2,2,2,2,2,2,2,2,2 -> output: 0
input: 364 -> message: 2,2,2,2,2,2,2,2,2,2,2,2,2,2,2,2,2,2,2,2,2,2,2,2,2,2,2,2,2,2 -> output: 0
input: 365 -> message: 36,27,2,2,2,2,2,2,2,2,2,2,2,2,2,2,2,2,2,2,2,2,2,2,2,2,2,2,2,2 -> output: 0
input: 366 -> message: 36,11,11,11,4,39,27,2,2,2,2,2,2,2,2,2,2,2,2,2,2,2,2,2,2,2,2,2,2,2 -> output: 0
input: 367 -> message: 36,11,11,4,39,2,2,2,2,2,2,2,2,2,2,2,2,2,2,2,2,2,2,2,2,2,2,2,2,2 -> output: 0
input: 368 -> message: 36,2,2,2,2,2,2,2,2,2,2,2,2,2,2,2,2,2,2,2,2,2,2,2,2,2,2,2,2,2 -> output: 0
input: 369 -> message: 36,11,34,11,11,11,4,4,27,2,2,2,2,2,2,2,2,2,2,2,2,2,2,2,2,2,2,2,2,2 -> output: 0
input: 370 -> message: 36,11,11,11,4,39,27,2,2,2,2,2,2,2,2,2,2,2,2,2,2,2,2,2,2,2,2,2,2,2 -> output: 0
input: 371 -> message: 36,11,34,11,11,11,4,39,27,2,2,2,2,2,2,2,2,2,2,2,2,2,2,2,2,2,2,2,2,2 -> output: 0
input: 372 -> message: 36,11,11,4,39,27,2,2,2,2,2,2,2,2,2,2,2,2,2,2,2,2,2,2,2,2,2,2,2,2 -> output: 0
input: 373 -> message: 36,2,2,2,2,2,2,2,2,2,2,2,2,2,2,2,2,2,2,2,2,2,2,2,2,2,2,2,2,2 -> output: 0
input: 374 -> message: 36,11,34,11,11,11,4,39,27,2,2,2,2,2,2,2,2,2,2,2,2,2,2,2,2,2,2,2,2,2 -> output: 0
input: 375 -> message: 36,2,2,2,2,2,2,2,2,2,2,2,2,2,2,2,2,2,2,2,2,2,2,2,2,2,2,2,2,2 -> output: 0
input: 376 -> message: 36,36,2,2,2,2,2,2,2,2,2,2,2,2,2,2,2,2,2,2,2,2,2,2,2,2,2,2,2,2 -> output: 0
input: 377 -> message: 36,11,11,11,4,39,27,2,2,2,2,2,2,2,2,2,2,2,2,2,2,2,2,2,2,2,2,2,2,2 -> output: 0
input: 378 -> message: 36,2,2,2,2,2,2,2,2,2,2,2,2,2,2,2,2,2,2,2,2,2,2,2,2,2,2,2,2,2 -> output: 0
input: 379 -> message: 36,27,2,2,2,2,2,2,2,2,2,2,2,2,2,2,2,2,2,2,2,2,2,2,2,2,2,2,2,2 -> output: 0
input: 380 -> message: 36,2,2,2,2,2,2,2,2,2,2,2,2,2,2,2,2,2,2,2,2,2,2,2,2,2,2,2,2,2 -> output: 0
input: 381 -> message: 36,11,11,11,4,39,27,2,2,2,2,2,2,2,2,2,2,2,2,2,2,2,2,2,2,2,2,2,2,2 -> output: 0
input: 382 -> message: 36,11,34,11,11,11,4,4,27,2,2,2,2,2,2,2,2,2,2,2,2,2,2,2,2,2,2,2,2,2 -> output: 0
input: 383 -> message: 36,2,2,2,2,2,2,2,2,2,2,2,2,2,2,2,2,2,2,2,2,2,2,2,2,2,2,2,2,2 -> output: 0
input: 384 -> message: 36,2,2,2,2,2,2,2,2,2,2,2,2,2,2,2,2,2,2,2,2,2,2,2,2,2,2,2,2,2 -> output: 0
input: 385 -> message: 36,11,34,11,11,4,39,27,2,2,2,2,2,2,2,2,2,2,2,2,2,2,2,2,2,2,2,2,2,2 -> output: 0
input: 386 -> message: 36,11,34,11,11,4,4,27,2,2,2,2,2,2,2,2,2,2,2,2,2,2,2,2,2,2,2,2,2,2 -> output: 0
input: 387 -> message: 36,11,34,11,11,4,39,27,2,2,2,2,2,2,2,2,2,2,2,2,2,2,2,2,2,2,2,2,2,2 -> output: 0
input: 388 -> message: 36,27,2,2,2,2,2,2,2,2,2,2,2,2,2,2,2,2,2,2,2,2,2,2,2,2,2,2,2,2 -> output: 0
input: 389 -> message: 36,11,34,11,11,4,39,27,2,2,2,2,2,2,2,2,2,2,2,2,2,2,2,2,2,2,2,2,2,2 -> output: 0
input: 390 -> message: 2,2,2,2,2,2,2,2,2,2,2,2,2,2,2,2,2,2,2,2,2,2,2,2,2,2,2,2,2,2 -> output: 0
input: 391 -> message: 36,11,34,11,11,4,39,27,2,2,2,2,2,2,2,2,2,2,2,2,2,2,2,2,2,2,2,2,2,2 -> output: 0
input: 392 -> message: 36,27,2,2,2,2,2,2,2,2,2,2,2,2,2,2,2,2,2,2,2,2,2,2,2,2,2,2,2,2 -> output: 0
input: 393 -> message: 29,2,2,2,2,2,2,2,2,2,2,2,2,2,2,2,2,2,2,2,2,2,2,2,2,2,2,2,2,2 -> output: 0
input: 394 -> message: 36,11,11,11,4,39,27,2,2,2,2,2,2,2,2,2,2,2,2,2,2,2,2,2,2,2,2,2,2,2 -> output: 0
input: 395 -> message: 36,27,2,2,2,2,2,2,2,2,2,2,2,2,2,2,2,2,2,2,2,2,2,2,2,2,2,2,2,2 -> output: 0
input: 396 -> message: 36,11,34,11,11,4,39,27,2,2,2,2,2,2,2,2,2,2,2,2,2,2,2,2,2,2,2,2,2,2 -> output: 0
input: 397 -> message: 29,2,2,2,2,2,2,2,2,2,2,2,2,2,2,2,2,2,2,2,2,2,2,2,2,2,2,2,2,2 -> output: 0
input: 398 -> message: 36,11,11,11,4,39,27,2,2,2,2,2,2,2,2,2,2,2,2,2,2,2,2,2,2,2,2,2,2,2 -> output: 0
input: 399 -> message: 36,11,11,11,4,39,27,2,2,2,2,2,2,2,2,2,2,2,2,2,2,2,2,2,2,2,2,2,2,2 -> output: 0
input: 400 -> message: 36,11,34,11,11,11,4,4,27,2,2,2,2,2,2,2,2,2,2,2,2,2,2,2,2,2,2,2,2,2 -> output: 0
input: 401 -> message: 36,11,11,11,4,39,27,2,2,2,2,2,2,2,2,2,2,2,2,2,2,2,2,2,2,2,2,2,2,2 -> output: 0
input: 402 -> message: 36,11,34,11,11,4,39,27,2,2,2,2,2,2,2,2,2,2,2,2,2,2,2,2,2,2,2,2,2,2 -> output: 0
input: 403 -> message: 36,2,2,2,2,2,2,2,2,2,2,2,2,2,2,2,2,2,2,2,2,2,2,2,2,2,2,2,2,2 -> output: 0
input: 404 -> message: 36,2,2,2,2,2,2,2,2,2,2,2,2,2,2,2,2,2,2,2,2,2,2,2,2,2,2,2,2,2 -> output: 0
input: 405 -> message: 36,11,34,11,11,4,39,27,2,2,2,2,2,2,2,2,2,2,2,2,2,2,2,2,2,2,2,2,2,2 -> output: 0
input: 406 -> message: 36,2,2,2,2,2,2,2,2,2,2,2,2,2,2,2,2,2,2,2,2,2,2,2,2,2,2,2,2,2 -> output: 0
input: 407 -> message: 36,11,11,4,39,2,2,2,2,2,2,2,2,2,2,2,2,2,2,2,2,2,2,2,2,2,2,2,2,2 -> output: 0
input: 408 -> message: 36,27,2,2,2,2,2,2,2,2,2,2,2,2,2,2,2,2,2,2,2,2,2,2,2,2,2,2,2,2 -> output: 0
input: 409 -> message: 2,2,2,2,2,2,2,2,2,2,2,2,2,2,2,2,2,2,2,2,2,2,2,2,2,2,2,2,2,2 -> output: 0
input: 410 -> message: 29,2,2,2,2,2,2,2,2,2,2,2,2,2,2,2,2,2,2,2,2,2,2,2,2,2,2,2,2,2 -> output: 0
input: 411 -> message: 36,11,34,11,11,4,39,27,2,2,2,2,2,2,2,2,2,2,2,2,2,2,2,2,2,2,2,2,2,2 -> output: 0
input: 412 -> message: 36,2,2,2,2,2,2,2,2,2,2,2,2,2,2,2,2,2,2,2,2,2,2,2,2,2,2,2,2,2 -> output: 0
input: 413 -> message: 36,2,2,2,2,2,2,2,2,2,2,2,2,2,2,2,2,2,2,2,2,2,2,2,2,2,2,2,2,2 -> output: 0
input: 414 -> message: 36,11,34,11,11,11,4,39,27,2,2,2,2,2,2,2,2,2,2,2,2,2,2,2,2,2,2,2,2,2 -> output: 0
input: 415 -> message: 36,2,2,2,2,2,2,2,2,2,2,2,2,2,2,2,2,2,2,2,2,2,2,2,2,2,2,2,2,2 -> output: 0
input: 416 -> message: 36,11,11,11,4,39,27,2,2,2,2,2,2,2,2,2,2,2,2,2,2,2,2,2,2,2,2,2,2,2 -> output: 0
input: 417 -> message: 36,11,11,11,11,4,39,27,2,2,2,2,2,2,2,2,2,2,2,2,2,2,2,2,2,2,2,2,2,2 -> output: 0
input: 418 -> message: 36,11,34,11,11,4,39,27,2,2,2,2,2,2,2,2,2,2,2,2,2,2,2,2,2,2,2,2,2,2 -> output: 0
input: 419 -> message: 36,11,34,11,11,4,39,27,2,2,2,2,2,2,2,2,2,2,2,2,2,2,2,2,2,2,2,2,2,2 -> output: 0
input: 420 -> message: 36,2,2,2,2,2,2,2,2,2,2,2,2,2,2,2,2,2,2,2,2,2,2,2,2,2,2,2,2,2 -> output: 0
input: 421 -> message: 36,11,11,4,39,2,2,2,2,2,2,2,2,2,2,2,2,2,2,2,2,2,2,2,2,2,2,2,2,2 -> output: 0
input: 422 -> message: 36,2,2,2,2,2,2,2,2,2,2,2,2,2,2,2,2,2,2,2,2,2,2,2,2,2,2,2,2,2 -> output: 0
input: 423 -> message: 36,11,11,11,4,39,27,2,2,2,2,2,2,2,2,2,2,2,2,2,2,2,2,2,2,2,2,2,2,2 -> output: 0
input: 424 -> message: 36,11,34,11,11,11,4,4,27,2,2,2,2,2,2,2,2,2,2,2,2,2,2,2,2,2,2,2,2,2 -> output: 0
input: 425 -> message: 2,2,2,2,2,2,2,2,2,2,2,2,2,2,2,2,2,2,2,2,2,2,2,2,2,2,2,2,2,2 -> output: 0
input: 426 -> message: 36,11,34,11,11,4,39,27,2,2,2,2,2,2,2,2,2,2,2,2,2,2,2,2,2,2,2,2,2,2 -> output: 0
input: 427 -> message: 2,2,2,2,2,2,2,2,2,2,2,2,2,2,2,2,2,2,2,2,2,2,2,2,2,2,2,2,2,2 -> output: 0
input: 428 -> message: 36,2,2,2,2,2,2,2,2,2,2,2,2,2,2,2,2,2,2,2,2,2,2,2,2,2,2,2,2,2 -> output: 0
input: 429 -> message: 36,11,11,4,39,27,2,2,2,2,2,2,2,2,2,2,2,2,2,2,2,2,2,2,2,2,2,2,2,2 -> output: 0
input: 430 -> message: 36,11,34,11,11,11,4,4,27,2,2,2,2,2,2,2,2,2,2,2,2,2,2,2,2,2,2,2,2,2 -> output: 0
input: 431 -> message: 36,11,34,11,11,4,4,27,2,2,2,2,2,2,2,2,2,2,2,2,2,2,2,2,2,2,2,2,2,2 -> output: 0
input: 432 -> message: 36,11,34,11,11,4,39,27,2,2,2,2,2,2,2,2,2,2,2,2,2,2,2,2,2,2,2,2,2,2 -> output: 0
input: 433 -> message: 36,11,34,11,11,11,4,4,27,2,2,2,2,2,2,2,2,2,2,2,2,2,2,2,2,2,2,2,2,2 -> output: 0
input: 434 -> message: 36,11,11,11,4,39,27,2,2,2,2,2,2,2,2,2,2,2,2,2,2,2,2,2,2,2,2,2,2,2 -> output: 0
input: 435 -> message: 36,27,2,2,2,2,2,2,2,2,2,2,2,2,2,2,2,2,2,2,2,2,2,2,2,2,2,2,2,2 -> output: 0
input: 436 -> message: 36,11,34,11,11,11,4,4,27,2,2,2,2,2,2,2,2,2,2,2,2,2,2,2,2,2,2,2,2,2 -> output: 0
input: 437 -> message: 36,11,11,11,4,39,27,2,2,2,2,2,2,2,2,2,2,2,2,2,2,2,2,2,2,2,2,2,2,2 -> output: 0
input: 438 -> message: 2,2,2,2,2,2,2,2,2,2,2,2,2,2,2,2,2,2,2,2,2,2,2,2,2,2,2,2,2,2 -> output: 0
input: 439 -> message: 2,2,2,2,2,2,2,2,2,2,2,2,2,2,2,2,2,2,2,2,2,2,2,2,2,2,2,2,2,2 -> output: 0
input: 440 -> message: 36,11,11,4,39,2,2,2,2,2,2,2,2,2,2,2,2,2,2,2,2,2,2,2,2,2,2,2,2,2 -> output: 0
input: 441 -> message: 36,11,34,11,11,4,39,27,2,2,2,2,2,2,2,2,2,2,2,2,2,2,2,2,2,2,2,2,2,2 -> output: 0
input: 442 -> message: 36,36,2,2,2,2,2,2,2,2,2,2,2,2,2,2,2,2,2,2,2,2,2,2,2,2,2,2,2,2 -> output: 0
input: 443 -> message: 36,2,2,2,2,2,2,2,2,2,2,2,2,2,2,2,2,2,2,2,2,2,2,2,2,2,2,2,2,2 -> output: 0
input: 444 -> message: 36,11,11,4,39,2,2,2,2,2,2,2,2,2,2,2,2,2,2,2,2,2,2,2,2,2,2,2,2,2 -> output: 0
input: 445 -> message: 36,2,2,2,2,2,2,2,2,2,2,2,2,2,2,2,2,2,2,2,2,2,2,2,2,2,2,2,2,2 -> output: 0
input: 446 -> message: 36,2,2,2,2,2,2,2,2,2,2,2,2,2,2,2,2,2,2,2,2,2,2,2,2,2,2,2,2,2 -> output: 0
input: 447 -> message: 2,2,2,2,2,2,2,2,2,2,2,2,2,2,2,2,2,2,2,2,2,2,2,2,2,2,2,2,2,2 -> output: 0
input: 448 -> message: 36,2,2,2,2,2,2,2,2,2,2,2,2,2,2,2,2,2,2,2,2,2,2,2,2,2,2,2,2,2 -> output: 0
input: 449 -> message: 2,2,2,2,2,2,2,2,2,2,2,2,2,2,2,2,2,2,2,2,2,2,2,2,2,2,2,2,2,2 -> output: 0
input: 450 -> message: 36,36,2,2,2,2,2,2,2,2,2,2,2,2,2,2,2,2,2,2,2,2,2,2,2,2,2,2,2,2 -> output: 0
input: 451 -> message: 36,2,2,2,2,2,2,2,2,2,2,2,2,2,2,2,2,2,2,2,2,2,2,2,2,2,2,2,2,2 -> output: 0
input: 452 -> message: 36,11,34,11,11,11,4,4,27,2,2,2,2,2,2,2,2,2,2,2,2,2,2,2,2,2,2,2,2,2 -> output: 0
input: 453 -> message: 36,11,34,11,11,11,4,4,27,2,2,2,2,2,2,2,2,2,2,2,2,2,2,2,2,2,2,2,2,2 -> output: 0
input: 454 -> message: 2,2,2,2,2,2,2,2,2,2,2,2,2,2,2,2,2,2,2,2,2,2,2,2,2,2,2,2,2,2 -> output: 0
input: 455 -> message: 2,2,2,2,2,2,2,2,2,2,2,2,2,2,2,2,2,2,2,2,2,2,2,2,2,2,2,2,2,2 -> output: 0
input: 456 -> message: 36,11,11,11,4,39,27,2,2,2,2,2,2,2,2,2,2,2,2,2,2,2,2,2,2,2,2,2,2,2 -> output: 0
input: 457 -> message: 2,2,2,2,2,2,2,2,2,2,2,2,2,2,2,2,2,2,2,2,2,2,2,2,2,2,2,2,2,2 -> output: 0
input: 458 -> message: 36,11,11,11,4,39,27,2,2,2,2,2,2,2,2,2,2,2,2,2,2,2,2,2,2,2,2,2,2,2 -> output: 0
input: 459 -> message: 36,2,2,2,2,2,2,2,2,2,2,2,2,2,2,2,2,2,2,2,2,2,2,2,2,2,2,2,2,2 -> output: 0
input: 460 -> message: 36,36,2,2,2,2,2,2,2,2,2,2,2,2,2,2,2,2,2,2,2,2,2,2,2,2,2,2,2,2 -> output: 0
input: 461 -> message: 36,11,11,4,39,2,2,2,2,2,2,2,2,2,2,2,2,2,2,2,2,2,2,2,2,2,2,2,2,2 -> output: 0
input: 462 -> message: 36,11,34,11,11,11,4,39,27,2,2,2,2,2,2,2,2,2,2,2,2,2,2,2,2,2,2,2,2,2 -> output: 0
input: 463 -> message: 36,2,2,2,2,2,2,2,2,2,2,2,2,2,2,2,2,2,2,2,2,2,2,2,2,2,2,2,2,2 -> output: 0
input: 464 -> message: 36,2,2,2,2,2,2,2,2,2,2,2,2,2,2,2,2,2,2,2,2,2,2,2,2,2,2,2,2,2 -> output: 0
input: 465 -> message: 36,36,2,2,2,2,2,2,2,2,2,2,2,2,2,2,2,2,2,2,2,2,2,2,2,2,2,2,2,2 -> output: 0
input: 466 -> message: 36,2,2,2,2,2,2,2,2,2,2,2,2,2,2,2,2,2,2,2,2,2,2,2,2,2,2,2,2,2 -> output: 0
input: 467 -> message: 36,11,11,11,4,39,27,2,2,2,2,2,2,2,2,2,2,2,2,2,2,2,2,2,2,2,2,2,2,2 -> output: 0
input: 468 -> message: 36,11,34,11,11,4,39,27,2,2,2,2,2,2,2,2,2,2,2,2,2,2,2,2,2,2,2,2,2,2 -> output: 0
input: 469 -> message: 36,11,34,11,11,4,39,27,2,2,2,2,2,2,2,2,2,2,2,2,2,2,2,2,2,2,2,2,2,2 -> output: 0
input: 470 -> message: 36,11,34,11,11,4,39,27,2,2,2,2,2,2,2,2,2,2,2,2,2,2,2,2,2,2,2,2,2,2 -> output: 0
input: 471 -> message: 36,11,11,4,39,2,2,2,2,2,2,2,2,2,2,2,2,2,2,2,2,2,2,2,2,2,2,2,2,2 -> output: 0
input: 472 -> message: 2,2,2,2,2,2,2,2,2,2,2,2,2,2,2,2,2,2,2,2,2,2,2,2,2,2,2,2,2,2 -> output: 0
input: 473 -> message: 36,36,2,2,2,2,2,2,2,2,2,2,2,2,2,2,2,2,2,2,2,2,2,2,2,2,2,2,2,2 -> output: 0
input: 474 -> message: 36,11,11,11,4,39,27,2,2,2,2,2,2,2,2,2,2,2,2,2,2,2,2,2,2,2,2,2,2,2 -> output: 0
input: 475 -> message: 36,2,2,2,2,2,2,2,2,2,2,2,2,2,2,2,2,2,2,2,2,2,2,2,2,2,2,2,2,2 -> output: 0
input: 476 -> message: 36,11,34,11,11,11,4,39,27,2,2,2,2,2,2,2,2,2,2,2,2,2,2,2,2,2,2,2,2,2 -> output: 0
input: 477 -> message: 36,11,11,4,39,27,2,2,2,2,2,2,2,2,2,2,2,2,2,2,2,2,2,2,2,2,2,2,2,2 -> output: 0
input: 478 -> message: 36,11,11,11,4,39,27,2,2,2,2,2,2,2,2,2,2,2,2,2,2,2,2,2,2,2,2,2,2,2 -> output: 0
input: 479 -> message: 36,27,2,2,2,2,2,2,2,2,2,2,2,2,2,2,2,2,2,2,2,2,2,2,2,2,2,2,2,2 -> output: 0
input: 480 -> message: 2,2,2,2,2,2,2,2,2,2,2,2,2,2,2,2,2,2,2,2,2,2,2,2,2,2,2,2,2,2 -> output: 0
input: 481 -> message: 36,2,2,2,2,2,2,2,2,2,2,2,2,2,2,2,2,2,2,2,2,2,2,2,2,2,2,2,2,2 -> output: 0
input: 482 -> message: 36,11,11,4,39,2,2,2,2,2,2,2,2,2,2,2,2,2,2,2,2,2,2,2,2,2,2,2,2,2 -> output: 0
input: 483 -> message: 36,11,34,11,11,4,39,27,2,2,2,2,2,2,2,2,2,2,2,2,2,2,2,2,2,2,2,2,2,2 -> output: 0
input: 484 -> message: 36,2,2,2,2,2,2,2,2,2,2,2,2,2,2,2,2,2,2,2,2,2,2,2,2,2,2,2,2,2 -> output: 0
input: 485 -> message: 36,11,11,11,4,39,27,2,2,2,2,2,2,2,2,2,2,2,2,2,2,2,2,2,2,2,2,2,2,2 -> output: 0
input: 486 -> message: 36,11,34,11,11,4,39,27,2,2,2,2,2,2,2,2,2,2,2,2,2,2,2,2,2,2,2,2,2,2 -> output: 0
input: 487 -> message: 2,2,2,2,2,2,2,2,2,2,2,2,2,2,2,2,2,2,2,2,2,2,2,2,2,2,2,2,2,2 -> output: 0
input: 488 -> message: 36,11,34,11,11,11,4,4,27,2,2,2,2,2,2,2,2,2,2,2,2,2,2,2,2,2,2,2,2,2 -> output: 0
input: 489 -> message: 36,2,2,2,2,2,2,2,2,2,2,2,2,2,2,2,2,2,2,2,2,2,2,2,2,2,2,2,2,2 -> output: 0
input: 490 -> message: 36,2,2,2,2,2,2,2,2,2,2,2,2,2,2,2,2,2,2,2,2,2,2,2,2,2,2,2,2,2 -> output: 0
input: 491 -> message: 29,2,2,2,2,2,2,2,2,2,2,2,2,2,2,2,2,2,2,2,2,2,2,2,2,2,2,2,2,2 -> output: 0
input: 492 -> message: 36,11,34,11,11,4,39,27,2,2,2,2,2,2,2,2,2,2,2,2,2,2,2,2,2,2,2,2,2,2 -> output: 0
input: 493 -> message: 36,11,34,11,11,11,4,4,27,2,2,2,2,2,2,2,2,2,2,2,2,2,2,2,2,2,2,2,2,2 -> output: 0
input: 494 -> message: 36,11,11,11,4,39,27,2,2,2,2,2,2,2,2,2,2,2,2,2,2,2,2,2,2,2,2,2,2,2 -> output: 0
input: 495 -> message: 36,36,2,2,2,2,2,2,2,2,2,2,2,2,2,2,2,2,2,2,2,2,2,2,2,2,2,2,2,2 -> output: 0
input: 496 -> message: 36,36,2,2,2,2,2,2,2,2,2,2,2,2,2,2,2,2,2,2,2,2,2,2,2,2,2,2,2,2 -> output: 0
input: 497 -> message: 36,11,11,11,4,39,27,2,2,2,2,2,2,2,2,2,2,2,2,2,2,2,2,2,2,2,2,2,2,2 -> output: 0
input: 498 -> message: 36,11,34,11,11,4,39,27,2,2,2,2,2,2,2,2,2,2,2,2,2,2,2,2,2,2,2,2,2,2 -> output: 0
input: 499 -> message: 36,11,11,11,4,39,27,2,2,2,2,2,2,2,2,2,2,2,2,2,2,2,2,2,2,2,2,2,2,2 -> output: 0
input: 500 -> message: 36,11,11,11,4,39,27,2,2,2,2,2,2,2,2,2,2,2,2,2,2,2,2,2,2,2,2,2,2,2 -> output: 0
input: 501 -> message: 36,11,11,11,4,39,27,2,2,2,2,2,2,2,2,2,2,2,2,2,2,2,2,2,2,2,2,2,2,2 -> output: 0
input: 502 -> message: 36,11,11,11,4,39,27,2,2,2,2,2,2,2,2,2,2,2,2,2,2,2,2,2,2,2,2,2,2,2 -> output: 0
input: 503 -> message: 36,2,2,2,2,2,2,2,2,2,2,2,2,2,2,2,2,2,2,2,2,2,2,2,2,2,2,2,2,2 -> output: 0
input: 504 -> message: 36,2,2,2,2,2,2,2,2,2,2,2,2,2,2,2,2,2,2,2,2,2,2,2,2,2,2,2,2,2 -> output: 0
input: 505 -> message: 36,11,34,11,11,11,4,4,27,2,2,2,2,2,2,2,2,2,2,2,2,2,2,2,2,2,2,2,2,2 -> output: 0
input: 506 -> message: 36,11,34,11,11,11,4,4,27,2,2,2,2,2,2,2,2,2,2,2,2,2,2,2,2,2,2,2,2,2 -> output: 0
input: 507 -> message: 36,11,34,11,11,11,4,4,27,2,2,2,2,2,2,2,2,2,2,2,2,2,2,2,2,2,2,2,2,2 -> output: 0
input: 508 -> message: 36,11,34,11,11,4,39,27,2,2,2,2,2,2,2,2,2,2,2,2,2,2,2,2,2,2,2,2,2,2 -> output: 0
input: 509 -> message: 36,11,11,11,4,39,27,2,2,2,2,2,2,2,2,2,2,2,2,2,2,2,2,2,2,2,2,2,2,2 -> output: 0
input: 510 -> message: 36,11,11,11,4,39,27,2,2,2,2,2,2,2,2,2,2,2,2,2,2,2,2,2,2,2,2,2,2,2 -> output: 0
input: 511 -> message: 36,11,11,11,4,39,27,2,2,2,2,2,2,2,2,2,2,2,2,2,2,2,2,2,2,2,2,2,2,2 -> output: 0
input: 512 -> message: 36,2,2,2,2,2,2,2,2,2,2,2,2,2,2,2,2,2,2,2,2,2,2,2,2,2,2,2,2,2 -> output: 0
input: 513 -> message: 36,11,34,11,11,4,39,27,2,2,2,2,2,2,2,2,2,2,2,2,2,2,2,2,2,2,2,2,2,2 -> output: 0
input: 514 -> message: 36,36,2,2,2,2,2,2,2,2,2,2,2,2,2,2,2,2,2,2,2,2,2,2,2,2,2,2,2,2 -> output: 0
input: 515 -> message: 36,11,11,11,4,39,27,2,2,2,2,2,2,2,2,2,2,2,2,2,2,2,2,2,2,2,2,2,2,2 -> output: 0
input: 516 -> message: 36,27,2,2,2,2,2,2,2,2,2,2,2,2,2,2,2,2,2,2,2,2,2,2,2,2,2,2,2,2 -> output: 0
input: 517 -> message: 36,11,11,11,4,39,27,2,2,2,2,2,2,2,2,2,2,2,2,2,2,2,2,2,2,2,2,2,2,2 -> output: 0
input: 518 -> message: 36,2,2,2,2,2,2,2,2,2,2,2,2,2,2,2,2,2,2,2,2,2,2,2,2,2,2,2,2,2 -> output: 0
input: 519 -> message: 36,2,2,2,2,2,2,2,2,2,2,2,2,2,2,2,2,2,2,2,2,2,2,2,2,2,2,2,2,2 -> output: 0
input: 520 -> message: 36,27,2,2,2,2,2,2,2,2,2,2,2,2,2,2,2,2,2,2,2,2,2,2,2,2,2,2,2,2 -> output: 0
input: 521 -> message: 36,27,2,2,2,2,2,2,2,2,2,2,2,2,2,2,2,2,2,2,2,2,2,2,2,2,2,2,2,2 -> output: 0
input: 522 -> message: 36,11,34,11,11,11,4,4,27,2,2,2,2,2,2,2,2,2,2,2,2,2,2,2,2,2,2,2,2,2 -> output: 0
input: 523 -> message: 36,27,2,2,2,2,2,2,2,2,2,2,2,2,2,2,2,2,2,2,2,2,2,2,2,2,2,2,2,2 -> output: 0
input: 524 -> message: 2,2,2,2,2,2,2,2,2,2,2,2,2,2,2,2,2,2,2,2,2,2,2,2,2,2,2,2,2,2 -> output: 0
input: 525 -> message: 29,2,2,2,2,2,2,2,2,2,2,2,2,2,2,2,2,2,2,2,2,2,2,2,2,2,2,2,2,2 -> output: 0
input: 526 -> message: 36,36,2,2,2,2,2,2,2,2,2,2,2,2,2,2,2,2,2,2,2,2,2,2,2,2,2,2,2,2 -> output: 0
input: 527 -> message: 36,2,2,2,2,2,2,2,2,2,2,2,2,2,2,2,2,2,2,2,2,2,2,2,2,2,2,2,2,2 -> output: 0
input: 528 -> message: 36,11,11,11,4,39,27,2,2,2,2,2,2,2,2,2,2,2,2,2,2,2,2,2,2,2,2,2,2,2 -> output: 0
input: 529 -> message: 36,11,11,4,39,27,2,2,2,2,2,2,2,2,2,2,2,2,2,2,2,2,2,2,2,2,2,2,2,2 -> output: 0
input: 530 -> message: 36,36,2,2,2,2,2,2,2,2,2,2,2,2,2,2,2,2,2,2,2,2,2,2,2,2,2,2,2,2 -> output: 0
input: 531 -> message: 36,11,11,11,4,39,27,2,2,2,2,2,2,2,2,2,2,2,2,2,2,2,2,2,2,2,2,2,2,2 -> output: 0
input: 532 -> message: 36,27,2,2,2,2,2,2,2,2,2,2,2,2,2,2,2,2,2,2,2,2,2,2,2,2,2,2,2,2 -> output: 0
input: 533 -> message: 36,2,2,2,2,2,2,2,2,2,2,2,2,2,2,2,2,2,2,2,2,2,2,2,2,2,2,2,2,2 -> output: 0
input: 534 -> message: 36,11,11,11,4,39,27,2,2,2,2,2,2,2,2,2,2,2,2,2,2,2,2,2,2,2,2,2,2,2 -> output: 0
input: 535 -> message: 2,2,2,2,2,2,2,2,2,2,2,2,2,2,2,2,2,2,2,2,2,2,2,2,2,2,2,2,2,2 -> output: 0
input: 536 -> message: 36,36,2,2,2,2,2,2,2,2,2,2,2,2,2,2,2,2,2,2,2,2,2,2,2,2,2,2,2,2 -> output: 0
input: 537 -> message: 36,11,34,11,11,11,4,4,27,2,2,2,2,2,2,2,2,2,2,2,2,2,2,2,2,2,2,2,2,2 -> output: 0
input: 538 -> message: 36,2,2,2,2,2,2,2,2,2,2,2,2,2,2,2,2,2,2,2,2,2,2,2,2,2,2,2,2,2 -> output: 0
input: 539 -> message: 36,2,2,2,2,2,2,2,2,2,2,2,2,2,2,2,2,2,2,2,2,2,2,2,2,2,2,2,2,2 -> output: 0
input: 540 -> message: 2,2,2,2,2,2,2,2,2,2,2,2,2,2,2,2,2,2,2,2,2,2,2,2,2,2,2,2,2,2 -> output: 0
input: 541 -> message: 2,2,2,2,2,2,2,2,2,2,2,2,2,2,2,2,2,2,2,2,2,2,2,2,2,2,2,2,2,2 -> output: 0
input: 542 -> message: 36,2,2,2,2,2,2,2,2,2,2,2,2,2,2,2,2,2,2,2,2,2,2,2,2,2,2,2,2,2 -> output: 0
input: 543 -> message: 29,2,2,2,2,2,2,2,2,2,2,2,2,2,2,2,2,2,2,2,2,2,2,2,2,2,2,2,2,2 -> output: 0
input: 544 -> message: 36,11,11,11,4,39,27,2,2,2,2,2,2,2,2,2,2,2,2,2,2,2,2,2,2,2,2,2,2,2 -> output: 0
input: 545 -> message: 36,11,11,11,4,39,27,2,2,2,2,2,2,2,2,2,2,2,2,2,2,2,2,2,2,2,2,2,2,2 -> output: 0
input: 546 -> message: 36,36,2,2,2,2,2,2,2,2,2,2,2,2,2,2,2,2,2,2,2,2,2,2,2,2,2,2,2,2 -> output: 0
input: 547 -> message: 36,11,11,4,39,2,2,2,2,2,2,2,2,2,2,2,2,2,2,2,2,2,2,2,2,2,2,2,2,2 -> output: 0
input: 548 -> message: 2,2,2,2,2,2,2,2,2,2,2,2,2,2,2,2,2,2,2,2,2,2,2,2,2,2,2,2,2,2 -> output: 0
input: 549 -> message: 36,11,11,11,4,39,27,2,2,2,2,2,2,2,2,2,2,2,2,2,2,2,2,2,2,2,2,2,2,2 -> output: 0
input: 550 -> message: 36,11,34,11,11,11,4,39,27,2,2,2,2,2,2,2,2,2,2,2,2,2,2,2,2,2,2,2,2,2 -> output: 0
input: 551 -> message: 36,2,2,2,2,2,2,2,2,2,2,2,2,2,2,2,2,2,2,2,2,2,2,2,2,2,2,2,2,2 -> output: 0
input: 552 -> message: 36,2,2,2,2,2,2,2,2,2,2,2,2,2,2,2,2,2,2,2,2,2,2,2,2,2,2,2,2,2 -> output: 0
input: 553 -> message: 36,2,2,2,2,2,2,2,2,2,2,2,2,2,2,2,2,2,2,2,2,2,2,2,2,2,2,2,2,2 -> output: 0
input: 554 -> message: 36,27,2,2,2,2,2,2,2,2,2,2,2,2,2,2,2,2,2,2,2,2,2,2,2,2,2,2,2,2 -> output: 0
input: 555 -> message: 2,2,2,2,2,2,2,2,2,2,2,2,2,2,2,2,2,2,2,2,2,2,2,2,2,2,2,2,2,2 -> output: 0
input: 556 -> message: 36,27,2,2,2,2,2,2,2,2,2,2,2,2,2,2,2,2,2,2,2,2,2,2,2,2,2,2,2,2 -> output: 0
input: 557 -> message: 36,36,2,2,2,2,2,2,2,2,2,2,2,2,2,2,2,2,2,2,2,2,2,2,2,2,2,2,2,2 -> output: 0
input: 558 -> message: 36,11,11,11,4,39,27,2,2,2,2,2,2,2,2,2,2,2,2,2,2,2,2,2,2,2,2,2,2,2 -> output: 0
input: 559 -> message: 36,11,11,11,4,39,27,2,2,2,2,2,2,2,2,2,2,2,2,2,2,2,2,2,2,2,2,2,2,2 -> output: 0
input: 560 -> message: 36,11,34,11,11,11,4,4,27,2,2,2,2,2,2,2,2,2,2,2,2,2,2,2,2,2,2,2,2,2 -> output: 0
input: 561 -> message: 36,36,2,2,2,2,2,2,2,2,2,2,2,2,2,2,2,2,2,2,2,2,2,2,2,2,2,2,2,2 -> output: 0
input: 562 -> message: 36,2,2,2,2,2,2,2,2,2,2,2,2,2,2,2,2,2,2,2,2,2,2,2,2,2,2,2,2,2 -> output: 0
input: 563 -> message: 36,27,2,2,2,2,2,2,2,2,2,2,2,2,2,2,2,2,2,2,2,2,2,2,2,2,2,2,2,2 -> output: 0
input: 564 -> message: 36,2,2,2,2,2,2,2,2,2,2,2,2,2,2,2,2,2,2,2,2,2,2,2,2,2,2,2,2,2 -> output: 0
input: 565 -> message: 36,11,34,11,11,11,4,4,27,2,2,2,2,2,2,2,2,2,2,2,2,2,2,2,2,2,2,2,2,2 -> output: 0
input: 566 -> message: 36,36,2,2,2,2,2,2,2,2,2,2,2,2,2,2,2,2,2,2,2,2,2,2,2,2,2,2,2,2 -> output: 0
input: 567 -> message: 36,11,11,11,4,39,27,2,2,2,2,2,2,2,2,2,2,2,2,2,2,2,2,2,2,2,2,2,2,2 -> output: 0
input: 568 -> message: 36,11,34,11,11,4,39,27,2,2,2,2,2,2,2,2,2,2,2,2,2,2,2,2,2,2,2,2,2,2 -> output: 0
input: 569 -> message: 36,2,2,2,2,2,2,2,2,2,2,2,2,2,2,2,2,2,2,2,2,2,2,2,2,2,2,2,2,2 -> output: 0
input: 570 -> message: 36,11,11,4,39,27,2,2,2,2,2,2,2,2,2,2,2,2,2,2,2,2,2,2,2,2,2,2,2,2 -> output: 0
input: 571 -> message: 36,2,2,2,2,2,2,2,2,2,2,2,2,2,2,2,2,2,2,2,2,2,2,2,2,2,2,2,2,2 -> output: 0
input: 572 -> message: 36,11,34,11,11,4,4,27,2,2,2,2,2,2,2,2,2,2,2,2,2,2,2,2,2,2,2,2,2,2 -> output: 0
input: 573 -> message: 36,2,2,2,2,2,2,2,2,2,2,2,2,2,2,2,2,2,2,2,2,2,2,2,2,2,2,2,2,2 -> output: 0
input: 574 -> message: 36,27,2,2,2,2,2,2,2,2,2,2,2,2,2,2,2,2,2,2,2,2,2,2,2,2,2,2,2,2 -> output: 0
input: 575 -> message: 29,2,2,2,2,2,2,2,2,2,2,2,2,2,2,2,2,2,2,2,2,2,2,2,2,2,2,2,2,2 -> output: 0
input: 576 -> message: 36,2,2,2,2,2,2,2,2,2,2,2,2,2,2,2,2,2,2,2,2,2,2,2,2,2,2,2,2,2 -> output: 0
input: 577 -> message: 36,2,2,2,2,2,2,2,2,2,2,2,2,2,2,2,2,2,2,2,2,2,2,2,2,2,2,2,2,2 -> output: 0
input: 578 -> message: 36,2,2,2,2,2,2,2,2,2,2,2,2,2,2,2,2,2,2,2,2,2,2,2,2,2,2,2,2,2 -> output: 0
input: 579 -> message: 36,2,2,2,2,2,2,2,2,2,2,2,2,2,2,2,2,2,2,2,2,2,2,2,2,2,2,2,2,2 -> output: 0
input: 580 -> message: 36,2,2,2,2,2,2,2,2,2,2,2,2,2,2,2,2,2,2,2,2,2,2,2,2,2,2,2,2,2 -> output: 0
input: 581 -> message: 36,2,2,2,2,2,2,2,2,2,2,2,2,2,2,2,2,2,2,2,2,2,2,2,2,2,2,2,2,2 -> output: 0
input: 582 -> message: 36,11,11,4,39,2,2,2,2,2,2,2,2,2,2,2,2,2,2,2,2,2,2,2,2,2,2,2,2,2 -> output: 0
input: 583 -> message: 36,11,34,11,11,11,4,39,27,2,2,2,2,2,2,2,2,2,2,2,2,2,2,2,2,2,2,2,2,2 -> output: 0
input: 584 -> message: 36,11,11,11,4,39,27,2,2,2,2,2,2,2,2,2,2,2,2,2,2,2,2,2,2,2,2,2,2,2 -> output: 0
input: 585 -> message: 36,2,2,2,2,2,2,2,2,2,2,2,2,2,2,2,2,2,2,2,2,2,2,2,2,2,2,2,2,2 -> output: 0
input: 586 -> message: 36,11,11,11,4,39,27,2,2,2,2,2,2,2,2,2,2,2,2,2,2,2,2,2,2,2,2,2,2,2 -> output: 0
input: 587 -> message: 36,11,11,4,39,27,2,2,2,2,2,2,2,2,2,2,2,2,2,2,2,2,2,2,2,2,2,2,2,2 -> output: 0
input: 588 -> message: 36,11,34,11,11,4,39,27,2,2,2,2,2,2,2,2,2,2,2,2,2,2,2,2,2,2,2,2,2,2 -> output: 0
input: 589 -> message: 36,2,2,2,2,2,2,2,2,2,2,2,2,2,2,2,2,2,2,2,2,2,2,2,2,2,2,2,2,2 -> output: 0
input: 590 -> message: 36,2,2,2,2,2,2,2,2,2,2,2,2,2,2,2,2,2,2,2,2,2,2,2,2,2,2,2,2,2 -> output: 0
input: 591 -> message: 36,11,34,11,11,4,39,27,2,2,2,2,2,2,2,2,2,2,2,2,2,2,2,2,2,2,2,2,2,2 -> output: 0
input: 592 -> message: 36,11,11,11,4,39,27,2,2,2,2,2,2,2,2,2,2,2,2,2,2,2,2,2,2,2,2,2,2,2 -> output: 0
input: 593 -> message: 2,2,2,2,2,2,2,2,2,2,2,2,2,2,2,2,2,2,2,2,2,2,2,2,2,2,2,2,2,2 -> output: 0
input: 594 -> message: 36,36,2,2,2,2,2,2,2,2,2,2,2,2,2,2,2,2,2,2,2,2,2,2,2,2,2,2,2,2 -> output: 0
input: 595 -> message: 36,27,2,2,2,2,2,2,2,2,2,2,2,2,2,2,2,2,2,2,2,2,2,2,2,2,2,2,2,2 -> output: 0
input: 596 -> message: 36,27,2,2,2,2,2,2,2,2,2,2,2,2,2,2,2,2,2,2,2,2,2,2,2,2,2,2,2,2 -> output: 0
input: 597 -> message: 36,11,11,11,4,39,27,2,2,2,2,2,2,2,2,2,2,2,2,2,2,2,2,2,2,2,2,2,2,2 -> output: 0
input: 598 -> message: 36,2,2,2,2,2,2,2,2,2,2,2,2,2,2,2,2,2,2,2,2,2,2,2,2,2,2,2,2,2 -> output: 0
input: 599 -> message: 36,11,34,11,11,4,39,27,2,2,2,2,2,2,2,2,2,2,2,2,2,2,2,2,2,2,2,2,2,2 -> output: 0
input: 600 -> message: 36,2,2,2,2,2,2,2,2,2,2,2,2,2,2,2,2,2,2,2,2,2,2,2,2,2,2,2,2,2 -> output: 0
input: 601 -> message: 36,11,34,11,11,4,39,27,2,2,2,2,2,2,2,2,2,2,2,2,2,2,2,2,2,2,2,2,2,2 -> output: 0
input: 602 -> message: 36,2,2,2,2,2,2,2,2,2,2,2,2,2,2,2,2,2,2,2,2,2,2,2,2,2,2,2,2,2 -> output: 0
input: 603 -> message: 36,11,11,11,4,39,27,2,2,2,2,2,2,2,2,2,2,2,2,2,2,2,2,2,2,2,2,2,2,2 -> output: 0
input: 604 -> message: 36,11,11,11,4,39,27,2,2,2,2,2,2,2,2,2,2,2,2,2,2,2,2,2,2,2,2,2,2,2 -> output: 0
input: 605 -> message: 36,11,11,11,4,39,27,2,2,2,2,2,2,2,2,2,2,2,2,2,2,2,2,2,2,2,2,2,2,2 -> output: 0
input: 606 -> message: 36,11,34,11,11,11,4,4,27,2,2,2,2,2,2,2,2,2,2,2,2,2,2,2,2,2,2,2,2,2 -> output: 0
input: 607 -> message: 2,2,2,2,2,2,2,2,2,2,2,2,2,2,2,2,2,2,2,2,2,2,2,2,2,2,2,2,2,2 -> output: 0
input: 608 -> message: 36,11,11,11,4,39,27,2,2,2,2,2,2,2,2,2,2,2,2,2,2,2,2,2,2,2,2,2,2,2 -> output: 0
input: 609 -> message: 36,11,34,11,11,11,4,4,27,2,2,2,2,2,2,2,2,2,2,2,2,2,2,2,2,2,2,2,2,2 -> output: 0
input: 610 -> message: 36,11,11,11,4,39,27,2,2,2,2,2,2,2,2,2,2,2,2,2,2,2,2,2,2,2,2,2,2,2 -> output: 0
input: 611 -> message: 36,2,2,2,2,2,2,2,2,2,2,2,2,2,2,2,2,2,2,2,2,2,2,2,2,2,2,2,2,2 -> output: 0
input: 612 -> message: 36,11,34,11,11,4,39,27,2,2,2,2,2,2,2,2,2,2,2,2,2,2,2,2,2,2,2,2,2,2 -> output: 0
input: 613 -> message: 36,11,34,11,11,11,4,4,27,2,2,2,2,2,2,2,2,2,2,2,2,2,2,2,2,2,2,2,2,2 -> output: 0
input: 614 -> message: 36,11,34,11,11,11,4,4,27,2,2,2,2,2,2,2,2,2,2,2,2,2,2,2,2,2,2,2,2,2 -> output: 0
input: 615 -> message: 29,2,2,2,2,2,2,2,2,2,2,2,2,2,2,2,2,2,2,2,2,2,2,2,2,2,2,2,2,2 -> output: 0
input: 616 -> message: 36,11,11,11,4,39,27,2,2,2,2,2,2,2,2,2,2,2,2,2,2,2,2,2,2,2,2,2,2,2 -> output: 0
input: 617 -> message: 36,11,11,11,4,39,27,2,2,2,2,2,2,2,2,2,2,2,2,2,2,2,2,2,2,2,2,2,2,2 -> output: 0
input: 618 -> message: 36,11,34,11,11,11,4,4,27,2,2,2,2,2,2,2,2,2,2,2,2,2,2,2,2,2,2,2,2,2 -> output: 0
input: 619 -> message: 36,2,2,2,2,2,2,2,2,2,2,2,2,2,2,2,2,2,2,2,2,2,2,2,2,2,2,2,2,2 -> output: 0
input: 620 -> message: 36,11,34,11,11,11,4,4,27,2,2,2,2,2,2,2,2,2,2,2,2,2,2,2,2,2,2,2,2,2 -> output: 0
input: 621 -> message: 36,11,11,4,39,2,2,2,2,2,2,2,2,2,2,2,2,2,2,2,2,2,2,2,2,2,2,2,2,2 -> output: 0
input: 622 -> message: 36,11,34,11,11,4,39,27,2,2,2,2,2,2,2,2,2,2,2,2,2,2,2,2,2,2,2,2,2,2 -> output: 0
input: 623 -> message: 36,11,34,11,11,11,4,4,27,2,2,2,2,2,2,2,2,2,2,2,2,2,2,2,2,2,2,2,2,2 -> output: 0
input: 624 -> message: 36,11,11,4,39,2,2,2,2,2,2,2,2,2,2,2,2,2,2,2,2,2,2,2,2,2,2,2,2,2 -> output: 0
input: 625 -> message: 36,2,2,2,2,2,2,2,2,2,2,2,2,2,2,2,2,2,2,2,2,2,2,2,2,2,2,2,2,2 -> output: 0
input: 626 -> message: 36,11,11,11,4,39,27,2,2,2,2,2,2,2,2,2,2,2,2,2,2,2,2,2,2,2,2,2,2,2 -> output: 0
input: 627 -> message: 36,11,34,11,11,4,39,27,2,2,2,2,2,2,2,2,2,2,2,2,2,2,2,2,2,2,2,2,2,2 -> output: 0
input: 628 -> message: 36,2,2,2,2,2,2,2,2,2,2,2,2,2,2,2,2,2,2,2,2,2,2,2,2,2,2,2,2,2 -> output: 0
input: 629 -> message: 36,11,34,11,11,4,39,27,2,2,2,2,2,2,2,2,2,2,2,2,2,2,2,2,2,2,2,2,2,2 -> output: 0
input: 630 -> message: 36,11,11,11,4,39,27,2,2,2,2,2,2,2,2,2,2,2,2,2,2,2,2,2,2,2,2,2,2,2 -> output: 0
input: 631 -> message: 2,2,2,2,2,2,2,2,2,2,2,2,2,2,2,2,2,2,2,2,2,2,2,2,2,2,2,2,2,2 -> output: 0
input: 632 -> message: 36,11,11,11,4,39,27,2,2,2,2,2,2,2,2,2,2,2,2,2,2,2,2,2,2,2,2,2,2,2 -> output: 0
input: 633 -> message: 36,11,34,11,11,4,4,27,2,2,2,2,2,2,2,2,2,2,2,2,2,2,2,2,2,2,2,2,2,2 -> output: 0
input: 634 -> message: 36,2,2,2,2,2,2,2,2,2,2,2,2,2,2,2,2,2,2,2,2,2,2,2,2,2,2,2,2,2 -> output: 0
input: 635 -> message: 36,2,2,2,2,2,2,2,2,2,2,2,2,2,2,2,2,2,2,2,2,2,2,2,2,2,2,2,2,2 -> output: 0
input: 636 -> message: 36,11,11,11,4,39,27,2,2,2,2,2,2,2,2,2,2,2,2,2,2,2,2,2,2,2,2,2,2,2 -> output: 0
input: 637 -> message: 36,11,11,4,39,2,2,2,2,2,2,2,2,2,2,2,2,2,2,2,2,2,2,2,2,2,2,2,2,2 -> output: 0
input: 638 -> message: 36,11,11,4,39,2,2,2,2,2,2,2,2,2,2,2,2,2,2,2,2,2,2,2,2,2,2,2,2,2 -> output: 0
input: 639 -> message: 36,2,2,2,2,2,2,2,2,2,2,2,2,2,2,2,2,2,2,2,2,2,2,2,2,2,2,2,2,2 -> output: 0
input: 640 -> message: 36,11,34,11,11,4,39,27,2,2,2,2,2,2,2,2,2,2,2,2,2,2,2,2,2,2,2,2,2,2 -> output: 0
input: 641 -> message: 36,11,34,11,11,4,39,27,2,2,2,2,2,2,2,2,2,2,2,2,2,2,2,2,2,2,2,2,2,2 -> output: 0
input: 642 -> message: 36,11,11,11,4,39,27,2,2,2,2,2,2,2,2,2,2,2,2,2,2,2,2,2,2,2,2,2,2,2 -> output: 0
input: 643 -> message: 36,27,2,2,2,2,2,2,2,2,2,2,2,2,2,2,2,2,2,2,2,2,2,2,2,2,2,2,2,2 -> output: 0
input: 644 -> message: 36,2,2,2,2,2,2,2,2,2,2,2,2,2,2,2,2,2,2,2,2,2,2,2,2,2,2,2,2,2 -> output: 0
input: 645 -> message: 36,36,2,2,2,2,2,2,2,2,2,2,2,2,2,2,2,2,2,2,2,2,2,2,2,2,2,2,2,2 -> output: 0
input: 646 -> message: 36,36,2,2,2,2,2,2,2,2,2,2,2,2,2,2,2,2,2,2,2,2,2,2,2,2,2,2,2,2 -> output: 0
input: 647 -> message: 36,11,11,4,39,2,2,2,2,2,2,2,2,2,2,2,2,2,2,2,2,2,2,2,2,2,2,2,2,2 -> output: 0
input: 648 -> message: 2,2,2,2,2,2,2,2,2,2,2,2,2,2,2,2,2,2,2,2,2,2,2,2,2,2,2,2,2,2 -> output: 0
input: 649 -> message: 36,27,2,2,2,2,2,2,2,2,2,2,2,2,2,2,2,2,2,2,2,2,2,2,2,2,2,2,2,2 -> output: 0
input: 650 -> message: 36,11,11,11,4,39,27,2,2,2,2,2,2,2,2,2,2,2,2,2,2,2,2,2,2,2,2,2,2,2 -> output: 0
input: 651 -> message: 36,11,34,11,11,11,4,4,27,2,2,2,2,2,2,2,2,2,2,2,2,2,2,2,2,2,2,2,2,2 -> output: 0
input: 652 -> message: 2,2,2,2,2,2,2,2,2,2,2,2,2,2,2,2,2,2,2,2,2,2,2,2,2,2,2,2,2,2 -> output: 0
input: 653 -> message: 36,2,2,2,2,2,2,2,2,2,2,2,2,2,2,2,2,2,2,2,2,2,2,2,2,2,2,2,2,2 -> output: 0
input: 654 -> message: 36,2,2,2,2,2,2,2,2,2,2,2,2,2,2,2,2,2,2,2,2,2,2,2,2,2,2,2,2,2 -> output: 0
input: 655 -> message: 36,36,2,2,2,2,2,2,2,2,2,2,2,2,2,2,2,2,2,2,2,2,2,2,2,2,2,2,2,2 -> output: 0
input: 656 -> message: 36,11,11,4,39,2,2,2,2,2,2,2,2,2,2,2,2,2,2,2,2,2,2,2,2,2,2,2,2,2 -> output: 0
input: 657 -> message: 36,11,11,11,4,39,27,2,2,2,2,2,2,2,2,2,2,2,2,2,2,2,2,2,2,2,2,2,2,2 -> output: 0
input: 658 -> message: 36,11,34,11,11,4,39,27,2,2,2,2,2,2,2,2,2,2,2,2,2,2,2,2,2,2,2,2,2,2 -> output: 0
input: 659 -> message: 36,11,11,11,4,39,27,2,2,2,2,2,2,2,2,2,2,2,2,2,2,2,2,2,2,2,2,2,2,2 -> output: 0
input: 660 -> message: 36,11,11,11,4,39,27,2,2,2,2,2,2,2,2,2,2,2,2,2,2,2,2,2,2,2,2,2,2,2 -> output: 0
input: 661 -> message: 36,2,2,2,2,2,2,2,2,2,2,2,2,2,2,2,2,2,2,2,2,2,2,2,2,2,2,2,2,2 -> output: 0
input: 662 -> message: 36,11,34,11,11,11,4,39,27,2,2,2,2,2,2,2,2,2,2,2,2,2,2,2,2,2,2,2,2,2 -> output: 0
input: 663 -> message: 2,2,2,2,2,2,2,2,2,2,2,2,2,2,2,2,2,2,2,2,2,2,2,2,2,2,2,2,2,2 -> output: 0
input: 664 -> message: 36,27,2,2,2,2,2,2,2,2,2,2,2,2,2,2,2,2,2,2,2,2,2,2,2,2,2,2,2,2 -> output: 0
input: 665 -> message: 36,11,34,11,11,4,39,27,2,2,2,2,2,2,2,2,2,2,2,2,2,2,2,2,2,2,2,2,2,2 -> output: 0
input: 666 -> message: 36,11,11,4,39,2,2,2,2,2,2,2,2,2,2,2,2,2,2,2,2,2,2,2,2,2,2,2,2,2 -> output: 0
input: 667 -> message: 36,11,11,11,4,39,27,2,2,2,2,2,2,2,2,2,2,2,2,2,2,2,2,2,2,2,2,2,2,2 -> output: 0
input: 668 -> message: 36,2,2,2,2,2,2,2,2,2,2,2,2,2,2,2,2,2,2,2,2,2,2,2,2,2,2,2,2,2 -> output: 0
input: 669 -> message: 36,11,34,11,11,4,39,27,2,2,2,2,2,2,2,2,2,2,2,2,2,2,2,2,2,2,2,2,2,2 -> output: 0
input: 670 -> message: 36,11,11,11,4,39,27,2,2,2,2,2,2,2,2,2,2,2,2,2,2,2,2,2,2,2,2,2,2,2 -> output: 0
input: 671 -> message: 36,2,2,2,2,2,2,2,2,2,2,2,2,2,2,2,2,2,2,2,2,2,2,2,2,2,2,2,2,2 -> output: 0
input: 672 -> message: 36,2,2,2,2,2,2,2,2,2,2,2,2,2,2,2,2,2,2,2,2,2,2,2,2,2,2,2,2,2 -> output: 0
input: 673 -> message: 36,11,34,11,11,11,4,39,27,2,2,2,2,2,2,2,2,2,2,2,2,2,2,2,2,2,2,2,2,2 -> output: 0
input: 674 -> message: 29,2,2,2,2,2,2,2,2,2,2,2,2,2,2,2,2,2,2,2,2,2,2,2,2,2,2,2,2,2 -> output: 0
input: 675 -> message: 36,11,11,11,4,39,27,2,2,2,2,2,2,2,2,2,2,2,2,2,2,2,2,2,2,2,2,2,2,2 -> output: 0
input: 676 -> message: 36,2,2,2,2,2,2,2,2,2,2,2,2,2,2,2,2,2,2,2,2,2,2,2,2,2,2,2,2,2 -> output: 0
input: 677 -> message: 36,11,11,4,39,2,2,2,2,2,2,2,2,2,2,2,2,2,2,2,2,2,2,2,2,2,2,2,2,2 -> output: 0
input: 678 -> message: 36,11,11,4,39,27,2,2,2,2,2,2,2,2,2,2,2,2,2,2,2,2,2,2,2,2,2,2,2,2 -> output: 0
input: 679 -> message: 2,2,2,2,2,2,2,2,2,2,2,2,2,2,2,2,2,2,2,2,2,2,2,2,2,2,2,2,2,2 -> output: 0
input: 680 -> message: 36,11,11,11,4,39,27,2,2,2,2,2,2,2,2,2,2,2,2,2,2,2,2,2,2,2,2,2,2,2 -> output: 0
input: 681 -> message: 36,11,34,11,11,4,4,27,2,2,2,2,2,2,2,2,2,2,2,2,2,2,2,2,2,2,2,2,2,2 -> output: 0
input: 682 -> message: 36,11,34,11,11,4,39,27,2,2,2,2,2,2,2,2,2,2,2,2,2,2,2,2,2,2,2,2,2,2 -> output: 0
input: 683 -> message: 36,11,11,11,4,39,27,2,2,2,2,2,2,2,2,2,2,2,2,2,2,2,2,2,2,2,2,2,2,2 -> output: 0
input: 684 -> message: 36,2,2,2,2,2,2,2,2,2,2,2,2,2,2,2,2,2,2,2,2,2,2,2,2,2,2,2,2,2 -> output: 0
input: 685 -> message: 36,2,2,2,2,2,2,2,2,2,2,2,2,2,2,2,2,2,2,2,2,2,2,2,2,2,2,2,2,2 -> output: 0
input: 686 -> message: 36,11,34,11,11,4,39,27,2,2,2,2,2,2,2,2,2,2,2,2,2,2,2,2,2,2,2,2,2,2 -> output: 0
input: 687 -> message: 2,2,2,2,2,2,2,2,2,2,2,2,2,2,2,2,2,2,2,2,2,2,2,2,2,2,2,2,2,2 -> output: 0
input: 688 -> message: 29,2,2,2,2,2,2,2,2,2,2,2,2,2,2,2,2,2,2,2,2,2,2,2,2,2,2,2,2,2 -> output: 0
input: 689 -> message: 36,11,11,11,4,39,27,2,2,2,2,2,2,2,2,2,2,2,2,2,2,2,2,2,2,2,2,2,2,2 -> output: 0
input: 690 -> message: 36,11,34,11,11,4,39,27,2,2,2,2,2,2,2,2,2,2,2,2,2,2,2,2,2,2,2,2,2,2 -> output: 0
input: 691 -> message: 36,11,11,11,4,39,27,2,2,2,2,2,2,2,2,2,2,2,2,2,2,2,2,2,2,2,2,2,2,2 -> output: 0
input: 692 -> message: 36,11,11,4,39,2,2,2,2,2,2,2,2,2,2,2,2,2,2,2,2,2,2,2,2,2,2,2,2,2 -> output: 0
input: 693 -> message: 36,27,2,2,2,2,2,2,2,2,2,2,2,2,2,2,2,2,2,2,2,2,2,2,2,2,2,2,2,2 -> output: 0
input: 694 -> message: 36,11,11,11,4,39,27,2,2,2,2,2,2,2,2,2,2,2,2,2,2,2,2,2,2,2,2,2,2,2 -> output: 0
input: 695 -> message: 36,11,34,11,11,11,4,4,27,2,2,2,2,2,2,2,2,2,2,2,2,2,2,2,2,2,2,2,2,2 -> output: 0
input: 696 -> message: 36,11,34,11,11,11,4,4,27,2,2,2,2,2,2,2,2,2,2,2,2,2,2,2,2,2,2,2,2,2 -> output: 0
input: 697 -> message: 36,11,34,11,11,11,4,4,27,2,2,2,2,2,2,2,2,2,2,2,2,2,2,2,2,2,2,2,2,2 -> output: 0
input: 698 -> message: 36,2,2,2,2,2,2,2,2,2,2,2,2,2,2,2,2,2,2,2,2,2,2,2,2,2,2,2,2,2 -> output: 0
input: 699 -> message: 36,27,2,2,2,2,2,2,2,2,2,2,2,2,2,2,2,2,2,2,2,2,2,2,2,2,2,2,2,2 -> output: 0
input: 700 -> message: 36,11,11,11,4,39,27,2,2,2,2,2,2,2,2,2,2,2,2,2,2,2,2,2,2,2,2,2,2,2 -> output: 0
input: 701 -> message: 36,2,2,2,2,2,2,2,2,2,2,2,2,2,2,2,2,2,2,2,2,2,2,2,2,2,2,2,2,2 -> output: 0
input: 702 -> message: 36,2,2,2,2,2,2,2,2,2,2,2,2,2,2,2,2,2,2,2,2,2,2,2,2,2,2,2,2,2 -> output: 0
input: 703 -> message: 36,11,34,11,11,4,39,27,2,2,2,2,2,2,2,2,2,2,2,2,2,2,2,2,2,2,2,2,2,2 -> output: 0
input: 704 -> message: 36,11,11,11,4,39,27,2,2,2,2,2,2,2,2,2,2,2,2,2,2,2,2,2,2,2,2,2,2,2 -> output: 0
input: 705 -> message: 36,2,2,2,2,2,2,2,2,2,2,2,2,2,2,2,2,2,2,2,2,2,2,2,2,2,2,2,2,2 -> output: 0
input: 706 -> message: 36,11,11,4,39,2,2,2,2,2,2,2,2,2,2,2,2,2,2,2,2,2,2,2,2,2,2,2,2,2 -> output: 0
input: 707 -> message: 36,11,11,11,4,39,27,2,2,2,2,2,2,2,2,2,2,2,2,2,2,2,2,2,2,2,2,2,2,2 -> output: 0
input: 708 -> message: 36,2,2,2,2,2,2,2,2,2,2,2,2,2,2,2,2,2,2,2,2,2,2,2,2,2,2,2,2,2 -> output: 0
input: 709 -> message: 36,11,11,11,4,39,27,2,2,2,2,2,2,2,2,2,2,2,2,2,2,2,2,2,2,2,2,2,2,2 -> output: 0
input: 710 -> message: 36,11,11,4,39,2,2,2,2,2,2,2,2,2,2,2,2,2,2,2,2,2,2,2,2,2,2,2,2,2 -> output: 0
input: 711 -> message: 36,11,11,11,11,4,39,27,2,2,2,2,2,2,2,2,2,2,2,2,2,2,2,2,2,2,2,2,2,2 -> output: 0
input: 712 -> message: 36,36,2,2,2,2,2,2,2,2,2,2,2,2,2,2,2,2,2,2,2,2,2,2,2,2,2,2,2,2 -> output: 0
input: 713 -> message: 36,2,2,2,2,2,2,2,2,2,2,2,2,2,2,2,2,2,2,2,2,2,2,2,2,2,2,2,2,2 -> output: 0
input: 714 -> message: 36,11,34,11,11,11,4,39,27,2,2,2,2,2,2,2,2,2,2,2,2,2,2,2,2,2,2,2,2,2 -> output: 0
input: 715 -> message: 2,2,2,2,2,2,2,2,2,2,2,2,2,2,2,2,2,2,2,2,2,2,2,2,2,2,2,2,2,2 -> output: 0
input: 716 -> message: 36,36,2,2,2,2,2,2,2,2,2,2,2,2,2,2,2,2,2,2,2,2,2,2,2,2,2,2,2,2 -> output: 0
input: 717 -> message: 36,2,2,2,2,2,2,2,2,2,2,2,2,2,2,2,2,2,2,2,2,2,2,2,2,2,2,2,2,2 -> output: 0
input: 718 -> message: 36,2,2,2,2,2,2,2,2,2,2,2,2,2,2,2,2,2,2,2,2,2,2,2,2,2,2,2,2,2 -> output: 0
input: 719 -> message: 36,27,2,2,2,2,2,2,2,2,2,2,2,2,2,2,2,2,2,2,2,2,2,2,2,2,2,2,2,2 -> output: 0
input: 720 -> message: 36,2,2,2,2,2,2,2,2,2,2,2,2,2,2,2,2,2,2,2,2,2,2,2,2,2,2,2,2,2 -> output: 0
input: 721 -> message: 36,11,11,11,4,39,27,2,2,2,2,2,2,2,2,2,2,2,2,2,2,2,2,2,2,2,2,2,2,2 -> output: 0
input: 722 -> message: 36,2,2,2,2,2,2,2,2,2,2,2,2,2,2,2,2,2,2,2,2,2,2,2,2,2,2,2,2,2 -> output: 0
input: 723 -> message: 36,11,11,11,4,39,27,2,2,2,2,2,2,2,2,2,2,2,2,2,2,2,2,2,2,2,2,2,2,2 -> output: 0
input: 724 -> message: 2,2,2,2,2,2,2,2,2,2,2,2,2,2,2,2,2,2,2,2,2,2,2,2,2,2,2,2,2,2 -> output: 0
input: 725 -> message: 36,11,34,11,11,11,4,4,27,2,2,2,2,2,2,2,2,2,2,2,2,2,2,2,2,2,2,2,2,2 -> output: 0
input: 726 -> message: 36,11,11,11,4,39,27,2,2,2,2,2,2,2,2,2,2,2,2,2,2,2,2,2,2,2,2,2,2,2 -> output: 0
input: 727 -> message: 36,2,2,2,2,2,2,2,2,2,2,2,2,2,2,2,2,2,2,2,2,2,2,2,2,2,2,2,2,2 -> output: 0
input: 728 -> message: 36,11,11,11,4,39,27,2,2,2,2,2,2,2,2,2,2,2,2,2,2,2,2,2,2,2,2,2,2,2 -> output: 0
input: 729 -> message: 2,2,2,2,2,2,2,2,2,2,2,2,2,2,2,2,2,2,2,2,2,2,2,2,2,2,2,2,2,2 -> output: 0
input: 730 -> message: 2,2,2,2,2,2,2,2,2,2,2,2,2,2,2,2,2,2,2,2,2,2,2,2,2,2,2,2,2,2 -> output: 0
input: 731 -> message: 36,2,2,2,2,2,2,2,2,2,2,2,2,2,2,2,2,2,2,2,2,2,2,2,2,2,2,2,2,2 -> output: 0
input: 732 -> message: 36,2,2,2,2,2,2,2,2,2,2,2,2,2,2,2,2,2,2,2,2,2,2,2,2,2,2,2,2,2 -> output: 0
input: 733 -> message: 36,11,11,11,4,39,27,2,2,2,2,2,2,2,2,2,2,2,2,2,2,2,2,2,2,2,2,2,2,2 -> output: 0
input: 734 -> message: 36,11,34,11,11,11,4,39,27,2,2,2,2,2,2,2,2,2,2,2,2,2,2,2,2,2,2,2,2,2 -> output: 0
input: 735 -> message: 36,11,11,11,4,39,27,2,2,2,2,2,2,2,2,2,2,2,2,2,2,2,2,2,2,2,2,2,2,2 -> output: 0
input: 736 -> message: 36,36,2,2,2,2,2,2,2,2,2,2,2,2,2,2,2,2,2,2,2,2,2,2,2,2,2,2,2,2 -> output: 0
input: 737 -> message: 2,2,2,2,2,2,2,2,2,2,2,2,2,2,2,2,2,2,2,2,2,2,2,2,2,2,2,2,2,2 -> output: 0
input: 738 -> message: 36,11,11,11,4,39,27,2,2,2,2,2,2,2,2,2,2,2,2,2,2,2,2,2,2,2,2,2,2,2 -> output: 0
input: 739 -> message: 36,2,2,2,2,2,2,2,2,2,2,2,2,2,2,2,2,2,2,2,2,2,2,2,2,2,2,2,2,2 -> output: 0
input: 740 -> message: 36,27,2,2,2,2,2,2,2,2,2,2,2,2,2,2,2,2,2,2,2,2,2,2,2,2,2,2,2,2 -> output: 0
input: 741 -> message: 36,2,2,2,2,2,2,2,2,2,2,2,2,2,2,2,2,2,2,2,2,2,2,2,2,2,2,2,2,2 -> output: 0
input: 742 -> message: 36,2,2,2,2,2,2,2,2,2,2,2,2,2,2,2,2,2,2,2,2,2,2,2,2,2,2,2,2,2 -> output: 0
input: 743 -> message: 36,11,34,11,11,11,4,4,27,2,2,2,2,2,2,2,2,2,2,2,2,2,2,2,2,2,2,2,2,2 -> output: 0
input: 744 -> message: 36,11,34,11,11,4,39,27,2,2,2,2,2,2,2,2,2,2,2,2,2,2,2,2,2,2,2,2,2,2 -> output: 0
input: 745 -> message: 36,2,2,2,2,2,2,2,2,2,2,2,2,2,2,2,2,2,2,2,2,2,2,2,2,2,2,2,2,2 -> output: 0
input: 746 -> message: 36,11,11,11,4,39,27,2,2,2,2,2,2,2,2,2,2,2,2,2,2,2,2,2,2,2,2,2,2,2 -> output: 0
input: 747 -> message: 36,2,2,2,2,2,2,2,2,2,2,2,2,2,2,2,2,2,2,2,2,2,2,2,2,2,2,2,2,2 -> output: 0
input: 748 -> message: 36,36,2,2,2,2,2,2,2,2,2,2,2,2,2,2,2,2,2,2,2,2,2,2,2,2,2,2,2,2 -> output: 0
input: 749 -> message: 36,11,11,11,4,39,27,2,2,2,2,2,2,2,2,2,2,2,2,2,2,2,2,2,2,2,2,2,2,2 -> output: 0
input: 750 -> message: 36,11,34,11,11,11,4,39,27,2,2,2,2,2,2,2,2,2,2,2,2,2,2,2,2,2,2,2,2,2 -> output: 0
input: 751 -> message: 36,2,2,2,2,2,2,2,2,2,2,2,2,2,2,2,2,2,2,2,2,2,2,2,2,2,2,2,2,2 -> output: 0
input: 752 -> message: 36,2,2,2,2,2,2,2,2,2,2,2,2,2,2,2,2,2,2,2,2,2,2,2,2,2,2,2,2,2 -> output: 0
input: 753 -> message: 2,2,2,2,2,2,2,2,2,2,2,2,2,2,2,2,2,2,2,2,2,2,2,2,2,2,2,2,2,2 -> output: 0
input: 754 -> message: 36,2,2,2,2,2,2,2,2,2,2,2,2,2,2,2,2,2,2,2,2,2,2,2,2,2,2,2,2,2 -> output: 0
input: 755 -> message: 36,36,2,2,2,2,2,2,2,2,2,2,2,2,2,2,2,2,2,2,2,2,2,2,2,2,2,2,2,2 -> output: 0
input: 756 -> message: 36,11,34,11,11,11,4,39,27,2,2,2,2,2,2,2,2,2,2,2,2,2,2,2,2,2,2,2,2,2 -> output: 0
input: 757 -> message: 36,11,34,11,11,4,39,27,2,2,2,2,2,2,2,2,2,2,2,2,2,2,2,2,2,2,2,2,2,2 -> output: 0
input: 758 -> message: 36,11,11,11,4,39,27,2,2,2,2,2,2,2,2,2,2,2,2,2,2,2,2,2,2,2,2,2,2,2 -> output: 0
input: 759 -> message: 36,11,11,11,11,4,39,27,2,2,2,2,2,2,2,2,2,2,2,2,2,2,2,2,2,2,2,2,2,2 -> output: 0
input: 760 -> message: 36,11,34,11,11,4,39,27,2,2,2,2,2,2,2,2,2,2,2,2,2,2,2,2,2,2,2,2,2,2 -> output: 0
input: 761 -> message: 36,11,11,11,4,39,27,2,2,2,2,2,2,2,2,2,2,2,2,2,2,2,2,2,2,2,2,2,2,2 -> output: 0
input: 762 -> message: 29,2,2,2,2,2,2,2,2,2,2,2,2,2,2,2,2,2,2,2,2,2,2,2,2,2,2,2,2,2 -> output: 0
input: 763 -> message: 36,11,34,11,11,11,4,4,27,2,2,2,2,2,2,2,2,2,2,2,2,2,2,2,2,2,2,2,2,2 -> output: 0
input: 764 -> message: 36,2,2,2,2,2,2,2,2,2,2,2,2,2,2,2,2,2,2,2,2,2,2,2,2,2,2,2,2,2 -> output: 0
input: 765 -> message: 36,11,34,11,11,4,39,27,2,2,2,2,2,2,2,2,2,2,2,2,2,2,2,2,2,2,2,2,2,2 -> output: 0
input: 766 -> message: 36,2,2,2,2,2,2,2,2,2,2,2,2,2,2,2,2,2,2,2,2,2,2,2,2,2,2,2,2,2 -> output: 0
input: 767 -> message: 36,11,11,4,39,2,2,2,2,2,2,2,2,2,2,2,2,2,2,2,2,2,2,2,2,2,2,2,2,2 -> output: 0
input: 768 -> message: 36,11,34,11,11,4,39,27,2,2,2,2,2,2,2,2,2,2,2,2,2,2,2,2,2,2,2,2,2,2 -> output: 0
input: 769 -> message: 36,2,2,2,2,2,2,2,2,2,2,2,2,2,2,2,2,2,2,2,2,2,2,2,2,2,2,2,2,2 -> output: 0
input: 770 -> message: 36,11,34,11,11,11,4,4,27,2,2,2,2,2,2,2,2,2,2,2,2,2,2,2,2,2,2,2,2,2 -> output: 0
input: 771 -> message: 36,11,11,11,4,39,27,2,2,2,2,2,2,2,2,2,2,2,2,2,2,2,2,2,2,2,2,2,2,2 -> output: 0
input: 772 -> message: 36,11,34,11,11,4,39,27,2,2,2,2,2,2,2,2,2,2,2,2,2,2,2,2,2,2,2,2,2,2 -> output: 0
input: 773 -> message: 36,2,2,2,2,2,2,2,2,2,2,2,2,2,2,2,2,2,2,2,2,2,2,2,2,2,2,2,2,2 -> output: 0
input: 774 -> message: 36,11,11,11,4,39,27,2,2,2,2,2,2,2,2,2,2,2,2,2,2,2,2,2,2,2,2,2,2,2 -> output: 0
input: 775 -> message: 36,27,2,2,2,2,2,2,2,2,2,2,2,2,2,2,2,2,2,2,2,2,2,2,2,2,2,2,2,2 -> output: 0
input: 776 -> message: 36,11,34,11,11,4,39,27,2,2,2,2,2,2,2,2,2,2,2,2,2,2,2,2,2,2,2,2,2,2 -> output: 0
input: 777 -> message: 36,2,2,2,2,2,2,2,2,2,2,2,2,2,2,2,2,2,2,2,2,2,2,2,2,2,2,2,2,2 -> output: 0
input: 778 -> message: 36,27,2,2,2,2,2,2,2,2,2,2,2,2,2,2,2,2,2,2,2,2,2,2,2,2,2,2,2,2 -> output: 0
input: 779 -> message: 36,11,34,11,11,11,4,4,27,2,2,2,2,2,2,2,2,2,2,2,2,2,2,2,2,2,2,2,2,2 -> output: 0
input: 780 -> message: 36,11,34,11,11,4,39,27,2,2,2,2,2,2,2,2,2,2,2,2,2,2,2,2,2,2,2,2,2,2 -> output: 0
input: 781 -> message: 36,27,2,2,2,2,2,2,2,2,2,2,2,2,2,2,2,2,2,2,2,2,2,2,2,2,2,2,2,2 -> output: 0
input: 782 -> message: 36,2,2,2,2,2,2,2,2,2,2,2,2,2,2,2,2,2,2,2,2,2,2,2,2,2,2,2,2,2 -> output: 0
input: 783 -> message: 36,2,2,2,2,2,2,2,2,2,2,2,2,2,2,2,2,2,2,2,2,2,2,2,2,2,2,2,2,2 -> output: 0
input: 784 -> message: 36,2,2,2,2,2,2,2,2,2,2,2,2,2,2,2,2,2,2,2,2,2,2,2,2,2,2,2,2,2 -> output: 0
input: 785 -> message: 36,2,2,2,2,2,2,2,2,2,2,2,2,2,2,2,2,2,2,2,2,2,2,2,2,2,2,2,2,2 -> output: 0
input: 786 -> message: 36,11,34,11,11,4,39,27,2,2,2,2,2,2,2,2,2,2,2,2,2,2,2,2,2,2,2,2,2,2 -> output: 0
input: 787 -> message: 25,26,13,3,2,2,2,2,2,2,2,2,2,2,2,2,2,2,2,2,2,2,2,2,2,2,2,2,2,2 -> output: 0
input: 788 -> message: 36,11,11,4,39,2,2,2,2,2,2,2,2,2,2,2,2,2,2,2,2,2,2,2,2,2,2,2,2,2 -> output: 0
input: 789 -> message: 36,2,2,2,2,2,2,2,2,2,2,2,2,2,2,2,2,2,2,2,2,2,2,2,2,2,2,2,2,2 -> output: 0
input: 790 -> message: 36,11,11,11,4,39,27,2,2,2,2,2,2,2,2,2,2,2,2,2,2,2,2,2,2,2,2,2,2,2 -> output: 0
input: 791 -> message: 36,2,2,2,2,2,2,2,2,2,2,2,2,2,2,2,2,2,2,2,2,2,2,2,2,2,2,2,2,2 -> output: 0
input: 792 -> message: 36,11,34,11,11,11,4,39,27,2,2,2,2,2,2,2,2,2,2,2,2,2,2,2,2,2,2,2,2,2 -> output: 0
input: 793 -> message: 36,11,11,11,4,39,27,2,2,2,2,2,2,2,2,2,2,2,2,2,2,2,2,2,2,2,2,2,2,2 -> output: 0
input: 794 -> message: 25,26,13,3,2,2,2,2,2,2,2,2,2,2,2,2,2,2,2,2,2,2,2,2,2,2,2,2,2,2 -> output: 0
input: 795 -> message: 36,11,11,4,39,2,2,2,2,2,2,2,2,2,2,2,2,2,2,2,2,2,2,2,2,2,2,2,2,2 -> output: 0
input: 796 -> message: 36,11,34,11,11,4,39,27,2,2,2,2,2,2,2,2,2,2,2,2,2,2,2,2,2,2,2,2,2,2 -> output: 0
input: 797 -> message: 36,11,11,11,4,39,27,2,2,2,2,2,2,2,2,2,2,2,2,2,2,2,2,2,2,2,2,2,2,2 -> output: 0
input: 798 -> message: 36,2,2,2,2,2,2,2,2,2,2,2,2,2,2,2,2,2,2,2,2,2,2,2,2,2,2,2,2,2 -> output: 0
input: 799 -> message: 36,11,11,11,4,39,27,2,2,2,2,2,2,2,2,2,2,2,2,2,2,2,2,2,2,2,2,2,2,2 -> output: 0
input: 800 -> message: 36,2,2,2,2,2,2,2,2,2,2,2,2,2,2,2,2,2,2,2,2,2,2,2,2,2,2,2,2,2 -> output: 0
input: 801 -> message: 36,2,2,2,2,2,2,2,2,2,2,2,2,2,2,2,2,2,2,2,2,2,2,2,2,2,2,2,2,2 -> output: 0
input: 802 -> message: 36,11,11,11,4,39,27,2,2,2,2,2,2,2,2,2,2,2,2,2,2,2,2,2,2,2,2,2,2,2 -> output: 0
input: 803 -> message: 36,11,34,11,11,11,4,39,27,2,2,2,2,2,2,2,2,2,2,2,2,2,2,2,2,2,2,2,2,2 -> output: 0
input: 804 -> message: 36,36,2,2,2,2,2,2,2,2,2,2,2,2,2,2,2,2,2,2,2,2,2,2,2,2,2,2,2,2 -> output: 0
input: 805 -> message: 36,27,2,2,2,2,2,2,2,2,2,2,2,2,2,2,2,2,2,2,2,2,2,2,2,2,2,2,2,2 -> output: 0
input: 806 -> message: 36,36,2,2,2,2,2,2,2,2,2,2,2,2,2,2,2,2,2,2,2,2,2,2,2,2,2,2,2,2 -> output: 0
input: 807 -> message: 36,11,11,11,4,39,27,2,2,2,2,2,2,2,2,2,2,2,2,2,2,2,2,2,2,2,2,2,2,2 -> output: 0
input: 808 -> message: 36,11,11,11,4,39,27,2,2,2,2,2,2,2,2,2,2,2,2,2,2,2,2,2,2,2,2,2,2,2 -> output: 0
input: 809 -> message: 2,2,2,2,2,2,2,2,2,2,2,2,2,2,2,2,2,2,2,2,2,2,2,2,2,2,2,2,2,2 -> output: 0
input: 810 -> message: 2,2,2,2,2,2,2,2,2,2,2,2,2,2,2,2,2,2,2,2,2,2,2,2,2,2,2,2,2,2 -> output: 0
input: 811 -> message: 36,2,2,2,2,2,2,2,2,2,2,2,2,2,2,2,2,2,2,2,2,2,2,2,2,2,2,2,2,2 -> output: 0
input: 812 -> message: 36,11,11,11,4,39,27,2,2,2,2,2,2,2,2,2,2,2,2,2,2,2,2,2,2,2,2,2,2,2 -> output: 0
input: 813 -> message: 36,2,2,2,2,2,2,2,2,2,2,2,2,2,2,2,2,2,2,2,2,2,2,2,2,2,2,2,2,2 -> output: 0
input: 814 -> message: 36,11,34,11,11,11,4,39,27,2,2,2,2,2,2,2,2,2,2,2,2,2,2,2,2,2,2,2,2,2 -> output: 0
input: 815 -> message: 36,2,2,2,2,2,2,2,2,2,2,2,2,2,2,2,2,2,2,2,2,2,2,2,2,2,2,2,2,2 -> output: 0
input: 816 -> message: 36,11,11,11,4,39,27,2,2,2,2,2,2,2,2,2,2,2,2,2,2,2,2,2,2,2,2,2,2,2 -> output: 0
input: 817 -> message: 36,2,2,2,2,2,2,2,2,2,2,2,2,2,2,2,2,2,2,2,2,2,2,2,2,2,2,2,2,2 -> output: 0
input: 818 -> message: 36,2,2,2,2,2,2,2,2,2,2,2,2,2,2,2,2,2,2,2,2,2,2,2,2,2,2,2,2,2 -> output: 0
input: 819 -> message: 36,11,34,11,11,11,4,39,27,2,2,2,2,2,2,2,2,2,2,2,2,2,2,2,2,2,2,2,2,2 -> output: 0
input: 820 -> message: 36,11,34,11,11,11,4,39,27,2,2,2,2,2,2,2,2,2,2,2,2,2,2,2,2,2,2,2,2,2 -> output: 0
input: 821 -> message: 36,11,11,11,4,39,27,2,2,2,2,2,2,2,2,2,2,2,2,2,2,2,2,2,2,2,2,2,2,2 -> output: 0
input: 822 -> message: 36,2,2,2,2,2,2,2,2,2,2,2,2,2,2,2,2,2,2,2,2,2,2,2,2,2,2,2,2,2 -> output: 0
input: 823 -> message: 36,11,11,11,4,39,27,2,2,2,2,2,2,2,2,2,2,2,2,2,2,2,2,2,2,2,2,2,2,2 -> output: 0
input: 824 -> message: 11,4,4,27,2,2,2,2,2,2,2,2,2,2,2,2,2,2,2,2,2,2,2,2,2,2,2,2,2,2 -> output: 0
input: 825 -> message: 36,2,2,2,2,2,2,2,2,2,2,2,2,2,2,2,2,2,2,2,2,2,2,2,2,2,2,2,2,2 -> output: 0
input: 826 -> message: 36,11,11,4,39,2,2,2,2,2,2,2,2,2,2,2,2,2,2,2,2,2,2,2,2,2,2,2,2,2 -> output: 0
input: 827 -> message: 36,11,34,11,11,11,4,39,27,2,2,2,2,2,2,2,2,2,2,2,2,2,2,2,2,2,2,2,2,2 -> output: 0
input: 828 -> message: 36,11,11,4,39,2,2,2,2,2,2,2,2,2,2,2,2,2,2,2,2,2,2,2,2,2,2,2,2,2 -> output: 0
input: 829 -> message: 36,36,2,2,2,2,2,2,2,2,2,2,2,2,2,2,2,2,2,2,2,2,2,2,2,2,2,2,2,2 -> output: 0
input: 830 -> message: 36,11,34,11,11,11,4,39,27,2,2,2,2,2,2,2,2,2,2,2,2,2,2,2,2,2,2,2,2,2 -> output: 0
input: 831 -> message: 36,11,11,11,4,39,27,2,2,2,2,2,2,2,2,2,2,2,2,2,2,2,2,2,2,2,2,2,2,2 -> output: 0
input: 832 -> message: 36,11,34,11,11,4,39,27,2,2,2,2,2,2,2,2,2,2,2,2,2,2,2,2,2,2,2,2,2,2 -> output: 0
input: 833 -> message: 36,11,34,11,11,4,39,27,2,2,2,2,2,2,2,2,2,2,2,2,2,2,2,2,2,2,2,2,2,2 -> output: 0
input: 834 -> message: 36,2,2,2,2,2,2,2,2,2,2,2,2,2,2,2,2,2,2,2,2,2,2,2,2,2,2,2,2,2 -> output: 0
input: 835 -> message: 36,36,2,2,2,2,2,2,2,2,2,2,2,2,2,2,2,2,2,2,2,2,2,2,2,2,2,2,2,2 -> output: 0
input: 836 -> message: 36,2,2,2,2,2,2,2,2,2,2,2,2,2,2,2,2,2,2,2,2,2,2,2,2,2,2,2,2,2 -> output: 0
input: 837 -> message: 36,2,2,2,2,2,2,2,2,2,2,2,2,2,2,2,2,2,2,2,2,2,2,2,2,2,2,2,2,2 -> output: 0
input: 838 -> message: 36,11,11,11,4,39,27,2,2,2,2,2,2,2,2,2,2,2,2,2,2,2,2,2,2,2,2,2,2,2 -> output: 0
input: 839 -> message: 36,2,2,2,2,2,2,2,2,2,2,2,2,2,2,2,2,2,2,2,2,2,2,2,2,2,2,2,2,2 -> output: 0
input: 840 -> message: 36,11,34,11,11,11,4,4,27,2,2,2,2,2,2,2,2,2,2,2,2,2,2,2,2,2,2,2,2,2 -> output: 0
input: 841 -> message: 36,11,34,11,11,11,4,4,27,2,2,2,2,2,2,2,2,2,2,2,2,2,2,2,2,2,2,2,2,2 -> output: 0
input: 842 -> message: 36,11,11,11,4,39,27,2,2,2,2,2,2,2,2,2,2,2,2,2,2,2,2,2,2,2,2,2,2,2 -> output: 0
input: 843 -> message: 36,27,2,2,2,2,2,2,2,2,2,2,2,2,2,2,2,2,2,2,2,2,2,2,2,2,2,2,2,2 -> output: 0
input: 844 -> message: 36,2,2,2,2,2,2,2,2,2,2,2,2,2,2,2,2,2,2,2,2,2,2,2,2,2,2,2,2,2 -> output: 0
input: 845 -> message: 36,2,2,2,2,2,2,2,2,2,2,2,2,2,2,2,2,2,2,2,2,2,2,2,2,2,2,2,2,2 -> output: 0
input: 846 -> message: 36,11,11,11,4,39,27,2,2,2,2,2,2,2,2,2,2,2,2,2,2,2,2,2,2,2,2,2,2,2 -> output: 0
input: 847 -> message: 36,11,34,11,11,4,39,27,2,2,2,2,2,2,2,2,2,2,2,2,2,2,2,2,2,2,2,2,2,2 -> output: 0
input: 848 -> message: 36,11,34,11,11,4,39,27,2,2,2,2,2,2,2,2,2,2,2,2,2,2,2,2,2,2,2,2,2,2 -> output: 0
input: 849 -> message: 36,11,11,11,4,39,27,2,2,2,2,2,2,2,2,2,2,2,2,2,2,2,2,2,2,2,2,2,2,2 -> output: 0
input: 850 -> message: 36,11,11,11,4,39,27,2,2,2,2,2,2,2,2,2,2,2,2,2,2,2,2,2,2,2,2,2,2,2 -> output: 0
input: 851 -> message: 36,11,11,4,39,2,2,2,2,2,2,2,2,2,2,2,2,2,2,2,2,2,2,2,2,2,2,2,2,2 -> output: 0
input: 852 -> message: 36,2,2,2,2,2,2,2,2,2,2,2,2,2,2,2,2,2,2,2,2,2,2,2,2,2,2,2,2,2 -> output: 0
input: 853 -> message: 36,2,2,2,2,2,2,2,2,2,2,2,2,2,2,2,2,2,2,2,2,2,2,2,2,2,2,2,2,2 -> output: 0
input: 854 -> message: 36,11,11,11,4,39,27,2,2,2,2,2,2,2,2,2,2,2,2,2,2,2,2,2,2,2,2,2,2,2 -> output: 0
input: 855 -> message: 36,11,34,11,11,11,4,4,27,2,2,2,2,2,2,2,2,2,2,2,2,2,2,2,2,2,2,2,2,2 -> output: 0
input: 856 -> message: 36,11,11,11,4,39,27,2,2,2,2,2,2,2,2,2,2,2,2,2,2,2,2,2,2,2,2,2,2,2 -> output: 0
input: 857 -> message: 36,11,11,11,4,39,27,2,2,2,2,2,2,2,2,2,2,2,2,2,2,2,2,2,2,2,2,2,2,2 -> output: 0
input: 858 -> message: 36,11,34,11,11,4,39,27,2,2,2,2,2,2,2,2,2,2,2,2,2,2,2,2,2,2,2,2,2,2 -> output: 0
input: 859 -> message: 36,2,2,2,2,2,2,2,2,2,2,2,2,2,2,2,2,2,2,2,2,2,2,2,2,2,2,2,2,2 -> output: 0
input: 860 -> message: 36,27,2,2,2,2,2,2,2,2,2,2,2,2,2,2,2,2,2,2,2,2,2,2,2,2,2,2,2,2 -> output: 0
input: 861 -> message: 36,11,11,11,4,39,27,2,2,2,2,2,2,2,2,2,2,2,2,2,2,2,2,2,2,2,2,2,2,2 -> output: 0
input: 862 -> message: 36,11,11,11,4,39,27,2,2,2,2,2,2,2,2,2,2,2,2,2,2,2,2,2,2,2,2,2,2,2 -> output: 0
input: 863 -> message: 36,2,2,2,2,2,2,2,2,2,2,2,2,2,2,2,2,2,2,2,2,2,2,2,2,2,2,2,2,2 -> output: 0
input: 864 -> message: 36,11,34,11,11,11,4,39,27,2,2,2,2,2,2,2,2,2,2,2,2,2,2,2,2,2,2,2,2,2 -> output: 0
input: 865 -> message: 2,2,2,2,2,2,2,2,2,2,2,2,2,2,2,2,2,2,2,2,2,2,2,2,2,2,2,2,2,2 -> output: 0
input: 866 -> message: 36,11,11,11,4,39,27,2,2,2,2,2,2,2,2,2,2,2,2,2,2,2,2,2,2,2,2,2,2,2 -> output: 0
input: 867 -> message: 36,2,2,2,2,2,2,2,2,2,2,2,2,2,2,2,2,2,2,2,2,2,2,2,2,2,2,2,2,2 -> output: 0
input: 868 -> message: 36,27,2,2,2,2,2,2,2,2,2,2,2,2,2,2,2,2,2,2,2,2,2,2,2,2,2,2,2,2 -> output: 0
input: 869 -> message: 36,2,2,2,2,2,2,2,2,2,2,2,2,2,2,2,2,2,2,2,2,2,2,2,2,2,2,2,2,2 -> output: 0
input: 870 -> message: 36,11,11,11,4,39,27,2,2,2,2,2,2,2,2,2,2,2,2,2,2,2,2,2,2,2,2,2,2,2 -> output: 0
input: 871 -> message: 36,36,2,2,2,2,2,2,2,2,2,2,2,2,2,2,2,2,2,2,2,2,2,2,2,2,2,2,2,2 -> output: 0
input: 872 -> message: 36,11,11,11,4,39,27,2,2,2,2,2,2,2,2,2,2,2,2,2,2,2,2,2,2,2,2,2,2,2 -> output: 0
input: 873 -> message: 36,11,11,11,4,39,27,2,2,2,2,2,2,2,2,2,2,2,2,2,2,2,2,2,2,2,2,2,2,2 -> output: 0
input: 874 -> message: 29,2,2,2,2,2,2,2,2,2,2,2,2,2,2,2,2,2,2,2,2,2,2,2,2,2,2,2,2,2 -> output: 0
input: 875 -> message: 36,2,2,2,2,2,2,2,2,2,2,2,2,2,2,2,2,2,2,2,2,2,2,2,2,2,2,2,2,2 -> output: 0
input: 876 -> message: 36,11,34,11,11,4,39,27,2,2,2,2,2,2,2,2,2,2,2,2,2,2,2,2,2,2,2,2,2,2 -> output: 0
input: 877 -> message: 36,2,2,2,2,2,2,2,2,2,2,2,2,2,2,2,2,2,2,2,2,2,2,2,2,2,2,2,2,2 -> output: 0
input: 878 -> message: 36,27,2,2,2,2,2,2,2,2,2,2,2,2,2,2,2,2,2,2,2,2,2,2,2,2,2,2,2,2 -> output: 0
input: 879 -> message: 36,2,2,2,2,2,2,2,2,2,2,2,2,2,2,2,2,2,2,2,2,2,2,2,2,2,2,2,2,2 -> output: 0
input: 880 -> message: 2,2,2,2,2,2,2,2,2,2,2,2,2,2,2,2,2,2,2,2,2,2,2,2,2,2,2,2,2,2 -> output: 0
input: 881 -> message: 36,11,11,11,4,39,27,2,2,2,2,2,2,2,2,2,2,2,2,2,2,2,2,2,2,2,2,2,2,2 -> output: 0
input: 882 -> message: 36,36,2,2,2,2,2,2,2,2,2,2,2,2,2,2,2,2,2,2,2,2,2,2,2,2,2,2,2,2 -> output: 0
input: 883 -> message: 36,36,2,2,2,2,2,2,2,2,2,2,2,2,2,2,2,2,2,2,2,2,2,2,2,2,2,2,2,2 -> output: 0
input: 884 -> message: 36,11,34,11,11,11,11,4,4,27,2,2,2,2,2,2,2,2,2,2,2,2,2,2,2,2,2,2,2,2 -> output: 0
input: 885 -> message: 36,2,2,2,2,2,2,2,2,2,2,2,2,2,2,2,2,2,2,2,2,2,2,2,2,2,2,2,2,2 -> output: 0
input: 886 -> message: 36,11,11,4,39,2,2,2,2,2,2,2,2,2,2,2,2,2,2,2,2,2,2,2,2,2,2,2,2,2 -> output: 0
input: 887 -> message: 36,11,11,11,4,39,27,2,2,2,2,2,2,2,2,2,2,2,2,2,2,2,2,2,2,2,2,2,2,2 -> output: 0
input: 888 -> message: 36,11,11,11,4,39,27,2,2,2,2,2,2,2,2,2,2,2,2,2,2,2,2,2,2,2,2,2,2,2 -> output: 0
input: 889 -> message: 36,11,11,4,39,2,2,2,2,2,2,2,2,2,2,2,2,2,2,2,2,2,2,2,2,2,2,2,2,2 -> output: 0
input: 890 -> message: 36,11,11,11,4,39,27,2,2,2,2,2,2,2,2,2,2,2,2,2,2,2,2,2,2,2,2,2,2,2 -> output: 0
input: 891 -> message: 36,2,2,2,2,2,2,2,2,2,2,2,2,2,2,2,2,2,2,2,2,2,2,2,2,2,2,2,2,2 -> output: 0
input: 892 -> message: 36,11,11,11,4,39,27,2,2,2,2,2,2,2,2,2,2,2,2,2,2,2,2,2,2,2,2,2,2,2 -> output: 0
input: 893 -> message: 36,11,11,11,4,39,27,2,2,2,2,2,2,2,2,2,2,2,2,2,2,2,2,2,2,2,2,2,2,2 -> output: 0
input: 894 -> message: 36,11,11,11,4,39,27,2,2,2,2,2,2,2,2,2,2,2,2,2,2,2,2,2,2,2,2,2,2,2 -> output: 0
input: 895 -> message: 29,2,2,2,2,2,2,2,2,2,2,2,2,2,2,2,2,2,2,2,2,2,2,2,2,2,2,2,2,2 -> output: 0
input: 896 -> message: 2,2,2,2,2,2,2,2,2,2,2,2,2,2,2,2,2,2,2,2,2,2,2,2,2,2,2,2,2,2 -> output: 0
input: 897 -> message: 36,36,2,2,2,2,2,2,2,2,2,2,2,2,2,2,2,2,2,2,2,2,2,2,2,2,2,2,2,2 -> output: 0
input: 898 -> message: 36,11,11,4,39,2,2,2,2,2,2,2,2,2,2,2,2,2,2,2,2,2,2,2,2,2,2,2,2,2 -> output: 0
input: 899 -> message: 36,11,34,11,11,4,39,27,2,2,2,2,2,2,2,2,2,2,2,2,2,2,2,2,2,2,2,2,2,2 -> output: 0
input: 900 -> message: 36,2,2,2,2,2,2,2,2,2,2,2,2,2,2,2,2,2,2,2,2,2,2,2,2,2,2,2,2,2 -> output: 0
input: 901 -> message: 36,11,34,11,11,4,39,27,2,2,2,2,2,2,2,2,2,2,2,2,2,2,2,2,2,2,2,2,2,2 -> output: 0
input: 902 -> message: 36,11,11,11,4,39,27,2,2,2,2,2,2,2,2,2,2,2,2,2,2,2,2,2,2,2,2,2,2,2 -> output: 0
input: 903 -> message: 36,11,34,11,11,4,39,27,2,2,2,2,2,2,2,2,2,2,2,2,2,2,2,2,2,2,2,2,2,2 -> output: 0
input: 904 -> message: 36,2,2,2,2,2,2,2,2,2,2,2,2,2,2,2,2,2,2,2,2,2,2,2,2,2,2,2,2,2 -> output: 0
input: 905 -> message: 36,11,11,11,4,39,27,2,2,2,2,2,2,2,2,2,2,2,2,2,2,2,2,2,2,2,2,2,2,2 -> output: 0
input: 906 -> message: 36,11,11,11,4,39,27,2,2,2,2,2,2,2,2,2,2,2,2,2,2,2,2,2,2,2,2,2,2,2 -> output: 0
input: 907 -> message: 36,11,11,4,39,2,2,2,2,2,2,2,2,2,2,2,2,2,2,2,2,2,2,2,2,2,2,2,2,2 -> output: 0
input: 908 -> message: 36,11,11,11,4,39,27,2,2,2,2,2,2,2,2,2,2,2,2,2,2,2,2,2,2,2,2,2,2,2 -> output: 0
input: 909 -> message: 36,2,2,2,2,2,2,2,2,2,2,2,2,2,2,2,2,2,2,2,2,2,2,2,2,2,2,2,2,2 -> output: 0
input: 910 -> message: 2,2,2,2,2,2,2,2,2,2,2,2,2,2,2,2,2,2,2,2,2,2,2,2,2,2,2,2,2,2 -> output: 0
input: 911 -> message: 36,11,11,11,4,39,27,2,2,2,2,2,2,2,2,2,2,2,2,2,2,2,2,2,2,2,2,2,2,2 -> output: 0
input: 912 -> message: 36,11,11,11,4,39,27,2,2,2,2,2,2,2,2,2,2,2,2,2,2,2,2,2,2,2,2,2,2,2 -> output: 0
input: 913 -> message: 36,2,2,2,2,2,2,2,2,2,2,2,2,2,2,2,2,2,2,2,2,2,2,2,2,2,2,2,2,2 -> output: 0
input: 914 -> message: 36,2,2,2,2,2,2,2,2,2,2,2,2,2,2,2,2,2,2,2,2,2,2,2,2,2,2,2,2,2 -> output: 0
input: 915 -> message: 36,11,11,11,4,39,27,2,2,2,2,2,2,2,2,2,2,2,2,2,2,2,2,2,2,2,2,2,2,2 -> output: 0
input: 916 -> message: 36,11,11,11,4,39,27,2,2,2,2,2,2,2,2,2,2,2,2,2,2,2,2,2,2,2,2,2,2,2 -> output: 0
input: 917 -> message: 36,11,34,11,11,11,4,4,27,2,2,2,2,2,2,2,2,2,2,2,2,2,2,2,2,2,2,2,2,2 -> output: 0
input: 918 -> message: 36,2,2,2,2,2,2,2,2,2,2,2,2,2,2,2,2,2,2,2,2,2,2,2,2,2,2,2,2,2 -> output: 0
input: 919 -> message: 36,11,34,11,11,4,39,27,2,2,2,2,2,2,2,2,2,2,2,2,2,2,2,2,2,2,2,2,2,2 -> output: 0
input: 920 -> message: 36,36,2,2,2,2,2,2,2,2,2,2,2,2,2,2,2,2,2,2,2,2,2,2,2,2,2,2,2,2 -> output: 0
input: 921 -> message: 36,11,11,11,4,39,27,2,2,2,2,2,2,2,2,2,2,2,2,2,2,2,2,2,2,2,2,2,2,2 -> output: 0
input: 922 -> message: 36,11,11,11,4,39,27,2,2,2,2,2,2,2,2,2,2,2,2,2,2,2,2,2,2,2,2,2,2,2 -> output: 0
input: 923 -> message: 36,2,2,2,2,2,2,2,2,2,2,2,2,2,2,2,2,2,2,2,2,2,2,2,2,2,2,2,2,2 -> output: 0
input: 924 -> message: 36,11,11,4,39,2,2,2,2,2,2,2,2,2,2,2,2,2,2,2,2,2,2,2,2,2,2,2,2,2 -> output: 0
input: 925 -> message: 36,11,11,4,39,2,2,2,2,2,2,2,2,2,2,2,2,2,2,2,2,2,2,2,2,2,2,2,2,2 -> output: 0
input: 926 -> message: 36,11,11,4,39,27,2,2,2,2,2,2,2,2,2,2,2,2,2,2,2,2,2,2,2,2,2,2,2,2 -> output: 0
input: 927 -> message: 36,11,34,11,11,11,4,4,27,2,2,2,2,2,2,2,2,2,2,2,2,2,2,2,2,2,2,2,2,2 -> output: 0
input: 928 -> message: 36,11,11,4,39,2,2,2,2,2,2,2,2,2,2,2,2,2,2,2,2,2,2,2,2,2,2,2,2,2 -> output: 0
input: 929 -> message: 36,11,11,4,39,2,2,2,2,2,2,2,2,2,2,2,2,2,2,2,2,2,2,2,2,2,2,2,2,2 -> output: 0
input: 930 -> message: 36,2,2,2,2,2,2,2,2,2,2,2,2,2,2,2,2,2,2,2,2,2,2,2,2,2,2,2,2,2 -> output: 0
input: 931 -> message: 36,11,11,11,4,39,27,2,2,2,2,2,2,2,2,2,2,2,2,2,2,2,2,2,2,2,2,2,2,2 -> output: 0
input: 932 -> message: 36,11,11,4,39,27,2,2,2,2,2,2,2,2,2,2,2,2,2,2,2,2,2,2,2,2,2,2,2,2 -> output: 0
input: 933 -> message: 36,2,2,2,2,2,2,2,2,2,2,2,2,2,2,2,2,2,2,2,2,2,2,2,2,2,2,2,2,2 -> output: 0
input: 934 -> message: 36,11,11,4,39,2,2,2,2,2,2,2,2,2,2,2,2,2,2,2,2,2,2,2,2,2,2,2,2,2 -> output: 0
input: 935 -> message: 36,11,11,11,4,39,27,2,2,2,2,2,2,2,2,2,2,2,2,2,2,2,2,2,2,2,2,2,2,2 -> output: 0
input: 936 -> message: 36,2,2,2,2,2,2,2,2,2,2,2,2,2,2,2,2,2,2,2,2,2,2,2,2,2,2,2,2,2 -> output: 0
input: 937 -> message: 36,2,2,2,2,2,2,2,2,2,2,2,2,2,2,2,2,2,2,2,2,2,2,2,2,2,2,2,2,2 -> output: 0
input: 938 -> message: 36,27,2,2,2,2,2,2,2,2,2,2,2,2,2,2,2,2,2,2,2,2,2,2,2,2,2,2,2,2 -> output: 0
input: 939 -> message: 36,11,11,4,39,2,2,2,2,2,2,2,2,2,2,2,2,2,2,2,2,2,2,2,2,2,2,2,2,2 -> output: 0
input: 940 -> message: 36,11,11,4,39,2,2,2,2,2,2,2,2,2,2,2,2,2,2,2,2,2,2,2,2,2,2,2,2,2 -> output: 0
input: 941 -> message: 36,11,11,11,4,39,27,2,2,2,2,2,2,2,2,2,2,2,2,2,2,2,2,2,2,2,2,2,2,2 -> output: 0
input: 942 -> message: 36,11,11,11,4,39,27,2,2,2,2,2,2,2,2,2,2,2,2,2,2,2,2,2,2,2,2,2,2,2 -> output: 0
input: 943 -> message: 36,11,11,4,39,2,2,2,2,2,2,2,2,2,2,2,2,2,2,2,2,2,2,2,2,2,2,2,2,2 -> output: 0
input: 944 -> message: 36,36,2,2,2,2,2,2,2,2,2,2,2,2,2,2,2,2,2,2,2,2,2,2,2,2,2,2,2,2 -> output: 0
input: 945 -> message: 36,11,34,11,11,11,4,4,27,2,2,2,2,2,2,2,2,2,2,2,2,2,2,2,2,2,2,2,2,2 -> output: 0
input: 946 -> message: 36,11,11,11,4,39,27,2,2,2,2,2,2,2,2,2,2,2,2,2,2,2,2,2,2,2,2,2,2,2 -> output: 0
input: 947 -> message: 36,2,2,2,2,2,2,2,2,2,2,2,2,2,2,2,2,2,2,2,2,2,2,2,2,2,2,2,2,2 -> output: 0
input: 948 -> message: 36,36,2,2,2,2,2,2,2,2,2,2,2,2,2,2,2,2,2,2,2,2,2,2,2,2,2,2,2,2 -> output: 0
input: 949 -> message: 36,2,2,2,2,2,2,2,2,2,2,2,2,2,2,2,2,2,2,2,2,2,2,2,2,2,2,2,2,2 -> output: 0
input: 950 -> message: 29,2,2,2,2,2,2,2,2,2,2,2,2,2,2,2,2,2,2,2,2,2,2,2,2,2,2,2,2,2 -> output: 0
input: 951 -> message: 36,11,11,11,4,39,27,2,2,2,2,2,2,2,2,2,2,2,2,2,2,2,2,2,2,2,2,2,2,2 -> output: 0
input: 952 -> message: 36,11,11,11,4,39,27,2,2,2,2,2,2,2,2,2,2,2,2,2,2,2,2,2,2,2,2,2,2,2 -> output: 0
input: 953 -> message: 36,11,11,11,4,39,27,2,2,2,2,2,2,2,2,2,2,2,2,2,2,2,2,2,2,2,2,2,2,2 -> output: 0
input: 954 -> message: 36,11,11,11,4,39,27,2,2,2,2,2,2,2,2,2,2,2,2,2,2,2,2,2,2,2,2,2,2,2 -> output: 0
input: 955 -> message: 36,11,34,11,11,11,4,4,27,2,2,2,2,2,2,2,2,2,2,2,2,2,2,2,2,2,2,2,2,2 -> output: 0
input: 956 -> message: 36,11,11,11,4,39,27,2,2,2,2,2,2,2,2,2,2,2,2,2,2,2,2,2,2,2,2,2,2,2 -> output: 0
input: 957 -> message: 36,11,34,11,11,4,39,27,2,2,2,2,2,2,2,2,2,2,2,2,2,2,2,2,2,2,2,2,2,2 -> output: 0
input: 958 -> message: 36,11,11,11,4,39,27,2,2,2,2,2,2,2,2,2,2,2,2,2,2,2,2,2,2,2,2,2,2,2 -> output: 0
input: 959 -> message: 36,11,34,11,11,11,4,4,27,2,2,2,2,2,2,2,2,2,2,2,2,2,2,2,2,2,2,2,2,2 -> output: 0
input: 960 -> message: 36,11,11,11,4,39,27,2,2,2,2,2,2,2,2,2,2,2,2,2,2,2,2,2,2,2,2,2,2,2 -> output: 0
input: 961 -> message: 36,11,11,11,4,39,27,2,2,2,2,2,2,2,2,2,2,2,2,2,2,2,2,2,2,2,2,2,2,2 -> output: 0
input: 962 -> message: 36,11,11,4,39,2,2,2,2,2,2,2,2,2,2,2,2,2,2,2,2,2,2,2,2,2,2,2,2,2 -> output: 0
input: 963 -> message: 36,11,11,11,4,39,27,2,2,2,2,2,2,2,2,2,2,2,2,2,2,2,2,2,2,2,2,2,2,2 -> output: 0
input: 964 -> message: 36,11,11,11,4,39,27,2,2,2,2,2,2,2,2,2,2,2,2,2,2,2,2,2,2,2,2,2,2,2 -> output: 0
input: 965 -> message: 36,2,2,2,2,2,2,2,2,2,2,2,2,2,2,2,2,2,2,2,2,2,2,2,2,2,2,2,2,2 -> output: 0
input: 966 -> message: 36,2,2,2,2,2,2,2,2,2,2,2,2,2,2,2,2,2,2,2,2,2,2,2,2,2,2,2,2,2 -> output: 0
input: 967 -> message: 36,11,34,11,11,11,4,39,27,2,2,2,2,2,2,2,2,2,2,2,2,2,2,2,2,2,2,2,2,2 -> output: 0
input: 968 -> message: 36,2,2,2,2,2,2,2,2,2,2,2,2,2,2,2,2,2,2,2,2,2,2,2,2,2,2,2,2,2 -> output: 0
input: 969 -> message: 36,2,2,2,2,2,2,2,2,2,2,2,2,2,2,2,2,2,2,2,2,2,2,2,2,2,2,2,2,2 -> output: 0
input: 970 -> message: 36,11,11,11,4,39,27,2,2,2,2,2,2,2,2,2,2,2,2,2,2,2,2,2,2,2,2,2,2,2 -> output: 0
input: 971 -> message: 36,11,34,11,11,4,39,27,2,2,2,2,2,2,2,2,2,2,2,2,2,2,2,2,2,2,2,2,2,2 -> output: 0
input: 972 -> message: 36,2,2,2,2,2,2,2,2,2,2,2,2,2,2,2,2,2,2,2,2,2,2,2,2,2,2,2,2,2 -> output: 0
input: 973 -> message: 36,11,11,11,4,39,27,2,2,2,2,2,2,2,2,2,2,2,2,2,2,2,2,2,2,2,2,2,2,2 -> output: 0
input: 974 -> message: 36,2,2,2,2,2,2,2,2,2,2,2,2,2,2,2,2,2,2,2,2,2,2,2,2,2,2,2,2,2 -> output: 0
input: 975 -> message: 36,11,11,11,4,39,27,2,2,2,2,2,2,2,2,2,2,2,2,2,2,2,2,2,2,2,2,2,2,2 -> output: 0
input: 976 -> message: 36,27,2,2,2,2,2,2,2,2,2,2,2,2,2,2,2,2,2,2,2,2,2,2,2,2,2,2,2,2 -> output: 0
input: 977 -> message: 36,11,34,11,11,4,39,27,2,2,2,2,2,2,2,2,2,2,2,2,2,2,2,2,2,2,2,2,2,2 -> output: 0
input: 978 -> message: 36,36,2,2,2,2,2,2,2,2,2,2,2,2,2,2,2,2,2,2,2,2,2,2,2,2,2,2,2,2 -> output: 0
input: 979 -> message: 36,11,34,11,11,4,39,27,2,2,2,2,2,2,2,2,2,2,2,2,2,2,2,2,2,2,2,2,2,2 -> output: 0
input: 980 -> message: 36,2,2,2,2,2,2,2,2,2,2,2,2,2,2,2,2,2,2,2,2,2,2,2,2,2,2,2,2,2 -> output: 0
input: 981 -> message: 36,11,34,11,11,4,39,27,2,2,2,2,2,2,2,2,2,2,2,2,2,2,2,2,2,2,2,2,2,2 -> output: 0
input: 982 -> message: 36,2,2,2,2,2,2,2,2,2,2,2,2,2,2,2,2,2,2,2,2,2,2,2,2,2,2,2,2,2 -> output: 0
input: 983 -> message: 36,36,2,2,2,2,2,2,2,2,2,2,2,2,2,2,2,2,2,2,2,2,2,2,2,2,2,2,2,2 -> output: 0
input: 984 -> message: 36,36,2,2,2,2,2,2,2,2,2,2,2,2,2,2,2,2,2,2,2,2,2,2,2,2,2,2,2,2 -> output: 0
input: 985 -> message: 36,2,2,2,2,2,2,2,2,2,2,2,2,2,2,2,2,2,2,2,2,2,2,2,2,2,2,2,2,2 -> output: 0
input: 986 -> message: 36,2,2,2,2,2,2,2,2,2,2,2,2,2,2,2,2,2,2,2,2,2,2,2,2,2,2,2,2,2 -> output: 0
input: 987 -> message: 36,27,2,2,2,2,2,2,2,2,2,2,2,2,2,2,2,2,2,2,2,2,2,2,2,2,2,2,2,2 -> output: 0
input: 988 -> message: 36,36,2,2,2,2,2,2,2,2,2,2,2,2,2,2,2,2,2,2,2,2,2,2,2,2,2,2,2,2 -> output: 0
input: 989 -> message: 36,2,2,2,2,2,2,2,2,2,2,2,2,2,2,2,2,2,2,2,2,2,2,2,2,2,2,2,2,2 -> output: 0
input: 990 -> message: 36,11,11,11,4,39,27,2,2,2,2,2,2,2,2,2,2,2,2,2,2,2,2,2,2,2,2,2,2,2 -> output: 0
input: 991 -> message: 36,2,2,2,2,2,2,2,2,2,2,2,2,2,2,2,2,2,2,2,2,2,2,2,2,2,2,2,2,2 -> output: 0
input: 992 -> message: 36,11,11,11,4,39,27,2,2,2,2,2,2,2,2,2,2,2,2,2,2,2,2,2,2,2,2,2,2,2 -> output: 0
input: 993 -> message: 36,2,2,2,2,2,2,2,2,2,2,2,2,2,2,2,2,2,2,2,2,2,2,2,2,2,2,2,2,2 -> output: 0
input: 994 -> message: 36,2,2,2,2,2,2,2,2,2,2,2,2,2,2,2,2,2,2,2,2,2,2,2,2,2,2,2,2,2 -> output: 0
input: 995 -> message: 36,11,11,11,4,39,27,2,2,2,2,2,2,2,2,2,2,2,2,2,2,2,2,2,2,2,2,2,2,2 -> output: 0
input: 996 -> message: 36,2,2,2,2,2,2,2,2,2,2,2,2,2,2,2,2,2,2,2,2,2,2,2,2,2,2,2,2,2 -> output: 0
input: 997 -> message: 36,11,34,11,11,4,39,27,2,2,2,2,2,2,2,2,2,2,2,2,2,2,2,2,2,2,2,2,2,2 -> output: 0
input: 998 -> message: 36,36,2,2,2,2,2,2,2,2,2,2,2,2,2,2,2,2,2,2,2,2,2,2,2,2,2,2,2,2 -> output: 0
input: 999 -> message: 36,11,11,11,4,39,27,2,2,2,2,2,2,2,2,2,2,2,2,2,2,2,2,2,2,2,2,2,2,2 -> output: 0
{"powerlaw": 0.13359211385250092, "unif": 0.001}
Epoch: 1
{"powerlaw": 0.11132676154375076, "unif": 0.002}
Epoch: 2
{"powerlaw": 0.2125329077243805, "unif": 0.003}
Epoch: 3
{"powerlaw": 0.20038816332817078, "unif": 0.002}
Epoch: 4
{"powerlaw": 0.20238207280635834, "unif": 0.003}
Epoch: 5
{"powerlaw": 0.2125329077243805, "unif": 0.003}
Epoch: 6
{"powerlaw": 0.2150535136461258, "unif": 0.004}
Epoch: 7
{"powerlaw": 0.2150535136461258, "unif": 0.004}
Epoch: 8
{"powerlaw": 0.2150535136461258, "unif": 0.004}
Epoch: 9
{"powerlaw": 0.21403394639492035, "unif": 0.004}
Epoch: 10
{"powerlaw": 0.2657310962677002, "unif": 0.008}
Epoch: 11
{"powerlaw": 0.3401317000389099, "unif": 0.015}
Epoch: 12
{"powerlaw": 0.3507387340068817, "unif": 0.017}
Epoch: 13
{"powerlaw": 0.37064415216445923, "unif": 0.025}
Epoch: 14
{"powerlaw": 0.36196520924568176, "unif": 0.023}
Epoch: 15
{"powerlaw": 0.3739946186542511, "unif": 0.029}
Epoch: 16
{"powerlaw": 0.3677368462085724, "unif": 0.029}
Epoch: 17
{"powerlaw": 0.39537134766578674, "unif": 0.038}
Epoch: 18
{"powerlaw": 0.38467153906822205, "unif": 0.038}
Epoch: 19
{"powerlaw": 0.37959805130958557, "unif": 0.036}
Epoch: 20
{"powerlaw": 0.3926002085208893, "unif": 0.041}
Epoch: 21
{"powerlaw": 0.39064833521842957, "unif": 0.038}
Epoch: 22
{"powerlaw": 0.38289329409599304, "unif": 0.035}
Epoch: 23
{"powerlaw": 0.39785057306289673, "unif": 0.045}
Epoch: 24
{"powerlaw": 0.40055060386657715, "unif": 0.045}
Epoch: 25
{"powerlaw": 0.40457883477211, "unif": 0.05}
Epoch: 26
{"powerlaw": 0.4076681137084961, "unif": 0.049}
Epoch: 27
{"powerlaw": 0.4122965931892395, "unif": 0.055}
Epoch: 28
{"powerlaw": 0.4272885024547577, "unif": 0.054}
Epoch: 29
{"powerlaw": 0.43504801392555237, "unif": 0.06}
Epoch: 30
{"powerlaw": 0.43507832288742065, "unif": 0.064}
Epoch: 31
{"powerlaw": 0.4289736747741699, "unif": 0.066}
Epoch: 32
{"powerlaw": 0.4538542926311493, "unif": 0.076}
Epoch: 33
{"powerlaw": 0.45473188161849976, "unif": 0.082}
Epoch: 34
{"powerlaw": 0.4591299891471863, "unif": 0.083}
Epoch: 35
{"powerlaw": 0.44918587803840637, "unif": 0.081}
Epoch: 36
{"powerlaw": 0.4615904688835144, "unif": 0.095}
Epoch: 37
{"powerlaw": 0.4746370315551758, "unif": 0.104}
Epoch: 38
{"powerlaw": 0.4712654650211334, "unif": 0.105}
Epoch: 39
{"powerlaw": 0.4759145975112915, "unif": 0.121}
Epoch: 40
{"powerlaw": 0.4813784956932068, "unif": 0.123}
Epoch: 41
{"powerlaw": 0.49262648820877075, "unif": 0.126}
Epoch: 42
{"powerlaw": 0.5041982531547546, "unif": 0.138}
Epoch: 43
{"powerlaw": 0.509419322013855, "unif": 0.143}
Epoch: 44
{"powerlaw": 0.500948429107666, "unif": 0.147}
Epoch: 45
{"powerlaw": 0.51435387134552, "unif": 0.149}
Epoch: 46
{"powerlaw": 0.5104164481163025, "unif": 0.142}
Epoch: 47
{"powerlaw": 0.5194371938705444, "unif": 0.162}
Epoch: 48
{"powerlaw": 0.5221075415611267, "unif": 0.168}
Epoch: 49
{"powerlaw": 0.526310384273529, "unif": 0.173}
Epoch: 50
input: 0 -> message: 1,27,27,17,17,17,17,0 -> output: 0
input: 1 -> message: 17,17,0 -> output: 1
input: 2 -> message: 27,6,36,0 -> output: 2
input: 3 -> message: 17,17,0 -> output: 1
input: 4 -> message: 15,27,2,31,34,24,0 -> output: 4
input: 5 -> message: 17,17,0 -> output: 1
input: 6 -> message: 17,36,0 -> output: 6
input: 7 -> message: 17,17,0 -> output: 1
input: 8 -> message: 17,17,0 -> output: 1
input: 9 -> message: 17,36,0 -> output: 6
input: 10 -> message: 0 -> output: 10
input: 11 -> message: 17,17,36,0 -> output: 11
input: 12 -> message: 17,0 -> output: 12
input: 13 -> message: 17,0 -> output: 12
input: 14 -> message: 17,0 -> output: 12
input: 15 -> message: 17,17,36,0 -> output: 11
input: 16 -> message: 16,2,6,24,0 -> output: 16
input: 17 -> message: 17,36,0 -> output: 6
input: 18 -> message: 16,27,2,2,34,24,0 -> output: 18
input: 19 -> message: 0 -> output: 10
input: 20 -> message: 2,31,36,0 -> output: 20
input: 21 -> message: 27,2,2,31,24,0 -> output: 21
input: 22 -> message: 16,27,17,17,0 -> output: 22
input: 23 -> message: 15,27,27,27,31,31,31,24,0 -> output: 23
input: 24 -> message: 17,17,36,0 -> output: 11
input: 25 -> message: 2,31,0 -> output: 25
input: 26 -> message: 0 -> output: 10
input: 27 -> message: 24,9,9,27,27,2,2,34,34,0 -> output: 30
input: 28 -> message: 0 -> output: 10
input: 29 -> message: 17,17,36,0 -> output: 11
input: 30 -> message: 24,9,9,27,27,2,2,34,34,0 -> output: 30
input: 31 -> message: 15,2,17,17,0 -> output: 31
input: 32 -> message: 1,2,2,2,2,12,0 -> output: 32
input: 33 -> message: 2,2,2,2,2,2,12,0 -> output: 45
input: 34 -> message: 17,0 -> output: 12
input: 35 -> message: 0 -> output: 10
input: 36 -> message: 2,31,31,13,0 -> output: 36
input: 37 -> message: 16,27,27,2,31,31,24,0 -> output: 37
input: 38 -> message: 32,27,27,2,2,34,36,0 -> output: 38
input: 39 -> message: 17,36,0 -> output: 6
input: 40 -> message: 24,9,9,27,27,2,2,34,34,0 -> output: 30
input: 41 -> message: 32,27,27,27,2,31,36,0 -> output: 41
input: 42 -> message: 0 -> output: 10
input: 43 -> message: 32,27,2,2,34,36,0 -> output: 43
input: 44 -> message: 39,27,27,27,31,31,31,24,0 -> output: 44
input: 45 -> message: 2,2,2,2,2,2,12,0 -> output: 45
input: 46 -> message: 27,2,17,36,0 -> output: 46
input: 47 -> message: 2,0 -> output: 47
input: 48 -> message: 27,2,2,12,0 -> output: 48
input: 49 -> message: 34,0 -> output: 49
input: 50 -> message: 1,9,9,3,2,2,2,2,12,0 -> output: 50
input: 51 -> message: 16,2,2,31,36,0 -> output: 320
input: 52 -> message: 31,17,0 -> output: 52
input: 53 -> message: 2,31,0 -> output: 25
input: 54 -> message: 14,14,14,3,2,2,2,2,12,0 -> output: 54
input: 55 -> message: 0 -> output: 10
input: 56 -> message: 2,31,36,0 -> output: 20
input: 57 -> message: 27,26,34,36,0 -> output: 57
input: 58 -> message: 2,34,0 -> output: 58
input: 59 -> message: 2,31,13,0 -> output: 59
input: 60 -> message: 24,9,9,27,35,2,2,34,24,0 -> output: 40
input: 61 -> message: 32,2,2,2,12,0 -> output: 61
input: 62 -> message: 16,27,27,2,2,31,24,0 -> output: 62
input: 63 -> message: 36,0 -> output: 63
input: 64 -> message: 27,27,27,2,31,13,0 -> output: 64
input: 65 -> message: 32,3,2,2,2,12,0 -> output: 65
input: 66 -> message: 31,17,0 -> output: 52
input: 67 -> message: 0 -> output: 10
input: 68 -> message: 2,17,0 -> output: 68
input: 69 -> message: 31,31,36,0 -> output: 74
input: 70 -> message: 31,17,0 -> output: 52
input: 71 -> message: 27,27,27,17,17,17,0 -> output: 71
input: 72 -> message: 27,26,31,36,0 -> output: 72
input: 73 -> message: 32,3,2,2,31,24,0 -> output: 73
input: 74 -> message: 31,31,36,0 -> output: 74
input: 75 -> message: 2,0 -> output: 47
input: 76 -> message: 1,2,31,34,36,0 -> output: 76
input: 77 -> message: 24,0 -> output: 77
input: 78 -> message: 36,0 -> output: 63
input: 79 -> message: 31,31,0 -> output: 106
input: 80 -> message: 14,14,9,3,2,2,2,34,24,0 -> output: 80
input: 81 -> message: 31,17,0 -> output: 52
input: 82 -> message: 2,34,0 -> output: 58
input: 83 -> message: 27,2,31,13,0 -> output: 83
input: 84 -> message: 8,2,2,2,2,2,12,0 -> output: 84
input: 85 -> message: 3,2,17,36,0 -> output: 85
input: 86 -> message: 31,36,0 -> output: 86
input: 87 -> message: 2,2,2,12,0 -> output: 87
input: 88 -> message: 6,17,0 -> output: 99
input: 89 -> message: 24,0 -> output: 77
input: 90 -> message: 31,0 -> output: 115
input: 91 -> message: 31,36,0 -> output: 86
input: 92 -> message: 1,2,31,17,17,0 -> output: 92
input: 93 -> message: 2,31,0 -> output: 25
input: 94 -> message: 31,17,0 -> output: 52
input: 95 -> message: 31,17,36,0 -> output: 121
input: 96 -> message: 27,27,27,31,31,31,24,0 -> output: 96
input: 97 -> message: 2,17,17,17,0 -> output: 97
input: 98 -> message: 24,9,9,27,35,2,2,34,24,0 -> output: 40
input: 99 -> message: 6,17,0 -> output: 99
input: 100 -> message: 27,31,34,0 -> output: 100
input: 101 -> message: 2,36,0 -> output: 101
input: 102 -> message: 2,31,13,0 -> output: 59
input: 103 -> message: 16,3,2,2,34,24,0 -> output: 103
input: 104 -> message: 2,31,0 -> output: 25
input: 105 -> message: 2,24,0 -> output: 105
input: 106 -> message: 31,31,0 -> output: 106
input: 107 -> message: 26,17,0 -> output: 107
input: 108 -> message: 16,35,17,17,0 -> output: 108
input: 109 -> message: 31,31,0 -> output: 106
input: 110 -> message: 2,2,31,13,0 -> output: 110
input: 111 -> message: 2,2,14,0 -> output: 111
input: 112 -> message: 2,17,0 -> output: 68
input: 113 -> message: 2,31,36,0 -> output: 20
input: 114 -> message: 24,0 -> output: 77
input: 115 -> message: 31,0 -> output: 115
input: 116 -> message: 2,17,36,0 -> output: 178
input: 117 -> message: 26,31,0 -> output: 117
input: 118 -> message: 24,9,9,3,2,2,2,2,12,0 -> output: 118
input: 119 -> message: 2,31,36,0 -> output: 20
input: 120 -> message: 16,2,2,2,2,12,0 -> output: 120
input: 121 -> message: 31,17,36,0 -> output: 121
input: 122 -> message: 31,0 -> output: 115
input: 123 -> message: 2,2,2,2,2,12,0 -> output: 123
input: 124 -> message: 1,14,14,14,9,3,2,2,2,2,2,12,0 -> output: 124
input: 125 -> message: 2,31,24,0 -> output: 125
input: 126 -> message: 1,2,2,2,12,0 -> output: 180
input: 127 -> message: 2,0 -> output: 47
input: 128 -> message: 27,2,2,34,34,0 -> output: 128
input: 129 -> message: 24,0 -> output: 77
input: 130 -> message: 2,31,24,0 -> output: 125
input: 131 -> message: 31,13,0 -> output: 131
input: 132 -> message: 31,0 -> output: 115
input: 133 -> message: 16,27,35,31,17,17,0 -> output: 133
input: 134 -> message: 36,0 -> output: 63
input: 135 -> message: 31,17,17,0 -> output: 135
input: 136 -> message: 26,17,0 -> output: 107
input: 137 -> message: 34,24,0 -> output: 137
input: 138 -> message: 31,36,0 -> output: 86
input: 139 -> message: 2,31,0 -> output: 25
input: 140 -> message: 2,36,0 -> output: 101
input: 141 -> message: 2,2,17,36,0 -> output: 284
input: 142 -> message: 2,2,0 -> output: 142
input: 143 -> message: 2,0 -> output: 47
input: 144 -> message: 2,2,17,17,0 -> output: 144
input: 145 -> message: 31,0 -> output: 115
input: 146 -> message: 2,26,34,0 -> output: 169
input: 147 -> message: 2,36,0 -> output: 101
input: 148 -> message: 2,13,0 -> output: 148
input: 149 -> message: 2,2,31,24,0 -> output: 149
input: 150 -> message: 34,0 -> output: 49
input: 151 -> message: 31,31,0 -> output: 106
input: 152 -> message: 31,31,0 -> output: 106
input: 153 -> message: 2,0 -> output: 47
input: 154 -> message: 34,0 -> output: 49
input: 155 -> message: 35,2,2,31,24,0 -> output: 155
input: 156 -> message: 24,0 -> output: 77
input: 157 -> message: 31,17,36,0 -> output: 121
input: 158 -> message: 2,13,0 -> output: 148
input: 159 -> message: 31,17,36,0 -> output: 121
input: 160 -> message: 16,27,27,27,31,31,31,24,0 -> output: 160
input: 161 -> message: 27,35,2,2,17,0 -> output: 161
input: 162 -> message: 16,2,31,34,0 -> output: 162
input: 163 -> message: 2,2,0 -> output: 142
input: 164 -> message: 16,2,17,36,0 -> output: 164
input: 165 -> message: 2,2,12,0 -> output: 285
input: 166 -> message: 10,24,0 -> output: 166
input: 167 -> message: 2,0 -> output: 47
input: 168 -> message: 2,17,36,0 -> output: 178
input: 169 -> message: 2,26,34,0 -> output: 169
input: 170 -> message: 6,17,0 -> output: 99
input: 171 -> message: 2,17,0 -> output: 68
input: 172 -> message: 2,24,0 -> output: 105
input: 173 -> message: 2,14,14,9,27,2,2,34,24,0 -> output: 173
input: 174 -> message: 2,17,17,0 -> output: 199
input: 175 -> message: 34,0 -> output: 49
input: 176 -> message: 16,2,2,31,24,0 -> output: 51
input: 177 -> message: 2,14,0 -> output: 177
input: 178 -> message: 2,17,36,0 -> output: 178
input: 179 -> message: 10,24,0 -> output: 166
input: 180 -> message: 1,2,2,2,12,0 -> output: 180
input: 181 -> message: 6,24,0 -> output: 181
input: 182 -> message: 2,2,2,2,12,24,0 -> output: 333
input: 183 -> message: 2,36,0 -> output: 101
input: 184 -> message: 2,17,36,0 -> output: 178
input: 185 -> message: 1,2,2,31,24,0 -> output: 185
input: 186 -> message: 32,3,2,2,2,12,0 -> output: 65
input: 187 -> message: 2,36,0 -> output: 101
input: 188 -> message: 31,34,0 -> output: 188
input: 189 -> message: 31,13,0 -> output: 131
input: 190 -> message: 2,2,17,0 -> output: 190
input: 191 -> message: 2,17,0 -> output: 68
input: 192 -> message: 31,31,13,0 -> output: 554
input: 193 -> message: 31,36,0 -> output: 86
input: 194 -> message: 1,2,2,2,34,24,0 -> output: 194
input: 195 -> message: 2,2,31,24,0 -> output: 149
input: 196 -> message: 27,2,31,34,0 -> output: 196
input: 197 -> message: 6,36,0 -> output: 249
input: 198 -> message: 9,27,35,2,2,34,24,0 -> output: 198
input: 199 -> message: 2,17,17,0 -> output: 199
input: 200 -> message: 2,14,9,9,3,2,2,2,2,12,0 -> output: 240
input: 201 -> message: 31,0 -> output: 115
input: 202 -> message: 16,27,17,17,17,36,0 -> output: 133
input: 203 -> message: 2,13,0 -> output: 148
input: 204 -> message: 24,0 -> output: 77
input: 205 -> message: 1,2,2,2,12,24,0 -> output: 194
input: 206 -> message: 31,34,0 -> output: 188
input: 207 -> message: 14,14,14,3,2,2,2,34,24,0 -> output: 54
input: 208 -> message: 31,0 -> output: 115
input: 209 -> message: 2,17,0 -> output: 68
input: 210 -> message: 2,2,2,2,12,0 -> output: 333
input: 211 -> message: 2,13,0 -> output: 148
input: 212 -> message: 6,0 -> output: 212
input: 213 -> message: 9,27,27,27,31,31,31,24,0 -> output: 213
input: 214 -> message: 31,17,0 -> output: 52
input: 215 -> message: 2,0 -> output: 47
input: 216 -> message: 26,31,0 -> output: 117
input: 217 -> message: 2,2,2,12,0 -> output: 87
input: 218 -> message: 34,0 -> output: 49
input: 219 -> message: 31,36,0 -> output: 86
input: 220 -> message: 31,34,0 -> output: 188
input: 221 -> message: 31,36,0 -> output: 86
input: 222 -> message: 2,13,0 -> output: 148
input: 223 -> message: 2,17,36,0 -> output: 178
input: 224 -> message: 34,0 -> output: 49
input: 225 -> message: 6,36,0 -> output: 249
input: 226 -> message: 32,27,27,2,31,34,24,0 -> output: 226
input: 227 -> message: 2,36,0 -> output: 101
input: 228 -> message: 27,2,31,34,24,0 -> output: 585
input: 229 -> message: 34,0 -> output: 49
input: 230 -> message: 35,2,2,31,24,0 -> output: 155
input: 231 -> message: 26,31,0 -> output: 117
input: 232 -> message: 16,2,31,34,0 -> output: 162
input: 233 -> message: 2,2,31,24,0 -> output: 149
input: 234 -> message: 2,2,2,12,0 -> output: 87
input: 235 -> message: 31,31,24,0 -> output: 235
input: 236 -> message: 2,36,0 -> output: 101
input: 237 -> message: 31,13,0 -> output: 131
input: 238 -> message: 31,36,0 -> output: 86
input: 239 -> message: 2,0 -> output: 47
input: 240 -> message: 2,14,14,9,27,35,2,2,17,0 -> output: 173
input: 241 -> message: 26,17,0 -> output: 107
input: 242 -> message: 14,9,15,27,27,2,31,34,24,0 -> output: 242
input: 243 -> message: 1,2,2,31,24,0 -> output: 185
input: 244 -> message: 31,36,0 -> output: 86
input: 245 -> message: 31,31,0 -> output: 106
input: 246 -> message: 1,2,2,31,24,0 -> output: 185
input: 247 -> message: 2,31,34,0 -> output: 247
input: 248 -> message: 31,34,0 -> output: 188
input: 249 -> message: 6,36,0 -> output: 249
input: 250 -> message: 2,14,0 -> output: 177
input: 251 -> message: 27,26,34,0 -> output: 251
input: 252 -> message: 6,36,0 -> output: 249
input: 253 -> message: 2,31,24,0 -> output: 125
input: 254 -> message: 1,2,2,2,34,24,0 -> output: 194
input: 255 -> message: 16,2,17,17,0 -> output: 255
input: 256 -> message: 2,24,0 -> output: 105
input: 257 -> message: 26,24,0 -> output: 257
input: 258 -> message: 2,2,2,2,2,12,0 -> output: 123
input: 259 -> message: 35,2,2,2,12,0 -> output: 259
input: 260 -> message: 35,2,2,2,12,0 -> output: 259
input: 261 -> message: 2,2,31,24,0 -> output: 149
input: 262 -> message: 26,36,0 -> output: 453
input: 263 -> message: 31,36,0 -> output: 86
input: 264 -> message: 2,17,36,0 -> output: 178
input: 265 -> message: 32,27,35,31,17,17,0 -> output: 265
input: 266 -> message: 2,2,2,12,0 -> output: 87
input: 267 -> message: 26,13,0 -> output: 267
input: 268 -> message: 2,0 -> output: 47
input: 269 -> message: 2,17,17,36,0 -> output: 463
input: 270 -> message: 35,2,31,24,0 -> output: 270
input: 271 -> message: 31,34,0 -> output: 188
input: 272 -> message: 24,0 -> output: 77
input: 273 -> message: 2,6,24,0 -> output: 344
input: 274 -> message: 2,36,0 -> output: 101
input: 275 -> message: 2,14,0 -> output: 177
input: 276 -> message: 2,36,0 -> output: 101
input: 277 -> message: 14,9,9,3,2,2,2,2,12,0 -> output: 80
input: 278 -> message: 31,13,0 -> output: 131
input: 279 -> message: 24,9,9,3,2,2,2,2,12,0 -> output: 118
input: 280 -> message: 31,24,0 -> output: 678
input: 281 -> message: 31,31,24,0 -> output: 235
input: 282 -> message: 2,17,36,0 -> output: 178
input: 283 -> message: 1,2,31,31,36,0 -> output: 283
input: 284 -> message: 2,2,17,36,0 -> output: 284
input: 285 -> message: 2,2,12,0 -> output: 285
input: 286 -> message: 27,2,2,17,36,0 -> output: 286
input: 287 -> message: 6,36,0 -> output: 249
input: 288 -> message: 27,26,34,0 -> output: 251
input: 289 -> message: 2,0 -> output: 47
input: 290 -> message: 32,27,27,2,2,31,36,0 -> output: 565
input: 291 -> message: 3,2,31,24,0 -> output: 291
input: 292 -> message: 16,3,2,2,34,24,0 -> output: 103
input: 293 -> message: 14,2,2,2,2,2,12,0 -> output: 293
input: 294 -> message: 2,36,0 -> output: 101
input: 295 -> message: 2,13,0 -> output: 148
input: 296 -> message: 2,2,24,0 -> output: 296
input: 297 -> message: 2,14,0 -> output: 177
input: 298 -> message: 31,34,0 -> output: 188
input: 299 -> message: 31,31,24,0 -> output: 235
input: 300 -> message: 2,31,34,0 -> output: 247
input: 301 -> message: 35,2,2,31,36,0 -> output: 630
input: 302 -> message: 16,27,27,2,31,31,24,0 -> output: 37
input: 303 -> message: 6,24,0 -> output: 181
input: 304 -> message: 8,2,2,2,2,2,12,0 -> output: 84
input: 305 -> message: 16,35,2,31,36,0 -> output: 305
input: 306 -> message: 6,0 -> output: 212
input: 307 -> message: 32,3,2,31,34,36,0 -> output: 307
input: 308 -> message: 24,9,9,3,2,2,2,2,12,0 -> output: 118
input: 309 -> message: 16,27,27,27,31,31,31,24,0 -> output: 160
input: 310 -> message: 6,24,0 -> output: 181
input: 311 -> message: 16,2,2,2,12,0 -> output: 16
input: 312 -> message: 2,2,13,0 -> output: 296
input: 313 -> message: 8,2,2,2,2,2,12,0 -> output: 84
input: 314 -> message: 16,2,2,31,36,0 -> output: 320
input: 315 -> message: 2,0 -> output: 47
input: 316 -> message: 27,17,17,17,0 -> output: 316
input: 317 -> message: 2,31,34,0 -> output: 247
input: 318 -> message: 2,2,2,34,24,0 -> output: 318
input: 319 -> message: 2,0 -> output: 47
input: 320 -> message: 16,2,2,17,36,0 -> output: 51
input: 321 -> message: 2,2,12,0 -> output: 285
input: 322 -> message: 16,35,2,17,36,0 -> output: 320
input: 323 -> message: 3,2,2,31,36,0 -> output: 341
input: 324 -> message: 26,31,0 -> output: 117
input: 325 -> message: 26,36,0 -> output: 453
input: 326 -> message: 16,2,31,36,0 -> output: 326
input: 327 -> message: 34,24,0 -> output: 137
input: 328 -> message: 2,26,31,24,0 -> output: 328
input: 329 -> message: 31,24,0 -> output: 678
input: 330 -> message: 24,9,9,3,2,2,2,2,12,0 -> output: 118
input: 331 -> message: 2,17,36,0 -> output: 178
input: 332 -> message: 2,2,2,31,24,0 -> output: 332
input: 333 -> message: 2,2,2,2,12,0 -> output: 333
input: 334 -> message: 35,2,2,34,24,0 -> output: 442
input: 335 -> message: 31,34,0 -> output: 188
input: 336 -> message: 2,2,34,24,0 -> output: 336
input: 337 -> message: 31,34,0 -> output: 188
input: 338 -> message: 6,24,0 -> output: 181
input: 339 -> message: 2,2,12,0 -> output: 285
input: 340 -> message: 24,0 -> output: 77
input: 341 -> message: 3,2,2,31,36,0 -> output: 341
input: 342 -> message: 2,17,36,0 -> output: 178
input: 343 -> message: 2,2,2,2,12,0 -> output: 333
input: 344 -> message: 2,6,24,0 -> output: 344
input: 345 -> message: 26,31,13,0 -> output: 345
input: 346 -> message: 14,14,14,14,2,2,2,2,2,12,0 -> output: 464
input: 347 -> message: 2,2,2,2,12,0 -> output: 333
input: 348 -> message: 2,14,0 -> output: 177
input: 349 -> message: 6,34,0 -> output: 349
input: 350 -> message: 2,2,12,0 -> output: 285
input: 351 -> message: 35,31,31,13,0 -> output: 351
input: 352 -> message: 35,2,2,31,24,0 -> output: 155
input: 353 -> message: 6,0 -> output: 212
input: 354 -> message: 16,2,2,31,36,0 -> output: 320
input: 355 -> message: 16,3,2,2,2,12,0 -> output: 103
input: 356 -> message: 2,14,0 -> output: 177
input: 357 -> message: 27,2,2,2,17,0 -> output: 357
input: 358 -> message: 27,2,31,34,24,0 -> output: 585
input: 359 -> message: 24,9,9,3,2,2,2,2,12,0 -> output: 118
input: 360 -> message: 2,36,0 -> output: 101
input: 361 -> message: 9,27,27,27,31,31,31,24,0 -> output: 213
input: 362 -> message: 2,6,24,0 -> output: 344
input: 363 -> message: 2,36,0 -> output: 101
input: 364 -> message: 2,0 -> output: 47
input: 365 -> message: 2,13,0 -> output: 148
input: 366 -> message: 24,9,9,3,2,2,2,2,12,0 -> output: 118
input: 367 -> message: 2,0 -> output: 47
input: 368 -> message: 26,31,0 -> output: 117
input: 369 -> message: 2,0 -> output: 47
input: 370 -> message: 14,14,14,3,2,2,2,2,12,0 -> output: 54
input: 371 -> message: 26,17,36,0 -> output: 371
input: 372 -> message: 2,14,9,9,9,3,2,2,2,34,24,0 -> output: 240
input: 373 -> message: 27,2,2,2,17,0 -> output: 357
input: 374 -> message: 8,2,2,2,2,12,24,0 -> output: 84
input: 375 -> message: 2,14,14,9,27,35,2,2,12,0 -> output: 200
input: 376 -> message: 1,2,2,31,24,0 -> output: 185
input: 377 -> message: 3,2,2,2,12,0 -> output: 377
input: 378 -> message: 2,2,12,0 -> output: 285
input: 379 -> message: 6,0 -> output: 212
input: 380 -> message: 2,2,2,2,12,0 -> output: 333
input: 381 -> message: 2,14,0 -> output: 177
input: 382 -> message: 2,14,0 -> output: 177
input: 383 -> message: 2,2,2,2,12,0 -> output: 333
input: 384 -> message: 2,2,2,2,2,12,0 -> output: 123
input: 385 -> message: 6,24,0 -> output: 181
input: 386 -> message: 16,3,2,2,2,12,0 -> output: 103
input: 387 -> message: 10,17,17,0 -> output: 387
input: 388 -> message: 6,24,0 -> output: 181
input: 389 -> message: 3,2,31,13,0 -> output: 389
input: 390 -> message: 2,17,0 -> output: 68
input: 391 -> message: 10,24,0 -> output: 166
input: 392 -> message: 2,2,13,0 -> output: 296
input: 393 -> message: 6,0 -> output: 212
input: 394 -> message: 2,2,2,2,12,0 -> output: 333
input: 395 -> message: 2,2,0 -> output: 142
input: 396 -> message: 31,24,0 -> output: 678
input: 397 -> message: 31,34,0 -> output: 188
input: 398 -> message: 6,34,0 -> output: 349
input: 399 -> message: 2,31,34,0 -> output: 247
input: 400 -> message: 14,14,14,3,2,2,2,2,12,0 -> output: 54
input: 401 -> message: 27,27,2,31,13,0 -> output: 401
input: 402 -> message: 2,2,2,34,24,0 -> output: 318
input: 403 -> message: 2,31,24,0 -> output: 125
input: 404 -> message: 31,24,0 -> output: 678
input: 405 -> message: 2,2,17,0 -> output: 190
input: 406 -> message: 2,14,0 -> output: 177
input: 407 -> message: 2,31,34,0 -> output: 247
input: 408 -> message: 2,13,0 -> output: 148
input: 409 -> message: 17,17,0 -> output: 1
input: 410 -> message: 2,2,12,0 -> output: 285
input: 411 -> message: 2,2,2,2,12,0 -> output: 333
input: 412 -> message: 31,31,24,0 -> output: 235
input: 413 -> message: 35,2,2,2,12,0 -> output: 259
input: 414 -> message: 2,14,14,9,27,35,2,2,34,24,0 -> output: 173
input: 415 -> message: 14,14,14,3,2,2,2,2,12,0 -> output: 54
input: 416 -> message: 14,14,14,3,2,2,2,2,2,12,0 -> output: 54
input: 417 -> message: 35,2,2,2,12,0 -> output: 259
input: 418 -> message: 2,36,0 -> output: 101
input: 419 -> message: 27,27,2,31,34,0 -> output: 502
input: 420 -> message: 35,2,31,34,0 -> output: 420
input: 421 -> message: 32,27,27,2,31,34,24,0 -> output: 226
input: 422 -> message: 2,2,2,2,12,24,0 -> output: 333
input: 423 -> message: 6,36,0 -> output: 249
input: 424 -> message: 36,4,15,27,27,27,2,17,36,0 -> output: 424
input: 425 -> message: 24,0 -> output: 77
input: 426 -> message: 6,0 -> output: 212
input: 427 -> message: 27,27,31,31,13,0 -> output: 456
input: 428 -> message: 2,17,36,0 -> output: 178
input: 429 -> message: 16,3,2,2,34,24,0 -> output: 103
input: 430 -> message: 16,2,2,34,24,0 -> output: 430
input: 431 -> message: 2,0 -> output: 47
input: 432 -> message: 16,3,2,31,24,0 -> output: 506
input: 433 -> message: 2,12,0 -> output: 946
input: 434 -> message: 31,31,24,0 -> output: 235
input: 435 -> message: 26,34,0 -> output: 435
input: 436 -> message: 2,2,2,2,2,13,0 -> output: 210
input: 437 -> message: 2,14,0 -> output: 177
input: 438 -> message: 34,0 -> output: 49
input: 439 -> message: 26,34,0 -> output: 435
input: 440 -> message: 8,2,2,2,2,12,0 -> output: 84
input: 441 -> message: 2,17,36,0 -> output: 178
input: 442 -> message: 35,2,2,34,24,0 -> output: 442
input: 443 -> message: 26,0 -> output: 443
input: 444 -> message: 2,2,2,2,2,12,0 -> output: 123
input: 445 -> message: 6,0 -> output: 212
input: 446 -> message: 26,24,0 -> output: 257
input: 447 -> message: 6,24,0 -> output: 181
input: 448 -> message: 2,13,0 -> output: 148
input: 449 -> message: 2,31,34,24,0 -> output: 449
input: 450 -> message: 1,2,2,2,12,0 -> output: 180
input: 451 -> message: 2,31,24,0 -> output: 125
input: 452 -> message: 6,0 -> output: 212
input: 453 -> message: 26,36,0 -> output: 453
input: 454 -> message: 6,0 -> output: 212
input: 455 -> message: 31,34,0 -> output: 188
input: 456 -> message: 27,27,31,31,13,0 -> output: 456
input: 457 -> message: 6,24,0 -> output: 181
input: 458 -> message: 6,34,0 -> output: 349
input: 459 -> message: 2,14,0 -> output: 177
input: 460 -> message: 16,27,17,17,0 -> output: 22
input: 461 -> message: 13,0 -> output: 533
input: 462 -> message: 27,27,2,17,36,0 -> output: 401
input: 463 -> message: 2,17,17,0 -> output: 199
input: 464 -> message: 14,14,14,3,2,2,2,2,12,0 -> output: 54
input: 465 -> message: 2,14,0 -> output: 177
input: 466 -> message: 31,34,0 -> output: 188
input: 467 -> message: 27,26,31,24,0 -> output: 72
input: 468 -> message: 2,36,0 -> output: 101
input: 469 -> message: 2,17,36,0 -> output: 178
input: 470 -> message: 16,3,2,2,34,24,0 -> output: 103
input: 471 -> message: 27,2,2,17,36,0 -> output: 286
input: 472 -> message: 10,31,36,0 -> output: 472
input: 473 -> message: 3,2,17,36,0 -> output: 85
input: 474 -> message: 2,2,2,13,0 -> output: 266
input: 475 -> message: 35,2,2,34,24,0 -> output: 442
input: 476 -> message: 2,2,2,2,12,0 -> output: 333
input: 477 -> message: 24,9,9,3,2,2,2,2,12,0 -> output: 118
input: 478 -> message: 2,2,2,12,0 -> output: 87
input: 479 -> message: 16,3,2,31,34,24,0 -> output: 592
input: 480 -> message: 2,36,0 -> output: 101
input: 481 -> message: 24,0 -> output: 77
input: 482 -> message: 34,0 -> output: 49
input: 483 -> message: 16,2,31,36,0 -> output: 326
input: 484 -> message: 10,34,0 -> output: 526
input: 485 -> message: 16,2,2,17,36,0 -> output: 51
input: 486 -> message: 26,24,0 -> output: 257
input: 487 -> message: 6,24,0 -> output: 181
input: 488 -> message: 2,14,9,9,27,35,2,2,12,0 -> output: 240
input: 489 -> message: 2,17,0 -> output: 68
input: 490 -> message: 24,0 -> output: 77
input: 491 -> message: 24,0 -> output: 77
input: 492 -> message: 27,27,2,17,36,0 -> output: 401
input: 493 -> message: 24,9,9,3,2,2,2,2,12,0 -> output: 118
input: 494 -> message: 3,2,31,24,0 -> output: 291
input: 495 -> message: 2,13,0 -> output: 148
input: 496 -> message: 16,27,2,2,31,24,0 -> output: 496
input: 497 -> message: 8,27,2,2,2,12,0 -> output: 497
input: 498 -> message: 2,2,2,12,24,0 -> output: 318
input: 499 -> message: 16,27,2,31,34,24,0 -> output: 499
input: 500 -> message: 2,14,14,9,27,35,2,2,12,0 -> output: 200
input: 501 -> message: 26,13,0 -> output: 267
input: 502 -> message: 27,27,2,31,34,0 -> output: 502
input: 503 -> message: 16,27,2,2,31,24,0 -> output: 496
input: 504 -> message: 8,2,2,2,2,2,12,0 -> output: 84
input: 505 -> message: 26,13,0 -> output: 267
input: 506 -> message: 16,35,2,31,24,0 -> output: 506
input: 507 -> message: 26,13,0 -> output: 267
input: 508 -> message: 2,2,34,24,0 -> output: 336
input: 509 -> message: 2,14,0 -> output: 177
input: 510 -> message: 2,14,14,9,27,27,2,2,17,36,0 -> output: 173
input: 511 -> message: 2,2,34,24,0 -> output: 336
input: 512 -> message: 32,3,2,2,2,12,0 -> output: 65
input: 513 -> message: 2,31,34,0 -> output: 247
input: 514 -> message: 27,2,31,13,0 -> output: 83
input: 515 -> message: 2,0 -> output: 47
input: 516 -> message: 2,2,24,0 -> output: 296
input: 517 -> message: 2,2,2,12,0 -> output: 87
input: 518 -> message: 6,24,0 -> output: 181
input: 519 -> message: 35,2,31,34,0 -> output: 420
input: 520 -> message: 2,17,0 -> output: 68
input: 521 -> message: 2,13,0 -> output: 148
input: 522 -> message: 6,0 -> output: 212
input: 523 -> message: 27,35,2,34,24,0 -> output: 523
input: 524 -> message: 26,34,0 -> output: 435
input: 525 -> message: 2,14,14,9,27,35,2,2,12,0 -> output: 200
input: 526 -> message: 10,34,0 -> output: 526
input: 527 -> message: 2,17,0 -> output: 68
input: 528 -> message: 2,2,2,34,36,0 -> output: 528
input: 529 -> message: 3,2,17,36,0 -> output: 85
input: 530 -> message: 2,2,2,2,12,24,0 -> output: 333
input: 531 -> message: 8,3,2,2,2,12,0 -> output: 531
input: 532 -> message: 31,24,0 -> output: 678
input: 533 -> message: 13,0 -> output: 533
input: 534 -> message: 2,2,17,0 -> output: 190
input: 535 -> message: 2,17,36,0 -> output: 178
input: 536 -> message: 6,24,0 -> output: 181
input: 537 -> message: 2,36,0 -> output: 101
input: 538 -> message: 2,17,17,0 -> output: 199
input: 539 -> message: 2,2,17,0 -> output: 190
input: 540 -> message: 2,31,34,0 -> output: 247
input: 541 -> message: 27,26,34,0 -> output: 251
input: 542 -> message: 2,2,14,0 -> output: 111
input: 543 -> message: 6,24,0 -> output: 181
input: 544 -> message: 26,24,0 -> output: 257
input: 545 -> message: 2,14,0 -> output: 177
input: 546 -> message: 6,0 -> output: 212
input: 547 -> message: 6,24,0 -> output: 181
input: 548 -> message: 9,27,2,2,31,24,0 -> output: 548
input: 549 -> message: 27,27,2,2,31,24,0 -> output: 549
input: 550 -> message: 24,0 -> output: 77
input: 551 -> message: 26,24,0 -> output: 257
input: 552 -> message: 2,6,24,0 -> output: 344
input: 553 -> message: 2,14,0 -> output: 177
input: 554 -> message: 31,31,13,0 -> output: 554
input: 555 -> message: 2,2,2,2,2,12,0 -> output: 123
input: 556 -> message: 6,24,0 -> output: 181
input: 557 -> message: 2,2,2,2,2,12,0 -> output: 123
input: 558 -> message: 26,24,0 -> output: 257
input: 559 -> message: 6,0 -> output: 212
input: 560 -> message: 6,0 -> output: 212
input: 561 -> message: 2,14,14,14,3,2,2,2,2,12,0 -> output: 200
input: 562 -> message: 2,2,34,24,0 -> output: 336
input: 563 -> message: 31,13,0 -> output: 131
input: 564 -> message: 16,3,2,34,34,0 -> output: 506
input: 565 -> message: 32,27,27,2,31,34,24,0 -> output: 226
input: 566 -> message: 16,2,2,2,12,0 -> output: 16
input: 567 -> message: 35,2,17,17,0 -> output: 786
input: 568 -> message: 35,2,31,34,0 -> output: 420
input: 569 -> message: 2,14,14,9,27,35,2,2,34,24,0 -> output: 173
input: 570 -> message: 2,12,0 -> output: 946
input: 571 -> message: 6,0 -> output: 212
input: 572 -> message: 16,35,2,31,24,0 -> output: 506
input: 573 -> message: 6,0 -> output: 212
input: 574 -> message: 26,24,0 -> output: 257
input: 575 -> message: 2,13,0 -> output: 148
input: 576 -> message: 6,0 -> output: 212
input: 577 -> message: 2,14,0 -> output: 177
input: 578 -> message: 8,2,2,2,2,12,24,0 -> output: 84
input: 579 -> message: 6,24,0 -> output: 181
input: 580 -> message: 6,0 -> output: 212
input: 581 -> message: 6,24,0 -> output: 181
input: 582 -> message: 31,34,0 -> output: 188
input: 583 -> message: 2,2,2,2,2,12,0 -> output: 123
input: 584 -> message: 26,24,0 -> output: 257
input: 585 -> message: 27,2,31,34,24,0 -> output: 585
input: 586 -> message: 14,14,8,3,2,2,2,34,24,0 -> output: 54
input: 587 -> message: 2,2,2,2,12,0 -> output: 333
input: 588 -> message: 24,9,9,3,2,2,2,2,12,0 -> output: 118
input: 589 -> message: 10,24,0 -> output: 166
input: 590 -> message: 16,35,2,31,24,0 -> output: 506
input: 591 -> message: 2,13,0 -> output: 148
input: 592 -> message: 16,35,2,31,24,0 -> output: 506
input: 593 -> message: 31,34,0 -> output: 188
input: 594 -> message: 2,17,0 -> output: 68
input: 595 -> message: 2,14,0 -> output: 177
input: 596 -> message: 31,17,17,0 -> output: 135
input: 597 -> message: 2,2,34,36,0 -> output: 647
input: 598 -> message: 2,2,2,12,0 -> output: 87
input: 599 -> message: 1,2,2,2,12,0 -> output: 180
input: 600 -> message: 10,24,0 -> output: 166
input: 601 -> message: 35,2,2,2,12,0 -> output: 259
input: 602 -> message: 6,34,0 -> output: 349
input: 603 -> message: 15,27,27,2,31,34,24,0 -> output: 603
input: 604 -> message: 24,0 -> output: 77
input: 605 -> message: 16,2,31,34,24,0 -> output: 162
input: 606 -> message: 8,2,2,2,2,12,0 -> output: 84
input: 607 -> message: 31,36,0 -> output: 86
input: 608 -> message: 31,34,0 -> output: 188
input: 609 -> message: 2,2,2,2,12,0 -> output: 333
input: 610 -> message: 2,17,36,0 -> output: 178
input: 611 -> message: 2,31,34,0 -> output: 247
input: 612 -> message: 2,2,2,17,0 -> output: 528
input: 613 -> message: 27,2,31,13,0 -> output: 83
input: 614 -> message: 2,17,36,0 -> output: 178
input: 615 -> message: 2,14,14,9,3,2,2,2,2,12,0 -> output: 200
input: 616 -> message: 2,36,0 -> output: 101
input: 617 -> message: 2,36,0 -> output: 101
input: 618 -> message: 31,34,0 -> output: 188
input: 619 -> message: 31,13,0 -> output: 131
input: 620 -> message: 26,31,24,0 -> output: 620
input: 621 -> message: 2,17,36,0 -> output: 178
input: 622 -> message: 26,34,0 -> output: 435
input: 623 -> message: 2,14,14,9,27,35,2,2,12,0 -> output: 200
input: 624 -> message: 2,2,2,2,2,12,0 -> output: 123
input: 625 -> message: 27,2,31,34,24,0 -> output: 585
input: 626 -> message: 2,36,0 -> output: 101
input: 627 -> message: 35,2,2,2,12,0 -> output: 259
input: 628 -> message: 6,34,0 -> output: 349
input: 629 -> message: 2,2,2,34,24,0 -> output: 318
input: 630 -> message: 35,2,2,31,36,0 -> output: 630
input: 631 -> message: 24,9,9,3,2,2,2,2,12,0 -> output: 118
input: 632 -> message: 27,2,31,13,0 -> output: 83
input: 633 -> message: 2,2,2,2,2,12,0 -> output: 123
input: 634 -> message: 31,34,0 -> output: 188
input: 635 -> message: 2,2,34,24,0 -> output: 336
input: 636 -> message: 6,24,0 -> output: 181
input: 637 -> message: 35,2,2,31,24,0 -> output: 155
input: 638 -> message: 2,14,14,9,27,2,2,31,24,0 -> output: 173
input: 639 -> message: 6,34,0 -> output: 349
input: 640 -> message: 14,14,14,2,2,2,2,12,0 -> output: 54
input: 641 -> message: 26,36,0 -> output: 453
input: 642 -> message: 2,2,2,2,12,0 -> output: 333
input: 643 -> message: 24,9,9,27,35,2,2,34,24,0 -> output: 40
input: 644 -> message: 2,36,0 -> output: 101
input: 645 -> message: 27,2,2,34,34,0 -> output: 128
input: 646 -> message: 24,9,9,3,2,2,2,2,12,0 -> output: 118
input: 647 -> message: 2,2,34,36,0 -> output: 647
input: 648 -> message: 16,3,2,2,31,24,0 -> output: 506
input: 649 -> message: 2,2,2,2,2,12,0 -> output: 123
input: 650 -> message: 26,24,0 -> output: 257
input: 651 -> message: 2,2,2,31,36,0 -> output: 528
input: 652 -> message: 2,17,36,0 -> output: 178
input: 653 -> message: 26,13,0 -> output: 267
input: 654 -> message: 2,36,0 -> output: 101
input: 655 -> message: 2,14,0 -> output: 177
input: 656 -> message: 2,13,0 -> output: 148
input: 657 -> message: 2,24,0 -> output: 105
input: 658 -> message: 6,24,0 -> output: 181
input: 659 -> message: 2,6,0 -> output: 814
input: 660 -> message: 2,13,0 -> output: 148
input: 661 -> message: 2,36,0 -> output: 101
input: 662 -> message: 35,2,2,31,24,0 -> output: 155
input: 663 -> message: 26,34,0 -> output: 435
input: 664 -> message: 35,2,2,17,36,0 -> output: 664
input: 665 -> message: 14,14,9,3,2,2,34,34,0 -> output: 54
input: 666 -> message: 2,13,0 -> output: 148
input: 667 -> message: 2,36,0 -> output: 101
input: 668 -> message: 26,24,0 -> output: 257
input: 669 -> message: 2,2,2,2,2,12,0 -> output: 123
input: 670 -> message: 24,9,9,3,2,2,2,2,12,0 -> output: 118
input: 671 -> message: 2,14,0 -> output: 177
input: 672 -> message: 2,14,0 -> output: 177
input: 673 -> message: 27,2,31,34,24,0 -> output: 585
input: 674 -> message: 6,13,0 -> output: 674
input: 675 -> message: 35,2,2,17,36,0 -> output: 664
input: 676 -> message: 2,17,0 -> output: 68
input: 677 -> message: 35,2,31,34,0 -> output: 420
input: 678 -> message: 31,24,0 -> output: 678
input: 679 -> message: 26,34,0 -> output: 435
input: 680 -> message: 6,34,0 -> output: 349
input: 681 -> message: 26,36,0 -> output: 453
input: 682 -> message: 14,14,14,3,2,2,2,2,2,12,0 -> output: 54
input: 683 -> message: 6,24,0 -> output: 181
input: 684 -> message: 2,13,0 -> output: 148
input: 685 -> message: 26,34,0 -> output: 435
input: 686 -> message: 2,2,2,12,0 -> output: 87
input: 687 -> message: 35,2,2,2,12,0 -> output: 259
input: 688 -> message: 16,27,2,2,31,24,0 -> output: 496
input: 689 -> message: 2,2,12,0 -> output: 285
input: 690 -> message: 2,2,34,24,0 -> output: 336
input: 691 -> message: 26,24,0 -> output: 257
input: 692 -> message: 8,2,2,2,2,2,12,0 -> output: 84
input: 693 -> message: 2,2,2,2,2,13,0 -> output: 210
input: 694 -> message: 2,2,2,2,12,24,0 -> output: 333
input: 695 -> message: 27,17,17,17,0 -> output: 316
input: 696 -> message: 16,27,35,2,31,24,0 -> output: 696
input: 697 -> message: 2,13,0 -> output: 148
input: 698 -> message: 2,13,0 -> output: 148
input: 699 -> message: 2,31,24,0 -> output: 125
input: 700 -> message: 35,2,31,36,0 -> output: 700
input: 701 -> message: 16,27,35,2,31,34,0 -> output: 696
input: 702 -> message: 2,14,9,27,35,2,2,17,0 -> output: 173
input: 703 -> message: 2,2,2,2,12,0 -> output: 333
input: 704 -> message: 24,9,9,3,2,2,2,2,12,0 -> output: 118
input: 705 -> message: 2,14,0 -> output: 177
input: 706 -> message: 2,2,34,24,0 -> output: 336
input: 707 -> message: 2,13,0 -> output: 148
input: 708 -> message: 2,17,0 -> output: 68
input: 709 -> message: 35,2,31,34,24,0 -> output: 519
input: 710 -> message: 16,3,2,2,34,24,0 -> output: 103
input: 711 -> message: 8,2,2,2,2,2,12,0 -> output: 84
input: 712 -> message: 2,2,2,2,12,0 -> output: 333
input: 713 -> message: 13,0 -> output: 533
input: 714 -> message: 16,3,2,31,34,36,0 -> output: 592
input: 715 -> message: 2,6,24,0 -> output: 344
input: 716 -> message: 31,24,0 -> output: 678
input: 717 -> message: 6,0 -> output: 212
input: 718 -> message: 6,24,0 -> output: 181
input: 719 -> message: 6,24,0 -> output: 181
input: 720 -> message: 3,2,31,24,0 -> output: 291
input: 721 -> message: 32,27,27,2,31,31,24,0 -> output: 226
input: 722 -> message: 15,27,2,2,31,24,0 -> output: 722
input: 723 -> message: 31,24,0 -> output: 678
input: 724 -> message: 16,35,2,31,36,0 -> output: 305
input: 725 -> message: 2,2,2,2,2,12,0 -> output: 123
input: 726 -> message: 26,24,0 -> output: 257
input: 727 -> message: 2,2,2,2,2,12,0 -> output: 123
input: 728 -> message: 2,6,24,0 -> output: 344
input: 729 -> message: 24,0 -> output: 77
input: 730 -> message: 26,36,0 -> output: 453
input: 731 -> message: 26,13,0 -> output: 267
input: 732 -> message: 6,24,0 -> output: 181
input: 733 -> message: 26,36,0 -> output: 453
input: 734 -> message: 31,24,0 -> output: 678
input: 735 -> message: 8,3,2,2,2,2,12,0 -> output: 531
input: 736 -> message: 2,13,0 -> output: 148
input: 737 -> message: 26,34,0 -> output: 435
input: 738 -> message: 2,2,0 -> output: 142
input: 739 -> message: 2,13,0 -> output: 148
input: 740 -> message: 6,24,0 -> output: 181
input: 741 -> message: 24,9,9,3,2,2,2,2,12,0 -> output: 118
input: 742 -> message: 14,3,2,2,2,2,12,0 -> output: 742
input: 743 -> message: 24,9,9,3,2,2,2,2,12,0 -> output: 118
input: 744 -> message: 2,0 -> output: 47
input: 745 -> message: 14,14,14,3,2,2,2,2,12,0 -> output: 54
input: 746 -> message: 0 -> output: 10
input: 747 -> message: 2,31,13,0 -> output: 59
input: 748 -> message: 16,35,26,34,24,0 -> output: 748
input: 749 -> message: 14,14,2,2,2,2,12,0 -> output: 54
input: 750 -> message: 14,2,2,2,2,2,12,0 -> output: 293
input: 751 -> message: 24,9,9,3,2,2,2,2,12,0 -> output: 118
input: 752 -> message: 8,2,2,2,2,2,12,0 -> output: 84
input: 753 -> message: 2,36,0 -> output: 101
input: 754 -> message: 2,0 -> output: 47
input: 755 -> message: 2,31,34,0 -> output: 247
input: 756 -> message: 2,14,14,9,27,35,2,2,34,24,0 -> output: 173
input: 757 -> message: 8,2,2,2,2,12,0 -> output: 84
input: 758 -> message: 2,13,0 -> output: 148
input: 759 -> message: 35,2,31,34,0 -> output: 420
input: 760 -> message: 2,2,2,2,2,12,0 -> output: 123
input: 761 -> message: 6,36,0 -> output: 249
input: 762 -> message: 24,0 -> output: 77
input: 763 -> message: 10,34,0 -> output: 526
input: 764 -> message: 2,2,2,2,2,12,0 -> output: 123
input: 765 -> message: 24,9,9,3,2,2,2,2,12,0 -> output: 118
input: 766 -> message: 8,2,2,2,2,12,0 -> output: 84
input: 767 -> message: 2,0 -> output: 47
input: 768 -> message: 26,36,0 -> output: 453
input: 769 -> message: 24,0 -> output: 77
input: 770 -> message: 6,36,0 -> output: 249
input: 771 -> message: 26,36,0 -> output: 453
input: 772 -> message: 2,2,2,2,2,12,0 -> output: 123
input: 773 -> message: 26,36,0 -> output: 453
input: 774 -> message: 6,24,0 -> output: 181
input: 775 -> message: 2,14,14,9,27,35,2,2,17,0 -> output: 173
input: 776 -> message: 24,0 -> output: 77
input: 777 -> message: 2,6,24,0 -> output: 344
input: 778 -> message: 24,0 -> output: 77
input: 779 -> message: 16,2,2,31,24,0 -> output: 51
input: 780 -> message: 6,24,0 -> output: 181
input: 781 -> message: 2,2,12,24,0 -> output: 266
input: 782 -> message: 9,27,27,27,31,31,31,24,0 -> output: 213
input: 783 -> message: 2,2,12,0 -> output: 285
input: 784 -> message: 24,9,9,3,2,2,2,2,12,0 -> output: 118
input: 785 -> message: 26,34,0 -> output: 435
input: 786 -> message: 35,2,17,17,0 -> output: 786
input: 787 -> message: 24,9,9,3,2,2,2,2,12,0 -> output: 118
input: 788 -> message: 26,24,0 -> output: 257
input: 789 -> message: 27,2,17,36,0 -> output: 46
input: 790 -> message: 35,2,2,31,24,0 -> output: 155
input: 791 -> message: 6,24,0 -> output: 181
input: 792 -> message: 2,2,2,2,12,0 -> output: 333
input: 793 -> message: 27,26,34,24,0 -> output: 57
input: 794 -> message: 2,6,24,0 -> output: 344
input: 795 -> message: 16,3,2,2,34,24,0 -> output: 103
input: 796 -> message: 2,2,17,36,0 -> output: 284
input: 797 -> message: 24,0 -> output: 77
input: 798 -> message: 2,31,13,0 -> output: 59
input: 799 -> message: 2,2,12,0 -> output: 285
input: 800 -> message: 31,34,0 -> output: 188
input: 801 -> message: 2,6,24,0 -> output: 344
input: 802 -> message: 2,2,2,2,13,0 -> output: 333
input: 803 -> message: 26,34,0 -> output: 435
input: 804 -> message: 27,27,2,2,31,24,0 -> output: 549
input: 805 -> message: 2,2,2,12,0 -> output: 87
input: 806 -> message: 2,2,2,2,2,12,0 -> output: 123
input: 807 -> message: 6,24,0 -> output: 181
input: 808 -> message: 2,36,0 -> output: 101
input: 809 -> message: 6,34,0 -> output: 349
input: 810 -> message: 26,31,0 -> output: 117
input: 811 -> message: 14,9,9,3,2,2,2,34,34,0 -> output: 80
input: 812 -> message: 2,31,34,0 -> output: 247
input: 813 -> message: 2,17,0 -> output: 68
input: 814 -> message: 2,6,0 -> output: 814
input: 815 -> message: 24,0 -> output: 77
input: 816 -> message: 2,2,2,2,2,12,0 -> output: 123
input: 817 -> message: 10,34,0 -> output: 526
input: 818 -> message: 26,24,0 -> output: 257
input: 819 -> message: 2,36,0 -> output: 101
input: 820 -> message: 2,2,2,2,12,0 -> output: 333
input: 821 -> message: 9,3,2,2,2,34,24,0 -> output: 821
input: 822 -> message: 24,0 -> output: 77
input: 823 -> message: 2,2,2,12,0 -> output: 87
input: 824 -> message: 26,34,0 -> output: 435
input: 825 -> message: 1,2,2,31,36,0 -> output: 76
input: 826 -> message: 26,34,0 -> output: 435
input: 827 -> message: 2,36,0 -> output: 101
input: 828 -> message: 2,2,31,13,0 -> output: 110
input: 829 -> message: 2,14,14,9,27,35,2,2,12,0 -> output: 200
input: 830 -> message: 27,27,31,31,13,0 -> output: 456
input: 831 -> message: 2,31,24,0 -> output: 125
input: 832 -> message: 2,2,2,2,2,12,0 -> output: 123
input: 833 -> message: 2,2,2,2,12,24,0 -> output: 333
input: 834 -> message: 10,34,0 -> output: 526
input: 835 -> message: 16,2,17,17,0 -> output: 255
input: 836 -> message: 16,2,2,31,36,0 -> output: 320
input: 837 -> message: 2,36,0 -> output: 101
input: 838 -> message: 10,34,0 -> output: 526
input: 839 -> message: 6,24,0 -> output: 181
input: 840 -> message: 6,36,0 -> output: 249
input: 841 -> message: 2,2,2,2,2,12,0 -> output: 123
input: 842 -> message: 2,17,36,0 -> output: 178
input: 843 -> message: 26,34,0 -> output: 435
input: 844 -> message: 2,0 -> output: 47
input: 845 -> message: 2,2,17,36,0 -> output: 284
input: 846 -> message: 2,36,0 -> output: 101
input: 847 -> message: 2,0 -> output: 47
input: 848 -> message: 2,2,2,2,2,12,0 -> output: 123
input: 849 -> message: 6,0 -> output: 212
input: 850 -> message: 31,34,0 -> output: 188
input: 851 -> message: 32,2,2,2,12,0 -> output: 61
input: 852 -> message: 2,13,0 -> output: 148
input: 853 -> message: 24,0 -> output: 77
input: 854 -> message: 8,2,2,2,2,2,12,0 -> output: 84
input: 855 -> message: 27,2,31,13,0 -> output: 83
input: 856 -> message: 2,2,17,0 -> output: 190
input: 857 -> message: 16,2,2,31,36,0 -> output: 320
input: 858 -> message: 26,34,0 -> output: 435
input: 859 -> message: 2,14,14,16,27,2,2,31,24,0 -> output: 173
input: 860 -> message: 2,13,0 -> output: 148
input: 861 -> message: 2,2,2,12,0 -> output: 87
input: 862 -> message: 16,35,2,31,24,0 -> output: 506
input: 863 -> message: 6,0 -> output: 212
input: 864 -> message: 31,34,0 -> output: 188
input: 865 -> message: 2,2,2,2,12,0 -> output: 333
input: 866 -> message: 24,0 -> output: 77
input: 867 -> message: 2,14,14,9,27,35,2,2,17,0 -> output: 173
input: 868 -> message: 8,2,2,2,2,2,12,0 -> output: 84
input: 869 -> message: 2,17,0 -> output: 68
input: 870 -> message: 26,34,0 -> output: 435
input: 871 -> message: 2,2,2,2,2,12,0 -> output: 123
input: 872 -> message: 2,13,0 -> output: 148
input: 873 -> message: 31,13,0 -> output: 131
input: 874 -> message: 2,2,12,24,0 -> output: 266
input: 875 -> message: 6,36,0 -> output: 249
input: 876 -> message: 2,2,2,12,0 -> output: 87
input: 877 -> message: 16,3,2,2,17,0 -> output: 506
input: 878 -> message: 2,2,2,12,0 -> output: 87
input: 879 -> message: 31,31,0 -> output: 106
input: 880 -> message: 0 -> output: 10
input: 881 -> message: 2,14,0 -> output: 177
input: 882 -> message: 2,14,14,9,27,35,2,2,34,24,0 -> output: 173
input: 883 -> message: 16,27,27,27,31,31,31,24,0 -> output: 160
input: 884 -> message: 26,34,0 -> output: 435
input: 885 -> message: 16,27,2,31,31,24,0 -> output: 499
input: 886 -> message: 24,9,9,3,2,2,2,2,12,0 -> output: 118
input: 887 -> message: 14,14,14,3,2,2,2,2,2,0 -> output: 464
input: 888 -> message: 6,24,0 -> output: 181
input: 889 -> message: 32,3,2,2,2,12,0 -> output: 65
input: 890 -> message: 8,2,2,2,2,12,24,0 -> output: 84
input: 891 -> message: 26,24,0 -> output: 257
input: 892 -> message: 2,2,31,24,0 -> output: 149
input: 893 -> message: 2,36,0 -> output: 101
input: 894 -> message: 10,24,0 -> output: 166
input: 895 -> message: 2,17,0 -> output: 68
input: 896 -> message: 2,14,0 -> output: 177
input: 897 -> message: 24,9,9,3,2,2,2,2,12,0 -> output: 118
input: 898 -> message: 2,0 -> output: 47
input: 899 -> message: 24,0 -> output: 77
input: 900 -> message: 6,24,0 -> output: 181
input: 901 -> message: 2,2,12,0 -> output: 285
input: 902 -> message: 2,31,34,24,0 -> output: 449
input: 903 -> message: 35,2,31,13,0 -> output: 903
input: 904 -> message: 27,2,31,34,24,0 -> output: 585
input: 905 -> message: 8,3,2,2,2,17,0 -> output: 531
input: 906 -> message: 14,14,14,3,2,2,2,34,24,0 -> output: 54
input: 907 -> message: 2,2,17,0 -> output: 190
input: 908 -> message: 6,0 -> output: 212
input: 909 -> message: 2,0 -> output: 47
input: 910 -> message: 26,34,0 -> output: 435
input: 911 -> message: 2,14,0 -> output: 177
input: 912 -> message: 35,2,31,34,0 -> output: 420
input: 913 -> message: 2,0 -> output: 47
input: 914 -> message: 24,0 -> output: 77
input: 915 -> message: 2,2,2,2,2,12,0 -> output: 123
input: 916 -> message: 6,34,0 -> output: 349
input: 917 -> message: 2,36,0 -> output: 101
input: 918 -> message: 2,13,0 -> output: 148
input: 919 -> message: 14,14,14,3,2,2,2,2,12,0 -> output: 54
input: 920 -> message: 24,9,9,3,2,2,2,2,12,0 -> output: 118
input: 921 -> message: 35,2,2,34,24,0 -> output: 442
input: 922 -> message: 2,14,0 -> output: 177
input: 923 -> message: 2,2,12,0 -> output: 285
input: 924 -> message: 6,24,0 -> output: 181
input: 925 -> message: 26,31,24,0 -> output: 620
input: 926 -> message: 6,0 -> output: 212
input: 927 -> message: 2,14,14,9,27,35,2,2,34,24,0 -> output: 173
input: 928 -> message: 12,0 -> output: 212
input: 929 -> message: 2,0 -> output: 47
input: 930 -> message: 26,34,0 -> output: 435
input: 931 -> message: 16,3,2,2,34,24,0 -> output: 103
input: 932 -> message: 26,24,0 -> output: 257
input: 933 -> message: 26,24,0 -> output: 257
input: 934 -> message: 35,2,2,31,24,0 -> output: 155
input: 935 -> message: 2,36,0 -> output: 101
input: 936 -> message: 2,31,34,0 -> output: 247
input: 937 -> message: 2,0 -> output: 47
input: 938 -> message: 2,17,0 -> output: 68
input: 939 -> message: 2,2,34,24,0 -> output: 336
input: 940 -> message: 2,17,0 -> output: 68
input: 941 -> message: 6,24,0 -> output: 181
input: 942 -> message: 2,17,36,0 -> output: 178
input: 943 -> message: 2,2,13,0 -> output: 296
input: 944 -> message: 16,3,2,2,2,12,0 -> output: 103
input: 945 -> message: 2,17,0 -> output: 68
input: 946 -> message: 2,12,0 -> output: 946
input: 947 -> message: 2,36,0 -> output: 101
input: 948 -> message: 27,17,17,17,0 -> output: 316
input: 949 -> message: 9,27,27,2,31,31,24,0 -> output: 213
input: 950 -> message: 2,2,2,12,0 -> output: 87
input: 951 -> message: 2,2,2,12,0 -> output: 87
input: 952 -> message: 12,0 -> output: 212
input: 953 -> message: 6,24,0 -> output: 181
input: 954 -> message: 2,6,0 -> output: 814
input: 955 -> message: 2,6,24,0 -> output: 344
input: 956 -> message: 6,24,0 -> output: 181
input: 957 -> message: 8,2,2,2,2,2,12,0 -> output: 84
input: 958 -> message: 2,31,34,0 -> output: 247
input: 959 -> message: 6,24,0 -> output: 181
input: 960 -> message: 2,2,12,0 -> output: 285
input: 961 -> message: 8,3,2,2,2,2,12,0 -> output: 531
input: 962 -> message: 2,0 -> output: 47
input: 963 -> message: 2,13,0 -> output: 148
input: 964 -> message: 2,13,0 -> output: 148
input: 965 -> message: 26,34,0 -> output: 435
input: 966 -> message: 10,34,0 -> output: 526
input: 967 -> message: 2,31,36,0 -> output: 20
input: 968 -> message: 14,9,9,3,2,2,2,2,12,0 -> output: 80
input: 969 -> message: 13,0 -> output: 533
input: 970 -> message: 6,0 -> output: 212
input: 971 -> message: 26,24,0 -> output: 257
input: 972 -> message: 6,24,0 -> output: 181
input: 973 -> message: 2,14,0 -> output: 177
input: 974 -> message: 26,24,0 -> output: 257
input: 975 -> message: 2,2,2,2,2,12,0 -> output: 123
input: 976 -> message: 35,2,2,2,17,0 -> output: 155
input: 977 -> message: 2,6,24,0 -> output: 344
input: 978 -> message: 35,2,2,2,12,0 -> output: 259
input: 979 -> message: 2,2,2,2,2,12,0 -> output: 123
input: 980 -> message: 31,24,0 -> output: 678
input: 981 -> message: 24,0 -> output: 77
input: 982 -> message: 2,13,0 -> output: 148
input: 983 -> message: 16,3,2,34,34,0 -> output: 506
input: 984 -> message: 14,14,14,35,2,2,2,2,12,0 -> output: 54
input: 985 -> message: 2,14,0 -> output: 177
input: 986 -> message: 6,36,0 -> output: 249
input: 987 -> message: 2,0 -> output: 47
input: 988 -> message: 2,2,34,24,0 -> output: 336
input: 989 -> message: 2,13,0 -> output: 148
input: 990 -> message: 2,2,2,2,2,13,0 -> output: 210
input: 991 -> message: 2,17,0 -> output: 68
input: 992 -> message: 8,2,2,2,2,12,24,0 -> output: 84
input: 993 -> message: 6,34,0 -> output: 349
input: 994 -> message: 35,2,2,31,36,0 -> output: 630
input: 995 -> message: 6,24,0 -> output: 181
input: 996 -> message: 6,34,0 -> output: 349
input: 997 -> message: 2,17,36,0 -> output: 178
input: 998 -> message: 2,17,0 -> output: 68
input: 999 -> message: 31,13,0 -> output: 131
{"powerlaw": 0.5380445122718811, "unif": 0.184}
Epoch: 51
{"powerlaw": 0.5378682613372803, "unif": 0.18}
Epoch: 52
{"powerlaw": 0.5462301969528198, "unif": 0.187}
Epoch: 53
{"powerlaw": 0.5493034720420837, "unif": 0.195}
Epoch: 54
{"powerlaw": 0.5541441440582275, "unif": 0.203}
Epoch: 55
{"powerlaw": 0.5499041080474854, "unif": 0.205}
Epoch: 56
{"powerlaw": 0.5634306073188782, "unif": 0.227}
Epoch: 57
{"powerlaw": 0.5591527223587036, "unif": 0.216}
Epoch: 58
{"powerlaw": 0.5512499213218689, "unif": 0.199}
Epoch: 59
{"powerlaw": 0.5609871745109558, "unif": 0.217}
Epoch: 60
{"powerlaw": 0.5621626973152161, "unif": 0.221}
Epoch: 61
{"powerlaw": 0.5701826810836792, "unif": 0.221}
Epoch: 62
{"powerlaw": 0.5699825286865234, "unif": 0.237}
Epoch: 63
{"powerlaw": 0.5676655769348145, "unif": 0.229}
Epoch: 64
{"powerlaw": 0.5903147459030151, "unif": 0.239}
Epoch: 65
{"powerlaw": 0.5834812521934509, "unif": 0.237}
Epoch: 66
{"powerlaw": 0.5986447334289551, "unif": 0.257}
Epoch: 67
{"powerlaw": 0.6077896356582642, "unif": 0.261}
Epoch: 68
{"powerlaw": 0.6119778752326965, "unif": 0.268}
Epoch: 69
{"powerlaw": 0.6055585741996765, "unif": 0.261}
Epoch: 70
{"powerlaw": 0.6161363124847412, "unif": 0.283}
Epoch: 71
{"powerlaw": 0.6172534227371216, "unif": 0.28}
Epoch: 72
{"powerlaw": 0.6215740442276001, "unif": 0.296}
Epoch: 73
{"powerlaw": 0.6083138585090637, "unif": 0.265}
Epoch: 74
{"powerlaw": 0.6298284530639648, "unif": 0.31}
Epoch: 75
{"powerlaw": 0.6295455098152161, "unif": 0.312}
Epoch: 76
{"powerlaw": 0.6245228052139282, "unif": 0.304}
Epoch: 77
{"powerlaw": 0.6331268548965454, "unif": 0.328}
Epoch: 78
{"powerlaw": 0.6366579532623291, "unif": 0.332}
Epoch: 79
{"powerlaw": 0.6405593156814575, "unif": 0.341}
Epoch: 80
{"powerlaw": 0.6336188912391663, "unif": 0.331}
Epoch: 81
{"powerlaw": 0.635712742805481, "unif": 0.341}
Epoch: 82
{"powerlaw": 0.6475494503974915, "unif": 0.367}
Epoch: 83
{"powerlaw": 0.6433150768280029, "unif": 0.369}
Epoch: 84
{"powerlaw": 0.6449648141860962, "unif": 0.367}
Epoch: 85
{"powerlaw": 0.6502945423126221, "unif": 0.374}
Epoch: 86
{"powerlaw": 0.6543079614639282, "unif": 0.385}
Epoch: 87
{"powerlaw": 0.6499724984169006, "unif": 0.379}
Epoch: 88
{"powerlaw": 0.6539251804351807, "unif": 0.383}
Epoch: 89
{"powerlaw": 0.6307236552238464, "unif": 0.367}
Epoch: 90
{"powerlaw": 0.648746132850647, "unif": 0.403}
Epoch: 91
{"powerlaw": 0.6314295530319214, "unif": 0.363}
Epoch: 92
{"powerlaw": 0.6386303305625916, "unif": 0.388}
Epoch: 93
{"powerlaw": 0.6368062496185303, "unif": 0.396}
Epoch: 94
{"powerlaw": 0.6611074209213257, "unif": 0.431}
Epoch: 95
{"powerlaw": 0.6695368885993958, "unif": 0.439}
Epoch: 96
{"powerlaw": 0.6745946407318115, "unif": 0.451}
Epoch: 97
{"powerlaw": 0.673424482345581, "unif": 0.433}
Epoch: 98
{"powerlaw": 0.6758586764335632, "unif": 0.456}
Epoch: 99
{"powerlaw": 0.6799228191375732, "unif": 0.445}
Epoch: 100
input: 0 -> message: 1,27,27,26,31,17,0 -> output: 0
input: 1 -> message: 17,17,0 -> output: 1
input: 2 -> message: 27,26,36,0 -> output: 2
input: 3 -> message: 17,17,0 -> output: 1
input: 4 -> message: 15,3,2,31,17,36,0 -> output: 4
input: 5 -> message: 17,17,0 -> output: 1
input: 6 -> message: 17,36,0 -> output: 6
input: 7 -> message: 17,13,0 -> output: 8
input: 8 -> message: 17,13,0 -> output: 8
input: 9 -> message: 17,36,0 -> output: 6
input: 10 -> message: 0 -> output: 10
input: 11 -> message: 6,36,0 -> output: 11
input: 12 -> message: 17,0 -> output: 12
input: 13 -> message: 17,0 -> output: 12
input: 14 -> message: 17,0 -> output: 12
input: 15 -> message: 17,17,17,17,17,17,17,17,17,17,17,17,17,17,17,17,17,17,17,17,17,17,17,17,17,17,17,17,17,17 -> output: 15
input: 16 -> message: 16,2,14,0 -> output: 16
input: 17 -> message: 17,36,0 -> output: 6
input: 18 -> message: 16,27,2,2,2,24,0 -> output: 18
input: 19 -> message: 0 -> output: 10
input: 20 -> message: 2,31,36,0 -> output: 20
input: 21 -> message: 27,2,2,31,17,0 -> output: 21
input: 22 -> message: 16,27,26,17,36,0 -> output: 22
input: 23 -> message: 15,27,27,10,26,38,0 -> output: 23
input: 24 -> message: 17,17,17,17,17,17,17,17,17,17,17,17,17,17,17,17,17,17,17,17,17,17,17,17,17,17,17,17,17,17 -> output: 15
input: 25 -> message: 2,31,0 -> output: 25
input: 26 -> message: 0 -> output: 10
input: 27 -> message: 24,9,15,27,2,34,34,34,0 -> output: 27
input: 28 -> message: 0 -> output: 10
input: 29 -> message: 17,17,13,17,17,17,17,17,17,17,17,17,17,17,17,17,17,17,17,17,17,17,17,17,17,17,17,17,17,17 -> output: 29
input: 30 -> message: 24,9,8,8,8,2,2,2,2,2,38,0 -> output: 30
input: 31 -> message: 15,2,2,31,17,0 -> output: 31
input: 32 -> message: 1,2,2,2,31,36,0 -> output: 32
input: 33 -> message: 2,2,2,2,2,2,2,13,0 -> output: 33
input: 34 -> message: 17,0 -> output: 12
input: 35 -> message: 0 -> output: 10
input: 36 -> message: 2,31,17,36,0 -> output: 36
input: 37 -> message: 16,27,10,31,34,38,0 -> output: 37
input: 38 -> message: 32,27,27,2,2,38,0 -> output: 38
input: 39 -> message: 17,36,0 -> output: 6
input: 40 -> message: 24,9,8,27,2,2,2,2,38,0 -> output: 40
input: 41 -> message: 1,27,2,31,0 -> output: 41
input: 42 -> message: 0 -> output: 10
input: 43 -> message: 32,27,2,2,2,0 -> output: 43
input: 44 -> message: 39,15,27,10,10,34,24,0 -> output: 44
input: 45 -> message: 2,2,2,2,2,6,0 -> output: 45
input: 46 -> message: 27,2,17,17,36,0 -> output: 46
input: 47 -> message: 2,0 -> output: 75
input: 48 -> message: 27,2,2,0 -> output: 48
input: 49 -> message: 34,0 -> output: 49
input: 50 -> message: 1,2,31,17,0 -> output: 50
input: 51 -> message: 16,2,2,13,0 -> output: 51
input: 52 -> message: 31,17,0 -> output: 52
input: 53 -> message: 2,31,0 -> output: 25
input: 54 -> message: 14,14,2,2,2,2,13,0 -> output: 54
input: 55 -> message: 14,8,8,8,2,2,2,2,2,38,0 -> output: 55
input: 56 -> message: 2,31,36,0 -> output: 20
input: 57 -> message: 27,2,34,0 -> output: 57
input: 58 -> message: 2,34,0 -> output: 104
input: 59 -> message: 2,31,17,0 -> output: 59
input: 60 -> message: 24,0 -> output: 60
input: 61 -> message: 32,2,2,34,38,0 -> output: 61
input: 62 -> message: 16,27,27,2,26,34,34,0 -> output: 62
input: 63 -> message: 36,0 -> output: 78
input: 64 -> message: 27,27,27,2,26,38,24,0 -> output: 64
input: 65 -> message: 32,33,2,2,14,0 -> output: 65
input: 66 -> message: 31,17,0 -> output: 52
input: 67 -> message: 5,8,8,8,8,2,2,2,2,2,38,0 -> output: 67
input: 68 -> message: 2,17,0 -> output: 68
input: 69 -> message: 31,31,36,0 -> output: 69
input: 70 -> message: 31,17,0 -> output: 52
input: 71 -> message: 27,27,26,17,36,0 -> output: 71
input: 72 -> message: 27,26,17,36,0 -> output: 72
input: 73 -> message: 32,3,2,34,38,0 -> output: 73
input: 74 -> message: 31,31,36,0 -> output: 69
input: 75 -> message: 2,0 -> output: 75
input: 76 -> message: 1,2,31,17,17,0 -> output: 76
input: 77 -> message: 24,0 -> output: 60
input: 78 -> message: 36,0 -> output: 78
input: 79 -> message: 31,31,24,0 -> output: 79
input: 80 -> message: 14,14,14,3,2,2,2,2,38,0 -> output: 80
input: 81 -> message: 31,17,0 -> output: 52
input: 82 -> message: 2,34,0 -> output: 104
input: 83 -> message: 27,2,31,36,0 -> output: 83
input: 84 -> message: 8,2,2,2,34,34,0 -> output: 84
input: 85 -> message: 3,2,17,36,0 -> output: 85
input: 86 -> message: 31,36,0 -> output: 91
input: 87 -> message: 2,2,17,36,0 -> output: 87
input: 88 -> message: 6,17,0 -> output: 88
input: 89 -> message: 24,0 -> output: 60
input: 90 -> message: 31,0 -> output: 90
input: 91 -> message: 31,36,0 -> output: 91
input: 92 -> message: 1,27,26,31,36,0 -> output: 92
input: 93 -> message: 2,2,24,0 -> output: 111
input: 94 -> message: 31,36,0 -> output: 91
input: 95 -> message: 31,17,17,36,0 -> output: 95
input: 96 -> message: 27,27,27,31,31,17,0 -> output: 96
input: 97 -> message: 2,17,17,17,17,17,17,17,17,17,17,17,17,17,17,17,17,17,17,17,17,17,17,17,17,17,17,17,17,17 -> output: 97
input: 98 -> message: 24,9,8,2,2,2,2,2,38,0 -> output: 98
input: 99 -> message: 6,17,17,17,17,17,17,17,17,17,17,17,17,17,17,17,17,17,17,17,17,17,17,17,17,17,17,17,17,17 -> output: 99
input: 100 -> message: 27,31,38,0 -> output: 100
input: 101 -> message: 2,36,0 -> output: 101
input: 102 -> message: 2,31,13,0 -> output: 102
input: 103 -> message: 16,3,2,2,2,24,0 -> output: 103
input: 104 -> message: 2,34,0 -> output: 104
input: 105 -> message: 2,24,0 -> output: 105
input: 106 -> message: 31,31,0 -> output: 106
input: 107 -> message: 26,17,0 -> output: 107
input: 108 -> message: 16,2,26,17,17,36,0 -> output: 108
input: 109 -> message: 31,31,0 -> output: 106
input: 110 -> message: 2,2,31,17,0 -> output: 110
input: 111 -> message: 2,2,24,0 -> output: 111
input: 112 -> message: 2,17,0 -> output: 68
input: 113 -> message: 2,31,24,0 -> output: 125
input: 114 -> message: 2,2,14,14,14,14,14,14,14,14,14,14,14,14,14,14,14,14,14,14,14,14,14,14,14,14,14,14,14,14 -> output: 187
input: 115 -> message: 36,0 -> output: 78
input: 116 -> message: 2,17,13,0 -> output: 116
input: 117 -> message: 26,31,0 -> output: 117
input: 118 -> message: 6,0 -> output: 118
input: 119 -> message: 2,31,0 -> output: 25
input: 120 -> message: 16,2,2,2,2,2,0 -> output: 120
input: 121 -> message: 31,17,0 -> output: 52
input: 122 -> message: 31,0 -> output: 90
input: 123 -> message: 2,2,2,2,31,17,0 -> output: 123
input: 124 -> message: 1,14,14,14,14,14,14,14,14,14,14,14,14,14,14,14,14,14,14,14,14,14,14,14,14,14,14,14,14,14 -> output: 124
input: 125 -> message: 2,31,24,0 -> output: 125
input: 126 -> message: 1,2,2,34,38,0 -> output: 126
input: 127 -> message: 2,2,2,2,2,14,0 -> output: 127
input: 128 -> message: 27,2,2,2,2,24,0 -> output: 128
input: 129 -> message: 6,24,0 -> output: 181
input: 130 -> message: 2,34,24,0 -> output: 130
input: 131 -> message: 31,13,0 -> output: 131
input: 132 -> message: 31,0 -> output: 90
input: 133 -> message: 16,27,26,38,0 -> output: 133
input: 134 -> message: 36,0 -> output: 78
input: 135 -> message: 31,17,17,17,17,17,17,17,17,17,17,17,17,17,17,17,17,17,17,17,17,17,17,17,17,17,17,17,17,17 -> output: 135
input: 136 -> message: 26,17,36,0 -> output: 136
input: 137 -> message: 34,24,0 -> output: 137
input: 138 -> message: 31,38,0 -> output: 138
input: 139 -> message: 2,34,24,0 -> output: 130
input: 140 -> message: 2,13,0 -> output: 158
input: 141 -> message: 2,2,31,36,0 -> output: 141
input: 142 -> message: 2,2,0 -> output: 163
input: 143 -> message: 2,2,2,14,14,14,14,14,14,14,14,14,14,14,14,14,14,14,14,14,14,14,14,14,14,14,14,14,14,14 -> output: 143
input: 144 -> message: 2,2,17,17,17,17,17,17,17,17,17,17,17,17,17,17,17,17,17,17,17,17,17,17,17,17,17,17,17,17 -> output: 144
input: 145 -> message: 31,0 -> output: 90
input: 146 -> message: 2,26,17,0 -> output: 146
input: 147 -> message: 2,2,2,17,17,36,0 -> output: 612
input: 148 -> message: 2,13,0 -> output: 158
input: 149 -> message: 2,2,2,31,17,0 -> output: 318
input: 150 -> message: 34,0 -> output: 49
input: 151 -> message: 31,31,34,24,0 -> output: 151
input: 152 -> message: 31,31,0 -> output: 106
input: 153 -> message: 1,2,2,14,14,14,14,14,14,14,14,14,14,14,14,14,14,14,14,14,14,14,14,14,14,14,14,14,14,14 -> output: 153
input: 154 -> message: 34,0 -> output: 49
input: 155 -> message: 35,35,2,31,38,0 -> output: 155
input: 156 -> message: 24,14,2,2,2,2,38,0 -> output: 308
input: 157 -> message: 31,17,36,0 -> output: 157
input: 158 -> message: 2,13,0 -> output: 158
input: 159 -> message: 31,17,36,0 -> output: 157
input: 160 -> message: 16,27,27,26,17,36,0 -> output: 160
input: 161 -> message: 27,35,2,2,2,24,0 -> output: 161
input: 162 -> message: 16,2,31,31,17,0 -> output: 162
input: 163 -> message: 2,2,0 -> output: 163
input: 164 -> message: 16,2,17,36,0 -> output: 164
input: 165 -> message: 2,2,34,24,0 -> output: 165
input: 166 -> message: 10,24,0 -> output: 179
input: 167 -> message: 2,29,0 -> output: 167
input: 168 -> message: 2,17,17,0 -> output: 168
input: 169 -> message: 2,26,34,34,0 -> output: 169
input: 170 -> message: 6,17,0 -> output: 88
input: 171 -> message: 2,17,0 -> output: 68
input: 172 -> message: 2,24,0 -> output: 105
input: 173 -> message: 14,35,2,2,2,2,0 -> output: 173
input: 174 -> message: 2,17,17,17,17,17,17,17,17,17,17,17,17,17,17,17,17,17,17,17,17,17,17,17,17,17,17,17,17,17 -> output: 97
input: 175 -> message: 6,0 -> output: 118
input: 176 -> message: 16,2,14,14,14,14,14,14,14,14,14,14,14,14,14,14,14,14,14,14,14,14,14,14,14,14,14,14,14,14 -> output: 176
input: 177 -> message: 2,14,0 -> output: 177
input: 178 -> message: 2,17,36,0 -> output: 178
input: 179 -> message: 10,24,0 -> output: 179
input: 180 -> message: 1,2,2,34,24,0 -> output: 180
input: 181 -> message: 6,24,0 -> output: 181
input: 182 -> message: 2,2,2,34,31,13,0 -> output: 182
input: 183 -> message: 6,24,0 -> output: 181
input: 184 -> message: 2,26,17,36,0 -> output: 184
input: 185 -> message: 1,3,2,34,24,0 -> output: 185
input: 186 -> message: 32,3,2,2,2,38,0 -> output: 186
input: 187 -> message: 2,2,14,14,14,14,14,14,14,14,14,14,14,14,14,14,14,14,14,14,14,14,14,14,14,14,14,14,14,14 -> output: 187
input: 188 -> message: 31,34,0 -> output: 206
input: 189 -> message: 31,13,0 -> output: 131
input: 190 -> message: 2,2,17,0 -> output: 190
input: 191 -> message: 2,17,0 -> output: 68
input: 192 -> message: 31,31,17,0 -> output: 192
input: 193 -> message: 31,0 -> output: 90
input: 194 -> message: 1,2,2,14,14,14,14,14,14,14,14,14,14,14,14,14,14,14,14,14,14,14,14,14,14,14,14,14,14,14 -> output: 153
input: 195 -> message: 2,2,31,34,38,0 -> output: 195
input: 196 -> message: 27,2,26,38,24,0 -> output: 196
input: 197 -> message: 6,21,9,8,8,8,2,2,2,2,2,38,0 -> output: 505
input: 198 -> message: 9,27,27,35,26,38,0 -> output: 198
input: 199 -> message: 2,17,17,17,17,17,17,17,17,17,17,17,17,17,17,17,17,17,17,17,17,17,17,17,17,17,17,17,17,17 -> output: 97
input: 200 -> message: 2,14,14,14,14,14,14,14,14,14,14,14,14,14,14,14,14,14,14,14,14,14,14,14,14,14,14,14,14,14 -> output: 200
input: 201 -> message: 13,0 -> output: 201
input: 202 -> message: 16,27,26,31,17,36,0 -> output: 836
input: 203 -> message: 2,2,29,0 -> output: 203
input: 204 -> message: 24,9,2,2,2,2,14,0 -> output: 204
input: 205 -> message: 1,2,2,2,2,38,0 -> output: 205
input: 206 -> message: 31,34,0 -> output: 206
input: 207 -> message: 14,14,2,2,2,14,14,14,14,14,14,14,14,14,14,14,14,14,14,14,14,14,14,14,14,14,14,14,14,14 -> output: 207
input: 208 -> message: 24,0 -> output: 60
input: 209 -> message: 2,6,13,0 -> output: 209
input: 210 -> message: 24,14,3,2,2,2,2,24,0 -> output: 571
input: 211 -> message: 2,6,0 -> output: 211
input: 212 -> message: 1,2,2,2,14,14,14,14,14,14,14,14,14,14,14,14,14,14,14,14,14,14,14,14,14,14,14,14,14,14 -> output: 212
input: 213 -> message: 9,2,2,2,38,24,0 -> output: 213
input: 214 -> message: 31,13,0 -> output: 131
input: 215 -> message: 14,25,25,25,2,2,2,2,2,38,0 -> output: 215
input: 216 -> message: 26,31,0 -> output: 117
input: 217 -> message: 2,2,2,2,6,36,0 -> output: 217
input: 218 -> message: 24,14,27,27,2,2,31,38,0 -> output: 218
input: 219 -> message: 31,36,0 -> output: 91
input: 220 -> message: 31,34,24,0 -> output: 220
input: 221 -> message: 31,17,0 -> output: 52
input: 222 -> message: 2,13,0 -> output: 158
input: 223 -> message: 2,17,36,0 -> output: 178
input: 224 -> message: 31,17,0 -> output: 52
input: 225 -> message: 6,2,17,17,17,17,17,17,17,17,17,17,17,17,17,17,17,17,17,17,17,17,17,17,17,17,17,17,17,17 -> output: 225
input: 226 -> message: 32,27,27,27,26,31,38,0 -> output: 226
input: 227 -> message: 2,2,2,2,17,36,0 -> output: 227
input: 228 -> message: 27,2,31,17,0 -> output: 228
input: 229 -> message: 34,0 -> output: 49
input: 230 -> message: 35,2,2,2,31,36,0 -> output: 230
input: 231 -> message: 26,31,0 -> output: 117
input: 232 -> message: 16,2,31,36,0 -> output: 232
input: 233 -> message: 2,2,31,31,17,0 -> output: 233
input: 234 -> message: 35,2,2,2,24,0 -> output: 234
input: 235 -> message: 31,31,31,0 -> output: 235
input: 236 -> message: 10,13,0 -> output: 236
input: 237 -> message: 31,38,0 -> output: 138
input: 238 -> message: 24,0 -> output: 60
input: 239 -> message: 2,14,14,14,14,14,14,14,14,14,14,14,14,14,14,14,14,14,14,14,14,14,14,14,14,14,14,14,14,14 -> output: 200
input: 240 -> message: 2,2,0 -> output: 163
input: 241 -> message: 26,17,0 -> output: 107
input: 242 -> message: 14,0 -> output: 242
input: 243 -> message: 1,14,14,0 -> output: 243
input: 244 -> message: 26,0 -> output: 244
input: 245 -> message: 31,31,34,0 -> output: 245
input: 246 -> message: 1,3,2,31,36,0 -> output: 246
input: 247 -> message: 2,31,38,0 -> output: 407
input: 248 -> message: 31,34,0 -> output: 206
input: 249 -> message: 26,17,17,17,17,17,17,17,17,17,17,17,17,17,17,17,17,17,17,17,17,17,17,17,17,17,17,17,17,17 -> output: 249
input: 250 -> message: 2,14,14,25,2,2,2,14,14,14,14,14,14,14,14,14,14,14,14,14,14,14,14,14,14,14,14,14,14,14 -> output: 581
input: 251 -> message: 27,26,13,0 -> output: 251
input: 252 -> message: 26,17,13,17,17,17,17,17,17,17,17,17,17,17,17,17,17,17,17,17,17,17,17,17,17,17,17,17,17,17 -> output: 252
input: 253 -> message: 2,31,24,0 -> output: 125
input: 254 -> message: 1,2,2,2,38,0 -> output: 254
input: 255 -> message: 16,2,17,17,17,17,17,17,17,17,17,17,17,17,17,17,17,17,17,17,17,17,17,17,17,17,17,17,17,17 -> output: 255
input: 256 -> message: 2,24,0 -> output: 105
input: 257 -> message: 2,14,14,25,25,2,2,14,14,14,14,14,14,14,14,14,14,14,14,14,14,14,14,14,14,14,14,14,14,14 -> output: 257
input: 258 -> message: 2,2,2,2,2,38,0 -> output: 465
input: 259 -> message: 35,2,2,2,2,2,24,0 -> output: 259
input: 260 -> message: 2,2,2,2,34,38,36,0 -> output: 258
input: 261 -> message: 2,2,31,38,0 -> output: 261
input: 262 -> message: 26,36,0 -> output: 276
input: 263 -> message: 31,0 -> output: 90
input: 264 -> message: 2,17,36,0 -> output: 178
input: 265 -> message: 32,27,35,2,31,38,0 -> output: 265
input: 266 -> message: 2,2,2,34,24,0 -> output: 266
input: 267 -> message: 26,13,0 -> output: 653
input: 268 -> message: 24,0 -> output: 60
input: 269 -> message: 2,31,17,17,36,0 -> output: 269
input: 270 -> message: 35,2,31,36,0 -> output: 270
input: 271 -> message: 2,37,0 -> output: 271
input: 272 -> message: 38,0 -> output: 272
input: 273 -> message: 10,26,24,0 -> output: 608
input: 274 -> message: 2,29,29,15,27,27,2,2,2,38,24,0 -> output: 274
input: 275 -> message: 2,14,25,25,25,8,11,2,2,2,2,38,24,0 -> output: 275
input: 276 -> message: 26,36,0 -> output: 276
input: 277 -> message: 24,9,8,8,8,2,2,2,2,38,0 -> output: 30
input: 278 -> message: 31,17,36,0 -> output: 157
input: 279 -> message: 24,14,3,2,2,2,2,24,0 -> output: 571
input: 280 -> message: 31,24,0 -> output: 404
input: 281 -> message: 31,31,34,0 -> output: 245
input: 282 -> message: 2,26,36,0 -> output: 282
input: 283 -> message: 1,2,31,17,36,0 -> output: 283
input: 284 -> message: 2,2,17,17,36,0 -> output: 284
input: 285 -> message: 2,2,13,0 -> output: 285
input: 286 -> message: 27,2,2,34,24,0 -> output: 286
input: 287 -> message: 19,14,22,2,2,2,34,38,0 -> output: 287
input: 288 -> message: 27,26,34,0 -> output: 288
input: 289 -> message: 24,14,2,2,2,2,2,0 -> output: 289
input: 290 -> message: 32,27,27,2,26,38,0 -> output: 290
input: 291 -> message: 3,2,2,38,0 -> output: 291
input: 292 -> message: 16,8,27,10,31,34,34,0 -> output: 292
input: 293 -> message: 14,2,2,2,2,2,2,2,0 -> output: 293
input: 294 -> message: 7,36,0 -> output: 294
input: 295 -> message: 2,2,29,0 -> output: 203
input: 296 -> message: 2,2,2,24,0 -> output: 296
input: 297 -> message: 2,2,2,2,14,0 -> output: 744
input: 298 -> message: 10,31,0 -> output: 298
input: 299 -> message: 31,17,17,0 -> output: 299
input: 300 -> message: 2,31,34,38,0 -> output: 300
input: 301 -> message: 35,2,2,34,34,0 -> output: 301
input: 302 -> message: 16,27,27,31,34,31,0 -> output: 302
input: 303 -> message: 6,24,0 -> output: 181
input: 304 -> message: 8,2,2,34,38,0 -> output: 304
input: 305 -> message: 16,3,26,13,0 -> output: 305
input: 306 -> message: 6,21,9,8,27,11,2,2,2,34,24,0 -> output: 306
input: 307 -> message: 32,8,35,2,2,2,38,0 -> output: 307
input: 308 -> message: 24,14,2,2,2,2,38,0 -> output: 308
input: 309 -> message: 16,27,31,31,31,0 -> output: 309
input: 310 -> message: 6,24,0 -> output: 181
input: 311 -> message: 16,2,14,14,14,14,14,14,14,14,14,14,14,14,14,14,14,14,14,14,14,14,14,14,14,14,14,14,14,14 -> output: 176
input: 312 -> message: 2,2,13,0 -> output: 285
input: 313 -> message: 8,2,2,2,2,34,34,0 -> output: 313
input: 314 -> message: 16,2,2,31,17,36,0 -> output: 314
input: 315 -> message: 2,29,0 -> output: 167
input: 316 -> message: 27,26,17,0 -> output: 316
input: 317 -> message: 2,31,34,38,0 -> output: 300
input: 318 -> message: 2,2,2,31,17,0 -> output: 318
input: 319 -> message: 2,2,2,2,2,13,0 -> output: 319
input: 320 -> message: 16,2,34,31,17,0 -> output: 320
input: 321 -> message: 2,2,2,2,34,0 -> output: 321
input: 322 -> message: 16,3,26,31,38,0 -> output: 322
input: 323 -> message: 3,2,34,34,0 -> output: 323
input: 324 -> message: 26,31,0 -> output: 117
input: 325 -> message: 6,14,2,17,17,17,17,17,17,17,17,17,17,17,17,17,17,17,17,17,17,17,17,17,17,17,17,17,17,17 -> output: 99
input: 326 -> message: 16,31,34,0 -> output: 326
input: 327 -> message: 34,24,0 -> output: 137
input: 328 -> message: 2,26,31,17,0 -> output: 463
input: 329 -> message: 31,34,24,0 -> output: 220
input: 330 -> message: 24,9,2,2,2,2,24,0 -> output: 330
input: 331 -> message: 2,17,36,0 -> output: 178
input: 332 -> message: 2,2,2,2,17,17,0 -> output: 612
input: 333 -> message: 35,35,2,2,2,24,0 -> output: 333
input: 334 -> message: 35,2,2,24,0 -> output: 334
input: 335 -> message: 31,34,38,0 -> output: 335
input: 336 -> message: 2,2,34,24,0 -> output: 165
input: 337 -> message: 26,24,0 -> output: 337
input: 338 -> message: 2,2,2,2,29,0 -> output: 338
input: 339 -> message: 2,2,34,34,0 -> output: 339
input: 340 -> message: 24,14,22,8,2,2,2,2,38,0 -> output: 490
input: 341 -> message: 3,2,2,2,38,0 -> output: 341
input: 342 -> message: 10,31,17,0 -> output: 535
input: 343 -> message: 2,2,2,2,31,36,0 -> output: 343
input: 344 -> message: 2,6,29,0 -> output: 344
input: 345 -> message: 26,31,17,17,13,17,17,17,17,17,17,17,17,17,17,17,17,17,17,17,17,17,17,17,17,17,17,17,17,17 -> output: 345
input: 346 -> message: 14,2,2,2,2,2,2,38,0 -> output: 346
input: 347 -> message: 16,2,2,2,38,0 -> output: 347
input: 348 -> message: 2,2,2,14,0 -> output: 654
input: 349 -> message: 6,34,0 -> output: 639
input: 350 -> message: 2,2,2,2,6,13,0 -> output: 217
input: 351 -> message: 35,31,17,0 -> output: 351
input: 352 -> message: 35,35,2,2,34,38,0 -> output: 352
input: 353 -> message: 2,14,25,25,25,8,11,2,2,2,2,38,24,0 -> output: 275
input: 354 -> message: 16,35,31,31,34,0 -> output: 354
input: 355 -> message: 16,8,8,2,2,2,34,24,0 -> output: 355
input: 356 -> message: 2,14,0 -> output: 177
input: 357 -> message: 27,2,2,2,34,38,0 -> output: 128
input: 358 -> message: 27,35,2,6,24,0 -> output: 358
input: 359 -> message: 14,14,14,2,2,2,14,14,14,14,14,14,14,14,14,14,14,14,14,14,14,14,14,14,14,14,14,14,14,14 -> output: 464
input: 360 -> message: 10,38,0 -> output: 683
input: 361 -> message: 9,27,27,26,31,38,0 -> output: 361
input: 362 -> message: 2,6,24,0 -> output: 362
input: 363 -> message: 2,2,2,0 -> output: 363
input: 364 -> message: 6,29,0 -> output: 556
input: 365 -> message: 2,14,14,14,14,14,14,14,14,14,14,14,14,14,14,14,14,14,14,14,14,14,14,14,14,14,14,14,14,14 -> output: 200
input: 366 -> message: 24,9,2,2,2,2,38,0 -> output: 330
input: 367 -> message: 2,2,2,2,2,29,0 -> output: 127
input: 368 -> message: 10,17,0 -> output: 368
input: 369 -> message: 14,2,2,2,34,24,0 -> output: 369
input: 370 -> message: 5,14,14,2,2,2,38,0 -> output: 491
input: 371 -> message: 26,17,36,0 -> output: 136
input: 372 -> message: 2,14,14,14,14,14,14,14,14,14,14,14,14,14,14,14,14,14,14,14,14,14,14,14,14,14,14,14,14,14 -> output: 200
input: 373 -> message: 27,35,2,2,2,14,0 -> output: 373
input: 374 -> message: 16,3,2,2,2,14,0 -> output: 374
input: 375 -> message: 24,0 -> output: 60
input: 376 -> message: 1,2,2,14,14,14,14,14,14,14,14,14,14,14,14,14,14,14,14,14,14,14,14,14,14,14,14,14,14,14 -> output: 153
input: 377 -> message: 3,2,2,2,0 -> output: 377
input: 378 -> message: 2,2,2,0 -> output: 363
input: 379 -> message: 6,14,25,25,25,11,2,2,2,2,2,38,0 -> output: 379
input: 380 -> message: 2,2,2,2,2,13,0 -> output: 319
input: 381 -> message: 2,2,2,2,34,38,0 -> output: 476
input: 382 -> message: 2,2,2,2,0 -> output: 577
input: 383 -> message: 2,2,2,34,38,0 -> output: 383
input: 384 -> message: 16,2,2,2,34,24,0 -> output: 384
input: 385 -> message: 6,29,0 -> output: 556
input: 386 -> message: 16,3,2,2,2,2,2,2,0 -> output: 386
input: 387 -> message: 10,31,17,17,17,17,17,17,17,17,17,17,17,17,17,17,17,17,17,17,17,17,17,17,17,17,17,17,17,17 -> output: 387
input: 388 -> message: 6,24,0 -> output: 181
input: 389 -> message: 3,2,31,17,0 -> output: 389
input: 390 -> message: 10,31,38,0 -> output: 390
input: 391 -> message: 10,14,0 -> output: 391
input: 392 -> message: 2,31,24,0 -> output: 125
input: 393 -> message: 6,29,23,27,27,2,26,34,24,0 -> output: 393
input: 394 -> message: 2,2,2,2,24,0 -> output: 394
input: 395 -> message: 2,2,14,0 -> output: 395
input: 396 -> message: 31,24,0 -> output: 404
input: 397 -> message: 31,34,24,0 -> output: 220
input: 398 -> message: 2,2,14,14,25,2,2,14,14,14,14,14,14,14,14,14,14,14,14,14,14,14,14,14,14,14,14,14,14,14 -> output: 398
input: 399 -> message: 2,31,34,0 -> output: 247
input: 400 -> message: 2,2,2,2,6,13,0 -> output: 217
input: 401 -> message: 27,35,2,2,34,38,0 -> output: 401
input: 402 -> message: 35,2,2,34,38,0 -> output: 790
input: 403 -> message: 2,31,24,0 -> output: 125
input: 404 -> message: 31,24,0 -> output: 404
input: 405 -> message: 2,2,17,17,0 -> output: 405
input: 406 -> message: 2,14,0 -> output: 177
input: 407 -> message: 2,31,38,0 -> output: 407
input: 408 -> message: 2,34,24,0 -> output: 130
input: 409 -> message: 26,17,17,17,17,17,17,17,17,17,17,17,17,17,17,17,17,17,17,17,17,17,17,17,17,17,17,17,17,17 -> output: 249
input: 410 -> message: 2,2,38,0 -> output: 410
input: 411 -> message: 2,2,2,34,31,38,0 -> output: 411
input: 412 -> message: 31,31,38,0 -> output: 412
input: 413 -> message: 35,2,2,17,13,0 -> output: 413
input: 414 -> message: 2,2,2,6,36,0 -> output: 935
input: 415 -> message: 2,14,25,25,25,8,2,2,2,2,2,2,38,0 -> output: 275
input: 416 -> message: 14,14,22,8,2,2,2,2,38,0 -> output: 717
input: 417 -> message: 16,35,2,34,24,0 -> output: 417
input: 418 -> message: 2,29,0 -> output: 167
input: 419 -> message: 27,27,2,26,34,34,0 -> output: 419
input: 420 -> message: 35,2,34,31,38,0 -> output: 519
input: 421 -> message: 32,8,8,2,2,2,2,38,0 -> output: 421
input: 422 -> message: 2,2,2,31,17,36,0 -> output: 149
input: 423 -> message: 19,14,22,8,2,2,2,38,0 -> output: 423
input: 424 -> message: 29,15,27,27,2,2,38,24,0 -> output: 424
input: 425 -> message: 24,14,22,2,2,2,2,38,0 -> output: 210
input: 426 -> message: 2,2,2,2,17,13,0 -> output: 332
input: 427 -> message: 27,27,31,31,17,36,0 -> output: 427
input: 428 -> message: 2,17,17,0 -> output: 168
input: 429 -> message: 16,3,2,2,2,2,2,0 -> output: 429
input: 430 -> message: 16,2,2,2,34,13,0 -> output: 430
input: 431 -> message: 2,2,2,2,2,13,0 -> output: 319
input: 432 -> message: 16,3,2,31,38,0 -> output: 432
input: 433 -> message: 2,2,37,0 -> output: 433
input: 434 -> message: 31,34,24,0 -> output: 220
input: 435 -> message: 26,31,0 -> output: 117
input: 436 -> message: 16,2,2,34,38,0 -> output: 802
input: 437 -> message: 2,2,24,0 -> output: 111
input: 438 -> message: 24,9,8,8,2,2,2,2,38,0 -> output: 438
input: 439 -> message: 10,29,0 -> output: 518
input: 440 -> message: 14,2,2,2,2,2,0 -> output: 440
input: 441 -> message: 2,2,2,29,0 -> output: 441
input: 442 -> message: 35,2,2,34,24,0 -> output: 922
input: 443 -> message: 26,0 -> output: 244
input: 444 -> message: 14,8,8,8,2,2,2,2,38,0 -> output: 55
input: 445 -> message: 6,29,9,8,27,35,2,2,2,38,24,0 -> output: 445
input: 446 -> message: 26,29,0 -> output: 446
input: 447 -> message: 2,14,14,25,25,25,2,2,2,2,2,14,14,14,14,14,14,14,14,14,14,14,14,14,14,14,14,14,14,14 -> output: 257
input: 448 -> message: 6,29,0 -> output: 556
input: 449 -> message: 35,31,34,24,0 -> output: 449
input: 450 -> message: 1,2,2,17,36,0 -> output: 450
input: 451 -> message: 2,34,38,0 -> output: 451
input: 452 -> message: 6,0 -> output: 118
input: 453 -> message: 26,13,0 -> output: 653
input: 454 -> message: 6,21,9,8,8,8,2,2,2,2,34,24,0 -> output: 197
input: 455 -> message: 2,38,0 -> output: 455
input: 456 -> message: 27,27,31,17,36,0 -> output: 456
input: 457 -> message: 2,2,2,2,38,0 -> output: 321
input: 458 -> message: 6,34,0 -> output: 639
input: 459 -> message: 2,2,2,2,38,24,0 -> output: 217
input: 460 -> message: 16,27,26,31,17,0 -> output: 460
input: 461 -> message: 24,14,22,8,2,2,2,2,38,0 -> output: 490
input: 462 -> message: 27,27,2,2,34,38,0 -> output: 462
input: 463 -> message: 2,26,17,17,0 -> output: 328
input: 464 -> message: 14,14,14,2,2,2,14,14,14,14,14,14,14,14,14,14,14,14,14,14,14,14,14,14,14,14,14,14,14,14 -> output: 464
input: 465 -> message: 2,2,2,2,2,13,0 -> output: 319
input: 466 -> message: 31,34,0 -> output: 206
input: 467 -> message: 27,31,17,36,0 -> output: 467
input: 468 -> message: 2,2,2,14,14,14,14,14,14,14,14,14,14,14,14,14,14,14,14,14,14,14,14,14,14,14,14,14,14,14 -> output: 143
input: 469 -> message: 10,31,17,0 -> output: 535
input: 470 -> message: 16,3,2,34,24,0 -> output: 470
input: 471 -> message: 27,2,2,24,0 -> output: 471
input: 472 -> message: 10,26,17,17,17,17,17,17,17,17,17,17,17,17,17,17,17,17,17,17,17,17,17,17,17,17,17,17,17,17 -> output: 472
input: 473 -> message: 3,2,31,38,0 -> output: 473
input: 474 -> message: 35,2,2,2,34,38,0 -> output: 474
input: 475 -> message: 35,2,2,2,2,24,0 -> output: 480
input: 476 -> message: 2,2,2,2,31,38,0 -> output: 476
input: 477 -> message: 14,2,2,2,2,2,38,0 -> output: 854
input: 478 -> message: 35,2,2,38,0 -> output: 334
input: 479 -> message: 16,3,31,17,17,0 -> output: 479
input: 480 -> message: 35,2,2,2,2,24,0 -> output: 480
input: 481 -> message: 24,14,2,2,2,2,38,0 -> output: 308
input: 482 -> message: 6,0 -> output: 118
input: 483 -> message: 16,2,26,17,36,0 -> output: 483
input: 484 -> message: 10,34,0 -> output: 484
input: 485 -> message: 16,35,31,17,17,0 -> output: 485
input: 486 -> message: 6,21,9,8,8,8,2,2,2,2,2,38,0 -> output: 505
input: 487 -> message: 2,2,14,14,14,14,14,14,14,14,14,14,14,14,14,14,14,14,14,14,14,14,14,14,14,14,14,14,14,14 -> output: 187
input: 488 -> message: 24,9,8,2,2,2,2,2,24,0 -> output: 98
input: 489 -> message: 2,26,0 -> output: 489
input: 490 -> message: 24,14,22,8,2,2,2,2,38,0 -> output: 490
input: 491 -> message: 5,14,14,2,2,2,2,38,0 -> output: 491
input: 492 -> message: 27,27,2,31,38,36,0 -> output: 492
input: 493 -> message: 14,8,8,8,2,2,2,2,2,38,0 -> output: 55
input: 494 -> message: 3,2,13,0 -> output: 494
input: 495 -> message: 2,37,0 -> output: 271
input: 496 -> message: 16,27,2,34,38,0 -> output: 496
input: 497 -> message: 8,35,2,2,2,34,0 -> output: 497
input: 498 -> message: 3,2,2,34,24,0 -> output: 498
input: 499 -> message: 16,27,2,34,38,0 -> output: 496
input: 500 -> message: 16,2,2,6,13,0 -> output: 500
input: 501 -> message: 26,17,0 -> output: 107
input: 502 -> message: 16,35,2,2,24,0 -> output: 502
input: 503 -> message: 16,35,2,2,2,0 -> output: 503
input: 504 -> message: 8,8,2,2,2,34,34,0 -> output: 816
input: 505 -> message: 6,21,9,8,8,8,2,2,2,2,2,38,0 -> output: 505
input: 506 -> message: 16,3,26,31,31,0 -> output: 506
input: 507 -> message: 6,29,0 -> output: 556
input: 508 -> message: 2,2,34,38,0 -> output: 508
input: 509 -> message: 2,2,2,2,29,0 -> output: 338
input: 510 -> message: 2,14,14,14,14,14,14,14,14,14,14,14,14,14,14,14,14,14,14,14,14,14,14,14,14,14,14,14,14,14 -> output: 200
input: 511 -> message: 2,2,2,2,31,36,0 -> output: 343
input: 512 -> message: 32,8,8,8,2,2,2,34,38,0 -> output: 512
input: 513 -> message: 2,34,31,38,0 -> output: 513
input: 514 -> message: 27,35,26,38,0 -> output: 514
input: 515 -> message: 6,38,0 -> output: 729
input: 516 -> message: 2,34,34,24,0 -> output: 781
input: 517 -> message: 5,2,2,2,2,2,24,0 -> output: 778
input: 518 -> message: 10,29,0 -> output: 518
input: 519 -> message: 35,2,34,31,38,0 -> output: 519
input: 520 -> message: 26,34,0 -> output: 520
input: 521 -> message: 2,2,14,14,14,14,14,14,14,14,14,14,14,14,14,14,14,14,14,14,14,14,14,14,14,14,14,14,14,14 -> output: 187
input: 522 -> message: 24,14,3,2,2,2,2,38,0 -> output: 822
input: 523 -> message: 27,27,2,26,34,24,0 -> output: 523
input: 524 -> message: 26,24,0 -> output: 337
input: 525 -> message: 14,8,2,2,2,2,2,24,0 -> output: 525
input: 526 -> message: 10,34,24,0 -> output: 526
input: 527 -> message: 10,31,0 -> output: 298
input: 528 -> message: 2,2,2,2,31,17,0 -> output: 123
input: 529 -> message: 27,2,31,17,0 -> output: 228
input: 530 -> message: 16,2,2,31,36,0 -> output: 994
input: 531 -> message: 8,8,27,2,34,34,34,0 -> output: 531
input: 532 -> message: 6,24,9,8,8,8,2,2,2,2,2,38,0 -> output: 532
input: 533 -> message: 13,0 -> output: 201
input: 534 -> message: 2,2,31,38,0 -> output: 261
input: 535 -> message: 10,31,17,0 -> output: 535
input: 536 -> message: 6,21,22,8,8,8,2,2,2,2,38,0 -> output: 536
input: 537 -> message: 2,2,2,14,14,14,14,14,14,14,14,14,14,14,14,14,14,14,14,14,14,14,14,14,14,14,14,14,14,14 -> output: 143
input: 538 -> message: 2,26,17,36,0 -> output: 184
input: 539 -> message: 27,26,34,0 -> output: 288
input: 540 -> message: 2,34,34,0 -> output: 540
input: 541 -> message: 27,26,26,36,0 -> output: 541
input: 542 -> message: 2,2,2,2,34,38,0 -> output: 476
input: 543 -> message: 6,24,0 -> output: 181
input: 544 -> message: 26,29,0 -> output: 446
input: 545 -> message: 2,2,2,14,14,14,14,14,14,14,14,14,14,14,14,14,14,14,14,14,14,14,14,14,14,14,14,14,14,14 -> output: 143
input: 546 -> message: 5,14,14,8,2,2,2,2,38,0 -> output: 749
input: 547 -> message: 2,2,14,14,14,14,14,14,14,14,14,14,14,14,14,14,14,14,14,14,14,14,14,14,14,14,14,14,14,14 -> output: 187
input: 548 -> message: 8,27,2,31,38,24,0 -> output: 548
input: 549 -> message: 27,27,2,2,2,37,0 -> output: 549
input: 550 -> message: 2,14,14,14,14,14,14,14,14,14,14,14,14,14,14,14,14,14,14,14,14,14,14,14,14,14,14,14,14,14 -> output: 200
input: 551 -> message: 26,13,0 -> output: 653
input: 552 -> message: 2,2,2,13,0 -> output: 552
input: 553 -> message: 2,2,2,34,24,0 -> output: 266
input: 554 -> message: 31,31,17,17,17,17,17,17,17,17,17,17,17,17,17,17,17,17,17,17,17,17,17,17,17,17,17,17,17,17 -> output: 554
input: 555 -> message: 14,2,2,2,2,38,0 -> output: 477
input: 556 -> message: 6,29,0 -> output: 556
input: 557 -> message: 2,2,2,2,0 -> output: 577
input: 558 -> message: 31,36,0 -> output: 91
input: 559 -> message: 2,14,0 -> output: 177
input: 560 -> message: 19,14,3,2,2,2,2,24,0 -> output: 840
input: 561 -> message: 2,14,14,25,2,2,2,14,14,14,14,14,14,14,14,14,14,14,14,14,14,14,14,14,14,14,14,14,14,14 -> output: 581
input: 562 -> message: 35,2,2,2,31,36,0 -> output: 230
input: 563 -> message: 6,14,3,2,2,2,2,38,0 -> output: 563
input: 564 -> message: 16,3,2,34,34,0 -> output: 564
input: 565 -> message: 32,27,35,2,2,38,0 -> output: 565
input: 566 -> message: 16,2,2,2,2,38,0 -> output: 566
input: 567 -> message: 35,2,17,17,36,0 -> output: 567
input: 568 -> message: 35,2,31,17,36,0 -> output: 759
input: 569 -> message: 2,14,14,14,14,14,14,14,14,14,14,14,14,14,14,14,14,14,14,14,14,14,14,14,14,14,14,14,14,14 -> output: 200
input: 570 -> message: 2,2,6,36,0 -> output: 570
input: 571 -> message: 24,14,3,2,2,2,2,24,0 -> output: 571
input: 572 -> message: 16,35,2,2,38,0 -> output: 572
input: 573 -> message: 6,29,0 -> output: 556
input: 574 -> message: 26,24,0 -> output: 337
input: 575 -> message: 2,6,0 -> output: 211
input: 576 -> message: 14,8,8,8,2,2,2,2,2,38,0 -> output: 55
input: 577 -> message: 2,2,2,37,0 -> output: 441
input: 578 -> message: 32,3,2,2,29,0 -> output: 578
input: 579 -> message: 26,38,0 -> output: 650
input: 580 -> message: 6,14,22,2,2,2,2,38,0 -> output: 563
input: 581 -> message: 2,14,14,25,2,2,2,14,14,14,14,14,14,14,14,14,14,14,14,14,14,14,14,14,14,14,14,14,14,14 -> output: 581
input: 582 -> message: 10,31,24,0 -> output: 582
input: 583 -> message: 16,35,2,2,24,0 -> output: 502
input: 584 -> message: 2,14,14,14,14,14,14,14,14,14,14,14,14,14,14,14,14,14,14,14,14,14,14,14,14,14,14,14,14,14 -> output: 200
input: 585 -> message: 27,35,34,31,38,0 -> output: 585
input: 586 -> message: 14,8,8,8,2,2,2,2,2,38,0 -> output: 55
input: 587 -> message: 16,2,2,2,17,36,0 -> output: 587
input: 588 -> message: 5,14,22,8,2,2,2,2,38,0 -> output: 749
input: 589 -> message: 10,17,0 -> output: 368
input: 590 -> message: 16,35,2,2,2,2,0 -> output: 590
input: 591 -> message: 2,2,6,0 -> output: 791
input: 592 -> message: 16,3,10,31,38,0 -> output: 592
input: 593 -> message: 10,31,24,0 -> output: 582
input: 594 -> message: 2,26,38,0 -> output: 614
input: 595 -> message: 2,2,2,2,6,13,0 -> output: 217
input: 596 -> message: 31,17,17,36,0 -> output: 95
input: 597 -> message: 2,26,34,24,0 -> output: 597
input: 598 -> message: 2,2,2,34,24,0 -> output: 266
input: 599 -> message: 1,2,2,14,0 -> output: 212
input: 600 -> message: 2,2,2,29,0 -> output: 441
input: 601 -> message: 16,35,2,31,17,0 -> output: 601
input: 602 -> message: 6,24,0 -> output: 181
input: 603 -> message: 15,27,2,26,38,0 -> output: 603
input: 604 -> message: 24,9,2,2,2,2,14,0 -> output: 204
input: 605 -> message: 16,35,31,17,17,0 -> output: 485
input: 606 -> message: 16,2,2,2,2,24,0 -> output: 606
input: 607 -> message: 31,24,0 -> output: 404
input: 608 -> message: 10,26,24,0 -> output: 608
input: 609 -> message: 2,2,2,6,29,0 -> output: 609
input: 610 -> message: 10,13,0 -> output: 236
input: 611 -> message: 2,34,31,38,0 -> output: 513
input: 612 -> message: 2,2,2,2,17,36,0 -> output: 227
input: 613 -> message: 27,2,31,38,0 -> output: 613
input: 614 -> message: 2,26,38,0 -> output: 614
input: 615 -> message: 8,8,8,2,2,2,2,38,0 -> output: 615
input: 616 -> message: 2,2,29,0 -> output: 203
input: 617 -> message: 2,29,0 -> output: 167
input: 618 -> message: 31,24,0 -> output: 404
input: 619 -> message: 31,17,17,0 -> output: 299
input: 620 -> message: 26,31,17,0 -> output: 620
input: 621 -> message: 10,31,0 -> output: 298
input: 622 -> message: 26,34,0 -> output: 520
input: 623 -> message: 2,37,0 -> output: 271
input: 624 -> message: 2,2,2,2,34,38,0 -> output: 476
input: 625 -> message: 27,2,31,38,24,0 -> output: 625
input: 626 -> message: 2,2,14,14,14,14,14,14,14,14,14,14,14,14,14,14,14,14,14,14,14,14,14,14,14,14,14,14,14,14 -> output: 187
input: 627 -> message: 16,2,2,2,2,24,0 -> output: 606
input: 628 -> message: 6,13,0 -> output: 628
input: 629 -> message: 2,2,2,2,6,36,0 -> output: 217
input: 630 -> message: 35,2,2,31,17,0 -> output: 709
input: 631 -> message: 14,33,8,2,2,2,38,0 -> output: 746
input: 632 -> message: 3,2,34,24,0 -> output: 632
input: 633 -> message: 2,2,2,2,2,38,0 -> output: 465
input: 634 -> message: 10,34,24,0 -> output: 526
input: 635 -> message: 2,2,34,24,0 -> output: 165
input: 636 -> message: 24,0 -> output: 60
input: 637 -> message: 35,2,34,38,0 -> output: 677
input: 638 -> message: 2,2,2,2,2,38,36,0 -> output: 258
input: 639 -> message: 6,34,0 -> output: 639
input: 640 -> message: 14,35,2,2,2,2,24,0 -> output: 173
input: 641 -> message: 24,14,3,2,2,2,2,24,0 -> output: 571
input: 642 -> message: 35,2,2,2,17,36,0 -> output: 642
input: 643 -> message: 24,9,2,2,2,38,0 -> output: 330
input: 644 -> message: 2,29,0 -> output: 167
input: 645 -> message: 27,2,26,13,0 -> output: 645
input: 646 -> message: 14,14,14,2,2,2,2,38,0 -> output: 464
input: 647 -> message: 2,2,2,29,0 -> output: 441
input: 648 -> message: 8,3,2,34,31,24,0 -> output: 648
input: 649 -> message: 5,14,14,25,2,2,2,2,2,38,0 -> output: 649
input: 650 -> message: 26,38,0 -> output: 650
input: 651 -> message: 16,3,2,34,34,0 -> output: 564
input: 652 -> message: 10,26,17,36,0 -> output: 652
input: 653 -> message: 26,13,0 -> output: 653
input: 654 -> message: 2,2,2,29,0 -> output: 441
input: 655 -> message: 2,24,0 -> output: 105
input: 656 -> message: 26,13,0 -> output: 653
input: 657 -> message: 2,24,0 -> output: 105
input: 658 -> message: 2,2,14,14,14,14,14,14,14,14,14,14,14,14,14,14,14,14,14,14,14,14,14,14,14,14,14,14,14,14 -> output: 187
input: 659 -> message: 2,2,14,14,14,14,14,14,14,14,14,14,14,14,14,14,14,14,14,14,14,14,14,14,14,14,14,14,14,14 -> output: 187
input: 660 -> message: 2,2,2,2,6,13,0 -> output: 217
input: 661 -> message: 24,14,2,2,2,2,38,0 -> output: 308
input: 662 -> message: 16,35,2,2,2,14,0 -> output: 688
input: 663 -> message: 10,13,0 -> output: 236
input: 664 -> message: 35,2,34,34,24,0 -> output: 664
input: 665 -> message: 14,8,2,2,2,2,38,0 -> output: 665
input: 666 -> message: 2,6,0 -> output: 211
input: 667 -> message: 2,14,14,14,14,2,14,14,14,14,14,14,14,14,14,14,14,14,14,14,14,14,14,14,14,14,14,14,14,14 -> output: 200
input: 668 -> message: 26,34,24,0 -> output: 668
input: 669 -> message: 16,2,2,2,6,36,0 -> output: 430
input: 670 -> message: 24,14,22,8,2,2,2,2,38,0 -> output: 490
input: 671 -> message: 2,2,2,2,6,13,0 -> output: 217
input: 672 -> message: 10,34,0 -> output: 484
input: 673 -> message: 27,2,31,24,0 -> output: 673
input: 674 -> message: 6,13,0 -> output: 628
input: 675 -> message: 35,2,34,24,0 -> output: 675
input: 676 -> message: 2,26,17,36,0 -> output: 184
input: 677 -> message: 35,2,34,38,0 -> output: 677
input: 678 -> message: 26,0 -> output: 244
input: 679 -> message: 10,34,0 -> output: 484
input: 680 -> message: 6,34,0 -> output: 639
input: 681 -> message: 6,21,22,8,27,35,2,2,2,38,24,0 -> output: 681
input: 682 -> message: 1,2,2,2,29,0 -> output: 682
input: 683 -> message: 10,38,0 -> output: 683
input: 684 -> message: 2,6,0 -> output: 211
input: 685 -> message: 31,34,24,0 -> output: 220
input: 686 -> message: 24,14,3,2,2,2,2,24,0 -> output: 571
input: 687 -> message: 8,8,35,2,2,34,34,0 -> output: 687
input: 688 -> message: 16,35,2,2,2,14,0 -> output: 688
input: 689 -> message: 2,2,2,38,0 -> output: 689
input: 690 -> message: 2,2,2,2,17,36,0 -> output: 227
input: 691 -> message: 26,36,0 -> output: 276
input: 692 -> message: 14,8,8,8,2,2,34,34,0 -> output: 692
input: 693 -> message: 6,0 -> output: 118
input: 694 -> message: 2,2,2,2,6,13,0 -> output: 217
input: 695 -> message: 27,31,26,17,0 -> output: 695
input: 696 -> message: 16,27,27,2,31,34,38,0 -> output: 714
input: 697 -> message: 2,2,14,14,14,14,14,14,14,14,14,14,14,14,14,14,14,14,14,14,14,14,14,14,14,14,14,14,14,14 -> output: 187
input: 698 -> message: 2,2,29,0 -> output: 203
input: 699 -> message: 35,31,34,34,0 -> output: 902
input: 700 -> message: 35,31,34,38,0 -> output: 700
input: 701 -> message: 16,35,34,34,24,0 -> output: 701
input: 702 -> message: 2,14,25,25,25,25,2,2,2,2,2,2,0 -> output: 275
input: 703 -> message: 16,35,2,2,38,0 -> output: 572
input: 704 -> message: 24,14,3,2,2,2,2,24,0 -> output: 571
input: 705 -> message: 2,14,14,14,14,14,14,14,14,14,14,14,14,14,14,14,14,14,14,14,14,14,14,14,14,14,14,14,14,14 -> output: 200
input: 706 -> message: 35,2,2,2,2,38,0 -> output: 706
input: 707 -> message: 2,2,2,2,2,38,0 -> output: 465
input: 708 -> message: 10,13,0 -> output: 236
input: 709 -> message: 35,2,2,31,17,0 -> output: 709
input: 710 -> message: 16,3,2,2,2,38,0 -> output: 103
input: 711 -> message: 32,2,2,2,2,38,0 -> output: 889
input: 712 -> message: 35,2,2,31,36,0 -> output: 712
input: 713 -> message: 13,0 -> output: 201
input: 714 -> message: 16,27,27,2,31,34,38,0 -> output: 714
input: 715 -> message: 2,2,34,24,0 -> output: 165
input: 716 -> message: 7,29,0 -> output: 716
input: 717 -> message: 14,14,22,8,2,2,2,2,38,0 -> output: 717
input: 718 -> message: 6,21,0 -> output: 797
input: 719 -> message: 2,14,0 -> output: 177
input: 720 -> message: 3,2,31,34,36,0 -> output: 828
input: 721 -> message: 8,27,27,2,34,31,38,0 -> output: 721
input: 722 -> message: 15,27,2,2,34,38,0 -> output: 722
input: 723 -> message: 2,31,24,0 -> output: 125
input: 724 -> message: 16,3,10,34,34,0 -> output: 724
input: 725 -> message: 16,2,2,34,38,0 -> output: 802
input: 726 -> message: 2,2,14,14,14,14,14,14,14,14,14,14,14,14,14,14,14,14,14,14,14,14,14,14,14,14,14,14,14,14 -> output: 187
input: 727 -> message: 2,2,2,2,34,38,0 -> output: 476
input: 728 -> message: 2,26,24,0 -> output: 728
input: 729 -> message: 6,6,0 -> output: 729
input: 730 -> message: 6,21,9,8,8,8,2,2,2,2,2,38,0 -> output: 505
input: 731 -> message: 26,13,0 -> output: 653
input: 732 -> message: 26,13,0 -> output: 653
input: 733 -> message: 26,17,0 -> output: 107
input: 734 -> message: 2,14,0 -> output: 177
input: 735 -> message: 8,27,27,2,2,34,34,0 -> output: 735
input: 736 -> message: 2,2,13,0 -> output: 285
input: 737 -> message: 26,34,0 -> output: 520
input: 738 -> message: 2,14,0 -> output: 177
input: 739 -> message: 2,2,29,0 -> output: 203
input: 740 -> message: 6,29,0 -> output: 556
input: 741 -> message: 14,33,8,2,2,2,38,0 -> output: 746
input: 742 -> message: 14,3,2,2,2,2,2,2,0 -> output: 742
input: 743 -> message: 24,14,3,2,2,2,2,24,0 -> output: 571
input: 744 -> message: 2,2,2,14,0 -> output: 654
input: 745 -> message: 14,2,2,2,2,2,2,38,0 -> output: 346
input: 746 -> message: 14,33,2,2,2,29,0 -> output: 746
input: 747 -> message: 2,31,24,0 -> output: 125
input: 748 -> message: 16,34,31,24,0 -> output: 748
input: 749 -> message: 5,14,8,8,8,2,2,2,2,38,0 -> output: 749
input: 750 -> message: 2,2,2,2,34,38,0 -> output: 476
input: 751 -> message: 2,14,14,14,14,14,14,14,14,14,14,14,14,14,14,14,14,14,14,14,14,14,14,14,14,14,14,14,14,14 -> output: 200
input: 752 -> message: 14,2,2,2,2,34,0 -> output: 854
input: 753 -> message: 2,2,14,14,25,25,2,2,14,14,14,14,14,14,14,14,14,14,14,14,14,14,14,14,14,14,14,14,14,14 -> output: 398
input: 754 -> message: 24,0 -> output: 60
input: 755 -> message: 35,31,34,24,0 -> output: 449
input: 756 -> message: 2,2,2,2,29,0 -> output: 338
input: 757 -> message: 35,2,2,2,38,0 -> output: 924
input: 758 -> message: 2,2,2,2,29,0 -> output: 338
input: 759 -> message: 35,2,31,17,0 -> output: 759
input: 760 -> message: 5,14,14,2,2,2,2,38,0 -> output: 491
input: 761 -> message: 6,29,0 -> output: 556
input: 762 -> message: 24,9,8,2,2,2,2,2,38,0 -> output: 98
input: 763 -> message: 10,14,0 -> output: 391
input: 764 -> message: 16,2,2,2,38,0 -> output: 347
input: 765 -> message: 16,27,35,2,34,24,0 -> output: 765
input: 766 -> message: 16,3,2,2,2,2,0 -> output: 374
input: 767 -> message: 14,14,14,2,2,2,14,14,14,14,14,14,14,14,14,14,14,14,14,14,14,14,14,14,14,14,14,14,14,14 -> output: 464
input: 768 -> message: 6,29,9,8,8,8,2,2,2,2,2,38,0 -> output: 445
input: 769 -> message: 26,0 -> output: 244
input: 770 -> message: 13,0 -> output: 201
input: 771 -> message: 24,14,3,2,2,2,2,24,0 -> output: 571
input: 772 -> message: 2,2,2,2,31,17,0 -> output: 123
input: 773 -> message: 10,36,0 -> output: 773
input: 774 -> message: 5,14,14,3,2,2,2,2,24,0 -> output: 491
input: 775 -> message: 2,29,0 -> output: 167
input: 776 -> message: 24,14,3,2,2,2,2,38,0 -> output: 822
input: 777 -> message: 2,2,2,38,0 -> output: 689
input: 778 -> message: 5,2,2,2,2,2,0 -> output: 778
input: 779 -> message: 16,35,31,17,17,0 -> output: 485
input: 780 -> message: 2,2,2,2,29,0 -> output: 338
input: 781 -> message: 2,34,34,24,0 -> output: 781
input: 782 -> message: 8,27,27,31,31,38,0 -> output: 782
input: 783 -> message: 2,34,34,24,0 -> output: 781
input: 784 -> message: 14,2,2,2,2,34,0 -> output: 854
input: 785 -> message: 26,34,24,0 -> output: 668
input: 786 -> message: 35,10,31,17,17,36,0 -> output: 567
input: 787 -> message: 24,9,2,2,2,2,24,0 -> output: 330
input: 788 -> message: 2,2,2,2,6,13,0 -> output: 217
input: 789 -> message: 35,2,31,36,0 -> output: 270
input: 790 -> message: 35,2,2,31,38,0 -> output: 790
input: 791 -> message: 2,6,24,0 -> output: 362
input: 792 -> message: 2,2,2,2,2,13,0 -> output: 319
input: 793 -> message: 3,31,34,24,0 -> output: 793
input: 794 -> message: 2,2,2,2,2,29,0 -> output: 127
input: 795 -> message: 8,3,2,2,2,2,2,38,0 -> output: 795
input: 796 -> message: 2,2,17,17,0 -> output: 405
input: 797 -> message: 6,29,23,27,27,2,2,34,38,0 -> output: 393
input: 798 -> message: 2,31,38,0 -> output: 407
input: 799 -> message: 2,2,2,34,38,0 -> output: 383
input: 800 -> message: 10,34,24,0 -> output: 526
input: 801 -> message: 2,2,38,0 -> output: 410
input: 802 -> message: 16,2,2,34,38,0 -> output: 802
input: 803 -> message: 31,34,0 -> output: 206
input: 804 -> message: 27,27,2,2,17,36,0 -> output: 804
input: 805 -> message: 2,2,2,14,0 -> output: 654
input: 806 -> message: 5,2,2,2,2,38,0 -> output: 778
input: 807 -> message: 24,14,3,2,2,2,2,24,0 -> output: 571
input: 808 -> message: 2,6,0 -> output: 211
input: 809 -> message: 34,38,0 -> output: 809
input: 810 -> message: 26,31,34,0 -> output: 810
input: 811 -> message: 14,8,8,2,2,2,38,24,0 -> output: 811
input: 812 -> message: 27,35,31,31,38,0 -> output: 812
input: 813 -> message: 10,31,0 -> output: 298
input: 814 -> message: 2,26,6,24,0 -> output: 945
input: 815 -> message: 2,29,0 -> output: 167
input: 816 -> message: 8,8,2,2,2,2,38,0 -> output: 957
input: 817 -> message: 26,31,0 -> output: 117
input: 818 -> message: 26,36,0 -> output: 276
input: 819 -> message: 2,2,14,14,14,14,14,14,14,14,14,14,14,14,14,14,14,14,14,14,14,14,14,14,14,14,14,14,14,14 -> output: 187
input: 820 -> message: 16,2,2,17,17,0 -> output: 990
input: 821 -> message: 8,27,35,2,34,38,0 -> output: 821
input: 822 -> message: 24,14,3,2,2,2,38,0 -> output: 571
input: 823 -> message: 2,2,37,0 -> output: 433
input: 824 -> message: 26,34,0 -> output: 520
input: 825 -> message: 1,27,2,31,38,0 -> output: 825
input: 826 -> message: 26,24,0 -> output: 337
input: 827 -> message: 10,14,14,14,2,2,14,14,14,14,14,14,14,14,14,14,14,14,14,14,14,14,14,14,14,14,14,14,14,14 -> output: 827
input: 828 -> message: 3,2,31,38,24,0 -> output: 828
input: 829 -> message: 2,14,14,14,14,14,14,14,14,14,14,14,14,14,14,14,14,14,14,14,14,14,14,14,14,14,14,14,14,14 -> output: 200
input: 830 -> message: 27,35,31,17,36,0 -> output: 830
input: 831 -> message: 2,31,38,0 -> output: 407
input: 832 -> message: 8,2,2,34,34,38,0 -> output: 832
input: 833 -> message: 2,2,2,34,38,0 -> output: 383
input: 834 -> message: 10,26,0 -> output: 834
input: 835 -> message: 16,27,26,17,17,0 -> output: 835
input: 836 -> message: 16,35,31,31,17,36,0 -> output: 836
input: 837 -> message: 2,2,2,29,0 -> output: 441
input: 838 -> message: 10,31,38,0 -> output: 390
input: 839 -> message: 6,29,0 -> output: 556
input: 840 -> message: 6,14,3,2,2,2,2,24,0 -> output: 563
input: 841 -> message: 24,14,3,2,2,2,2,38,0 -> output: 822
input: 842 -> message: 10,26,17,0 -> output: 842
input: 843 -> message: 26,34,0 -> output: 520
input: 844 -> message: 2,14,0 -> output: 177
input: 845 -> message: 35,2,17,36,0 -> output: 845
input: 846 -> message: 10,37,0 -> output: 846
input: 847 -> message: 2,2,2,2,14,14,14,14,14,14,14,14,14,14,14,14,14,14,14,14,14,14,14,14,14,14,14,14,14,14 -> output: 143
input: 848 -> message: 24,14,11,2,2,2,38,24,0 -> output: 848
input: 849 -> message: 24,14,3,2,2,2,2,38,0 -> output: 822
input: 850 -> message: 10,31,24,0 -> output: 582
input: 851 -> message: 32,8,8,2,2,2,2,38,24,0 -> output: 851
input: 852 -> message: 2,14,14,14,14,14,14,14,14,14,14,14,14,14,14,14,14,14,14,14,14,14,14,14,14,14,14,14,14,14 -> output: 200
input: 853 -> message: 5,14,14,11,2,2,2,2,2,0 -> output: 491
input: 854 -> message: 14,2,2,2,2,2,38,0 -> output: 854
input: 855 -> message: 27,31,31,38,0 -> output: 855
input: 856 -> message: 2,2,17,36,0 -> output: 87
input: 857 -> message: 16,27,2,31,38,0 -> output: 496
input: 858 -> message: 34,34,0 -> output: 972
input: 859 -> message: 2,2,2,2,2,13,0 -> output: 319
input: 860 -> message: 26,24,0 -> output: 337
input: 861 -> message: 2,2,6,13,0 -> output: 552
input: 862 -> message: 16,35,2,31,13,0 -> output: 862
input: 863 -> message: 2,14,14,14,2,14,14,14,14,14,14,14,14,14,14,14,14,14,14,14,14,14,14,14,14,14,14,14,14,14 -> output: 200
input: 864 -> message: 31,34,0 -> output: 206
input: 865 -> message: 35,2,2,2,17,36,0 -> output: 642
input: 866 -> message: 35,2,2,2,34,24,0 -> output: 886
input: 867 -> message: 2,14,14,14,14,14,14,14,14,14,14,14,14,14,14,14,14,14,14,14,14,14,14,14,14,14,14,14,14,14 -> output: 200
input: 868 -> message: 8,8,2,2,2,2,2,38,0 -> output: 868
input: 869 -> message: 2,26,38,0 -> output: 614
input: 870 -> message: 31,34,24,0 -> output: 220
input: 871 -> message: 14,8,8,8,2,2,2,2,2,38,0 -> output: 55
input: 872 -> message: 2,37,0 -> output: 271
input: 873 -> message: 31,34,24,0 -> output: 220
input: 874 -> message: 2,14,0 -> output: 177
input: 875 -> message: 6,21,9,8,8,8,2,2,2,2,2,38,0 -> output: 505
input: 876 -> message: 35,2,2,34,24,0 -> output: 922
input: 877 -> message: 8,35,2,2,34,24,0 -> output: 497
input: 878 -> message: 2,2,2,38,0 -> output: 689
input: 879 -> message: 26,36,0 -> output: 276
input: 880 -> message: 14,8,8,2,2,2,2,2,0 -> output: 444
input: 881 -> message: 0 -> output: 10
input: 882 -> message: 16,35,2,2,38,0 -> output: 572
input: 883 -> message: 16,27,27,10,26,34,34,0 -> output: 883
input: 884 -> message: 10,26,0 -> output: 834
input: 885 -> message: 16,35,2,31,13,0 -> output: 862
input: 886 -> message: 35,2,2,2,34,24,0 -> output: 886
input: 887 -> message: 2,14,14,14,14,14,14,14,14,14,14,14,14,14,14,14,14,14,14,14,14,14,14,14,14,14,14,14,14,14 -> output: 200
input: 888 -> message: 26,36,0 -> output: 276
input: 889 -> message: 32,2,2,2,2,38,0 -> output: 889
input: 890 -> message: 32,8,2,2,2,2,0 -> output: 890
input: 891 -> message: 26,24,0 -> output: 337
input: 892 -> message: 2,34,38,0 -> output: 451
input: 893 -> message: 2,2,14,14,14,14,14,14,14,14,14,14,14,14,14,14,14,14,14,14,14,14,14,14,14,14,14,14,14,14 -> output: 187
input: 894 -> message: 10,14,0 -> output: 391
input: 895 -> message: 10,31,38,0 -> output: 390
input: 896 -> message: 2,2,2,0 -> output: 363
input: 897 -> message: 1,2,2,13,0 -> output: 897
input: 898 -> message: 2,37,0 -> output: 271
input: 899 -> message: 24,14,22,8,2,2,2,2,38,0 -> output: 490
input: 900 -> message: 6,14,25,25,25,8,11,2,2,2,2,38,24,0 -> output: 445
input: 901 -> message: 2,37,0 -> output: 271
input: 902 -> message: 35,31,34,38,0 -> output: 700
input: 903 -> message: 35,31,31,17,36,0 -> output: 903
input: 904 -> message: 27,31,31,17,36,0 -> output: 904
input: 905 -> message: 8,2,2,34,31,24,0 -> output: 905
input: 906 -> message: 2,2,2,2,17,13,0 -> output: 332
input: 907 -> message: 2,2,29,0 -> output: 203
input: 908 -> message: 2,2,2,2,17,36,0 -> output: 227
input: 909 -> message: 24,14,3,2,2,2,2,38,0 -> output: 822
input: 910 -> message: 26,34,24,0 -> output: 668
input: 911 -> message: 14,2,2,2,2,38,0 -> output: 477
input: 912 -> message: 35,2,31,38,0 -> output: 912
input: 913 -> message: 19,14,14,2,2,2,34,34,0 -> output: 287
input: 914 -> message: 24,9,8,2,2,2,2,2,14,0 -> output: 98
input: 915 -> message: 2,14,14,25,25,2,2,14,14,14,14,14,14,14,14,14,14,14,14,14,14,14,14,14,14,14,14,14,14,14 -> output: 257
input: 916 -> message: 6,29,0 -> output: 556
input: 917 -> message: 2,14,14,14,14,14,14,14,14,14,14,14,14,14,14,14,14,14,14,14,14,14,14,14,14,14,14,14,14,14 -> output: 200
input: 918 -> message: 2,2,2,17,36,0 -> output: 918
input: 919 -> message: 14,14,14,2,2,2,2,38,0 -> output: 464
input: 920 -> message: 14,8,8,2,2,2,2,2,38,0 -> output: 55
input: 921 -> message: 35,2,2,31,38,0 -> output: 790
input: 922 -> message: 35,2,2,34,24,0 -> output: 922
input: 923 -> message: 2,2,2,13,0 -> output: 552
input: 924 -> message: 35,2,2,2,38,0 -> output: 924
input: 925 -> message: 26,17,0 -> output: 107
input: 926 -> message: 26,0 -> output: 244
input: 927 -> message: 14,2,2,2,2,2,38,0 -> output: 854
input: 928 -> message: 24,14,22,2,2,2,34,38,0 -> output: 423
input: 929 -> message: 2,14,14,25,2,2,2,14,14,14,14,14,14,14,14,14,14,14,14,14,14,14,14,14,14,14,14,14,14,14 -> output: 581
input: 930 -> message: 10,31,0 -> output: 298
input: 931 -> message: 16,35,2,2,13,0 -> output: 572
input: 932 -> message: 31,17,0 -> output: 52
input: 933 -> message: 6,29,0 -> output: 556
input: 934 -> message: 16,27,10,2,31,38,0 -> output: 934
input: 935 -> message: 2,2,6,6,0 -> output: 861
input: 936 -> message: 2,34,38,0 -> output: 451
input: 937 -> message: 24,14,3,2,2,2,2,38,0 -> output: 822
input: 938 -> message: 2,2,2,2,6,13,0 -> output: 217
input: 939 -> message: 35,2,2,24,0 -> output: 334
input: 940 -> message: 10,6,0 -> output: 940
input: 941 -> message: 26,13,0 -> output: 653
input: 942 -> message: 27,2,17,36,0 -> output: 942
input: 943 -> message: 2,2,2,38,0 -> output: 689
input: 944 -> message: 16,3,2,2,34,38,0 -> output: 944
input: 945 -> message: 2,26,38,0 -> output: 614
input: 946 -> message: 35,2,2,2,34,24,0 -> output: 886
input: 947 -> message: 2,2,14,14,14,14,14,14,14,14,14,14,14,14,14,14,14,14,14,14,14,14,14,14,14,14,14,14,14,14 -> output: 187
input: 948 -> message: 27,31,17,17,36,0 -> output: 948
input: 949 -> message: 8,8,35,2,31,38,0 -> output: 949
input: 950 -> message: 2,2,2,2,2,13,0 -> output: 319
input: 951 -> message: 2,2,2,29,0 -> output: 441
input: 952 -> message: 5,14,14,8,2,2,2,2,38,0 -> output: 749
input: 953 -> message: 6,0 -> output: 118
input: 954 -> message: 14,2,2,2,2,38,0 -> output: 477
input: 955 -> message: 10,31,0 -> output: 298
input: 956 -> message: 2,26,24,0 -> output: 728
input: 957 -> message: 8,8,2,2,2,2,38,0 -> output: 957
input: 958 -> message: 35,34,34,24,0 -> output: 958
input: 959 -> message: 2,2,14,0 -> output: 395
input: 960 -> message: 2,2,2,37,0 -> output: 441
input: 961 -> message: 8,8,3,2,31,34,24,0 -> output: 961
input: 962 -> message: 2,14,0 -> output: 177
input: 963 -> message: 2,2,14,14,14,14,14,14,14,14,14,14,14,14,14,14,14,14,14,14,14,14,14,14,14,14,14,14,14,14 -> output: 187
input: 964 -> message: 2,14,0 -> output: 177
input: 965 -> message: 2,14,14,25,25,2,2,14,14,14,14,14,14,14,14,14,14,14,14,14,14,14,14,14,14,14,14,14,14,14 -> output: 257
input: 966 -> message: 10,34,24,0 -> output: 526
input: 967 -> message: 2,14,0 -> output: 177
input: 968 -> message: 14,8,8,8,8,2,2,2,2,38,0 -> output: 493
input: 969 -> message: 29,14,27,27,2,2,34,38,0 -> output: 198
input: 970 -> message: 2,14,14,25,25,2,2,2,2,14,14,14,14,14,14,14,14,14,14,14,14,14,14,14,14,14,14,14,14,14 -> output: 257
input: 971 -> message: 2,24,0 -> output: 105
input: 972 -> message: 34,34,0 -> output: 972
input: 973 -> message: 35,2,34,38,0 -> output: 677
input: 974 -> message: 2,2,2,6,0 -> output: 923
input: 975 -> message: 14,2,2,2,2,38,0 -> output: 477
input: 976 -> message: 16,35,26,17,17,0 -> output: 976
input: 977 -> message: 2,2,2,34,24,0 -> output: 266
input: 978 -> message: 35,2,2,31,38,0 -> output: 790
input: 979 -> message: 16,2,2,17,36,0 -> output: 979
input: 980 -> message: 31,13,0 -> output: 131
input: 981 -> message: 24,0 -> output: 60
input: 982 -> message: 2,2,37,0 -> output: 433
input: 983 -> message: 14,2,2,2,2,2,38,0 -> output: 854
input: 984 -> message: 2,2,2,14,14,14,14,14,14,14,14,14,14,14,14,14,14,14,14,14,14,14,14,14,14,14,14,14,14,14 -> output: 143
input: 985 -> message: 2,2,2,2,34,0 -> output: 321
input: 986 -> message: 6,0 -> output: 118
input: 987 -> message: 14,14,14,2,2,2,2,38,0 -> output: 464
input: 988 -> message: 2,2,2,34,24,0 -> output: 266
input: 989 -> message: 2,29,0 -> output: 167
input: 990 -> message: 16,2,2,17,36,0 -> output: 979
input: 991 -> message: 31,34,24,0 -> output: 220
input: 992 -> message: 16,3,10,31,17,36,0 -> output: 322
input: 993 -> message: 26,29,0 -> output: 446
input: 994 -> message: 16,2,2,31,36,0 -> output: 994
input: 995 -> message: 2,2,2,2,2,38,0 -> output: 465
input: 996 -> message: 6,24,9,8,27,2,2,2,2,38,0 -> output: 532
input: 997 -> message: 10,31,24,0 -> output: 582
input: 998 -> message: 10,31,0 -> output: 298
input: 999 -> message: 31,24,0 -> output: 404
{"powerlaw": 0.6773548126220703, "unif": 0.456}
Epoch: 101
{"powerlaw": 0.6862986087799072, "unif": 0.474}
Epoch: 102
{"powerlaw": 0.6879358291625977, "unif": 0.477}
Epoch: 103
{"powerlaw": 0.6913327574729919, "unif": 0.466}
Epoch: 104
{"powerlaw": 0.6906118392944336, "unif": 0.5}
Epoch: 105
{"powerlaw": 0.6939170360565186, "unif": 0.503}
Epoch: 106
{"powerlaw": 0.6949637532234192, "unif": 0.518}
Epoch: 107
{"powerlaw": 0.6884517073631287, "unif": 0.516}
Epoch: 108
{"powerlaw": 0.7019525170326233, "unif": 0.532}
Epoch: 109
{"powerlaw": 0.6820725798606873, "unif": 0.469}
Epoch: 110
{"powerlaw": 0.6996051669120789, "unif": 0.529}
Epoch: 111
{"powerlaw": 0.6990513801574707, "unif": 0.524}
Epoch: 112
{"powerlaw": 0.7074806094169617, "unif": 0.533}
Epoch: 113
{"powerlaw": 0.7211892008781433, "unif": 0.499}
Epoch: 114
{"powerlaw": 0.7236493229866028, "unif": 0.533}
Epoch: 115
{"powerlaw": 0.7312595248222351, "unif": 0.551}
Epoch: 116
{"powerlaw": 0.7302789688110352, "unif": 0.537}
Epoch: 117
{"powerlaw": 0.7378839254379272, "unif": 0.564}
Epoch: 118
{"powerlaw": 0.7295327186584473, "unif": 0.561}
Epoch: 119
{"powerlaw": 0.7346339821815491, "unif": 0.57}
Epoch: 120
{"powerlaw": 0.7334298491477966, "unif": 0.528}
Epoch: 121
{"powerlaw": 0.7420934438705444, "unif": 0.568}
Epoch: 122
{"powerlaw": 0.7464694380760193, "unif": 0.583}
Epoch: 123
{"powerlaw": 0.7322722673416138, "unif": 0.56}
Epoch: 124
{"powerlaw": 0.7492479681968689, "unif": 0.596}
Epoch: 125
{"powerlaw": 0.7409559488296509, "unif": 0.576}
Epoch: 126
{"powerlaw": 0.745252251625061, "unif": 0.583}
Epoch: 127
{"powerlaw": 0.7286734580993652, "unif": 0.522}
Epoch: 128
{"powerlaw": 0.7496532797813416, "unif": 0.59}
Epoch: 129
{"powerlaw": 0.7569500803947449, "unif": 0.621}
Epoch: 130
{"powerlaw": 0.7564007639884949, "unif": 0.629}
Epoch: 131
{"powerlaw": 0.7498302459716797, "unif": 0.632}
Epoch: 132
{"powerlaw": 0.7632747292518616, "unif": 0.642}
Epoch: 133
{"powerlaw": 0.7565000057220459, "unif": 0.614}
Epoch: 134
{"powerlaw": 0.7765109539031982, "unif": 0.641}
Epoch: 135
{"powerlaw": 0.7756571769714355, "unif": 0.639}
Epoch: 136
{"powerlaw": 0.7684258222579956, "unif": 0.616}
Epoch: 137
{"powerlaw": 0.7779491543769836, "unif": 0.659}
Epoch: 138
{"powerlaw": 0.7749099731445312, "unif": 0.639}
Epoch: 139
{"powerlaw": 0.7778745889663696, "unif": 0.657}
Epoch: 140
{"powerlaw": 0.7676528692245483, "unif": 0.608}
Epoch: 141
{"powerlaw": 0.7800160646438599, "unif": 0.648}
Epoch: 142
{"powerlaw": 0.7708626985549927, "unif": 0.633}
Epoch: 143
{"powerlaw": 0.7826916575431824, "unif": 0.674}
Epoch: 144
{"powerlaw": 0.7866606116294861, "unif": 0.674}
Epoch: 145
{"powerlaw": 0.7819501757621765, "unif": 0.664}
Epoch: 146
{"powerlaw": 0.7922016382217407, "unif": 0.689}
Epoch: 147
{"powerlaw": 0.7913602590560913, "unif": 0.684}
Epoch: 148
{"powerlaw": 0.7885671257972717, "unif": 0.677}
Epoch: 149
{"powerlaw": 0.7919808030128479, "unif": 0.691}
Epoch: 150
input: 0 -> message: 1,27,27,31,31,17,17,36,0 -> output: 0
input: 1 -> message: 17,17,0 -> output: 1
input: 2 -> message: 27,26,36,0 -> output: 2
input: 3 -> message: 17,17,0 -> output: 1
input: 4 -> message: 15,27,35,2,31,31,24,0 -> output: 4
input: 5 -> message: 17,17,0 -> output: 1
input: 6 -> message: 17,36,0 -> output: 6
input: 7 -> message: 17,13,0 -> output: 7
input: 8 -> message: 17,13,0 -> output: 7
input: 9 -> message: 17,36,0 -> output: 6
input: 10 -> message: 0 -> output: 10
input: 11 -> message: 6,36,0 -> output: 11
input: 12 -> message: 17,22,31,31,17,17,36,0 -> output: 12
input: 13 -> message: 17,31,31,17,17,36,14,33,3,31,17,17,36,0 -> output: 13
input: 14 -> message: 17,0 -> output: 14
input: 15 -> message: 17,17,17,36,36,0 -> output: 15
input: 16 -> message: 16,2,14,0 -> output: 16
input: 17 -> message: 17,29,0 -> output: 17
input: 18 -> message: 27,27,2,2,2,38,24,0 -> output: 18
input: 19 -> message: 0 -> output: 10
input: 20 -> message: 2,31,36,0 -> output: 20
input: 21 -> message: 27,2,2,31,17,36,0 -> output: 21
input: 22 -> message: 16,27,31,17,17,36,0 -> output: 22
input: 23 -> message: 15,27,27,27,27,31,26,7,0 -> output: 23
input: 24 -> message: 17,17,36,0 -> output: 24
input: 25 -> message: 2,31,0 -> output: 25
input: 26 -> message: 24,8,8,2,2,2,2,2,0 -> output: 26
input: 27 -> message: 24,15,15,27,27,27,31,17,31,17,36,0 -> output: 27
input: 28 -> message: 5,2,2,2,2,2,2,0 -> output: 28
input: 29 -> message: 17,13,36,0 -> output: 29
input: 30 -> message: 24,9,9,2,2,2,2,2,2,2,2,2,2,2,2,2,2,2,2,2,2,2,2,2,2,2,2,2,2,2 -> output: 30
input: 31 -> message: 15,2,2,31,17,36,0 -> output: 31
input: 32 -> message: 1,2,2,31,31,17,24,0 -> output: 32
input: 33 -> message: 2,2,2,2,2,2,31,31,29,0 -> output: 33
input: 34 -> message: 17,0 -> output: 14
input: 35 -> message: 24,9,8,9,2,2,2,2,2,0 -> output: 35
input: 36 -> message: 2,31,17,36,0 -> output: 36
input: 37 -> message: 16,27,35,31,31,0 -> output: 37
input: 38 -> message: 32,27,27,27,35,2,2,0 -> output: 38
input: 39 -> message: 6,21,22,31,31,17,17,36,0 -> output: 39
input: 40 -> message: 24,9,27,27,2,38,34,24,0 -> output: 40
input: 41 -> message: 1,27,2,2,38,0 -> output: 41
input: 42 -> message: 14,35,2,2,2,0 -> output: 42
input: 43 -> message: 32,27,2,2,2,2,2,24,0 -> output: 43
input: 44 -> message: 39,15,27,27,27,31,17,31,17,36,0 -> output: 44
input: 45 -> message: 2,2,2,2,2,17,36,0 -> output: 45
input: 46 -> message: 27,2,17,17,36,0 -> output: 46
input: 47 -> message: 2,0 -> output: 47
input: 48 -> message: 27,2,2,0 -> output: 48
input: 49 -> message: 34,0 -> output: 49
input: 50 -> message: 1,2,31,0 -> output: 50
input: 51 -> message: 16,2,2,14,0 -> output: 51
input: 52 -> message: 31,17,0 -> output: 52
input: 53 -> message: 2,31,0 -> output: 25
input: 54 -> message: 14,14,2,2,2,2,14,0 -> output: 54
input: 55 -> message: 14,8,35,2,2,2,2,2,0 -> output: 55
input: 56 -> message: 2,31,17,0 -> output: 56
input: 57 -> message: 27,2,38,0 -> output: 57
input: 58 -> message: 2,34,0 -> output: 58
input: 59 -> message: 2,31,17,24,0 -> output: 59
input: 60 -> message: 24,0 -> output: 60
input: 61 -> message: 32,2,2,34,34,0 -> output: 61
input: 62 -> message: 16,27,27,35,2,34,38,24,0 -> output: 62
input: 63 -> message: 36,0 -> output: 63
input: 64 -> message: 27,27,27,27,2,38,24,0 -> output: 64
input: 65 -> message: 32,33,35,31,31,24,0 -> output: 65
input: 66 -> message: 31,17,36,0 -> output: 66
input: 67 -> message: 5,8,8,2,2,2,2,2,2,2,0 -> output: 67
input: 68 -> message: 2,17,0 -> output: 68
input: 69 -> message: 31,31,36,0 -> output: 74
input: 70 -> message: 31,17,0 -> output: 52
input: 71 -> message: 27,27,26,7,0 -> output: 71
input: 72 -> message: 27,26,31,31,0 -> output: 72
input: 73 -> message: 32,3,2,34,31,31,24,0 -> output: 73
input: 74 -> message: 31,31,36,0 -> output: 74
input: 75 -> message: 2,0 -> output: 47
input: 76 -> message: 1,2,31,17,17,36,0 -> output: 76
input: 77 -> message: 24,0 -> output: 60
input: 78 -> message: 36,0 -> output: 63
input: 79 -> message: 31,31,24,0 -> output: 79
input: 80 -> message: 6,14,14,2,17,13,0 -> output: 80
input: 81 -> message: 31,17,0 -> output: 52
input: 82 -> message: 2,2,24,0 -> output: 93
input: 83 -> message: 27,2,31,0 -> output: 83
input: 84 -> message: 8,2,2,34,34,31,31,24,0 -> output: 84
input: 85 -> message: 3,2,17,0 -> output: 85
input: 86 -> message: 31,36,0 -> output: 86
input: 87 -> message: 2,2,17,36,0 -> output: 87
input: 88 -> message: 6,17,0 -> output: 88
input: 89 -> message: 24,0 -> output: 60
input: 90 -> message: 31,0 -> output: 90
input: 91 -> message: 31,36,0 -> output: 86
input: 92 -> message: 1,27,26,17,36,0 -> output: 92
input: 93 -> message: 2,2,24,0 -> output: 93
input: 94 -> message: 13,0 -> output: 94
input: 95 -> message: 31,31,17,24,0 -> output: 95
input: 96 -> message: 27,27,35,26,31,34,0 -> output: 96
input: 97 -> message: 2,17,17,17,36,0 -> output: 97
input: 98 -> message: 24,9,8,2,2,2,2,18,2,2,2,2,2,2,2,2,2,2,2,2,2,2,2,2,2,2,2,2,2,2 -> output: 98
input: 99 -> message: 6,17,36,0 -> output: 99
input: 100 -> message: 27,31,38,0 -> output: 100
input: 101 -> message: 2,36,0 -> output: 101
input: 102 -> message: 2,31,13,0 -> output: 102
input: 103 -> message: 16,3,2,2,34,38,0 -> output: 103
input: 104 -> message: 2,34,0 -> output: 58
input: 105 -> message: 2,24,0 -> output: 105
input: 106 -> message: 31,31,0 -> output: 109
input: 107 -> message: 26,17,0 -> output: 107
input: 108 -> message: 16,2,31,31,17,24,0 -> output: 108
input: 109 -> message: 31,31,0 -> output: 109
input: 110 -> message: 2,2,31,17,36,0 -> output: 110
input: 111 -> message: 2,2,28,0 -> output: 111
input: 112 -> message: 2,17,0 -> output: 68
input: 113 -> message: 2,31,24,0 -> output: 113
input: 114 -> message: 2,2,2,14,2,14,2,14,2,2,18,2,2,2,2,2,2,2,2,2,2,2,2,2,2,2,2,2,2,2 -> output: 114
input: 115 -> message: 27,27,27,27,17,17,36,0 -> output: 115
input: 116 -> message: 2,17,13,0 -> output: 116
input: 117 -> message: 26,31,0 -> output: 117
input: 118 -> message: 6,0 -> output: 118
input: 119 -> message: 2,31,0 -> output: 25
input: 120 -> message: 16,2,2,2,2,13,0 -> output: 120
input: 121 -> message: 31,13,0 -> output: 121
input: 122 -> message: 31,0 -> output: 90
input: 123 -> message: 2,2,2,31,31,17,36,0 -> output: 123
input: 124 -> message: 1,14,22,35,2,38,0 -> output: 124
input: 125 -> message: 2,31,24,0 -> output: 113
input: 126 -> message: 1,2,2,34,31,31,24,0 -> output: 126
input: 127 -> message: 2,2,2,2,2,31,31,29,0 -> output: 127
input: 128 -> message: 27,2,2,2,2,2,0 -> output: 128
input: 129 -> message: 6,24,0 -> output: 129
input: 130 -> message: 2,34,24,0 -> output: 139
input: 131 -> message: 20,13,0 -> output: 131
input: 132 -> message: 31,24,14,35,2,31,0 -> output: 132
input: 133 -> message: 16,27,26,31,38,0 -> output: 133
input: 134 -> message: 36,0 -> output: 63
input: 135 -> message: 31,17,17,36,14,33,3,31,17,17,36,0 -> output: 135
input: 136 -> message: 26,17,36,0 -> output: 136
input: 137 -> message: 34,24,0 -> output: 154
input: 138 -> message: 31,38,0 -> output: 138
input: 139 -> message: 2,34,24,0 -> output: 139
input: 140 -> message: 2,13,0 -> output: 140
input: 141 -> message: 2,2,31,36,0 -> output: 141
input: 142 -> message: 2,2,0 -> output: 142
input: 143 -> message: 2,2,2,2,2,2,2,2,2,2,2,2,2,2,2,2,2,2,2,2,2,2,2,2,2,2,2,2,2,2 -> output: 143
input: 144 -> message: 2,2,17,31,17,36,0 -> output: 144
input: 145 -> message: 31,0 -> output: 90
input: 146 -> message: 2,26,17,0 -> output: 146
input: 147 -> message: 2,2,2,14,2,14,2,14,2,14,2,14,2,14,2,14,2,14,2,14,2,14,2,14,2,14,2,14,2,14 -> output: 147
input: 148 -> message: 2,13,0 -> output: 140
input: 149 -> message: 2,2,31,31,17,36,0 -> output: 332
input: 150 -> message: 34,0 -> output: 49
input: 151 -> message: 31,31,31,24,0 -> output: 151
input: 152 -> message: 31,31,0 -> output: 109
input: 153 -> message: 1,2,2,2,2,2,2,2,2,2,2,2,2,2,2,2,2,2,2,2,2,2,2,2,2,2,2,2,2,2 -> output: 153
input: 154 -> message: 34,24,0 -> output: 154
input: 155 -> message: 35,35,2,31,31,36,0 -> output: 155
input: 156 -> message: 24,2,2,2,2,2,2,0 -> output: 156
input: 157 -> message: 31,17,36,0 -> output: 66
input: 158 -> message: 2,13,0 -> output: 140
input: 159 -> message: 31,17,24,0 -> output: 159
input: 160 -> message: 16,27,27,26,7,0 -> output: 160
input: 161 -> message: 27,35,2,2,2,2,0 -> output: 161
input: 162 -> message: 16,2,31,38,0 -> output: 162
input: 163 -> message: 2,2,0 -> output: 142
input: 164 -> message: 16,2,17,36,0 -> output: 164
input: 165 -> message: 2,2,34,24,0 -> output: 165
input: 166 -> message: 10,24,0 -> output: 166
input: 167 -> message: 2,29,0 -> output: 167
input: 168 -> message: 2,17,17,0 -> output: 168
input: 169 -> message: 2,26,34,34,0 -> output: 169
input: 170 -> message: 6,17,0 -> output: 88
input: 171 -> message: 2,13,0 -> output: 140
input: 172 -> message: 2,24,0 -> output: 105
input: 173 -> message: 14,35,2,2,34,38,24,0 -> output: 173
input: 174 -> message: 2,17,17,17,0 -> output: 174
input: 175 -> message: 6,0 -> output: 118
input: 176 -> message: 16,2,14,2,2,2,2,2,2,2,2,2,2,2,2,2,2,2,2,2,2,2,2,18,2,18,2,2,18,2 -> output: 176
input: 177 -> message: 2,14,0 -> output: 275
input: 178 -> message: 2,17,36,0 -> output: 178
input: 179 -> message: 10,24,0 -> output: 166
input: 180 -> message: 1,2,2,2,38,0 -> output: 180
input: 181 -> message: 6,34,0 -> output: 181
input: 182 -> message: 2,2,34,31,31,31,0 -> output: 182
input: 183 -> message: 6,24,0 -> output: 129
input: 184 -> message: 2,26,31,13,0 -> output: 184
input: 185 -> message: 1,3,34,31,31,24,0 -> output: 185
input: 186 -> message: 32,3,2,2,2,2,2,2,2,2,2,2,2,2,2,2,2,2,2,2,2,2,2,2,2,2,2,2,2,2 -> output: 186
input: 187 -> message: 2,2,2,37,29,0 -> output: 187
input: 188 -> message: 31,34,0 -> output: 248
input: 189 -> message: 31,38,24,0 -> output: 189
input: 190 -> message: 2,2,17,0 -> output: 190
input: 191 -> message: 2,17,0 -> output: 68
input: 192 -> message: 31,31,17,0 -> output: 192
input: 193 -> message: 31,17,0 -> output: 52
input: 194 -> message: 1,2,2,2,2,2,0 -> output: 194
input: 195 -> message: 2,2,31,31,24,0 -> output: 195
input: 196 -> message: 27,35,34,31,24,0 -> output: 196
input: 197 -> message: 6,6,17,36,0 -> output: 197
input: 198 -> message: 9,27,27,2,34,38,24,0 -> output: 198
input: 199 -> message: 2,17,17,36,0 -> output: 199
input: 200 -> message: 2,14,2,14,2,14,2,2,2,2,2,2,2,2,2,2,2,2,2,2,2,2,2,2,2,2,2,2,2,2 -> output: 584
input: 201 -> message: 6,6,0 -> output: 875
input: 202 -> message: 16,27,26,31,17,24,0 -> output: 202
input: 203 -> message: 2,2,38,0 -> output: 203
input: 204 -> message: 24,9,2,2,2,2,2,2,2,2,2,2,2,2,2,2,2,2,2,2,2,2,2,2,2,2,2,2,2,2 -> output: 204
input: 205 -> message: 1,2,2,2,2,2,2,24,0 -> output: 205
input: 206 -> message: 31,34,0 -> output: 248
input: 207 -> message: 14,14,2,14,14,0 -> output: 207
input: 208 -> message: 24,0 -> output: 60
input: 209 -> message: 2,6,13,0 -> output: 209
input: 210 -> message: 24,14,8,2,2,2,2,0 -> output: 210
input: 211 -> message: 2,6,0 -> output: 211
input: 212 -> message: 1,2,2,2,2,34,34,24,0 -> output: 212
input: 213 -> message: 9,2,2,38,24,0 -> output: 213
input: 214 -> message: 31,38,24,0 -> output: 189
input: 215 -> message: 14,8,2,2,34,34,24,0 -> output: 215
input: 216 -> message: 26,31,0 -> output: 117
input: 217 -> message: 2,2,2,2,13,36,0 -> output: 217
input: 218 -> message: 24,1,27,27,27,31,31,17,17,36,0 -> output: 218
input: 219 -> message: 31,38,0 -> output: 138
input: 220 -> message: 31,34,24,0 -> output: 220
input: 221 -> message: 31,24,0 -> output: 329
input: 222 -> message: 2,13,0 -> output: 140
input: 223 -> message: 26,31,17,24,0 -> output: 223
input: 224 -> message: 31,13,0 -> output: 121
input: 225 -> message: 6,2,2,17,17,36,0 -> output: 225
input: 226 -> message: 32,27,27,27,26,26,24,0 -> output: 226
input: 227 -> message: 2,2,2,31,17,36,0 -> output: 227
input: 228 -> message: 27,2,31,17,24,0 -> output: 228
input: 229 -> message: 34,0 -> output: 49
input: 230 -> message: 35,2,2,2,31,31,24,0 -> output: 230
input: 231 -> message: 6,31,0 -> output: 231
input: 232 -> message: 16,2,31,17,24,0 -> output: 232
input: 233 -> message: 2,2,31,31,17,0 -> output: 233
input: 234 -> message: 35,2,2,2,0 -> output: 234
input: 235 -> message: 31,31,31,0 -> output: 235
input: 236 -> message: 10,13,0 -> output: 236
input: 237 -> message: 31,38,0 -> output: 138
input: 238 -> message: 7,0 -> output: 238
input: 239 -> message: 24,2,2,2,2,2,0 -> output: 156
input: 240 -> message: 2,38,0 -> output: 271
input: 241 -> message: 26,17,0 -> output: 107
input: 242 -> message: 14,0 -> output: 242
input: 243 -> message: 1,22,0 -> output: 243
input: 244 -> message: 26,0 -> output: 244
input: 245 -> message: 31,31,34,0 -> output: 245
input: 246 -> message: 1,3,2,31,17,36,0 -> output: 246
input: 247 -> message: 34,31,34,0 -> output: 247
input: 248 -> message: 31,34,0 -> output: 248
input: 249 -> message: 26,17,36,36,0 -> output: 249
input: 250 -> message: 2,14,0 -> output: 275
input: 251 -> message: 27,26,13,0 -> output: 251
input: 252 -> message: 26,17,17,36,0 -> output: 252
input: 253 -> message: 2,31,38,0 -> output: 392
input: 254 -> message: 1,2,2,2,34,34,24,0 -> output: 254
input: 255 -> message: 16,10,31,17,36,0 -> output: 255
input: 256 -> message: 7,24,0 -> output: 256
input: 257 -> message: 2,14,14,14,2,2,14,2,2,2,2,2,2,2,2,18,2,18,2,18,2,18,2,2,18,2,2,2,2,2 -> output: 257
input: 258 -> message: 2,2,2,2,34,34,0 -> output: 258
input: 259 -> message: 35,2,2,2,31,31,0 -> output: 259
input: 260 -> message: 11,2,2,2,34,31,31,29,0 -> output: 260
input: 261 -> message: 2,2,31,38,0 -> output: 261
input: 262 -> message: 26,36,0 -> output: 276
input: 263 -> message: 7,0 -> output: 238
input: 264 -> message: 2,17,36,0 -> output: 178
input: 265 -> message: 32,35,2,31,31,24,0 -> output: 265
input: 266 -> message: 2,2,34,34,0 -> output: 266
input: 267 -> message: 26,13,0 -> output: 267
input: 268 -> message: 2,24,0 -> output: 105
input: 269 -> message: 2,31,31,13,0 -> output: 269
input: 270 -> message: 35,2,31,0 -> output: 270
input: 271 -> message: 2,38,0 -> output: 271
input: 272 -> message: 38,0 -> output: 272
input: 273 -> message: 10,26,24,0 -> output: 273
input: 274 -> message: 2,14,14,2,14,2,14,2,14,2,14,2,14,2,14,2,14,2,14,2,14,2,14,2,14,2,14,2,14,2 -> output: 274
input: 275 -> message: 2,14,0 -> output: 275
input: 276 -> message: 26,36,0 -> output: 276
input: 277 -> message: 24,9,8,27,2,31,17,24,0 -> output: 277
input: 278 -> message: 31,17,13,0 -> output: 278
input: 279 -> message: 24,14,33,35,20,34,0 -> output: 279
input: 280 -> message: 20,24,0 -> output: 280
input: 281 -> message: 31,31,34,24,0 -> output: 281
input: 282 -> message: 2,26,29,0 -> output: 282
input: 283 -> message: 1,14,0 -> output: 283
input: 284 -> message: 2,2,17,17,36,0 -> output: 284
input: 285 -> message: 2,2,13,0 -> output: 285
input: 286 -> message: 27,2,2,34,34,24,0 -> output: 286
input: 287 -> message: 19,2,2,2,31,17,36,0 -> output: 287
input: 288 -> message: 27,26,34,0 -> output: 288
input: 289 -> message: 24,14,25,18,18,2,2,18,2,2,2,2,18,2,2,2,2,2,2,2,2,18,2,18,2,2,2,18,2,2 -> output: 289
input: 290 -> message: 32,27,27,35,26,38,0 -> output: 290
input: 291 -> message: 3,2,2,34,24,0 -> output: 291
input: 292 -> message: 16,15,27,27,27,26,26,31,0 -> output: 292
input: 293 -> message: 14,2,2,2,2,2,2,2,24,0 -> output: 293
input: 294 -> message: 7,36,0 -> output: 294
input: 295 -> message: 2,2,29,0 -> output: 295
input: 296 -> message: 2,2,2,24,0 -> output: 296
input: 297 -> message: 2,2,2,2,2,0 -> output: 297
input: 298 -> message: 10,31,0 -> output: 298
input: 299 -> message: 31,17,17,0 -> output: 299
input: 300 -> message: 2,31,31,29,0 -> output: 300
input: 301 -> message: 35,2,2,31,31,24,0 -> output: 301
input: 302 -> message: 16,27,27,31,31,31,24,0 -> output: 302
input: 303 -> message: 26,38,0 -> output: 656
input: 304 -> message: 8,2,2,38,0 -> output: 304
input: 305 -> message: 16,10,7,0 -> output: 305
input: 306 -> message: 6,25,25,18,18,18,2,2,2,18,2,2,2,18,2,2,2,18,2,2,2,18,2,2,2,18,2,2,18,2 -> output: 306
input: 307 -> message: 32,8,8,2,34,31,34,0 -> output: 307
input: 308 -> message: 24,14,2,2,2,2,28,0 -> output: 308
input: 309 -> message: 16,27,35,26,13,0 -> output: 309
input: 310 -> message: 6,29,0 -> output: 310
input: 311 -> message: 16,2,14,25,2,2,2,2,2,2,2,2,2,18,2,2,18,2,2,2,2,2,2,18,2,2,2,2,2,2 -> output: 311
input: 312 -> message: 2,2,13,0 -> output: 285
input: 313 -> message: 8,3,2,31,31,31,24,0 -> output: 313
input: 314 -> message: 16,2,2,31,31,31,0 -> output: 314
input: 315 -> message: 2,37,0 -> output: 315
input: 316 -> message: 27,26,17,0 -> output: 316
input: 317 -> message: 2,31,31,38,0 -> output: 317
input: 318 -> message: 2,2,2,31,31,29,0 -> output: 318
input: 319 -> message: 2,2,2,34,34,34,0 -> output: 381
input: 320 -> message: 16,2,31,31,31,24,0 -> output: 320
input: 321 -> message: 2,2,2,2,38,0 -> output: 321
input: 322 -> message: 16,3,6,13,0 -> output: 322
input: 323 -> message: 3,2,34,38,24,0 -> output: 323
input: 324 -> message: 6,31,0 -> output: 231
input: 325 -> message: 6,2,2,2,14,14,0 -> output: 325
input: 326 -> message: 16,31,34,24,0 -> output: 326
input: 327 -> message: 34,34,0 -> output: 327
input: 328 -> message: 2,26,17,17,0 -> output: 328
input: 329 -> message: 31,24,0 -> output: 329
input: 330 -> message: 24,9,8,2,2,34,24,0 -> output: 330
input: 331 -> message: 2,17,29,0 -> output: 331
input: 332 -> message: 2,2,31,31,17,36,0 -> output: 332
input: 333 -> message: 35,35,2,2,2,34,24,0 -> output: 333
input: 334 -> message: 35,2,2,38,24,0 -> output: 334
input: 335 -> message: 31,34,13,0 -> output: 335
input: 336 -> message: 2,2,38,24,0 -> output: 336
input: 337 -> message: 26,24,0 -> output: 337
input: 338 -> message: 2,2,2,2,14,14,2,2,2,2,2,2,2,2,2,2,2,2,2,2,2,2,2,2,2,2,2,2,2,2 -> output: 338
input: 339 -> message: 2,2,34,31,31,0 -> output: 339
input: 340 -> message: 24,14,8,8,38,13,0 -> output: 340
input: 341 -> message: 3,2,2,2,2,2,24,0 -> output: 341
input: 342 -> message: 10,31,17,24,0 -> output: 342
input: 343 -> message: 2,2,31,31,17,0 -> output: 233
input: 344 -> message: 2,6,29,0 -> output: 344
input: 345 -> message: 26,31,31,17,36,0 -> output: 345
input: 346 -> message: 14,3,2,2,2,34,31,31,24,0 -> output: 346
input: 347 -> message: 16,2,2,2,2,24,0 -> output: 347
input: 348 -> message: 2,2,2,37,0 -> output: 348
input: 349 -> message: 6,34,24,0 -> output: 349
input: 350 -> message: 2,2,2,2,37,0 -> output: 581
input: 351 -> message: 35,31,17,24,0 -> output: 351
input: 352 -> message: 35,35,2,2,31,17,0 -> output: 352
input: 353 -> message: 2,14,2,2,2,2,2,2,2,2,2,2,2,2,2,2,2,2,2,2,2,2,2,2,2,2,2,2,2,2 -> output: 372
input: 354 -> message: 16,35,31,31,31,29,0 -> output: 354
input: 355 -> message: 16,8,8,8,2,34,31,31,24,0 -> output: 355
input: 356 -> message: 2,14,25,18,18,2,2,2,2,2,2,2,2,2,2,2,18,2,2,2,2,2,2,2,2,2,18,2,2,2 -> output: 356
input: 357 -> message: 27,2,2,2,2,38,24,0 -> output: 357
input: 358 -> message: 27,2,2,2,24,0 -> output: 358
input: 359 -> message: 14,33,2,2,2,14,0 -> output: 359
input: 360 -> message: 10,38,0 -> output: 360
input: 361 -> message: 9,27,2,38,24,0 -> output: 361
input: 362 -> message: 2,6,24,0 -> output: 362
input: 363 -> message: 2,2,2,0 -> output: 363
input: 364 -> message: 7,29,0 -> output: 364
input: 365 -> message: 2,2,2,2,2,14,2,2,2,2,2,2,2,2,2,2,2,2,2,2,2,2,2,2,2,2,2,2,2,2 -> output: 937
input: 366 -> message: 24,9,2,2,2,38,13,0 -> output: 366
input: 367 -> message: 2,2,2,2,2,2,28,0 -> output: 367
input: 368 -> message: 10,17,0 -> output: 368
input: 369 -> message: 8,2,2,34,34,24,0 -> output: 369
input: 370 -> message: 5,14,2,14,14,14,14,14,14,14,14,14,14,14,14,14,14,14,14,14,14,14,14,14,14,14,14,14,14,14 -> output: 370
input: 371 -> message: 26,17,13,0 -> output: 371
input: 372 -> message: 2,14,2,2,2,2,2,2,2,2,2,2,2,2,2,2,2,2,2,2,2,2,2,2,2,2,2,2,2,2 -> output: 372
input: 373 -> message: 27,8,2,2,2,2,2,34,34,24,0 -> output: 373
input: 374 -> message: 16,3,2,2,2,0 -> output: 374
input: 375 -> message: 7,0 -> output: 238
input: 376 -> message: 1,2,2,2,2,2,2,2,2,2,2,2,2,2,2,2,2,2,2,2,2,2,2,2,2,2,2,2,2,2 -> output: 153
input: 377 -> message: 3,2,2,14,0 -> output: 377
input: 378 -> message: 2,2,2,2,0 -> output: 378
input: 379 -> message: 6,14,0 -> output: 933
input: 380 -> message: 2,2,2,2,37,29,0 -> output: 380
input: 381 -> message: 2,2,2,34,34,24,0 -> output: 381
input: 382 -> message: 2,2,2,2,2,0 -> output: 297
input: 383 -> message: 2,2,2,31,31,24,0 -> output: 383
input: 384 -> message: 16,2,2,2,34,24,0 -> output: 384
input: 385 -> message: 6,29,0 -> output: 310
input: 386 -> message: 16,8,8,2,2,34,31,34,0 -> output: 386
input: 387 -> message: 10,31,31,17,36,0 -> output: 387
input: 388 -> message: 6,24,9,9,27,27,27,27,31,17,24,0 -> output: 388
input: 389 -> message: 3,2,31,17,24,0 -> output: 389
input: 390 -> message: 10,31,17,13,0 -> output: 390
input: 391 -> message: 10,14,0 -> output: 391
input: 392 -> message: 2,31,38,0 -> output: 392
input: 393 -> message: 6,29,23,23,27,27,27,31,17,31,17,36,0 -> output: 393
input: 394 -> message: 2,2,2,2,2,0 -> output: 297
input: 395 -> message: 2,2,14,25,2,2,2,2,2,2,2,2,2,2,2,2,18,2,2,2,2,2,2,2,2,2,2,2,2,2 -> output: 395
input: 396 -> message: 20,24,0 -> output: 280
input: 397 -> message: 20,34,24,0 -> output: 397
input: 398 -> message: 2,2,2,2,29,0 -> output: 398
input: 399 -> message: 2,31,34,24,0 -> output: 399
input: 400 -> message: 2,2,2,2,17,31,36,0 -> output: 400
input: 401 -> message: 27,35,2,2,31,31,31,0 -> output: 401
input: 402 -> message: 35,2,2,34,34,24,0 -> output: 402
input: 403 -> message: 10,31,24,0 -> output: 582
input: 404 -> message: 31,24,0 -> output: 329
input: 405 -> message: 2,2,2,17,17,36,0 -> output: 405
input: 406 -> message: 7,14,2,2,2,2,2,2,2,2,2,2,2,2,2,2,2,2,2,2,2,2,2,2,2,2,2,2,2,2 -> output: 406
input: 407 -> message: 2,31,38,24,0 -> output: 407
input: 408 -> message: 2,34,38,24,0 -> output: 408
input: 409 -> message: 26,31,13,0 -> output: 409
input: 410 -> message: 35,2,38,24,0 -> output: 410
input: 411 -> message: 2,2,2,34,31,0 -> output: 411
input: 412 -> message: 31,31,13,0 -> output: 412
input: 413 -> message: 35,26,17,36,0 -> output: 413
input: 414 -> message: 2,2,6,0 -> output: 666
input: 415 -> message: 24,8,8,2,38,17,0 -> output: 415
input: 416 -> message: 14,14,25,2,2,2,14,0 -> output: 416
input: 417 -> message: 16,35,2,38,0 -> output: 417
input: 418 -> message: 2,29,0 -> output: 167
input: 419 -> message: 27,27,2,34,34,24,0 -> output: 419
input: 420 -> message: 35,2,31,31,24,0 -> output: 420
input: 421 -> message: 32,8,27,35,2,2,34,34,24,0 -> output: 421
input: 422 -> message: 2,2,2,34,31,31,29,0 -> output: 422
input: 423 -> message: 19,14,8,2,2,38,24,0 -> output: 423
input: 424 -> message: 29,15,15,27,27,31,31,17,31,17,36,0 -> output: 424
input: 425 -> message: 7,14,0 -> output: 425
input: 426 -> message: 1,2,2,2,31,31,29,0 -> output: 426
input: 427 -> message: 27,35,31,31,24,0 -> output: 427
input: 428 -> message: 10,31,17,24,0 -> output: 342
input: 429 -> message: 16,3,2,2,2,2,38,0 -> output: 429
input: 430 -> message: 16,2,2,2,31,17,36,0 -> output: 430
input: 431 -> message: 2,2,2,2,2,38,0 -> output: 431
input: 432 -> message: 16,3,34,31,31,0 -> output: 432
input: 433 -> message: 2,2,28,0 -> output: 111
input: 434 -> message: 34,34,24,0 -> output: 972
input: 435 -> message: 20,34,0 -> output: 435
input: 436 -> message: 16,2,2,2,38,0 -> output: 436
input: 437 -> message: 2,34,34,24,0 -> output: 437
input: 438 -> message: 24,9,8,8,17,13,36,0 -> output: 438
input: 439 -> message: 10,29,0 -> output: 439
input: 440 -> message: 14,2,2,2,2,2,0 -> output: 440
input: 441 -> message: 2,2,38,29,0 -> output: 441
input: 442 -> message: 35,2,34,31,31,24,0 -> output: 442
input: 443 -> message: 26,0 -> output: 244
input: 444 -> message: 14,22,35,31,31,13,0 -> output: 444
input: 445 -> message: 28,14,2,2,2,2,2,2,2,2,2,2,2,2,2,2,2,2,2,2,2,2,2,2,2,2,2,2,2,2 -> output: 445
input: 446 -> message: 26,29,0 -> output: 446
input: 447 -> message: 2,28,0 -> output: 447
input: 448 -> message: 6,38,0 -> output: 448
input: 449 -> message: 35,31,34,24,0 -> output: 449
input: 450 -> message: 1,2,2,31,17,17,0 -> output: 32
input: 451 -> message: 2,34,38,0 -> output: 451
input: 452 -> message: 5,14,33,2,2,2,2,24,0 -> output: 452
input: 453 -> message: 31,34,24,0 -> output: 220
input: 454 -> message: 6,6,0 -> output: 875
input: 455 -> message: 2,38,0 -> output: 271
input: 456 -> message: 27,27,31,17,24,0 -> output: 456
input: 457 -> message: 35,2,2,34,24,0 -> output: 457
input: 458 -> message: 6,38,0 -> output: 448
input: 459 -> message: 16,2,2,34,34,24,0 -> output: 459
input: 460 -> message: 16,27,31,17,24,0 -> output: 460
input: 461 -> message: 29,23,15,27,27,17,31,17,17,17,36,14,33,3,31,17,17,36,0 -> output: 461
input: 462 -> message: 27,27,2,2,34,31,24,0 -> output: 462
input: 463 -> message: 2,26,31,38,0 -> output: 463
input: 464 -> message: 14,14,35,2,2,2,38,0 -> output: 464
input: 465 -> message: 2,2,2,2,2,31,31,24,0 -> output: 127
input: 466 -> message: 31,34,0 -> output: 248
input: 467 -> message: 27,31,17,24,0 -> output: 467
input: 468 -> message: 2,14,2,2,2,2,2,2,2,2,2,2,2,2,2,2,2,2,2,2,2,2,2,2,2,2,2,2,2,2 -> output: 372
input: 469 -> message: 10,31,17,24,0 -> output: 342
input: 470 -> message: 16,3,2,13,0 -> output: 470
input: 471 -> message: 27,2,2,2,0 -> output: 471
input: 472 -> message: 10,2,17,17,36,0 -> output: 472
input: 473 -> message: 3,34,31,0 -> output: 473
input: 474 -> message: 2,2,2,2,34,31,31,24,0 -> output: 638
input: 475 -> message: 35,2,2,2,2,0 -> output: 475
input: 476 -> message: 2,2,2,2,31,31,24,0 -> output: 476
input: 477 -> message: 14,2,2,2,34,24,0 -> output: 477
input: 478 -> message: 35,2,2,34,31,24,0 -> output: 478
input: 479 -> message: 16,3,31,17,36,0 -> output: 479
input: 480 -> message: 35,2,2,2,38,0 -> output: 480
input: 481 -> message: 24,14,2,2,2,2,0 -> output: 481
input: 482 -> message: 29,23,23,27,31,31,17,31,17,36,14,33,3,31,17,17,36,0 -> output: 482
input: 483 -> message: 16,2,2,29,0 -> output: 483
input: 484 -> message: 10,34,0 -> output: 679
input: 485 -> message: 16,35,31,31,31,0 -> output: 485
input: 486 -> message: 2,14,14,14,14,14,14,14,14,14,14,14,14,14,14,14,14,14,14,14,14,14,14,14,14,14,14,14,14,14 -> output: 486
input: 487 -> message: 2,14,25,18,2,2,2,2,2,2,2,2,2,2,2,2,2,2,2,2,2,2,2,2,18,2,2,2,2,2 -> output: 356
input: 488 -> message: 14,25,2,2,2,2,2,2,2,2,2,2,2,2,2,2,2,2,2,2,2,2,2,2,2,2,2,2,2,2 -> output: 488
input: 489 -> message: 2,26,0 -> output: 489
input: 490 -> message: 5,8,24,8,8,17,17,17,36,14,33,3,31,17,17,36,14,33,3,31,17,17,36,0 -> output: 490
input: 491 -> message: 5,14,35,2,2,2,2,38,0 -> output: 491
input: 492 -> message: 27,35,2,31,17,0 -> output: 492
input: 493 -> message: 14,33,16,8,35,34,31,24,0 -> output: 493
input: 494 -> message: 3,2,13,0 -> output: 494
input: 495 -> message: 2,4,0 -> output: 495
input: 496 -> message: 16,27,2,34,38,0 -> output: 496
input: 497 -> message: 8,35,2,31,31,31,0 -> output: 497
input: 498 -> message: 3,2,2,34,31,24,0 -> output: 498
input: 499 -> message: 16,27,2,31,38,0 -> output: 499
input: 500 -> message: 16,2,2,2,0 -> output: 500
input: 501 -> message: 26,38,0 -> output: 656
input: 502 -> message: 16,35,2,2,0 -> output: 502
input: 503 -> message: 16,35,2,2,2,0 -> output: 503
input: 504 -> message: 8,2,2,34,31,31,0 -> output: 504
input: 505 -> message: 6,14,25,18,18,2,2,2,2,2,2,2,2,18,2,2,2,18,2,2,18,2,2,18,2,2,18,2,2,18 -> output: 505
input: 506 -> message: 16,3,26,31,17,36,0 -> output: 506
input: 507 -> message: 6,13,0 -> output: 507
input: 508 -> message: 2,2,34,38,24,0 -> output: 508
input: 509 -> message: 2,2,2,2,2,31,24,0 -> output: 509
input: 510 -> message: 2,14,2,2,2,2,2,2,2,2,2,2,2,2,2,2,2,2,2,2,2,2,2,2,2,2,2,2,2,2 -> output: 372
input: 511 -> message: 2,2,2,2,31,31,29,0 -> output: 511
input: 512 -> message: 32,8,27,27,27,31,31,17,24,0 -> output: 512
input: 513 -> message: 2,34,31,24,0 -> output: 513
input: 514 -> message: 27,35,26,38,0 -> output: 514
input: 515 -> message: 6,18,0 -> output: 515
input: 516 -> message: 2,34,34,24,0 -> output: 437
input: 517 -> message: 5,2,2,2,2,2,14,0 -> output: 517
input: 518 -> message: 10,13,0 -> output: 236
input: 519 -> message: 35,2,31,31,31,24,0 -> output: 519
input: 520 -> message: 26,34,0 -> output: 520
input: 521 -> message: 2,37,0 -> output: 315
input: 522 -> message: 7,0 -> output: 238
input: 523 -> message: 27,27,2,2,2,38,0 -> output: 523
input: 524 -> message: 31,24,0 -> output: 329
input: 525 -> message: 14,8,2,2,2,34,34,24,0 -> output: 525
input: 526 -> message: 31,34,24,0 -> output: 220
input: 527 -> message: 10,31,0 -> output: 298
input: 528 -> message: 5,2,2,2,2,31,17,36,0 -> output: 528
input: 529 -> message: 27,35,31,17,24,0 -> output: 529
input: 530 -> message: 16,2,2,31,17,36,0 -> output: 530
input: 531 -> message: 8,8,27,27,35,26,34,24,0 -> output: 531
input: 532 -> message: 24,25,25,18,18,2,2,2,2,18,2,2,2,2,18,2,2,2,2,18,2,2,2,2,2,2,2,2,2,2 -> output: 532
input: 533 -> message: 5,14,8,3,2,34,31,13,0 -> output: 533
input: 534 -> message: 2,2,31,13,0 -> output: 534
input: 535 -> message: 26,31,17,24,0 -> output: 223
input: 536 -> message: 6,14,11,2,2,34,31,24,0 -> output: 536
input: 537 -> message: 35,2,2,2,2,38,24,0 -> output: 537
input: 538 -> message: 2,26,17,36,0 -> output: 869
input: 539 -> message: 27,31,34,24,0 -> output: 539
input: 540 -> message: 2,34,34,0 -> output: 540
input: 541 -> message: 27,26,26,13,0 -> output: 541
input: 542 -> message: 2,2,2,2,34,38,0 -> output: 542
input: 543 -> message: 7,29,0 -> output: 364
input: 544 -> message: 26,29,0 -> output: 446
input: 545 -> message: 2,2,2,2,2,2,0 -> output: 367
input: 546 -> message: 5,1,8,8,27,2,31,17,24,0 -> output: 546
input: 547 -> message: 16,2,2,2,13,0 -> output: 547
input: 548 -> message: 8,27,31,31,31,24,0 -> output: 548
input: 549 -> message: 27,27,2,2,2,2,24,0 -> output: 549
input: 550 -> message: 2,2,2,2,2,24,0 -> output: 550
input: 551 -> message: 31,34,24,0 -> output: 220
input: 552 -> message: 2,2,38,13,0 -> output: 552
input: 553 -> message: 2,2,2,38,0 -> output: 553
input: 554 -> message: 31,31,17,36,0 -> output: 554
input: 555 -> message: 14,2,2,2,34,34,24,0 -> output: 555
input: 556 -> message: 6,14,0 -> output: 933
input: 557 -> message: 2,2,2,37,0 -> output: 348
input: 558 -> message: 31,17,24,0 -> output: 159
input: 559 -> message: 24,9,2,2,2,2,2,18,2,2,2,2,2,2,2,2,2,2,2,2,2,2,2,2,2,2,2,2,2,2 -> output: 204
input: 560 -> message: 19,14,2,2,2,29,0 -> output: 560
input: 561 -> message: 7,14,0 -> output: 425
input: 562 -> message: 35,2,2,2,31,17,0 -> output: 562
input: 563 -> message: 6,14,3,2,2,38,13,0 -> output: 563
input: 564 -> message: 16,3,2,34,38,24,0 -> output: 564
input: 565 -> message: 32,27,35,2,2,2,0 -> output: 565
input: 566 -> message: 16,2,2,2,2,29,0 -> output: 566
input: 567 -> message: 35,2,26,13,0 -> output: 567
input: 568 -> message: 35,2,31,31,36,0 -> output: 568
input: 569 -> message: 2,14,2,2,2,2,2,2,2,2,2,2,2,2,2,2,2,2,2,2,2,2,2,2,2,2,2,2,2,2 -> output: 372
input: 570 -> message: 2,26,13,0 -> output: 814
input: 571 -> message: 28,14,2,2,2,2,0 -> output: 571
input: 572 -> message: 16,35,2,31,31,31,0 -> output: 572
input: 573 -> message: 6,29,23,23,23,27,27,31,17,31,17,36,0 -> output: 573
input: 574 -> message: 26,24,0 -> output: 337
input: 575 -> message: 2,37,0 -> output: 315
input: 576 -> message: 14,33,8,8,8,27,31,31,24,0 -> output: 493
input: 577 -> message: 2,2,2,0 -> output: 363
input: 578 -> message: 32,8,2,2,2,34,34,24,0 -> output: 851
input: 579 -> message: 26,38,0 -> output: 656
input: 580 -> message: 19,2,2,2,2,14,0 -> output: 580
input: 581 -> message: 2,2,2,2,37,0 -> output: 581
input: 582 -> message: 10,31,24,0 -> output: 582
input: 583 -> message: 16,35,2,2,38,0 -> output: 583
input: 584 -> message: 2,14,2,14,2,14,2,14,2,14,2,14,2,14,2,14,2,14,2,14,2,14,2,14,2,14,2,14,2,14 -> output: 584
input: 585 -> message: 27,35,2,2,17,36,0 -> output: 585
input: 586 -> message: 14,8,8,2,34,34,34,0 -> output: 586
input: 587 -> message: 16,2,2,31,17,0 -> output: 587
input: 588 -> message: 5,14,8,2,2,2,34,34,24,0 -> output: 588
input: 589 -> message: 10,17,17,0 -> output: 589
input: 590 -> message: 16,35,2,2,2,2,0 -> output: 590
input: 591 -> message: 2,2,6,13,0 -> output: 591
input: 592 -> message: 16,3,10,31,31,17,0 -> output: 592
input: 593 -> message: 10,31,24,0 -> output: 582
input: 594 -> message: 2,26,38,0 -> output: 594
input: 595 -> message: 2,2,2,2,2,29,0 -> output: 380
input: 596 -> message: 31,17,17,0 -> output: 299
input: 597 -> message: 2,26,34,24,0 -> output: 597
input: 598 -> message: 2,2,2,31,31,31,24,0 -> output: 598
input: 599 -> message: 1,2,2,17,36,0 -> output: 599
input: 600 -> message: 2,2,2,29,0 -> output: 666
input: 601 -> message: 16,35,2,31,17,24,0 -> output: 601
input: 602 -> message: 6,38,0 -> output: 448
input: 603 -> message: 15,15,27,31,17,31,36,0 -> output: 603
input: 604 -> message: 2,28,0 -> output: 447
input: 605 -> message: 35,2,31,17,0 -> output: 605
input: 606 -> message: 16,2,2,2,37,29,0 -> output: 606
input: 607 -> message: 31,24,0 -> output: 329
input: 608 -> message: 10,26,38,0 -> output: 608
input: 609 -> message: 2,2,37,29,0 -> output: 609
input: 610 -> message: 10,26,13,0 -> output: 610
input: 611 -> message: 2,34,31,31,24,0 -> output: 611
input: 612 -> message: 16,2,2,17,36,0 -> output: 612
input: 613 -> message: 27,2,31,38,0 -> output: 613
input: 614 -> message: 2,26,38,24,0 -> output: 614
input: 615 -> message: 8,8,8,8,2,2,2,2,2,34,34,0 -> output: 615
input: 616 -> message: 2,38,24,0 -> output: 616
input: 617 -> message: 2,37,0 -> output: 315
input: 618 -> message: 2,28,0 -> output: 447
input: 619 -> message: 31,17,17,36,0 -> output: 619
input: 620 -> message: 26,31,31,13,0 -> output: 620
input: 621 -> message: 10,31,13,0 -> output: 621
input: 622 -> message: 26,34,0 -> output: 520
input: 623 -> message: 10,38,0 -> output: 360
input: 624 -> message: 2,2,2,2,34,34,24,0 -> output: 258
input: 625 -> message: 27,2,34,31,24,0 -> output: 625
input: 626 -> message: 2,2,14,2,2,2,2,2,2,2,2,2,2,2,2,2,2,2,2,2,2,2,2,2,2,2,2,2,2,2 -> output: 626
input: 627 -> message: 16,35,2,2,2,38,0 -> output: 662
input: 628 -> message: 6,31,36,0 -> output: 628
input: 629 -> message: 2,2,29,0 -> output: 295
input: 630 -> message: 21,2,2,2,31,31,17,36,0 -> output: 630
input: 631 -> message: 14,33,8,8,8,38,31,13,0 -> output: 493
input: 632 -> message: 3,2,38,0 -> output: 632
input: 633 -> message: 2,2,2,2,34,24,0 -> output: 633
input: 634 -> message: 10,34,24,0 -> output: 634
input: 635 -> message: 2,2,38,24,0 -> output: 336
input: 636 -> message: 24,25,25,2,2,18,0 -> output: 636
input: 637 -> message: 35,2,34,38,0 -> output: 777
input: 638 -> message: 2,2,2,2,34,31,24,0 -> output: 638
input: 639 -> message: 6,38,0 -> output: 448
input: 640 -> message: 14,11,2,31,31,31,24,0 -> output: 640
input: 641 -> message: 7,14,0 -> output: 425
input: 642 -> message: 35,2,2,31,31,17,36,0 -> output: 642
input: 643 -> message: 24,9,2,2,34,34,24,0 -> output: 643
input: 644 -> message: 7,14,14,2,2,2,2,2,2,2,2,2,2,2,2,2,2,2,2,2,2,2,2,2,2,2,2,2,2,2 -> output: 644
input: 645 -> message: 27,2,2,17,0 -> output: 645
input: 646 -> message: 7,0 -> output: 238
input: 647 -> message: 2,2,2,29,0 -> output: 666
input: 648 -> message: 16,3,10,31,31,29,0 -> output: 648
input: 649 -> message: 5,8,8,2,2,2,34,34,0 -> output: 67
input: 650 -> message: 26,38,0 -> output: 656
input: 651 -> message: 16,3,2,26,13,0 -> output: 651
input: 652 -> message: 10,26,26,24,0 -> output: 652
input: 653 -> message: 6,13,0 -> output: 507
input: 654 -> message: 2,2,28,0 -> output: 111
input: 655 -> message: 2,24,0 -> output: 105
input: 656 -> message: 26,38,0 -> output: 656
input: 657 -> message: 2,38,0 -> output: 271
input: 658 -> message: 2,2,2,2,13,0 -> output: 658
input: 659 -> message: 2,2,2,29,0 -> output: 666
input: 660 -> message: 35,2,2,2,31,13,0 -> output: 562
input: 661 -> message: 2,2,2,2,38,24,0 -> output: 661
input: 662 -> message: 16,35,2,2,2,38,0 -> output: 662
input: 663 -> message: 10,37,0 -> output: 663
input: 664 -> message: 35,2,34,31,24,0 -> output: 664
input: 665 -> message: 5,14,2,2,2,2,2,0 -> output: 778
input: 666 -> message: 2,2,2,29,0 -> output: 666
input: 667 -> message: 2,2,2,2,2,2,2,2,2,2,2,2,2,2,2,2,2,2,2,2,2,2,2,2,2,2,2,2,2,2 -> output: 143
input: 668 -> message: 26,34,24,0 -> output: 668
input: 669 -> message: 16,2,2,2,38,24,0 -> output: 669
input: 670 -> message: 24,8,8,8,2,38,13,0 -> output: 670
input: 671 -> message: 2,2,2,2,31,36,0 -> output: 935
input: 672 -> message: 10,34,24,0 -> output: 634
input: 673 -> message: 27,2,31,24,0 -> output: 673
input: 674 -> message: 26,13,0 -> output: 267
input: 675 -> message: 35,2,34,38,24,0 -> output: 675
input: 676 -> message: 2,26,31,29,0 -> output: 184
input: 677 -> message: 35,2,31,38,0 -> output: 677
input: 678 -> message: 26,14,25,2,2,2,2,2,2,2,2,2,2,2,2,2,2,2,2,2,2,2,2,2,2,2,2,2,2,2 -> output: 678
input: 679 -> message: 10,34,0 -> output: 679
input: 680 -> message: 6,37,0 -> output: 680
input: 681 -> message: 6,14,22,22,22,22,22,6,26,17,17,36,0 -> output: 80
input: 682 -> message: 1,2,2,31,17,36,0 -> output: 682
input: 683 -> message: 10,38,0 -> output: 360
input: 684 -> message: 2,38,0 -> output: 271
input: 685 -> message: 10,34,24,0 -> output: 634
input: 686 -> message: 7,14,0 -> output: 425
input: 687 -> message: 8,8,35,2,34,31,31,34,0 -> output: 687
input: 688 -> message: 16,35,2,2,2,2,24,0 -> output: 688
input: 689 -> message: 2,2,2,34,24,0 -> output: 689
input: 690 -> message: 2,4,0 -> output: 495
input: 691 -> message: 26,13,0 -> output: 267
input: 692 -> message: 14,33,3,2,34,31,31,24,0 -> output: 692
input: 693 -> message: 7,14,25,18,2,2,2,2,18,2,2,2,18,2,2,2,18,2,2,2,18,2,2,2,18,2,2,2,18,2 -> output: 693
input: 694 -> message: 35,2,2,2,37,0 -> output: 694
input: 695 -> message: 27,31,31,13,0 -> output: 855
input: 696 -> message: 16,27,35,31,31,24,0 -> output: 37
input: 697 -> message: 2,2,2,2,14,0 -> output: 697
input: 698 -> message: 2,2,29,0 -> output: 295
input: 699 -> message: 35,31,34,34,0 -> output: 699
input: 700 -> message: 35,31,31,24,0 -> output: 700
input: 701 -> message: 16,35,34,38,24,0 -> output: 701
input: 702 -> message: 24,9,2,2,2,2,2,2,2,2,2,2,2,2,2,2,2,2,2,2,2,2,2,2,2,2,2,2,2,2 -> output: 204
input: 703 -> message: 16,35,2,2,34,24,0 -> output: 703
input: 704 -> message: 24,14,2,2,2,2,0 -> output: 481
input: 705 -> message: 5,2,2,2,2,34,38,0 -> output: 517
input: 706 -> message: 35,2,2,2,2,2,2,0 -> output: 706
input: 707 -> message: 2,2,2,2,2,0 -> output: 297
input: 708 -> message: 10,13,0 -> output: 236
input: 709 -> message: 35,2,2,31,17,36,0 -> output: 709
input: 710 -> message: 16,3,2,2,2,24,0 -> output: 710
input: 711 -> message: 32,2,2,2,2,31,31,24,0 -> output: 711
input: 712 -> message: 2,2,2,31,31,0 -> output: 712
input: 713 -> message: 7,29,0 -> output: 364
input: 714 -> message: 16,27,27,2,31,31,24,0 -> output: 714
input: 715 -> message: 2,2,38,0 -> output: 203
input: 716 -> message: 20,29,0 -> output: 716
input: 717 -> message: 24,14,3,2,34,31,29,0 -> output: 717
input: 718 -> message: 6,17,17,36,0 -> output: 718
input: 719 -> message: 34,38,0 -> output: 719
input: 720 -> message: 3,2,2,31,31,24,0 -> output: 720
input: 721 -> message: 8,27,27,35,34,31,31,24,0 -> output: 721
input: 722 -> message: 15,8,27,2,2,34,34,34,34,0 -> output: 722
input: 723 -> message: 2,20,24,0 -> output: 723
input: 724 -> message: 16,3,2,31,17,36,0 -> output: 724
input: 725 -> message: 16,2,31,31,17,0 -> output: 725
input: 726 -> message: 2,2,2,14,0 -> output: 726
input: 727 -> message: 3,2,2,2,38,24,0 -> output: 727
input: 728 -> message: 2,26,7,0 -> output: 146
input: 729 -> message: 2,37,29,0 -> output: 729
input: 730 -> message: 6,14,14,14,14,14,14,14,14,14,14,14,14,14,14,14,14,14,14,14,14,14,14,14,14,14,14,14,14,14 -> output: 993
input: 731 -> message: 26,13,0 -> output: 267
input: 732 -> message: 26,38,29,0 -> output: 732
input: 733 -> message: 26,13,0 -> output: 267
input: 734 -> message: 2,28,0 -> output: 447
input: 735 -> message: 8,27,27,27,2,2,34,34,24,0 -> output: 735
input: 736 -> message: 2,26,24,0 -> output: 736
input: 737 -> message: 26,6,29,0 -> output: 737
input: 738 -> message: 2,29,0 -> output: 167
input: 739 -> message: 31,34,24,0 -> output: 220
input: 740 -> message: 6,14,2,2,2,2,2,2,2,2,2,2,2,2,2,2,2,2,2,2,2,2,2,2,2,2,2,2,2,2 -> output: 740
input: 741 -> message: 14,33,35,2,38,24,0 -> output: 741
input: 742 -> message: 14,3,2,2,2,2,2,2,2,2,2,2,2,2,2,2,2,2,2,2,2,2,2,2,2,2,2,2,2,2 -> output: 742
input: 743 -> message: 6,14,2,2,2,14,2,2,2,2,2,2,2,2,2,2,2,2,2,2,2,2,2,2,2,2,2,2,2,2 -> output: 740
input: 744 -> message: 2,2,14,0 -> output: 744
input: 745 -> message: 6,2,2,14,2,2,2,2,2,2,2,2,2,2,2,2,2,2,2,18,2,2,18,2,2,18,2,2,2,2 -> output: 745
input: 746 -> message: 5,35,2,2,2,2,2,0 -> output: 746
input: 747 -> message: 2,31,38,24,0 -> output: 407
input: 748 -> message: 16,34,34,24,0 -> output: 748
input: 749 -> message: 5,14,3,2,2,34,34,34,0 -> output: 533
input: 750 -> message: 2,2,2,2,31,36,0 -> output: 935
input: 751 -> message: 2,2,2,2,2,14,2,2,2,2,2,2,2,2,2,2,2,2,2,2,2,2,2,2,2,2,2,2,2,2 -> output: 937
input: 752 -> message: 14,8,2,2,2,2,2,2,2,2,2,2,2,2,2,2,2,2,2,2,2,2,2,2,2,2,2,2,2,2 -> output: 752
input: 753 -> message: 2,14,0 -> output: 275
input: 754 -> message: 24,9,2,2,2,2,2,2,9,2,2,2,2,2,2,2,2,2,2,2,2,2,2,2,2,2,2,2,2,2 -> output: 204
input: 755 -> message: 35,31,38,0 -> output: 755
input: 756 -> message: 2,2,2,2,28,0 -> output: 756
input: 757 -> message: 35,2,2,2,38,13,0 -> output: 757
input: 758 -> message: 2,2,2,2,0 -> output: 378
input: 759 -> message: 35,2,31,17,36,0 -> output: 759
input: 760 -> message: 14,2,2,2,2,2,2,0 -> output: 760
input: 761 -> message: 6,13,0 -> output: 507
input: 762 -> message: 24,14,8,2,34,31,29,0 -> output: 807
input: 763 -> message: 10,14,14,2,2,2,2,2,2,2,2,2,2,2,2,2,2,2,2,2,2,2,2,2,2,2,2,2,2,2 -> output: 763
input: 764 -> message: 16,2,2,2,38,24,0 -> output: 669
input: 765 -> message: 27,27,27,35,34,38,24,0 -> output: 765
input: 766 -> message: 16,8,35,2,34,34,24,0 -> output: 766
input: 767 -> message: 14,35,2,2,38,0 -> output: 767
input: 768 -> message: 2,28,0 -> output: 447
input: 769 -> message: 26,0 -> output: 244
input: 770 -> message: 29,0 -> output: 770
input: 771 -> message: 7,29,23,15,15,27,27,31,31,17,31,17,36,0 -> output: 771
input: 772 -> message: 2,2,2,2,2,31,31,17,0 -> output: 772
input: 773 -> message: 10,36,0 -> output: 773
input: 774 -> message: 5,2,2,2,2,2,2,34,0 -> output: 787
input: 775 -> message: 28,0 -> output: 775
input: 776 -> message: 24,14,8,2,38,31,0 -> output: 776
input: 777 -> message: 35,2,34,38,24,0 -> output: 675
input: 778 -> message: 5,14,2,2,2,2,2,0 -> output: 778
input: 779 -> message: 16,35,31,13,0 -> output: 779
input: 780 -> message: 2,2,2,0 -> output: 363
input: 781 -> message: 2,2,24,0 -> output: 93
input: 782 -> message: 8,27,2,31,31,29,0 -> output: 782
input: 783 -> message: 2,34,34,38,0 -> output: 783
input: 784 -> message: 14,2,2,2,2,34,34,24,0 -> output: 784
input: 785 -> message: 26,34,34,0 -> output: 785
input: 786 -> message: 35,2,2,31,17,17,0 -> output: 786
input: 787 -> message: 5,2,2,2,2,2,2,34,24,0 -> output: 787
input: 788 -> message: 2,2,2,38,13,0 -> output: 788
input: 789 -> message: 35,2,38,0 -> output: 789
input: 790 -> message: 35,2,2,31,31,0 -> output: 790
input: 791 -> message: 2,38,24,0 -> output: 616
input: 792 -> message: 2,2,2,2,2,38,0 -> output: 431
input: 793 -> message: 3,31,34,0 -> output: 793
input: 794 -> message: 2,2,2,2,0 -> output: 378
input: 795 -> message: 8,3,2,2,2,2,34,34,24,0 -> output: 795
input: 796 -> message: 2,2,17,17,0 -> output: 796
input: 797 -> message: 7,29,0 -> output: 364
input: 798 -> message: 10,31,24,0 -> output: 582
input: 799 -> message: 2,2,2,34,38,0 -> output: 799
input: 800 -> message: 10,34,24,0 -> output: 634
input: 801 -> message: 2,34,38,24,0 -> output: 408
input: 802 -> message: 16,2,2,31,13,0 -> output: 802
input: 803 -> message: 20,38,0 -> output: 803
input: 804 -> message: 27,27,35,2,2,38,0 -> output: 804
input: 805 -> message: 2,14,0 -> output: 275
input: 806 -> message: 5,2,2,2,2,31,31,29,0 -> output: 806
input: 807 -> message: 24,14,8,8,27,38,17,0 -> output: 952
input: 808 -> message: 2,2,2,28,0 -> output: 808
input: 809 -> message: 34,13,0 -> output: 809
input: 810 -> message: 26,31,34,24,0 -> output: 810
input: 811 -> message: 14,27,27,27,27,17,17,36,0 -> output: 811
input: 812 -> message: 27,35,2,31,17,24,0 -> output: 812
input: 813 -> message: 10,31,0 -> output: 298
input: 814 -> message: 2,26,13,0 -> output: 814
input: 815 -> message: 2,28,0 -> output: 447
input: 816 -> message: 8,27,35,2,2,2,2,2,24,0 -> output: 816
input: 817 -> message: 10,31,13,0 -> output: 621
input: 818 -> message: 10,2,14,0 -> output: 818
input: 819 -> message: 2,28,0 -> output: 447
input: 820 -> message: 16,2,2,31,31,17,36,0 -> output: 820
input: 821 -> message: 8,27,35,2,31,34,24,0 -> output: 821
input: 822 -> message: 2,2,2,2,2,14,2,2,2,2,2,2,2,2,2,2,2,2,2,2,2,2,2,2,2,2,2,2,2,2 -> output: 937
input: 823 -> message: 2,2,17,0 -> output: 190
input: 824 -> message: 26,34,24,0 -> output: 668
input: 825 -> message: 1,27,2,34,34,34,0 -> output: 825
input: 826 -> message: 26,38,0 -> output: 656
input: 827 -> message: 10,14,14,2,2,2,2,2,2,2,2,2,2,2,2,2,2,2,2,2,2,2,2,2,2,2,2,2,2,2 -> output: 763
input: 828 -> message: 3,2,2,31,31,17,0 -> output: 828
input: 829 -> message: 2,2,2,2,14,2,2,2,2,2,2,2,2,2,2,2,2,2,2,2,2,2,2,2,2,2,2,2,2,2 -> output: 751
input: 830 -> message: 27,35,31,31,17,0 -> output: 830
input: 831 -> message: 27,34,31,24,0 -> output: 831
input: 832 -> message: 8,2,2,31,31,17,24,0 -> output: 832
input: 833 -> message: 2,2,38,24,0 -> output: 336
input: 834 -> message: 10,26,0 -> output: 884
input: 835 -> message: 16,27,2,17,17,0 -> output: 835
input: 836 -> message: 16,35,31,31,17,36,0 -> output: 836
input: 837 -> message: 2,2,37,0 -> output: 837
input: 838 -> message: 10,31,31,24,0 -> output: 895
input: 839 -> message: 6,14,0 -> output: 933
input: 840 -> message: 6,14,22,18,2,2,2,38,0 -> output: 840
input: 841 -> message: 24,1,21,22,35,31,31,13,0 -> output: 841
input: 842 -> message: 10,26,17,17,36,0 -> output: 842
input: 843 -> message: 26,34,24,0 -> output: 668
input: 844 -> message: 2,14,25,18,2,2,2,2,2,2,2,2,2,2,2,2,2,2,2,2,2,2,2,2,2,2,2,2,2,2 -> output: 356
input: 845 -> message: 35,2,17,0 -> output: 845
input: 846 -> message: 10,20,0 -> output: 955
input: 847 -> message: 2,2,14,0 -> output: 744
input: 848 -> message: 24,9,8,2,2,2,2,2,2,2,2,2,2,2,2,2,2,2,2,2,2,2,2,2,2,2,2,2,2,2 -> output: 98
input: 849 -> message: 24,14,8,2,38,34,0 -> output: 762
input: 850 -> message: 31,34,34,0 -> output: 850
input: 851 -> message: 32,8,2,2,2,34,34,24,0 -> output: 851
input: 852 -> message: 2,14,2,2,2,2,2,2,2,2,2,2,2,2,2,2,2,2,2,2,2,2,2,2,2,2,2,2,2,2 -> output: 372
input: 853 -> message: 5,14,8,8,8,38,34,24,0 -> output: 853
input: 854 -> message: 8,8,2,2,34,34,24,0 -> output: 854
input: 855 -> message: 27,31,31,38,0 -> output: 855
input: 856 -> message: 2,2,17,13,0 -> output: 856
input: 857 -> message: 27,35,2,26,38,0 -> output: 857
input: 858 -> message: 34,34,24,0 -> output: 972
input: 859 -> message: 2,2,2,2,2,0 -> output: 297
input: 860 -> message: 34,38,0 -> output: 719
input: 861 -> message: 2,2,2,13,0 -> output: 861
input: 862 -> message: 16,35,2,31,31,24,0 -> output: 862
input: 863 -> message: 2,2,2,2,2,28,0 -> output: 545
input: 864 -> message: 20,34,24,0 -> output: 397
input: 865 -> message: 35,2,2,2,31,17,0 -> output: 562
input: 866 -> message: 35,2,2,2,2,2,0 -> output: 866
input: 867 -> message: 24,14,35,2,2,2,38,0 -> output: 867
input: 868 -> message: 8,8,2,2,2,2,34,31,34,24,0 -> output: 868
input: 869 -> message: 2,26,17,36,0 -> output: 869
input: 870 -> message: 20,34,24,0 -> output: 397
input: 871 -> message: 14,33,2,2,2,2,2,2,2,2,2,2,2,2,2,2,2,2,2,2,2,2,2,2,2,2,2,2,2,2 -> output: 871
input: 872 -> message: 2,2,37,0 -> output: 837
input: 873 -> message: 34,38,24,0 -> output: 873
input: 874 -> message: 2,28,0 -> output: 447
input: 875 -> message: 6,6,0 -> output: 875
input: 876 -> message: 35,2,2,34,38,0 -> output: 876
input: 877 -> message: 8,35,2,34,24,0 -> output: 877
input: 878 -> message: 2,2,2,34,34,0 -> output: 878
input: 879 -> message: 31,31,13,0 -> output: 412
input: 880 -> message: 14,8,2,2,2,2,2,0 -> output: 880
input: 881 -> message: 14,2,2,2,38,0 -> output: 881
input: 882 -> message: 16,35,2,34,38,0 -> output: 882
input: 883 -> message: 16,27,27,27,27,31,17,31,0 -> output: 883
input: 884 -> message: 10,26,0 -> output: 884
input: 885 -> message: 16,35,2,31,31,36,0 -> output: 885
input: 886 -> message: 35,2,2,34,34,0 -> output: 886
input: 887 -> message: 7,14,0 -> output: 425
input: 888 -> message: 7,14,14,2,18,2,2,2,2,2,2,2,2,2,2,2,2,2,2,2,2,18,2,18,2,18,2,18,2,18 -> output: 888
input: 889 -> message: 32,2,2,2,2,2,2,0 -> output: 889
input: 890 -> message: 32,8,2,2,2,2,2,2,2,2,2,2,2,2,2,2,2,2,2,2,2,2,2,2,2,2,2,2,2,2 -> output: 890
input: 891 -> message: 7,28,0 -> output: 891
input: 892 -> message: 2,34,38,36,0 -> output: 892
input: 893 -> message: 2,2,2,2,2,0 -> output: 297
input: 894 -> message: 10,20,24,0 -> output: 894
input: 895 -> message: 10,31,31,24,0 -> output: 895
input: 896 -> message: 2,2,2,28,0 -> output: 808
input: 897 -> message: 1,2,2,38,0 -> output: 897
input: 898 -> message: 2,37,0 -> output: 315
input: 899 -> message: 5,8,27,27,27,27,17,17,36,36,0 -> output: 899
input: 900 -> message: 6,0 -> output: 118
input: 901 -> message: 2,37,29,0 -> output: 729
input: 902 -> message: 35,31,31,38,0 -> output: 902
input: 903 -> message: 35,31,31,17,17,36,0 -> output: 903
input: 904 -> message: 27,31,31,17,24,0 -> output: 904
input: 905 -> message: 8,2,34,31,31,29,0 -> output: 905
input: 906 -> message: 2,2,2,2,31,17,36,0 -> output: 906
input: 907 -> message: 2,2,2,0 -> output: 363
input: 908 -> message: 2,2,2,14,2,14,2,14,2,14,2,14,2,14,2,14,2,14,18,18,18,18,18,2,18,2,18,2,18,2 -> output: 114
input: 909 -> message: 24,9,8,8,17,17,36,0 -> output: 438
input: 910 -> message: 26,34,24,0 -> output: 668
input: 911 -> message: 16,35,2,2,34,34,0 -> output: 703
input: 912 -> message: 35,2,31,38,0 -> output: 677
input: 913 -> message: 6,14,2,2,2,38,13,0 -> output: 913
input: 914 -> message: 24,9,9,2,2,2,2,2,2,2,2,2,2,2,2,2,2,2,2,2,2,2,2,2,2,2,2,2,2,2 -> output: 30
input: 915 -> message: 2,2,2,2,2,14,2,2,2,2,2,2,2,2,2,2,2,2,2,2,2,2,2,2,2,2,2,2,2,2 -> output: 937
input: 916 -> message: 6,38,0 -> output: 448
input: 917 -> message: 2,14,25,18,2,2,2,2,2,2,2,2,2,2,2,2,2,2,2,2,2,2,2,2,2,2,2,2,2,2 -> output: 356
input: 918 -> message: 26,38,0 -> output: 656
input: 919 -> message: 16,2,2,2,17,17,0 -> output: 919
input: 920 -> message: 14,11,2,2,2,2,34,24,0 -> output: 920
input: 921 -> message: 35,2,2,31,31,36,0 -> output: 709
input: 922 -> message: 35,2,2,38,13,0 -> output: 922
input: 923 -> message: 2,2,38,29,0 -> output: 441
input: 924 -> message: 35,2,2,2,13,0 -> output: 924
input: 925 -> message: 2,28,0 -> output: 447
input: 926 -> message: 5,14,35,2,2,2,2,0 -> output: 926
input: 927 -> message: 8,2,2,2,2,34,24,0 -> output: 927
input: 928 -> message: 24,8,23,23,16,31,17,17,36,14,33,3,31,17,17,36,0 -> output: 928
input: 929 -> message: 2,2,2,2,2,2,2,2,2,2,2,2,2,2,2,2,2,2,2,2,2,2,2,2,2,2,2,2,2,2 -> output: 143
input: 930 -> message: 10,34,24,0 -> output: 634
input: 931 -> message: 16,35,2,31,31,13,0 -> output: 862
input: 932 -> message: 31,13,0 -> output: 121
input: 933 -> message: 6,14,0 -> output: 933
input: 934 -> message: 16,27,35,2,2,38,0 -> output: 934
input: 935 -> message: 2,2,2,2,31,36,0 -> output: 935
input: 936 -> message: 2,34,13,0 -> output: 936
input: 937 -> message: 2,2,2,2,2,14,2,2,2,2,2,2,2,2,2,2,2,2,2,2,2,2,2,2,2,2,2,2,2,2 -> output: 937
input: 938 -> message: 2,2,2,2,2,38,0 -> output: 431
input: 939 -> message: 35,2,38,24,0 -> output: 410
input: 940 -> message: 10,6,0 -> output: 940
input: 941 -> message: 31,31,13,0 -> output: 412
input: 942 -> message: 27,2,17,36,0 -> output: 942
input: 943 -> message: 2,2,2,0 -> output: 363
input: 944 -> message: 16,3,3,2,31,31,24,0 -> output: 944
input: 945 -> message: 2,26,34,0 -> output: 945
input: 946 -> message: 35,2,2,2,34,34,0 -> output: 946
input: 947 -> message: 2,2,2,14,0 -> output: 726
input: 948 -> message: 27,31,17,17,36,0 -> output: 948
input: 949 -> message: 9,8,9,27,2,34,34,0 -> output: 949
input: 950 -> message: 2,2,2,37,0 -> output: 348
input: 951 -> message: 2,2,14,0 -> output: 744
input: 952 -> message: 24,14,8,8,38,31,0 -> output: 340
input: 953 -> message: 26,38,0 -> output: 656
input: 954 -> message: 14,2,2,2,34,34,0 -> output: 954
input: 955 -> message: 10,20,0 -> output: 955
input: 956 -> message: 2,26,24,0 -> output: 736
input: 957 -> message: 8,8,2,2,2,2,34,31,31,24,0 -> output: 868
input: 958 -> message: 35,34,34,24,0 -> output: 958
input: 959 -> message: 2,2,0 -> output: 142
input: 960 -> message: 2,2,34,24,0 -> output: 165
input: 961 -> message: 8,8,8,2,2,34,34,24,0 -> output: 961
input: 962 -> message: 26,34,0 -> output: 520
input: 963 -> message: 2,2,2,2,2,2,0 -> output: 367
input: 964 -> message: 2,2,14,25,18,2,18,2,2,2,2,2,18,2,2,2,2,2,2,2,2,18,2,2,2,2,18,2,2,2 -> output: 395
input: 965 -> message: 2,28,0 -> output: 447
input: 966 -> message: 31,34,24,0 -> output: 220
input: 967 -> message: 2,2,2,2,2,2,2,2,2,2,2,2,2,2,2,2,2,2,2,2,2,2,2,2,2,2,2,2,2,2 -> output: 143
input: 968 -> message: 14,33,35,2,2,2,0 -> output: 968
input: 969 -> message: 14,22,8,2,18,38,13,0 -> output: 444
input: 970 -> message: 6,24,0 -> output: 129
input: 971 -> message: 7,24,0 -> output: 256
input: 972 -> message: 34,34,24,0 -> output: 972
input: 973 -> message: 3,2,31,31,24,0 -> output: 973
input: 974 -> message: 2,2,14,0 -> output: 744
input: 975 -> message: 35,2,2,2,2,29,0 -> output: 975
input: 976 -> message: 16,2,17,17,0 -> output: 976
input: 977 -> message: 2,2,2,34,38,24,0 -> output: 977
input: 978 -> message: 35,2,31,31,17,36,0 -> output: 978
input: 979 -> message: 16,2,2,37,0 -> output: 979
input: 980 -> message: 7,29,0 -> output: 364
input: 981 -> message: 24,32,33,35,2,38,24,0 -> output: 981
input: 982 -> message: 2,2,38,0 -> output: 203
input: 983 -> message: 14,2,2,2,2,2,2,2,24,0 -> output: 293
input: 984 -> message: 14,2,2,2,2,2,0 -> output: 440
input: 985 -> message: 3,2,2,38,0 -> output: 985
input: 986 -> message: 28,14,2,2,2,2,2,2,2,2,2,2,2,2,2,2,2,2,2,2,2,2,2,2,2,2,2,2,2,2 -> output: 445
input: 987 -> message: 7,14,25,2,2,2,0 -> output: 987
input: 988 -> message: 2,2,2,34,24,0 -> output: 689
input: 989 -> message: 7,14,14,14,14,14,14,14,14,14,14,14,14,14,14,14,14,14,14,14,14,14,14,14,14,14,14,14,14,14 -> output: 989
input: 990 -> message: 16,2,2,17,0 -> output: 990
input: 991 -> message: 31,34,0 -> output: 248
input: 992 -> message: 16,3,2,2,38,13,0 -> output: 992
input: 993 -> message: 6,14,14,14,14,14,14,14,14,14,14,14,14,14,14,14,14,14,14,14,14,14,14,14,14,14,14,14,14,14 -> output: 993
input: 994 -> message: 16,2,34,31,31,24,0 -> output: 994
input: 995 -> message: 35,2,2,2,2,28,0 -> output: 995
input: 996 -> message: 6,6,0 -> output: 875
input: 997 -> message: 10,31,24,0 -> output: 582
input: 998 -> message: 26,37,0 -> output: 998
input: 999 -> message: 31,24,0 -> output: 329
{"powerlaw": 0.8038358688354492, "unif": 0.7}
Epoch: 151
{"powerlaw": 0.8023232221603394, "unif": 0.697}
Epoch: 152
{"powerlaw": 0.7953675389289856, "unif": 0.674}
Epoch: 153
{"powerlaw": 0.8061609268188477, "unif": 0.707}
Epoch: 154
{"powerlaw": 0.8048403859138489, "unif": 0.716}
Epoch: 155
{"powerlaw": 0.8106034398078918, "unif": 0.731}
Epoch: 156
{"powerlaw": 0.8044719099998474, "unif": 0.693}
Epoch: 157
{"powerlaw": 0.8151558637619019, "unif": 0.733}
Epoch: 158
{"powerlaw": 0.8068996667861938, "unif": 0.715}
Epoch: 159
{"powerlaw": 0.7777034640312195, "unif": 0.641}
Epoch: 160
{"powerlaw": 0.7999914884567261, "unif": 0.689}
Epoch: 161
{"powerlaw": 0.7990097403526306, "unif": 0.691}
Epoch: 162
{"powerlaw": 0.8090084195137024, "unif": 0.721}
Epoch: 163
{"powerlaw": 0.8043522834777832, "unif": 0.702}
Epoch: 164
{"powerlaw": 0.8099469542503357, "unif": 0.725}
Epoch: 165
{"powerlaw": 0.8075962066650391, "unif": 0.72}
Epoch: 166
{"powerlaw": 0.8172114491462708, "unif": 0.739}
Epoch: 167
{"powerlaw": 0.8093308210372925, "unif": 0.717}
Epoch: 168
{"powerlaw": 0.8176287412643433, "unif": 0.737}
Epoch: 169
{"powerlaw": 0.8069360852241516, "unif": 0.696}
Epoch: 170
{"powerlaw": 0.8186730146408081, "unif": 0.738}
Epoch: 171
{"powerlaw": 0.81412672996521, "unif": 0.736}
Epoch: 172
{"powerlaw": 0.817508339881897, "unif": 0.749}
Epoch: 173
{"powerlaw": 0.8144014477729797, "unif": 0.757}
Epoch: 174
{"powerlaw": 0.818374752998352, "unif": 0.755}
Epoch: 175
{"powerlaw": 0.824724018573761, "unif": 0.763}
Epoch: 176
{"powerlaw": 0.8253775835037231, "unif": 0.771}
Epoch: 177
{"powerlaw": 0.8190004825592041, "unif": 0.751}
Epoch: 178
{"powerlaw": 0.8251881003379822, "unif": 0.776}
Epoch: 179
{"powerlaw": 0.8218545317649841, "unif": 0.759}
Epoch: 180
{"powerlaw": 0.8198148012161255, "unif": 0.762}
Epoch: 181
{"powerlaw": 0.8241209387779236, "unif": 0.776}
Epoch: 182
{"powerlaw": 0.8226853609085083, "unif": 0.762}
Epoch: 183
{"powerlaw": 0.8272677063941956, "unif": 0.781}
Epoch: 184
{"powerlaw": 0.8313464522361755, "unif": 0.789}
Epoch: 185
{"powerlaw": 0.8318466544151306, "unif": 0.792}
Epoch: 186
{"powerlaw": 0.8304668068885803, "unif": 0.784}
Epoch: 187
{"powerlaw": 0.8291953802108765, "unif": 0.795}
Epoch: 188
{"powerlaw": 0.8282789587974548, "unif": 0.783}
Epoch: 189
{"powerlaw": 0.8325996994972229, "unif": 0.796}
Epoch: 190
{"powerlaw": 0.8319734334945679, "unif": 0.808}
Epoch: 191
{"powerlaw": 0.836384654045105, "unif": 0.812}
Epoch: 192
{"powerlaw": 0.8376753330230713, "unif": 0.819}
Epoch: 193
{"powerlaw": 0.8280865550041199, "unif": 0.792}
Epoch: 194
{"powerlaw": 0.8265870213508606, "unif": 0.763}
Epoch: 195
{"powerlaw": 0.8229227066040039, "unif": 0.756}
Epoch: 196
{"powerlaw": 0.8338074684143066, "unif": 0.803}
Epoch: 197
{"powerlaw": 0.8394737243652344, "unif": 0.82}
Epoch: 198
{"powerlaw": 0.8369898200035095, "unif": 0.81}
Epoch: 199
{"powerlaw": 0.8398811221122742, "unif": 0.835}
Epoch: 200
input: 0 -> message: 1,27,27,34,31,17,36,0 -> output: 0
input: 1 -> message: 17,17,0 -> output: 1
input: 2 -> message: 27,26,36,0 -> output: 2
input: 3 -> message: 17,17,0 -> output: 1
input: 4 -> message: 15,35,35,31,31,29,0 -> output: 4
input: 5 -> message: 17,17,0 -> output: 1
input: 6 -> message: 17,36,0 -> output: 6
input: 7 -> message: 17,13,0 -> output: 7
input: 8 -> message: 17,13,0 -> output: 7
input: 9 -> message: 17,36,0 -> output: 6
input: 10 -> message: 0 -> output: 10
input: 11 -> message: 6,36,0 -> output: 11
input: 12 -> message: 17,3,17,17,17,36,0 -> output: 12
input: 13 -> message: 17,31,31,31,17,17,36,36,0 -> output: 13
input: 14 -> message: 17,0 -> output: 14
input: 15 -> message: 17,17,36,36,36,31,17,17,36,36,0 -> output: 15
input: 16 -> message: 16,2,14,0 -> output: 16
input: 17 -> message: 17,29,0 -> output: 17
input: 18 -> message: 27,27,27,2,2,2,2,2,2,0 -> output: 18
input: 19 -> message: 0 -> output: 10
input: 20 -> message: 2,31,36,0 -> output: 20
input: 21 -> message: 27,2,26,38,29,0 -> output: 21
input: 22 -> message: 16,27,26,31,17,17,36,0 -> output: 22
input: 23 -> message: 15,27,27,27,27,34,34,17,36,0 -> output: 23
input: 24 -> message: 17,17,36,0 -> output: 24
input: 25 -> message: 2,31,0 -> output: 25
input: 26 -> message: 24,8,14,2,2,2,2,2,2,2,2,0 -> output: 26
input: 27 -> message: 24,9,15,27,27,27,27,27,27,27,27,27,27,34,34,17,17,0 -> output: 27
input: 28 -> message: 5,2,2,2,2,2,2,2,2,2,0 -> output: 28
input: 29 -> message: 17,13,36,0 -> output: 29
input: 30 -> message: 24,9,27,2,2,2,2,34,34,31,24,0 -> output: 30
input: 31 -> message: 15,2,31,31,17,17,36,36,0 -> output: 31
input: 32 -> message: 1,2,2,31,31,31,17,29,0 -> output: 32
input: 33 -> message: 2,2,2,2,2,2,2,31,31,38,0 -> output: 33
input: 34 -> message: 17,0 -> output: 14
input: 35 -> message: 24,9,8,2,2,2,2,0 -> output: 35
input: 36 -> message: 2,31,17,36,0 -> output: 36
input: 37 -> message: 16,27,20,31,24,0 -> output: 37
input: 38 -> message: 32,27,27,27,35,2,18,0 -> output: 38
input: 39 -> message: 6,21,22,31,17,17,36,0 -> output: 39
input: 40 -> message: 24,9,27,27,27,27,27,27,27,27,27,27,27,27,27,27,27,27,27,27,27,27,27,27,27,27,27,27,27,27 -> output: 40
input: 41 -> message: 1,27,2,38,24,0 -> output: 41
input: 42 -> message: 14,35,2,2,14,0 -> output: 42
input: 43 -> message: 32,27,2,2,2,0 -> output: 43
input: 44 -> message: 39,15,27,27,27,27,27,27,35,10,34,31,31,17,36,0 -> output: 44
input: 45 -> message: 2,2,2,2,2,2,2,31,17,17,36,0 -> output: 45
input: 46 -> message: 27,2,17,17,36,0 -> output: 46
input: 47 -> message: 2,0 -> output: 47
input: 48 -> message: 27,2,2,0 -> output: 48
input: 49 -> message: 34,0 -> output: 49
input: 50 -> message: 1,2,0 -> output: 50
input: 51 -> message: 16,2,2,2,14,0 -> output: 51
input: 52 -> message: 31,17,0 -> output: 52
input: 53 -> message: 2,31,0 -> output: 25
input: 54 -> message: 14,14,2,2,2,2,2,2,0 -> output: 54
input: 55 -> message: 14,8,2,2,2,2,2,2,0 -> output: 55
input: 56 -> message: 2,31,17,0 -> output: 56
input: 57 -> message: 27,2,38,0 -> output: 57
input: 58 -> message: 2,34,0 -> output: 58
input: 59 -> message: 2,31,17,24,0 -> output: 59
input: 60 -> message: 24,0 -> output: 60
input: 61 -> message: 32,2,2,34,24,0 -> output: 61
input: 62 -> message: 16,27,27,35,2,2,2,2,24,0 -> output: 62
input: 63 -> message: 36,0 -> output: 63
input: 64 -> message: 27,27,27,27,35,35,2,7,0 -> output: 64
input: 65 -> message: 32,33,8,27,27,27,27,27,27,25,25,18,29,0 -> output: 65
input: 66 -> message: 31,17,36,0 -> output: 66
input: 67 -> message: 5,8,8,2,2,2,2,2,34,34,34,34,34,34,34,34,34,34,34,34,34,34,34,34,34,34,34,34,34,34 -> output: 67
input: 68 -> message: 2,17,0 -> output: 68
input: 69 -> message: 31,31,36,0 -> output: 69
input: 70 -> message: 31,17,0 -> output: 52
input: 71 -> message: 27,27,26,38,0 -> output: 71
input: 72 -> message: 27,31,17,17,0 -> output: 72
input: 73 -> message: 32,3,34,34,34,0 -> output: 73
input: 74 -> message: 31,31,36,0 -> output: 69
input: 75 -> message: 2,0 -> output: 47
input: 76 -> message: 1,2,31,17,17,0 -> output: 76
input: 77 -> message: 24,0 -> output: 60
input: 78 -> message: 36,0 -> output: 63
input: 79 -> message: 31,31,24,0 -> output: 79
input: 80 -> message: 6,14,22,6,6,6,6,0 -> output: 80
input: 81 -> message: 31,17,0 -> output: 52
input: 82 -> message: 2,2,24,0 -> output: 82
input: 83 -> message: 27,2,31,29,0 -> output: 83
input: 84 -> message: 8,2,2,2,2,2,2,34,34,34,34,34,34,34,34,34,34,34,34,34,34,34,34,34,34,34,34,34,34,34 -> output: 84
input: 85 -> message: 3,2,17,0 -> output: 85
input: 86 -> message: 31,36,0 -> output: 86
input: 87 -> message: 2,2,17,36,0 -> output: 87
input: 88 -> message: 6,17,0 -> output: 88
input: 89 -> message: 24,0 -> output: 60
input: 90 -> message: 31,0 -> output: 90
input: 91 -> message: 31,36,0 -> output: 86
input: 92 -> message: 1,27,2,17,17,36,0 -> output: 92
input: 93 -> message: 2,2,24,0 -> output: 82
input: 94 -> message: 13,0 -> output: 94
input: 95 -> message: 31,31,17,24,0 -> output: 95
input: 96 -> message: 27,27,35,31,31,29,0 -> output: 96
input: 97 -> message: 2,17,17,17,36,36,36,31,17,17,36,36,0 -> output: 97
input: 98 -> message: 24,9,8,8,16,13,36,0 -> output: 98
input: 99 -> message: 6,17,36,0 -> output: 99
input: 100 -> message: 27,31,38,0 -> output: 100
input: 101 -> message: 2,36,0 -> output: 101
input: 102 -> message: 2,31,13,0 -> output: 102
input: 103 -> message: 16,3,2,2,34,34,24,0 -> output: 103
input: 104 -> message: 2,34,0 -> output: 58
input: 105 -> message: 2,24,0 -> output: 105
input: 106 -> message: 31,31,0 -> output: 109
input: 107 -> message: 26,17,0 -> output: 107
input: 108 -> message: 16,2,2,31,31,17,17,36,0 -> output: 108
input: 109 -> message: 31,31,0 -> output: 109
input: 110 -> message: 2,2,31,17,0 -> output: 110
input: 111 -> message: 2,2,28,0 -> output: 111
input: 112 -> message: 2,13,0 -> output: 171
input: 113 -> message: 2,31,24,0 -> output: 125
input: 114 -> message: 2,2,14,18,18,18,18,18,18,18,18,18,18,18,18,18,18,18,18,18,18,18,18,18,18,18,18,18,18,18 -> output: 114
input: 115 -> message: 27,27,27,27,27,27,27,27,17,17,17,36,36,36,36,17,17,36,36,36,36,36,36,36,36,36,36,36,36,36 -> output: 115
input: 116 -> message: 2,17,13,0 -> output: 116
input: 117 -> message: 26,31,0 -> output: 117
input: 118 -> message: 6,0 -> output: 118
input: 119 -> message: 2,31,29,0 -> output: 119
input: 120 -> message: 16,2,2,2,2,2,2,17,31,13,29,0 -> output: 120
input: 121 -> message: 31,13,0 -> output: 121
input: 122 -> message: 31,0 -> output: 90
input: 123 -> message: 2,2,2,31,31,31,17,17,36,0 -> output: 123
input: 124 -> message: 1,14,14,2,2,2,14,0 -> output: 124
input: 125 -> message: 2,31,24,0 -> output: 125
input: 126 -> message: 1,2,2,2,34,34,34,38,0 -> output: 126
input: 127 -> message: 2,2,2,2,2,2,31,31,13,29,0 -> output: 127
input: 128 -> message: 27,2,2,2,2,0 -> output: 128
input: 129 -> message: 6,24,0 -> output: 129
input: 130 -> message: 2,34,24,0 -> output: 130
input: 131 -> message: 20,13,0 -> output: 131
input: 132 -> message: 31,24,14,25,2,2,14,14,14,18,18,18,18,18,18,18,18,18,18,18,18,18,18,18,18,18,18,18,18,18 -> output: 132
input: 133 -> message: 16,27,26,31,29,0 -> output: 133
input: 134 -> message: 36,23,27,27,35,31,31,17,17,36,36,0 -> output: 134
input: 135 -> message: 31,17,17,36,36,36,31,17,17,36,36,0 -> output: 135
input: 136 -> message: 26,17,36,0 -> output: 136
input: 137 -> message: 34,24,0 -> output: 137
input: 138 -> message: 31,29,0 -> output: 138
input: 139 -> message: 2,2,34,0 -> output: 139
input: 140 -> message: 2,4,0 -> output: 140
input: 141 -> message: 2,2,31,29,0 -> output: 141
input: 142 -> message: 2,2,0 -> output: 142
input: 143 -> message: 2,2,2,2,2,2,2,18,0 -> output: 143
input: 144 -> message: 2,2,2,31,31,17,17,36,36,0 -> output: 144
input: 145 -> message: 7,0 -> output: 145
input: 146 -> message: 2,26,17,0 -> output: 146
input: 147 -> message: 2,2,14,14,14,14,14,25,25,25,25,18,18,18,18,18,18,18,18,18,18,18,18,18,18,18,18,18,18,18 -> output: 147
input: 148 -> message: 2,38,29,0 -> output: 148
input: 149 -> message: 2,2,31,17,17,36,0 -> output: 149
input: 150 -> message: 34,0 -> output: 49
input: 151 -> message: 31,31,31,13,29,0 -> output: 151
input: 152 -> message: 20,31,0 -> output: 152
input: 153 -> message: 1,14,2,2,2,14,18,18,18,18,18,18,18,18,18,18,18,18,18,18,18,18,18,18,18,18,18,18,18,18 -> output: 153
input: 154 -> message: 34,24,0 -> output: 137
input: 155 -> message: 35,35,2,2,34,34,0 -> output: 155
input: 156 -> message: 24,2,2,2,2,2,2,2,2,2,0 -> output: 156
input: 157 -> message: 31,17,36,0 -> output: 66
input: 158 -> message: 2,13,0 -> output: 171
input: 159 -> message: 31,17,24,0 -> output: 159
input: 160 -> message: 16,27,35,17,17,36,36,36,36,36,17,17,17,36,36,36,31,17,17,36,36,0 -> output: 160
input: 161 -> message: 27,35,2,2,2,2,0 -> output: 161
input: 162 -> message: 16,2,31,29,0 -> output: 162
input: 163 -> message: 2,2,0 -> output: 142
input: 164 -> message: 16,2,17,36,0 -> output: 164
input: 165 -> message: 2,2,34,24,0 -> output: 165
input: 166 -> message: 10,24,0 -> output: 166
input: 167 -> message: 2,29,0 -> output: 167
input: 168 -> message: 2,17,17,0 -> output: 168
input: 169 -> message: 2,26,31,31,24,0 -> output: 169
input: 170 -> message: 6,17,0 -> output: 88
input: 171 -> message: 2,13,0 -> output: 171
input: 172 -> message: 20,24,0 -> output: 280
input: 173 -> message: 14,35,2,34,34,0 -> output: 173
input: 174 -> message: 2,17,17,17,36,0 -> output: 174
input: 175 -> message: 6,0 -> output: 118
input: 176 -> message: 16,2,14,14,14,14,14,14,14,14,14,18,18,18,18,18,18,18,18,18,18,18,18,18,18,18,18,18,18,18 -> output: 176
input: 177 -> message: 2,14,0 -> output: 275
input: 178 -> message: 2,17,36,0 -> output: 178
input: 179 -> message: 10,2,14,14,2,18,18,18,18,18,18,18,18,18,18,18,18,18,18,18,18,18,18,18,18,18,18,18,18,18 -> output: 179
input: 180 -> message: 1,2,2,2,2,2,0 -> output: 180
input: 181 -> message: 6,34,0 -> output: 181
input: 182 -> message: 2,2,34,31,31,31,13,29,0 -> output: 182
input: 183 -> message: 6,24,0 -> output: 129
input: 184 -> message: 2,26,31,13,29,0 -> output: 184
input: 185 -> message: 1,3,2,34,38,0 -> output: 185
input: 186 -> message: 32,3,2,2,2,2,2,0 -> output: 186
input: 187 -> message: 2,2,2,37,29,0 -> output: 187
input: 188 -> message: 20,34,0 -> output: 188
input: 189 -> message: 31,38,24,0 -> output: 214
input: 190 -> message: 2,2,17,0 -> output: 190
input: 191 -> message: 2,17,36,0 -> output: 178
input: 192 -> message: 31,31,17,0 -> output: 192
input: 193 -> message: 31,17,24,0 -> output: 159
input: 194 -> message: 1,2,2,2,2,2,2,2,0 -> output: 194
input: 195 -> message: 2,2,31,31,31,24,0 -> output: 195
input: 196 -> message: 27,35,31,38,24,0 -> output: 196
input: 197 -> message: 6,6,17,36,0 -> output: 197
input: 198 -> message: 9,27,27,27,27,27,6,6,13,29,0 -> output: 198
input: 199 -> message: 2,17,17,36,0 -> output: 199
input: 200 -> message: 2,2,14,14,14,18,18,18,18,18,18,18,18,18,18,18,18,18,18,18,18,18,18,18,18,18,18,18,18,18 -> output: 200
input: 201 -> message: 6,6,0 -> output: 201
input: 202 -> message: 16,27,31,31,17,17,36,0 -> output: 202
input: 203 -> message: 2,2,38,0 -> output: 203
input: 204 -> message: 24,9,2,2,2,2,2,2,2,2,2,0 -> output: 204
input: 205 -> message: 1,2,2,2,2,2,2,2,2,38,24,0 -> output: 205
input: 206 -> message: 31,34,0 -> output: 206
input: 207 -> message: 14,14,2,2,2,37,29,0 -> output: 207
input: 208 -> message: 31,24,2,14,2,2,2,18,18,18,18,18,18,18,18,18,18,18,18,18,18,18,18,18,18,18,18,18,18,18 -> output: 208
input: 209 -> message: 2,6,13,0 -> output: 209
input: 210 -> message: 24,14,8,2,2,2,2,0 -> output: 210
input: 211 -> message: 2,6,0 -> output: 211
input: 212 -> message: 1,2,2,2,2,34,34,24,0 -> output: 212
input: 213 -> message: 9,2,2,38,24,0 -> output: 213
input: 214 -> message: 31,38,24,0 -> output: 214
input: 215 -> message: 14,8,2,34,13,13,0 -> output: 215
input: 216 -> message: 26,31,0 -> output: 117
input: 217 -> message: 2,2,2,2,17,13,29,0 -> output: 217
input: 218 -> message: 24,27,27,27,27,27,27,27,27,17,17,17,36,36,36,36,17,17,36,36,36,36,36,36,36,36,17,17,36,36 -> output: 218
input: 219 -> message: 31,38,0 -> output: 219
input: 220 -> message: 31,34,24,0 -> output: 220
input: 221 -> message: 31,24,0 -> output: 221
input: 222 -> message: 2,13,29,0 -> output: 222
input: 223 -> message: 26,31,17,0 -> output: 223
input: 224 -> message: 31,29,0 -> output: 138
input: 225 -> message: 6,2,2,17,17,17,36,0 -> output: 225
input: 226 -> message: 32,33,35,27,27,27,25,25,25,18,27,27,27,27,27,27,27,27,27,27,27,27,27,27,27,27,27,27,27,27 -> output: 226
input: 227 -> message: 2,2,2,31,31,13,29,0 -> output: 227
input: 228 -> message: 27,2,31,31,17,17,0 -> output: 228
input: 229 -> message: 34,0 -> output: 49
input: 230 -> message: 35,2,2,31,31,38,24,0 -> output: 230
input: 231 -> message: 6,31,0 -> output: 231
input: 232 -> message: 16,2,31,17,0 -> output: 232
input: 233 -> message: 2,2,31,31,31,17,0 -> output: 233
input: 234 -> message: 35,2,2,2,0 -> output: 234
input: 235 -> message: 31,31,31,0 -> output: 235
input: 236 -> message: 10,13,0 -> output: 236
input: 237 -> message: 31,38,0 -> output: 219
input: 238 -> message: 24,14,25,2,2,18,18,18,18,18,18,18,18,18,18,18,18,18,18,18,18,18,18,18,18,18,18,18,18,18 -> output: 238
input: 239 -> message: 24,2,2,2,2,2,2,2,2,2,2,2,0 -> output: 239
input: 240 -> message: 2,38,24,0 -> output: 240
input: 241 -> message: 7,17,0 -> output: 241
input: 242 -> message: 14,0 -> output: 242
input: 243 -> message: 1,22,0 -> output: 243
input: 244 -> message: 26,0 -> output: 244
input: 245 -> message: 31,31,34,0 -> output: 245
input: 246 -> message: 1,3,26,31,17,17,36,0 -> output: 246
input: 247 -> message: 34,31,34,0 -> output: 247
input: 248 -> message: 31,34,0 -> output: 206
input: 249 -> message: 26,13,36,0 -> output: 249
input: 250 -> message: 2,14,0 -> output: 275
input: 251 -> message: 27,26,38,29,0 -> output: 251
input: 252 -> message: 26,31,17,17,36,0 -> output: 252
input: 253 -> message: 2,31,38,0 -> output: 253
input: 254 -> message: 1,2,2,2,34,38,38,0 -> output: 254
input: 255 -> message: 16,16,31,31,17,17,36,36,36,31,17,17,36,36,0 -> output: 255
input: 256 -> message: 7,24,0 -> output: 256
input: 257 -> message: 2,14,14,14,2,2,14,14,14,18,18,18,18,18,18,18,18,18,18,18,18,18,18,18,18,18,18,18,18,18 -> output: 257
input: 258 -> message: 2,2,2,2,2,2,34,34,24,0 -> output: 258
input: 259 -> message: 35,2,2,2,2,31,38,24,0 -> output: 259
input: 260 -> message: 11,2,2,2,31,31,31,13,29,0 -> output: 260
input: 261 -> message: 2,2,31,38,0 -> output: 261
input: 262 -> message: 26,36,0 -> output: 262
input: 263 -> message: 7,0 -> output: 145
input: 264 -> message: 2,17,29,0 -> output: 264
input: 265 -> message: 32,35,2,34,24,0 -> output: 265
input: 266 -> message: 2,2,34,34,24,0 -> output: 266
input: 267 -> message: 26,13,0 -> output: 267
input: 268 -> message: 2,24,0 -> output: 105
input: 269 -> message: 2,31,31,13,29,0 -> output: 269
input: 270 -> message: 35,2,31,0 -> output: 270
input: 271 -> message: 2,38,0 -> output: 271
input: 272 -> message: 38,0 -> output: 272
input: 273 -> message: 10,26,24,0 -> output: 273
input: 274 -> message: 2,29,23,23,23,27,27,27,27,27,31,17,17,17,36,36,0 -> output: 274
input: 275 -> message: 2,14,0 -> output: 275
input: 276 -> message: 26,36,0 -> output: 262
input: 277 -> message: 24,9,8,27,27,27,27,27,25,25,27,27,27,27,27,27,27,27,27,27,27,27,27,27,27,27,27,27,27,27 -> output: 277
input: 278 -> message: 31,17,13,36,0 -> output: 278
input: 279 -> message: 24,32,33,2,34,38,0 -> output: 279
input: 280 -> message: 20,24,0 -> output: 280
input: 281 -> message: 31,31,34,24,0 -> output: 281
input: 282 -> message: 2,26,29,0 -> output: 282
input: 283 -> message: 1,14,0 -> output: 283
input: 284 -> message: 2,2,17,17,17,36,0 -> output: 284
input: 285 -> message: 2,2,13,0 -> output: 285
input: 286 -> message: 27,2,2,34,31,31,24,0 -> output: 286
input: 287 -> message: 19,35,2,2,31,31,29,0 -> output: 287
input: 288 -> message: 27,26,34,0 -> output: 288
input: 289 -> message: 24,14,25,25,18,18,18,18,18,18,18,18,18,18,18,18,18,18,18,18,18,18,18,18,18,18,18,18,18,18 -> output: 289
input: 290 -> message: 32,27,2,38,0 -> output: 290
input: 291 -> message: 3,2,2,38,0 -> output: 291
input: 292 -> message: 16,16,27,27,27,27,6,31,17,17,36,36,0 -> output: 292
input: 293 -> message: 14,2,2,2,2,2,2,2,38,38,24,0 -> output: 293
input: 294 -> message: 7,36,0 -> output: 294
input: 295 -> message: 2,2,29,0 -> output: 295
input: 296 -> message: 2,2,2,24,0 -> output: 296
input: 297 -> message: 2,2,2,2,2,2,2,0 -> output: 297
input: 298 -> message: 10,31,0 -> output: 298
input: 299 -> message: 31,17,17,0 -> output: 299
input: 300 -> message: 2,31,31,29,0 -> output: 300
input: 301 -> message: 35,2,2,34,34,0 -> output: 301
input: 302 -> message: 16,27,27,10,31,31,17,29,0 -> output: 302
input: 303 -> message: 26,38,0 -> output: 303
input: 304 -> message: 8,8,34,31,13,29,0 -> output: 304
input: 305 -> message: 16,2,38,0 -> output: 305
input: 306 -> message: 6,25,25,18,18,18,18,18,18,18,18,18,18,18,18,18,18,18,18,18,18,18,18,18,18,18,18,18,18,18 -> output: 306
input: 307 -> message: 8,8,16,34,34,34,0 -> output: 307
input: 308 -> message: 24,14,2,2,2,2,2,2,2,2,0 -> output: 308
input: 309 -> message: 16,27,20,31,17,36,0 -> output: 309
input: 310 -> message: 6,29,0 -> output: 385
input: 311 -> message: 16,2,14,14,25,18,18,18,18,18,18,18,18,18,18,18,18,18,18,18,18,18,18,18,18,18,18,18,18,18 -> output: 311
input: 312 -> message: 2,38,13,0 -> output: 312
input: 313 -> message: 8,3,2,34,31,24,0 -> output: 313
input: 314 -> message: 2,2,2,2,31,31,31,13,29,0 -> output: 542
input: 315 -> message: 2,37,0 -> output: 315
input: 316 -> message: 27,26,31,29,0 -> output: 316
input: 317 -> message: 2,31,31,38,0 -> output: 317
input: 318 -> message: 2,2,2,31,31,31,17,29,0 -> output: 318
input: 319 -> message: 2,2,2,2,2,34,31,31,24,0 -> output: 319
input: 320 -> message: 16,2,31,31,31,13,29,0 -> output: 320
input: 321 -> message: 2,2,2,34,38,38,0 -> output: 321
input: 322 -> message: 16,3,7,29,0 -> output: 322
input: 323 -> message: 3,2,38,38,0 -> output: 323
input: 324 -> message: 31,31,29,0 -> output: 324
input: 325 -> message: 6,2,2,2,2,2,2,2,17,17,36,0 -> output: 325
input: 326 -> message: 16,31,34,0 -> output: 326
input: 327 -> message: 34,34,0 -> output: 327
input: 328 -> message: 2,26,31,17,17,36,0 -> output: 328
input: 329 -> message: 31,24,0 -> output: 221
input: 330 -> message: 24,9,8,2,34,34,0 -> output: 330
input: 331 -> message: 2,17,29,0 -> output: 264
input: 332 -> message: 2,2,31,31,31,17,29,0 -> output: 332
input: 333 -> message: 35,35,2,2,2,2,2,2,0 -> output: 333
input: 334 -> message: 35,2,38,24,0 -> output: 410
input: 335 -> message: 31,34,13,0 -> output: 335
input: 336 -> message: 2,2,38,24,0 -> output: 336
input: 337 -> message: 26,24,0 -> output: 574
input: 338 -> message: 2,2,2,14,2,14,18,18,18,18,18,18,18,18,18,18,18,18,18,18,18,18,18,18,18,18,18,18,18,18 -> output: 338
input: 339 -> message: 2,2,34,31,38,0 -> output: 339
input: 340 -> message: 24,14,8,27,27,27,6,17,13,36,36,0 -> output: 340
input: 341 -> message: 3,2,2,2,2,2,0 -> output: 341
input: 342 -> message: 10,31,17,0 -> output: 342
input: 343 -> message: 2,2,31,13,29,0 -> output: 343
input: 344 -> message: 2,6,29,0 -> output: 344
input: 345 -> message: 26,31,31,17,17,36,36,0 -> output: 345
input: 346 -> message: 14,3,2,2,2,38,38,24,0 -> output: 346
input: 347 -> message: 16,2,2,2,2,2,0 -> output: 347
input: 348 -> message: 2,2,2,2,37,14,0 -> output: 348
input: 349 -> message: 6,34,24,0 -> output: 349
input: 350 -> message: 2,2,2,6,13,29,0 -> output: 350
input: 351 -> message: 35,31,17,36,0 -> output: 351
input: 352 -> message: 35,35,2,38,24,0 -> output: 352
input: 353 -> message: 2,28,0 -> output: 874
input: 354 -> message: 16,35,31,31,31,13,29,0 -> output: 354
input: 355 -> message: 16,8,11,2,2,2,2,2,2,2,0 -> output: 355
input: 356 -> message: 2,14,25,25,25,18,18,18,18,18,18,18,18,18,18,18,18,18,18,18,18,18,18,18,18,18,18,18,18,18 -> output: 356
input: 357 -> message: 27,2,2,2,2,34,34,34,34,34,34,34,34,34,34,34,34,34,34,34,34,34,34,34,34,34,34,34,34,34 -> output: 357
input: 358 -> message: 27,2,2,38,0 -> output: 358
input: 359 -> message: 14,33,8,27,27,27,27,17,17,17,36,36,0 -> output: 359
input: 360 -> message: 10,38,0 -> output: 360
input: 361 -> message: 9,27,2,38,38,0 -> output: 361
input: 362 -> message: 2,6,24,0 -> output: 362
input: 363 -> message: 2,2,2,0 -> output: 363
input: 364 -> message: 7,29,0 -> output: 364
input: 365 -> message: 2,2,2,2,2,14,14,14,18,18,18,18,18,18,18,18,18,18,18,18,18,18,18,18,18,18,18,18,18,18 -> output: 365
input: 366 -> message: 24,9,2,2,2,34,0 -> output: 366
input: 367 -> message: 16,2,2,2,2,34,34,34,34,0 -> output: 367
input: 368 -> message: 10,17,0 -> output: 368
input: 369 -> message: 8,2,2,34,34,0 -> output: 369
input: 370 -> message: 5,14,3,2,2,2,2,20,24,0 -> output: 370
input: 371 -> message: 26,13,13,0 -> output: 371
input: 372 -> message: 2,14,2,2,18,18,18,18,18,18,18,18,18,18,18,18,18,18,18,18,18,18,18,18,18,18,18,18,18,18 -> output: 372
input: 373 -> message: 27,8,27,2,2,2,2,38,38,24,0 -> output: 373
input: 374 -> message: 16,3,2,2,2,2,24,0 -> output: 374
input: 375 -> message: 20,24,0 -> output: 280
input: 376 -> message: 1,2,2,14,18,18,18,18,18,18,18,18,18,18,18,18,18,18,18,18,18,18,18,18,18,18,18,18,18,18 -> output: 376
input: 377 -> message: 3,2,2,0 -> output: 377
input: 378 -> message: 2,2,2,2,2,2,0 -> output: 378
input: 379 -> message: 6,14,0 -> output: 379
input: 380 -> message: 2,14,14,14,14,18,18,18,18,18,18,18,18,18,18,18,18,18,18,18,18,18,18,18,18,18,18,18,18,18 -> output: 380
input: 381 -> message: 2,2,2,34,34,34,0 -> output: 381
input: 382 -> message: 2,2,2,34,34,24,0 -> output: 382
input: 383 -> message: 2,2,2,31,31,38,0 -> output: 383
input: 384 -> message: 16,2,2,2,34,34,38,0 -> output: 384
input: 385 -> message: 6,29,0 -> output: 385
input: 386 -> message: 16,8,3,2,2,2,2,2,0 -> output: 386
input: 387 -> message: 16,2,31,31,17,17,36,0 -> output: 387
input: 388 -> message: 34,24,9,9,18,18,18,18,18,18,18,18,18,18,18,18,18,18,18,18,18,18,18,18,18,18,18,18,18,18 -> output: 388
input: 389 -> message: 3,2,31,17,17,0 -> output: 389
input: 390 -> message: 10,31,31,17,17,36,0 -> output: 390
input: 391 -> message: 10,14,35,2,18,18,18,18,18,18,18,18,18,18,18,18,18,18,18,18,18,18,18,18,18,18,18,18,18,18 -> output: 391
input: 392 -> message: 2,31,38,0 -> output: 253
input: 393 -> message: 6,29,23,23,27,27,27,27,31,17,17,36,36,0 -> output: 393
input: 394 -> message: 2,2,2,2,2,38,24,0 -> output: 394
input: 395 -> message: 2,2,14,25,18,18,18,18,18,18,18,18,18,18,18,18,18,18,18,18,18,18,18,18,18,18,18,18,18,18 -> output: 395
input: 396 -> message: 7,4,0 -> output: 396
input: 397 -> message: 20,34,24,0 -> output: 397
input: 398 -> message: 2,2,37,29,0 -> output: 398
input: 399 -> message: 2,31,34,24,0 -> output: 399
input: 400 -> message: 2,2,2,2,2,31,17,17,36,0 -> output: 400
input: 401 -> message: 27,35,2,34,24,0 -> output: 401
input: 402 -> message: 35,2,2,34,34,34,34,0 -> output: 402
input: 403 -> message: 10,31,24,0 -> output: 403
input: 404 -> message: 31,24,9,27,27,27,6,6,13,29,29,15,23,27,27,27,27,27,27,27,17,17,17,36,36,36,36,17,17,36 -> output: 135
input: 405 -> message: 2,2,2,17,17,36,0 -> output: 405
input: 406 -> message: 7,14,2,2,2,14,14,14,18,18,18,18,18,18,18,18,18,18,18,18,18,18,18,18,18,18,18,18,18,18 -> output: 406
input: 407 -> message: 2,31,38,24,0 -> output: 407
input: 408 -> message: 2,2,34,38,0 -> output: 408
input: 409 -> message: 26,31,13,0 -> output: 409
input: 410 -> message: 35,2,38,24,0 -> output: 410
input: 411 -> message: 2,2,2,34,31,31,38,0 -> output: 411
input: 412 -> message: 31,31,13,29,0 -> output: 412
input: 413 -> message: 35,26,17,36,0 -> output: 413
input: 414 -> message: 2,2,6,29,0 -> output: 414
input: 415 -> message: 24,8,8,2,2,2,34,34,0 -> output: 415
input: 416 -> message: 14,14,25,25,18,18,18,18,18,18,18,18,18,18,18,18,18,18,18,18,18,18,18,18,18,18,18,18,18,18 -> output: 416
input: 417 -> message: 16,10,2,28,0 -> output: 417
input: 418 -> message: 2,2,2,37,29,0 -> output: 187
input: 419 -> message: 27,27,2,34,34,0 -> output: 419
input: 420 -> message: 35,2,31,38,0 -> output: 420
input: 421 -> message: 32,8,27,2,2,2,2,2,2,0 -> output: 421
input: 422 -> message: 2,2,35,31,31,31,13,29,0 -> output: 422
input: 423 -> message: 19,14,14,22,27,27,27,17,17,17,36,36,36,36,17,17,36,36,36,36,36,36,36,36,36,36,36,36,36,36 -> output: 423
input: 424 -> message: 29,15,15,27,27,27,27,27,27,27,27,6,17,17,36,36,0 -> output: 424
input: 425 -> message: 7,14,0 -> output: 743
input: 426 -> message: 1,2,2,2,2,31,31,31,17,36,0 -> output: 426
input: 427 -> message: 27,35,31,34,24,0 -> output: 427
input: 428 -> message: 10,31,17,36,0 -> output: 428
input: 429 -> message: 16,3,2,2,2,2,2,2,0 -> output: 429
input: 430 -> message: 16,2,2,2,2,31,31,31,13,29,0 -> output: 430
input: 431 -> message: 2,2,2,2,2,2,31,31,38,29,0 -> output: 431
input: 432 -> message: 16,3,34,31,38,0 -> output: 432
input: 433 -> message: 2,2,37,0 -> output: 433
input: 434 -> message: 34,34,24,0 -> output: 434
input: 435 -> message: 20,34,0 -> output: 188
input: 436 -> message: 16,2,2,2,2,38,0 -> output: 436
input: 437 -> message: 2,34,34,24,0 -> output: 437
input: 438 -> message: 24,9,8,8,13,36,0 -> output: 438
input: 439 -> message: 10,14,14,2,18,18,18,18,18,18,18,18,18,18,18,18,18,18,18,18,18,18,18,18,18,18,18,18,18,18 -> output: 439
input: 440 -> message: 14,2,2,2,2,2,2,2,2,2,2,0 -> output: 440
input: 441 -> message: 2,2,38,29,0 -> output: 441
input: 442 -> message: 35,2,34,31,38,0 -> output: 442
input: 443 -> message: 24,14,8,2,34,38,0 -> output: 443
input: 444 -> message: 14,22,8,18,18,18,18,18,18,18,18,18,18,18,18,18,18,18,18,18,18,18,18,18,18,18,18,18,18,18 -> output: 444
input: 445 -> message: 28,14,2,2,2,2,2,29,0 -> output: 445
input: 446 -> message: 26,29,0 -> output: 544
input: 447 -> message: 7,28,0 -> output: 447
input: 448 -> message: 6,38,0 -> output: 458
input: 449 -> message: 35,31,34,24,0 -> output: 449
input: 450 -> message: 1,2,2,31,17,17,36,0 -> output: 450
input: 451 -> message: 2,34,38,0 -> output: 451
input: 452 -> message: 5,14,8,22,16,17,13,17,36,0 -> output: 452
input: 453 -> message: 31,38,29,0 -> output: 453
input: 454 -> message: 6,18,18,0 -> output: 454
input: 455 -> message: 2,38,0 -> output: 271
input: 456 -> message: 27,27,31,17,17,36,0 -> output: 456
input: 457 -> message: 35,2,2,34,24,0 -> output: 457
input: 458 -> message: 6,38,0 -> output: 458
input: 459 -> message: 16,2,2,34,38,0 -> output: 459
input: 460 -> message: 27,35,38,29,0 -> output: 460
input: 461 -> message: 29,23,16,27,27,27,27,27,27,17,17,17,36,36,36,36,17,17,36,36,36,36,36,36,36,36,17,17,36,36 -> output: 461
input: 462 -> message: 27,27,35,2,2,2,24,0 -> output: 462
input: 463 -> message: 2,26,31,38,0 -> output: 463
input: 464 -> message: 14,14,14,35,2,2,2,2,0 -> output: 464
input: 465 -> message: 2,2,2,2,34,31,31,24,0 -> output: 465
input: 466 -> message: 7,24,0 -> output: 256
input: 467 -> message: 27,31,31,29,0 -> output: 467
input: 468 -> message: 2,14,2,2,2,2,18,18,18,18,18,18,18,18,18,18,18,18,18,18,18,18,18,18,18,18,18,18,18,18 -> output: 468
input: 469 -> message: 10,31,17,17,36,0 -> output: 469
input: 470 -> message: 16,3,2,2,2,37,0 -> output: 470
input: 471 -> message: 27,2,2,24,0 -> output: 471
input: 472 -> message: 5,14,3,2,2,2,31,31,13,29,0 -> output: 472
input: 473 -> message: 3,26,38,0 -> output: 473
input: 474 -> message: 2,2,2,2,2,2,2,38,38,24,0 -> output: 258
input: 475 -> message: 35,2,2,2,2,0 -> output: 475
input: 476 -> message: 2,2,2,2,2,31,31,38,0 -> output: 476
input: 477 -> message: 14,2,2,34,34,31,24,0 -> output: 477
input: 478 -> message: 35,2,2,34,38,38,0 -> output: 478
input: 479 -> message: 16,3,31,17,17,36,0 -> output: 479
input: 480 -> message: 35,2,2,2,2,24,0 -> output: 480
input: 481 -> message: 24,14,25,2,2,34,0 -> output: 481
input: 482 -> message: 29,14,8,27,27,6,13,13,36,36,0 -> output: 482
input: 483 -> message: 16,2,2,14,0 -> output: 483
input: 484 -> message: 10,34,0 -> output: 484
input: 485 -> message: 16,35,31,31,13,29,0 -> output: 485
input: 486 -> message: 2,14,14,14,14,14,14,14,14,14,14,18,18,18,18,18,18,18,18,18,18,18,18,18,18,18,18,18,18,18 -> output: 380
input: 487 -> message: 6,28,0 -> output: 925
input: 488 -> message: 14,25,18,18,18,18,18,18,18,18,18,18,18,18,18,18,18,18,18,18,18,18,18,18,18,18,18,18,18,18 -> output: 488
input: 489 -> message: 2,26,0 -> output: 489
input: 490 -> message: 24,8,8,8,17,17,36,0 -> output: 490
input: 491 -> message: 5,14,3,2,2,2,2,28,0 -> output: 491
input: 492 -> message: 27,27,26,31,17,0 -> output: 492
input: 493 -> message: 14,8,27,27,27,27,17,17,17,36,36,36,36,17,17,36,36,36,36,36,36,36,17,17,36,36,36,36,36,36 -> output: 493
input: 494 -> message: 3,2,13,0 -> output: 494
input: 495 -> message: 2,4,0 -> output: 140
input: 496 -> message: 16,27,2,34,13,0 -> output: 496
input: 497 -> message: 8,27,2,2,34,34,34,34,34,34,34,34,34,34,34,34,34,34,34,34,34,34,34,34,34,34,34,34,34,34 -> output: 497
input: 498 -> message: 3,2,2,34,34,34,0 -> output: 498
input: 499 -> message: 16,27,2,2,38,13,29,0 -> output: 499
input: 500 -> message: 16,2,2,2,37,0 -> output: 500
input: 501 -> message: 26,38,0 -> output: 303
input: 502 -> message: 16,35,2,2,14,0 -> output: 502
input: 503 -> message: 16,35,2,2,2,0 -> output: 503
input: 504 -> message: 8,2,2,34,34,34,34,34,34,34,34,34,34,34,34,34,34,34,34,34,34,34,34,34,34,34,34,34,34,34 -> output: 504
input: 505 -> message: 6,14,25,18,18,18,18,18,18,18,18,18,18,18,18,18,18,18,18,18,18,18,18,18,18,18,18,18,18,18 -> output: 505
input: 506 -> message: 16,3,31,31,13,36,0 -> output: 506
input: 507 -> message: 31,13,29,0 -> output: 558
input: 508 -> message: 2,2,34,38,24,0 -> output: 508
input: 509 -> message: 2,2,2,2,2,2,31,17,17,0 -> output: 509
input: 510 -> message: 2,14,25,2,2,18,18,18,18,18,18,18,18,18,18,18,18,18,18,18,18,18,18,18,18,18,18,18,18,18 -> output: 510
input: 511 -> message: 2,2,2,2,31,31,31,17,29,0 -> output: 511
input: 512 -> message: 32,8,27,27,27,27,6,17,17,36,36,0 -> output: 512
input: 513 -> message: 2,34,31,24,0 -> output: 513
input: 514 -> message: 27,35,26,38,24,0 -> output: 514
input: 515 -> message: 35,2,2,2,37,0 -> output: 515
input: 516 -> message: 35,2,34,24,0 -> output: 886
input: 517 -> message: 5,2,2,2,2,2,31,17,17,0 -> output: 517
input: 518 -> message: 10,14,14,2,2,14,14,18,18,18,18,18,18,18,18,18,18,18,18,18,18,18,18,18,18,18,18,18,18,18 -> output: 518
input: 519 -> message: 35,2,31,31,31,29,0 -> output: 519
input: 520 -> message: 34,31,0 -> output: 520
input: 521 -> message: 2,28,0 -> output: 874
input: 522 -> message: 5,14,3,3,34,38,38,0 -> output: 952
input: 523 -> message: 27,35,2,14,0 -> output: 523
input: 524 -> message: 20,24,0 -> output: 280
input: 525 -> message: 14,8,11,2,2,2,2,34,34,38,38,0 -> output: 525
input: 526 -> message: 34,34,24,0 -> output: 434
input: 527 -> message: 20,38,0 -> output: 527
input: 528 -> message: 5,2,2,2,2,2,2,31,17,17,36,0 -> output: 528
input: 529 -> message: 27,35,31,17,0 -> output: 529
input: 530 -> message: 16,2,2,31,17,17,36,0 -> output: 530
input: 531 -> message: 8,8,27,27,27,6,6,17,36,0 -> output: 531
input: 532 -> message: 24,25,25,18,18,18,18,18,18,18,18,18,18,18,18,18,18,18,18,18,18,18,18,18,18,18,18,18,18,18 -> output: 532
input: 533 -> message: 5,14,33,3,3,34,13,36,0 -> output: 533
input: 534 -> message: 2,2,31,38,24,0 -> output: 534
input: 535 -> message: 26,31,36,0 -> output: 535
input: 536 -> message: 6,14,22,2,2,2,20,38,0 -> output: 536
input: 537 -> message: 35,2,2,2,2,2,2,38,0 -> output: 537
input: 538 -> message: 2,26,17,36,0 -> output: 538
input: 539 -> message: 27,31,34,24,0 -> output: 539
input: 540 -> message: 2,34,34,0 -> output: 540
input: 541 -> message: 27,26,17,17,36,0 -> output: 541
input: 542 -> message: 2,2,2,2,31,31,31,13,29,0 -> output: 542
input: 543 -> message: 20,29,0 -> output: 543
input: 544 -> message: 26,29,0 -> output: 544
input: 545 -> message: 2,2,2,2,2,2,2,2,2,0 -> output: 929
input: 546 -> message: 5,14,8,27,27,27,27,27,17,17,17,36,36,36,36,17,17,17,36,36,36,36,36,36,36,36,36,36,36,36 -> output: 546
input: 547 -> message: 16,2,2,31,13,29,0 -> output: 547
input: 548 -> message: 35,2,34,34,38,0 -> output: 548
input: 549 -> message: 27,27,2,2,2,2,0 -> output: 549
input: 550 -> message: 2,2,2,2,2,14,0 -> output: 550
input: 551 -> message: 31,34,38,0 -> output: 551
input: 552 -> message: 2,2,38,13,29,0 -> output: 552
input: 553 -> message: 2,2,2,38,0 -> output: 553
input: 554 -> message: 31,31,17,17,36,0 -> output: 554
input: 555 -> message: 14,2,2,2,2,34,34,34,34,0 -> output: 555
input: 556 -> message: 6,14,14,25,18,18,18,18,18,18,18,18,18,18,18,18,18,18,18,18,18,18,18,18,18,18,18,18,18,18 -> output: 556
input: 557 -> message: 2,2,2,28,0 -> output: 557
input: 558 -> message: 31,13,29,0 -> output: 558
input: 559 -> message: 24,9,9,18,18,18,18,18,18,18,18,18,18,18,18,18,18,18,18,18,18,18,18,18,18,18,18,18,18,18 -> output: 559
input: 560 -> message: 19,35,2,2,2,31,17,17,36,0 -> output: 560
input: 561 -> message: 7,14,25,18,18,18,18,18,18,18,18,18,18,18,18,18,18,18,18,18,18,18,18,18,18,18,18,18,18,18 -> output: 561
input: 562 -> message: 35,2,2,2,31,31,31,13,29,0 -> output: 562
input: 563 -> message: 6,14,3,2,34,38,0 -> output: 563
input: 564 -> message: 16,3,2,34,34,31,0 -> output: 564
input: 565 -> message: 32,27,35,2,18,18,0 -> output: 565
input: 566 -> message: 16,2,2,2,2,2,14,14,0 -> output: 566
input: 567 -> message: 35,2,17,17,36,0 -> output: 567
input: 568 -> message: 35,2,31,31,29,0 -> output: 568
input: 569 -> message: 2,14,2,2,2,2,2,2,2,14,0 -> output: 569
input: 570 -> message: 2,26,13,29,0 -> output: 570
input: 571 -> message: 28,14,2,2,34,34,38,0 -> output: 571
input: 572 -> message: 16,35,2,2,31,31,31,29,36,0 -> output: 572
input: 573 -> message: 6,29,23,23,23,27,27,27,27,27,17,17,17,36,36,36,36,17,17,36,36,36,36,36,36,36,36,17,17,36 -> output: 573
input: 574 -> message: 26,24,0 -> output: 574
input: 575 -> message: 2,37,0 -> output: 315
input: 576 -> message: 14,33,8,8,16,35,2,2,38,0 -> output: 576
input: 577 -> message: 2,2,2,0 -> output: 363
input: 578 -> message: 8,8,2,2,34,34,34,34,0 -> output: 578
input: 579 -> message: 6,4,0 -> output: 579
input: 580 -> message: 19,14,2,2,2,31,13,29,0 -> output: 986
input: 581 -> message: 2,2,2,14,14,14,14,14,14,14,18,18,18,18,18,18,18,18,18,18,18,18,18,18,18,18,18,18,18,18 -> output: 365
input: 582 -> message: 10,31,34,24,0 -> output: 582
input: 583 -> message: 16,35,2,2,38,0 -> output: 583
input: 584 -> message: 5,14,2,2,2,2,2,2,31,13,29,0 -> output: 584
input: 585 -> message: 27,26,6,37,0 -> output: 585
input: 586 -> message: 14,8,8,31,17,13,36,0 -> output: 586
input: 587 -> message: 16,2,2,38,13,0 -> output: 587
input: 588 -> message: 24,14,8,2,2,38,0 -> output: 588
input: 589 -> message: 10,17,29,0 -> output: 589
input: 590 -> message: 16,35,2,2,2,2,28,0 -> output: 590
input: 591 -> message: 2,2,6,13,29,0 -> output: 591
input: 592 -> message: 16,3,10,31,31,36,0 -> output: 592
input: 593 -> message: 27,26,24,0 -> output: 593
input: 594 -> message: 2,2,38,0 -> output: 203
input: 595 -> message: 2,2,2,2,2,2,2,13,29,0 -> output: 595
input: 596 -> message: 31,17,17,36,0 -> output: 596
input: 597 -> message: 2,26,34,24,0 -> output: 597
input: 598 -> message: 2,2,2,31,31,31,13,29,0 -> output: 598
input: 599 -> message: 1,2,17,17,0 -> output: 599
input: 600 -> message: 2,2,2,29,0 -> output: 600
input: 601 -> message: 16,35,2,31,17,0 -> output: 601
input: 602 -> message: 26,4,0 -> output: 602
input: 603 -> message: 15,16,27,27,31,31,31,17,24,0 -> output: 603
input: 604 -> message: 24,28,0 -> output: 604
input: 605 -> message: 35,2,31,29,0 -> output: 605
input: 606 -> message: 16,2,2,2,2,2,37,29,0 -> output: 606
input: 607 -> message: 20,24,0 -> output: 280
input: 608 -> message: 10,26,38,24,0 -> output: 608
input: 609 -> message: 10,26,13,29,0 -> output: 609
input: 610 -> message: 10,26,31,36,0 -> output: 610
input: 611 -> message: 2,31,31,31,38,0 -> output: 611
input: 612 -> message: 16,2,2,2,2,17,17,17,36,0 -> output: 612
input: 613 -> message: 27,35,31,24,0 -> output: 613
input: 614 -> message: 2,26,31,29,0 -> output: 614
input: 615 -> message: 8,8,11,2,2,2,2,2,2,2,2,0 -> output: 615
input: 616 -> message: 2,38,24,0 -> output: 240
input: 617 -> message: 2,2,4,0 -> output: 617
input: 618 -> message: 20,24,0 -> output: 280
input: 619 -> message: 31,31,17,17,36,36,0 -> output: 619
input: 620 -> message: 26,31,31,17,24,0 -> output: 620
input: 621 -> message: 10,31,13,0 -> output: 621
input: 622 -> message: 26,34,0 -> output: 824
input: 623 -> message: 10,38,24,0 -> output: 623
input: 624 -> message: 2,2,2,2,34,31,38,24,0 -> output: 624
input: 625 -> message: 27,2,34,38,0 -> output: 777
input: 626 -> message: 2,14,14,25,18,18,18,18,18,18,18,18,18,18,18,18,18,18,18,18,18,18,18,18,18,18,18,18,18,18 -> output: 626
input: 627 -> message: 16,27,2,2,2,2,2,2,0 -> output: 627
input: 628 -> message: 6,31,36,0 -> output: 628
input: 629 -> message: 2,2,2,4,0 -> output: 629
input: 630 -> message: 21,35,2,2,31,31,31,17,0 -> output: 630
input: 631 -> message: 14,33,3,3,2,2,38,38,0 -> output: 631
input: 632 -> message: 3,2,38,24,0 -> output: 632
input: 633 -> message: 2,2,2,2,34,24,0 -> output: 633
input: 634 -> message: 10,34,24,0 -> output: 930
input: 635 -> message: 2,2,38,38,0 -> output: 982
input: 636 -> message: 24,25,25,2,34,38,0 -> output: 636
input: 637 -> message: 35,2,34,38,38,0 -> output: 637
input: 638 -> message: 2,2,2,2,38,38,0 -> output: 638
input: 639 -> message: 6,37,0 -> output: 731
input: 640 -> message: 14,11,11,34,31,31,38,0 -> output: 640
input: 641 -> message: 24,25,25,18,38,0 -> output: 641
input: 642 -> message: 35,2,2,2,31,17,17,36,0 -> output: 642
input: 643 -> message: 24,9,3,20,13,29,0 -> output: 643
input: 644 -> message: 7,14,2,2,2,31,17,17,36,0 -> output: 644
input: 645 -> message: 27,2,2,29,0 -> output: 645
input: 646 -> message: 7,0 -> output: 145
input: 647 -> message: 2,2,2,2,37,0 -> output: 647
input: 648 -> message: 16,3,10,34,34,24,0 -> output: 648
input: 649 -> message: 5,8,8,8,16,13,13,13,13,13,36,0 -> output: 649
input: 650 -> message: 20,4,0 -> output: 650
input: 651 -> message: 16,3,2,38,24,0 -> output: 651
input: 652 -> message: 10,26,31,29,0 -> output: 652
input: 653 -> message: 6,13,0 -> output: 653
input: 654 -> message: 2,2,4,0 -> output: 617
input: 655 -> message: 2,38,0 -> output: 271
input: 656 -> message: 26,4,0 -> output: 602
input: 657 -> message: 2,38,0 -> output: 271
input: 658 -> message: 2,2,2,38,29,0 -> output: 658
input: 659 -> message: 2,2,38,0 -> output: 203
input: 660 -> message: 35,2,2,2,17,17,36,0 -> output: 660
input: 661 -> message: 2,2,2,2,2,17,17,36,0 -> output: 661
input: 662 -> message: 16,35,2,2,2,2,38,24,0 -> output: 662
input: 663 -> message: 10,14,25,18,18,18,18,18,18,18,18,18,18,18,18,18,18,18,18,18,18,18,18,18,18,18,18,18,18,18 -> output: 663
input: 664 -> message: 9,27,2,31,38,24,0 -> output: 664
input: 665 -> message: 5,2,2,2,2,2,34,31,31,24,0 -> output: 665
input: 666 -> message: 2,2,38,13,0 -> output: 666
input: 667 -> message: 2,2,2,2,2,2,2,2,0 -> output: 963
input: 668 -> message: 26,34,34,0 -> output: 668
input: 669 -> message: 16,2,2,2,2,2,2,0 -> output: 347
input: 670 -> message: 24,8,8,16,2,2,2,34,13,0 -> output: 670
input: 671 -> message: 2,2,2,2,31,38,29,0 -> output: 671
input: 672 -> message: 10,38,24,0 -> output: 623
input: 673 -> message: 27,35,34,38,0 -> output: 673
input: 674 -> message: 6,13,0 -> output: 653
input: 675 -> message: 35,2,34,38,0 -> output: 675
input: 676 -> message: 2,26,31,36,0 -> output: 676
input: 677 -> message: 35,2,31,24,0 -> output: 912
input: 678 -> message: 26,14,35,2,2,2,2,2,0 -> output: 678
input: 679 -> message: 10,34,0 -> output: 484
input: 680 -> message: 6,37,14,0 -> output: 680
input: 681 -> message: 6,17,13,36,0 -> output: 681
input: 682 -> message: 1,2,2,2,31,17,29,0 -> output: 682
input: 683 -> message: 20,4,0 -> output: 650
input: 684 -> message: 20,38,0 -> output: 527
input: 685 -> message: 10,34,38,0 -> output: 685
input: 686 -> message: 7,14,2,2,2,2,2,2,14,0 -> output: 686
input: 687 -> message: 8,35,2,34,34,34,34,0 -> output: 687
input: 688 -> message: 16,35,2,2,2,2,2,2,0 -> output: 688
input: 689 -> message: 2,2,2,34,34,0 -> output: 689
input: 690 -> message: 2,4,0 -> output: 140
input: 691 -> message: 31,29,0 -> output: 138
input: 692 -> message: 14,3,3,2,2,2,38,24,0 -> output: 692
input: 693 -> message: 7,14,22,18,18,18,0 -> output: 693
input: 694 -> message: 35,2,2,2,2,31,17,13,29,0 -> output: 595
input: 695 -> message: 27,31,31,13,29,0 -> output: 695
input: 696 -> message: 16,27,2,34,31,38,0 -> output: 696
input: 697 -> message: 2,2,2,2,2,14,14,14,14,14,18,18,18,18,18,18,18,18,18,18,18,18,18,18,18,18,18,18,18,18 -> output: 365
input: 698 -> message: 2,2,29,0 -> output: 295
input: 699 -> message: 35,31,31,31,24,0 -> output: 699
input: 700 -> message: 35,31,31,24,0 -> output: 700
input: 701 -> message: 16,35,34,38,0 -> output: 701
input: 702 -> message: 24,14,22,2,2,2,28,0 -> output: 702
input: 703 -> message: 16,35,2,2,2,34,34,24,0 -> output: 703
input: 704 -> message: 24,14,2,2,2,2,2,28,0 -> output: 704
input: 705 -> message: 5,2,2,2,2,31,31,38,0 -> output: 705
input: 706 -> message: 35,2,2,2,2,2,2,2,0 -> output: 859
input: 707 -> message: 35,2,2,2,2,2,0 -> output: 707
input: 708 -> message: 10,31,29,0 -> output: 708
input: 709 -> message: 35,2,26,13,29,0 -> output: 709
input: 710 -> message: 16,3,2,2,2,2,38,0 -> output: 710
input: 711 -> message: 32,2,2,2,2,2,2,34,38,24,0 -> output: 711
input: 712 -> message: 2,2,31,31,13,29,0 -> output: 712
input: 713 -> message: 7,29,0 -> output: 364
input: 714 -> message: 8,27,27,27,35,10,34,13,13,29,0 -> output: 714
input: 715 -> message: 2,2,38,0 -> output: 203
input: 716 -> message: 20,29,0 -> output: 543
input: 717 -> message: 24,14,3,2,2,38,24,0 -> output: 481
input: 718 -> message: 6,17,17,0 -> output: 718
input: 719 -> message: 34,38,0 -> output: 719
input: 720 -> message: 3,2,34,31,38,0 -> output: 720
input: 721 -> message: 8,27,27,27,27,34,38,13,29,29,17,23,27,27,27,27,27,31,17,17,17,36,36,0 -> output: 714
input: 722 -> message: 15,3,2,2,2,2,2,2,2,38,38,24,0 -> output: 722
input: 723 -> message: 2,20,24,0 -> output: 723
input: 724 -> message: 16,3,26,31,17,36,36,0 -> output: 506
input: 725 -> message: 16,2,34,38,13,0 -> output: 725
input: 726 -> message: 2,2,2,2,14,0 -> output: 726
input: 727 -> message: 3,2,2,2,38,24,0 -> output: 727
input: 728 -> message: 2,26,31,0 -> output: 728
input: 729 -> message: 2,2,37,14,0 -> output: 729
input: 730 -> message: 6,2,2,2,31,17,17,36,0 -> output: 730
input: 731 -> message: 6,37,0 -> output: 731
input: 732 -> message: 26,38,29,0 -> output: 732
input: 733 -> message: 26,13,0 -> output: 267
input: 734 -> message: 6,28,0 -> output: 925
input: 735 -> message: 8,27,27,27,35,10,38,38,38,0 -> output: 735
input: 736 -> message: 2,26,24,0 -> output: 736
input: 737 -> message: 26,6,29,0 -> output: 737
input: 738 -> message: 20,24,9,8,8,13,36,0 -> output: 738
input: 739 -> message: 31,31,38,0 -> output: 739
input: 740 -> message: 6,14,2,2,2,2,2,37,29,0 -> output: 740
input: 741 -> message: 14,33,3,3,35,38,38,29,0 -> output: 741
input: 742 -> message: 14,3,2,2,2,2,2,0 -> output: 742
input: 743 -> message: 7,14,0 -> output: 743
input: 744 -> message: 2,2,14,0 -> output: 744
input: 745 -> message: 6,2,37,14,0 -> output: 745
input: 746 -> message: 5,35,2,2,2,2,2,2,2,0 -> output: 746
input: 747 -> message: 2,26,38,24,0 -> output: 747
input: 748 -> message: 16,34,34,24,0 -> output: 748
input: 749 -> message: 5,14,3,2,2,34,38,0 -> output: 749
input: 750 -> message: 2,2,2,2,31,31,13,29,0 -> output: 750
input: 751 -> message: 2,2,2,2,2,2,2,2,13,0 -> output: 751
input: 752 -> message: 14,2,2,2,2,2,18,18,18,18,18,18,18,18,18,18,18,18,18,18,18,18,18,18,18,18,18,18,18,18 -> output: 752
input: 753 -> message: 2,2,14,0 -> output: 744
input: 754 -> message: 24,9,9,2,2,18,18,18,18,18,18,18,18,18,18,18,18,18,18,18,18,18,18,18,18,18,18,18,18,18 -> output: 754
input: 755 -> message: 35,31,38,0 -> output: 755
input: 756 -> message: 2,2,2,2,2,38,38,0 -> output: 756
input: 757 -> message: 16,2,2,2,2,2,37,29,0 -> output: 606
input: 758 -> message: 35,2,2,2,2,2,0 -> output: 707
input: 759 -> message: 35,2,31,17,13,0 -> output: 759
input: 760 -> message: 14,2,2,2,2,2,2,2,2,0 -> output: 983
input: 761 -> message: 6,13,29,0 -> output: 761
input: 762 -> message: 24,14,8,2,34,13,0 -> output: 762
input: 763 -> message: 10,14,22,18,18,18,18,18,18,18,18,18,18,18,18,18,18,18,18,18,18,18,18,18,18,18,18,18,18,18 -> output: 763
input: 764 -> message: 16,2,2,2,31,38,24,0 -> output: 764
input: 765 -> message: 39,27,27,27,27,35,35,34,34,7,0 -> output: 765
input: 766 -> message: 16,27,35,2,2,2,2,0 -> output: 766
input: 767 -> message: 14,35,2,31,31,17,0 -> output: 767
input: 768 -> message: 2,37,29,0 -> output: 768
input: 769 -> message: 26,0 -> output: 244
input: 770 -> message: 29,0 -> output: 770
input: 771 -> message: 7,29,23,23,23,27,27,27,27,34,31,17,17,36,0 -> output: 771
input: 772 -> message: 2,2,2,2,2,2,31,31,31,13,29,0 -> output: 772
input: 773 -> message: 10,36,0 -> output: 773
input: 774 -> message: 5,14,3,2,2,2,2,38,24,0 -> output: 370
input: 775 -> message: 28,0 -> output: 775
input: 776 -> message: 24,14,8,17,17,17,36,0 -> output: 776
input: 777 -> message: 27,2,38,24,0 -> output: 777
input: 778 -> message: 5,2,2,2,2,2,2,2,38,24,0 -> output: 778
input: 779 -> message: 16,20,38,29,0 -> output: 779
input: 780 -> message: 2,2,14,0 -> output: 744
input: 781 -> message: 2,2,4,0 -> output: 617
input: 782 -> message: 8,27,34,31,13,29,0 -> output: 782
input: 783 -> message: 2,34,34,13,0 -> output: 783
input: 784 -> message: 14,2,2,2,2,2,31,31,13,29,0 -> output: 784
input: 785 -> message: 26,34,38,0 -> output: 785
input: 786 -> message: 35,2,2,31,17,17,36,0 -> output: 786
input: 787 -> message: 5,2,2,2,2,2,2,2,2,34,34,31,24,0 -> output: 787
input: 788 -> message: 2,2,2,38,13,29,0 -> output: 788
input: 789 -> message: 35,2,38,0 -> output: 789
input: 790 -> message: 35,2,2,38,38,0 -> output: 790
input: 791 -> message: 2,6,38,0 -> output: 791
input: 792 -> message: 2,2,2,34,31,38,0 -> output: 792
input: 793 -> message: 3,31,34,0 -> output: 793
input: 794 -> message: 2,2,2,2,24,0 -> output: 794
input: 795 -> message: 8,3,2,2,2,2,2,2,2,2,0 -> output: 795
input: 796 -> message: 2,2,17,17,36,0 -> output: 796
input: 797 -> message: 7,14,14,14,14,2,2,18,18,18,18,18,18,18,18,18,18,18,18,18,18,18,18,18,18,18,18,18,18,18 -> output: 797
input: 798 -> message: 27,26,38,0 -> output: 798
input: 799 -> message: 2,2,2,34,38,38,0 -> output: 321
input: 800 -> message: 27,26,38,0 -> output: 798
input: 801 -> message: 2,34,38,24,0 -> output: 801
input: 802 -> message: 16,2,34,34,38,0 -> output: 802
input: 803 -> message: 20,7,0 -> output: 803
input: 804 -> message: 27,27,27,35,26,38,0 -> output: 804
input: 805 -> message: 2,2,2,14,0 -> output: 847
input: 806 -> message: 5,2,2,2,2,2,31,31,31,13,29,0 -> output: 806
input: 807 -> message: 29,23,23,23,27,27,27,27,27,27,17,17,17,36,36,36,36,17,17,17,36,36,36,36,36,36,36,36,36,36 -> output: 807
input: 808 -> message: 2,2,2,2,0 -> output: 974
input: 809 -> message: 34,13,0 -> output: 809
input: 810 -> message: 26,31,34,0 -> output: 810
input: 811 -> message: 14,27,27,27,27,27,27,17,17,17,36,36,36,36,17,17,36,36,36,36,36,36,36,36,36,36,36,36,36,36 -> output: 811
input: 812 -> message: 27,35,26,31,24,0 -> output: 812
input: 813 -> message: 26,38,0 -> output: 303
input: 814 -> message: 2,26,13,0 -> output: 814
input: 815 -> message: 2,28,0 -> output: 874
input: 816 -> message: 8,27,35,2,2,2,2,2,2,2,0 -> output: 816
input: 817 -> message: 10,31,0 -> output: 298
input: 818 -> message: 10,2,26,6,29,0 -> output: 818
input: 819 -> message: 2,38,0 -> output: 271
input: 820 -> message: 16,2,2,2,31,31,31,17,29,0 -> output: 820
input: 821 -> message: 5,27,27,27,27,27,27,17,17,17,36,36,36,36,17,17,36,36,36,36,36,36,36,36,36,36,36,36,36,36 -> output: 115
input: 822 -> message: 2,14,14,14,18,18,18,18,18,18,18,18,18,18,18,18,18,18,18,18,18,18,18,18,18,18,18,18,18,18 -> output: 380
input: 823 -> message: 2,2,17,29,0 -> output: 823
input: 824 -> message: 26,34,0 -> output: 824
input: 825 -> message: 1,27,35,2,34,24,0 -> output: 825
input: 826 -> message: 26,24,0 -> output: 574
input: 827 -> message: 10,2,2,2,2,2,31,17,29,0 -> output: 827
input: 828 -> message: 3,2,2,31,31,13,29,0 -> output: 828
input: 829 -> message: 2,2,2,2,38,0 -> output: 829
input: 830 -> message: 27,35,31,17,17,36,0 -> output: 830
input: 831 -> message: 27,2,31,38,0 -> output: 831
input: 832 -> message: 8,2,2,31,31,31,13,29,0 -> output: 832
input: 833 -> message: 2,2,34,38,0 -> output: 408
input: 834 -> message: 10,26,0 -> output: 834
input: 835 -> message: 16,27,2,2,17,17,36,0 -> output: 835
input: 836 -> message: 16,35,31,31,17,36,36,36,36,31,17,17,36,36,0 -> output: 836
input: 837 -> message: 2,2,37,0 -> output: 433
input: 838 -> message: 10,31,31,29,0 -> output: 838
input: 839 -> message: 6,14,14,14,14,25,18,18,18,18,18,18,18,18,18,18,18,18,18,18,18,18,18,18,18,18,18,18,18,18 -> output: 839
input: 840 -> message: 6,6,25,25,18,18,18,18,18,18,18,18,18,18,18,18,18,18,18,18,18,18,18,18,18,18,18,18,18,18 -> output: 840
input: 841 -> message: 24,1,27,35,34,36,0 -> output: 841
input: 842 -> message: 10,26,31,17,0 -> output: 842
input: 843 -> message: 26,34,24,0 -> output: 953
input: 844 -> message: 24,9,18,18,18,18,18,18,18,18,18,18,18,18,18,18,18,18,18,18,18,18,18,18,18,18,18,18,18,18 -> output: 844
input: 845 -> message: 35,2,17,0 -> output: 845
input: 846 -> message: 10,20,24,0 -> output: 846
input: 847 -> message: 2,2,2,14,0 -> output: 847
input: 848 -> message: 24,9,2,2,2,18,18,18,18,18,18,18,18,18,18,18,18,18,18,18,18,18,18,18,18,18,18,18,18,18 -> output: 848
input: 849 -> message: 24,14,8,2,34,13,0 -> output: 762
input: 850 -> message: 31,34,34,0 -> output: 850
input: 851 -> message: 32,8,2,34,13,0 -> output: 851
input: 852 -> message: 2,14,14,2,18,18,18,18,18,18,18,18,18,18,18,18,18,18,18,18,18,18,18,18,18,18,18,18,18,18 -> output: 852
input: 853 -> message: 5,14,8,8,8,27,27,17,17,36,36,0 -> output: 452
input: 854 -> message: 8,8,2,34,34,34,34,0 -> output: 854
input: 855 -> message: 27,31,31,38,0 -> output: 855
input: 856 -> message: 2,2,17,13,36,0 -> output: 856
input: 857 -> message: 27,35,2,2,37,0 -> output: 857
input: 858 -> message: 34,34,0 -> output: 327
input: 859 -> message: 35,2,2,2,2,2,2,2,0 -> output: 859
input: 860 -> message: 34,4,0 -> output: 860
input: 861 -> message: 2,2,2,13,29,0 -> output: 861
input: 862 -> message: 16,35,2,31,31,29,0 -> output: 862
input: 863 -> message: 2,14,14,14,25,18,18,18,18,18,18,18,18,18,18,18,18,18,18,18,18,18,18,18,18,18,18,18,18,18 -> output: 863
input: 864 -> message: 20,34,38,0 -> output: 864
input: 865 -> message: 16,2,2,2,31,31,17,17,36,0 -> output: 935
input: 866 -> message: 35,2,2,2,2,2,2,2,0 -> output: 859
input: 867 -> message: 24,14,35,2,2,2,2,2,2,0 -> output: 867
input: 868 -> message: 8,11,2,2,2,2,2,2,34,2,38,0 -> output: 868
input: 869 -> message: 10,20,29,0 -> output: 869
input: 870 -> message: 31,34,38,0 -> output: 551
input: 871 -> message: 14,33,35,2,2,2,2,2,2,2,0 -> output: 871
input: 872 -> message: 2,2,2,13,29,0 -> output: 861
input: 873 -> message: 34,38,24,0 -> output: 873
input: 874 -> message: 2,28,0 -> output: 874
input: 875 -> message: 6,14,14,25,18,18,18,18,18,18,18,18,18,18,18,18,18,18,18,18,18,18,18,18,18,18,18,18,18,18 -> output: 556
input: 876 -> message: 35,2,2,2,38,0 -> output: 876
input: 877 -> message: 8,35,2,34,24,0 -> output: 877
input: 878 -> message: 2,2,34,34,34,0 -> output: 878
input: 879 -> message: 31,31,29,0 -> output: 324
input: 880 -> message: 14,8,22,8,27,2,2,34,38,13,0 -> output: 880
input: 881 -> message: 14,8,2,2,2,38,0 -> output: 881
input: 882 -> message: 16,35,2,34,0 -> output: 882
input: 883 -> message: 16,27,27,27,27,26,31,31,17,17,36,36,0 -> output: 883
input: 884 -> message: 10,28,0 -> output: 884
input: 885 -> message: 16,35,2,31,38,0 -> output: 885
input: 886 -> message: 35,2,34,24,0 -> output: 886
input: 887 -> message: 19,2,2,2,2,14,14,14,14,14,14,14,18,18,18,18,18,18,18,18,18,18,18,18,18,18,18,18,18,18 -> output: 887
input: 888 -> message: 7,14,14,25,25,18,18,18,18,18,18,18,18,18,18,18,18,18,18,18,18,18,18,18,18,18,18,18,18,18 -> output: 888
input: 889 -> message: 32,2,2,2,2,2,0 -> output: 889
input: 890 -> message: 32,8,2,2,2,2,18,18,18,18,18,18,18,18,18,18,18,18,18,18,18,18,18,18,18,18,18,18,18,18 -> output: 890
input: 891 -> message: 7,28,14,14,14,25,25,25,18,18,18,18,18,18,18,18,18,18,18,18,18,18,18,18,18,18,18,18,18,18 -> output: 891
input: 892 -> message: 2,34,38,13,0 -> output: 892
input: 893 -> message: 2,2,2,2,2,2,2,2,0 -> output: 963
input: 894 -> message: 10,2,14,14,14,2,2,14,18,18,18,18,18,18,18,18,18,18,18,18,18,18,18,18,18,18,18,18,18,18 -> output: 894
input: 895 -> message: 10,31,38,24,0 -> output: 895
input: 896 -> message: 2,2,2,2,2,2,0 -> output: 378
input: 897 -> message: 1,2,2,2,38,0 -> output: 897
input: 898 -> message: 2,38,0 -> output: 271
input: 899 -> message: 5,8,27,27,27,27,27,27,17,17,17,36,36,36,36,17,17,17,36,36,36,36,36,36,36,36,36,36,36,36 -> output: 899
input: 900 -> message: 6,14,0 -> output: 379
input: 901 -> message: 2,2,37,29,0 -> output: 398
input: 902 -> message: 35,31,31,29,0 -> output: 902
input: 903 -> message: 35,31,31,17,17,36,0 -> output: 903
input: 904 -> message: 27,31,31,31,17,17,36,0 -> output: 904
input: 905 -> message: 8,2,34,31,38,0 -> output: 905
input: 906 -> message: 2,2,2,2,31,17,17,36,0 -> output: 400
input: 907 -> message: 2,2,2,0 -> output: 363
input: 908 -> message: 2,14,14,25,25,18,18,18,18,18,18,18,18,18,18,18,18,18,18,18,18,18,18,18,18,18,18,18,18,18 -> output: 908
input: 909 -> message: 24,9,8,8,16,13,17,13,36,0 -> output: 909
input: 910 -> message: 26,38,38,0 -> output: 910
input: 911 -> message: 16,35,2,2,34,24,0 -> output: 911
input: 912 -> message: 35,2,31,24,0 -> output: 912
input: 913 -> message: 6,14,2,2,2,2,31,38,29,0 -> output: 740
input: 914 -> message: 24,27,27,2,2,2,24,0 -> output: 914
input: 915 -> message: 14,2,2,2,2,2,2,2,2,0 -> output: 983
input: 916 -> message: 6,31,29,0 -> output: 916
input: 917 -> message: 2,14,25,25,18,18,18,18,18,18,18,18,18,18,18,18,18,18,18,18,18,18,18,18,18,18,18,18,18,18 -> output: 917
input: 918 -> message: 26,13,0 -> output: 267
input: 919 -> message: 14,2,2,2,2,2,17,17,17,36,0 -> output: 919
input: 920 -> message: 14,11,2,2,2,2,2,2,38,24,0 -> output: 920
input: 921 -> message: 35,2,2,31,17,29,0 -> output: 921
input: 922 -> message: 35,2,2,38,29,0 -> output: 922
input: 923 -> message: 2,2,2,38,38,0 -> output: 923
input: 924 -> message: 35,2,2,2,31,17,29,0 -> output: 924
input: 925 -> message: 6,28,0 -> output: 925
input: 926 -> message: 5,14,35,2,2,2,2,0 -> output: 926
input: 927 -> message: 8,2,2,2,2,2,0 -> output: 927
input: 928 -> message: 24,25,8,8,17,36,0 -> output: 928
input: 929 -> message: 2,2,2,2,2,2,2,2,2,2,0 -> output: 929
input: 930 -> message: 10,34,24,0 -> output: 930
input: 931 -> message: 16,35,2,2,31,17,13,29,0 -> output: 931
input: 932 -> message: 31,17,0 -> output: 52
input: 933 -> message: 6,37,0 -> output: 731
input: 934 -> message: 16,27,35,2,2,4,0 -> output: 934
input: 935 -> message: 16,2,2,2,31,31,17,36,0 -> output: 935
input: 936 -> message: 2,34,13,0 -> output: 936
input: 937 -> message: 2,2,2,2,18,18,18,18,18,18,18,18,18,18,18,18,18,18,18,18,18,18,18,18,18,18,18,18,18,18 -> output: 937
input: 938 -> message: 2,2,2,2,2,2,37,29,0 -> output: 595
input: 939 -> message: 35,2,2,24,0 -> output: 939
input: 940 -> message: 10,6,0 -> output: 940
input: 941 -> message: 31,31,31,17,24,0 -> output: 941
input: 942 -> message: 27,2,17,36,0 -> output: 942
input: 943 -> message: 27,2,28,0 -> output: 943
input: 944 -> message: 16,3,3,2,2,2,2,38,24,0 -> output: 944
input: 945 -> message: 2,26,34,0 -> output: 945
input: 946 -> message: 35,2,2,2,34,24,0 -> output: 946
input: 947 -> message: 2,14,14,14,14,14,14,14,14,14,14,14,14,14,14,18,18,18,18,18,18,18,18,18,18,18,18,18,18,18 -> output: 380
input: 948 -> message: 27,31,17,17,36,36,0 -> output: 948
input: 949 -> message: 9,9,9,27,27,6,13,13,29,0 -> output: 949
input: 950 -> message: 2,2,2,2,37,29,0 -> output: 950
input: 951 -> message: 2,2,14,0 -> output: 744
input: 952 -> message: 5,14,3,3,38,38,0 -> output: 952
input: 953 -> message: 26,34,24,0 -> output: 953
input: 954 -> message: 14,2,2,2,2,2,2,2,0 -> output: 983
input: 955 -> message: 10,20,0 -> output: 955
input: 956 -> message: 2,26,38,0 -> output: 956
input: 957 -> message: 8,11,11,2,2,34,31,31,17,13,29,0 -> output: 957
input: 958 -> message: 35,34,34,24,0 -> output: 958
input: 959 -> message: 34,4,0 -> output: 860
input: 960 -> message: 2,2,38,24,0 -> output: 336
input: 961 -> message: 8,8,8,16,34,13,0 -> output: 961
input: 962 -> message: 20,38,0 -> output: 527
input: 963 -> message: 2,2,2,2,2,2,2,2,2,0 -> output: 929
input: 964 -> message: 2,2,2,2,24,0 -> output: 794
input: 965 -> message: 6,28,0 -> output: 925
input: 966 -> message: 20,38,0 -> output: 527
input: 967 -> message: 2,14,2,2,2,2,14,14,14,14,14,18,18,18,18,18,18,18,18,18,18,18,18,18,18,18,18,18,18,18 -> output: 967
input: 968 -> message: 14,33,8,27,35,2,2,38,38,29,0 -> output: 968
input: 969 -> message: 14,22,23,27,27,27,6,17,17,36,36,0 -> output: 969
input: 970 -> message: 6,4,0 -> output: 579
input: 971 -> message: 7,24,0 -> output: 256
input: 972 -> message: 34,34,34,0 -> output: 972
input: 973 -> message: 2,2,31,31,31,38,0 -> output: 973
input: 974 -> message: 2,2,2,2,0 -> output: 974
input: 975 -> message: 35,2,2,2,38,38,0 -> output: 975
input: 976 -> message: 16,2,17,17,36,0 -> output: 976
input: 977 -> message: 2,2,2,38,38,0 -> output: 923
input: 978 -> message: 35,2,31,31,13,29,0 -> output: 978
input: 979 -> message: 16,2,2,37,29,0 -> output: 979
input: 980 -> message: 7,29,0 -> output: 364
input: 981 -> message: 24,32,35,2,2,2,0 -> output: 981
input: 982 -> message: 2,2,38,24,0 -> output: 336
input: 983 -> message: 14,2,2,2,2,2,2,2,0 -> output: 983
input: 984 -> message: 14,2,2,2,2,2,14,14,14,14,14,14,14,14,14,25,18,18,18,18,18,18,18,18,18,18,18,18,18,18 -> output: 752
input: 985 -> message: 3,2,2,38,24,0 -> output: 985
input: 986 -> message: 19,14,2,2,2,2,2,14,0 -> output: 986
input: 987 -> message: 7,29,0 -> output: 364
input: 988 -> message: 2,2,2,34,34,24,0 -> output: 382
input: 989 -> message: 5,14,2,2,2,31,31,17,17,36,0 -> output: 989
input: 990 -> message: 16,2,2,2,2,17,17,0 -> output: 757
input: 991 -> message: 31,34,24,0 -> output: 220
input: 992 -> message: 16,3,2,2,2,17,17,36,0 -> output: 992
input: 993 -> message: 6,14,2,2,2,31,31,17,36,0 -> output: 993
input: 994 -> message: 16,2,34,31,31,24,0 -> output: 994
input: 995 -> message: 35,2,2,2,2,2,14,0 -> output: 995
input: 996 -> message: 6,4,0 -> output: 579
input: 997 -> message: 20,31,24,0 -> output: 997
input: 998 -> message: 26,37,0 -> output: 998
input: 999 -> message: 34,4,0 -> output: 860
{"powerlaw": 0.8399665951728821, "unif": 0.821}
Epoch: 201
{"powerlaw": 0.8350694179534912, "unif": 0.82}
Epoch: 202
{"powerlaw": 0.8354317545890808, "unif": 0.809}
Epoch: 203
{"powerlaw": 0.8318962454795837, "unif": 0.795}
Epoch: 204
{"powerlaw": 0.8394536375999451, "unif": 0.82}
Epoch: 205
{"powerlaw": 0.8369499444961548, "unif": 0.816}
Epoch: 206
{"powerlaw": 0.837783694267273, "unif": 0.817}
Epoch: 207
{"powerlaw": 0.8420014977455139, "unif": 0.834}
Epoch: 208
{"powerlaw": 0.8423939347267151, "unif": 0.831}
Epoch: 209
{"powerlaw": 0.8330578804016113, "unif": 0.802}
Epoch: 210
{"powerlaw": 0.8371850252151489, "unif": 0.819}
Epoch: 211
{"powerlaw": 0.841646671295166, "unif": 0.826}
Epoch: 212
{"powerlaw": 0.8416004180908203, "unif": 0.83}
Epoch: 213
{"powerlaw": 0.8437932133674622, "unif": 0.834}
Epoch: 214
{"powerlaw": 0.8440907597541809, "unif": 0.839}
Epoch: 215
{"powerlaw": 0.8389805555343628, "unif": 0.827}
Epoch: 216
{"powerlaw": 0.8456107378005981, "unif": 0.848}
Epoch: 217
{"powerlaw": 0.8405055403709412, "unif": 0.825}
Epoch: 218
{"powerlaw": 0.841184675693512, "unif": 0.82}
Epoch: 219
{"powerlaw": 0.8436091542243958, "unif": 0.835}
Epoch: 220
{"powerlaw": 0.842088520526886, "unif": 0.828}
Epoch: 221
{"powerlaw": 0.846693754196167, "unif": 0.84}
Epoch: 222
{"powerlaw": 0.8439306616783142, "unif": 0.827}
Epoch: 223
{"powerlaw": 0.8365128040313721, "unif": 0.807}
Epoch: 224
{"powerlaw": 0.8408980369567871, "unif": 0.818}
Epoch: 225
{"powerlaw": 0.847320020198822, "unif": 0.841}
Epoch: 226
{"powerlaw": 0.8513069152832031, "unif": 0.861}
Epoch: 227
{"powerlaw": 0.8531940579414368, "unif": 0.867}
Epoch: 228
{"powerlaw": 0.8490071892738342, "unif": 0.847}
Epoch: 229
{"powerlaw": 0.8342160582542419, "unif": 0.782}
Epoch: 230
{"powerlaw": 0.8340383172035217, "unif": 0.72}
Epoch: 231
{"powerlaw": 0.8461030125617981, "unif": 0.755}
Epoch: 232
{"powerlaw": 0.8578653931617737, "unif": 0.779}
Epoch: 233
{"powerlaw": 0.8468034267425537, "unif": 0.738}
Epoch: 234
{"powerlaw": 0.8600793480873108, "unif": 0.784}
Epoch: 235
{"powerlaw": 0.8634173274040222, "unif": 0.803}
Epoch: 236
{"powerlaw": 0.8679041266441345, "unif": 0.809}
Epoch: 237
{"powerlaw": 0.8656678795814514, "unif": 0.81}
Epoch: 238
{"powerlaw": 0.862373948097229, "unif": 0.817}
Epoch: 239
{"powerlaw": 0.8615925908088684, "unif": 0.803}
Epoch: 240
{"powerlaw": 0.8682643175125122, "unif": 0.836}
Epoch: 241
{"powerlaw": 0.8705763816833496, "unif": 0.832}
Epoch: 242
{"powerlaw": 0.8689264059066772, "unif": 0.764}
Epoch: 243
{"powerlaw": 0.8788885474205017, "unif": 0.795}
Epoch: 244
{"powerlaw": 0.8850244879722595, "unif": 0.821}
Epoch: 245
{"powerlaw": 0.8814827799797058, "unif": 0.808}
Epoch: 246
{"powerlaw": 0.8805133700370789, "unif": 0.803}
Epoch: 247
{"powerlaw": 0.8874353170394897, "unif": 0.828}
Epoch: 248
{"powerlaw": 0.8802496790885925, "unif": 0.81}
Epoch: 249
{"powerlaw": 0.8827499747276306, "unif": 0.823}
Epoch: 250
input: 0 -> message: 1,27,27,35,6,17,29,0 -> output: 0
input: 1 -> message: 17,17,0 -> output: 1
input: 2 -> message: 27,26,36,0 -> output: 2
input: 3 -> message: 17,17,0 -> output: 1
input: 4 -> message: 15,35,35,31,31,17,17,17,0 -> output: 4
input: 5 -> message: 17,17,29,0 -> output: 5
input: 6 -> message: 17,36,0 -> output: 6
input: 7 -> message: 17,13,0 -> output: 7
input: 8 -> message: 17,13,13,0 -> output: 8
input: 9 -> message: 17,36,0 -> output: 6
input: 10 -> message: 0 -> output: 10
input: 11 -> message: 6,36,0 -> output: 11
input: 12 -> message: 17,11,2,34,34,34,30,0 -> output: 12
input: 13 -> message: 17,31,31,31,17,17,17,0 -> output: 13
input: 14 -> message: 17,0 -> output: 14
input: 15 -> message: 17,17,36,14,3,3,31,31,17,17,17,0 -> output: 15
input: 16 -> message: 16,2,14,0 -> output: 16
input: 17 -> message: 17,29,0 -> output: 17
input: 18 -> message: 27,27,27,2,2,2,2,2,2,2,2,25,25,25,30,30,30,30,30,30,30,37,22,14,30,30,30,30,30,30 -> output: 18
input: 19 -> message: 24,25,2,2,2,30,30,30,30,30,30,30,30,30,30,30,30,30,30,30,30,30,30,30,30,30,30,30,30,30 -> output: 19
input: 20 -> message: 2,31,36,0 -> output: 20
input: 21 -> message: 27,35,26,17,29,0 -> output: 21
input: 22 -> message: 16,27,36,17,17,36,0 -> output: 22
input: 23 -> message: 15,27,27,35,17,17,29,0 -> output: 23
input: 24 -> message: 17,17,17,36,0 -> output: 24
input: 25 -> message: 2,31,0 -> output: 25
input: 26 -> message: 24,8,8,2,2,2,25,25,25,30,30,30,30,30,30,30,30,30,30,30,30,30,30,30,30,30,30,30,30,30 -> output: 26
input: 27 -> message: 24,9,15,27,27,27,27,27,35,17,17,29,0 -> output: 27
input: 28 -> message: 5,2,2,2,2,2,2,2,30,30,30,30,30,30,30,30,30,30,30,30,30,30,30,30,30,30,30,30,30,30 -> output: 28
input: 29 -> message: 17,13,36,0 -> output: 29
input: 30 -> message: 24,9,27,2,2,2,34,34,34,34,25,25,25,37,22,37,30,30,30,30,30,30,30,30,30,30,30,30,30,30 -> output: 30
input: 31 -> message: 15,2,2,31,31,31,31,31,34,34,24,0 -> output: 31
input: 32 -> message: 1,2,2,2,2,2,2,2,2,2,2,2,2,2,2,2,2,2,2,2,2,2,2,2,2,2,2,2,2,2 -> output: 32
input: 33 -> message: 2,2,2,2,2,2,2,2,2,2,30,30,30,30,30,30,30,30,30,30,30,30,30,30,30,30,30,30,30,30 -> output: 33
input: 34 -> message: 17,0 -> output: 14
input: 35 -> message: 24,9,2,2,2,2,2,2,30,30,30,30,30,30,30,30,30,30,30,30,30,30,30,30,30,30,30,30,30,30 -> output: 35
input: 36 -> message: 2,31,17,36,0 -> output: 36
input: 37 -> message: 16,27,20,20,24,0 -> output: 37
input: 38 -> message: 32,27,27,27,35,17,17,29,0 -> output: 38
input: 39 -> message: 6,21,22,31,31,17,17,29,0 -> output: 39
input: 40 -> message: 24,9,27,27,35,17,17,29,0 -> output: 40
input: 41 -> message: 1,27,2,38,37,0 -> output: 41
input: 42 -> message: 14,35,38,38,0 -> output: 42
input: 43 -> message: 32,27,2,2,37,0 -> output: 43
input: 44 -> message: 39,15,27,27,35,17,17,29,0 -> output: 44
input: 45 -> message: 2,2,2,2,14,30,14,30,30,30,30,30,30,30,30,30,30,30,30,30,30,30,30,30,30,30,30,30,30,30 -> output: 45
input: 46 -> message: 27,2,17,17,17,17,36,0 -> output: 46
input: 47 -> message: 2,0 -> output: 47
input: 48 -> message: 27,2,2,0 -> output: 48
input: 49 -> message: 34,0 -> output: 49
input: 50 -> message: 1,2,0 -> output: 50
input: 51 -> message: 16,2,2,2,0 -> output: 51
input: 52 -> message: 31,17,0 -> output: 52
input: 53 -> message: 2,31,0 -> output: 25
input: 54 -> message: 14,14,3,2,2,2,2,37,28,37,30,0 -> output: 54
input: 55 -> message: 14,8,35,2,2,2,34,24,0 -> output: 55
input: 56 -> message: 2,31,17,0 -> output: 56
input: 57 -> message: 27,2,38,0 -> output: 57
input: 58 -> message: 2,34,0 -> output: 58
input: 59 -> message: 2,31,17,24,0 -> output: 59
input: 60 -> message: 24,0 -> output: 60
input: 61 -> message: 32,2,2,2,2,0 -> output: 61
input: 62 -> message: 16,27,27,35,2,37,29,0 -> output: 62
input: 63 -> message: 36,0 -> output: 63
input: 64 -> message: 27,27,27,27,27,35,17,29,0 -> output: 64
input: 65 -> message: 32,8,8,8,34,38,34,0 -> output: 65
input: 66 -> message: 31,17,36,0 -> output: 66
input: 67 -> message: 5,8,8,8,8,2,2,2,2,2,2,2,2,2,2,2,2,2,2,2,2,2,2,2,2,2,2,2,2,2 -> output: 67
input: 68 -> message: 2,17,0 -> output: 68
input: 69 -> message: 31,31,36,0 -> output: 69
input: 70 -> message: 31,17,29,0 -> output: 70
input: 71 -> message: 27,27,38,38,29,0 -> output: 71
input: 72 -> message: 27,31,17,17,0 -> output: 72
input: 73 -> message: 2,3,34,34,34,31,37,30,0 -> output: 73
input: 74 -> message: 31,31,36,0 -> output: 69
input: 75 -> message: 2,0 -> output: 47
input: 76 -> message: 1,2,31,31,31,17,17,17,0 -> output: 76
input: 77 -> message: 24,0 -> output: 60
input: 78 -> message: 36,0 -> output: 63
input: 79 -> message: 31,31,24,0 -> output: 79
input: 80 -> message: 6,14,22,31,31,17,17,17,36,36,0 -> output: 80
input: 81 -> message: 31,17,0 -> output: 52
input: 82 -> message: 2,2,2,0 -> output: 82
input: 83 -> message: 27,2,31,29,0 -> output: 83
input: 84 -> message: 8,2,2,2,2,2,2,2,2,2,25,25,25,25,30,30,30,30,30,30,30,30,30,30,30,30,30,30,30,30 -> output: 84
input: 85 -> message: 3,2,17,0 -> output: 85
input: 86 -> message: 31,36,0 -> output: 86
input: 87 -> message: 2,2,17,36,0 -> output: 87
input: 88 -> message: 6,17,0 -> output: 88
input: 89 -> message: 34,24,0 -> output: 89
input: 90 -> message: 31,0 -> output: 90
input: 91 -> message: 31,36,0 -> output: 86
input: 92 -> message: 1,27,35,17,17,29,0 -> output: 92
input: 93 -> message: 2,2,24,0 -> output: 93
input: 94 -> message: 13,0 -> output: 94
input: 95 -> message: 31,31,34,24,0 -> output: 95
input: 96 -> message: 27,27,35,35,31,17,17,29,0 -> output: 96
input: 97 -> message: 2,17,17,17,17,17,17,17,17,17,17,17,17,17,17,17,17,17,17,17,17,17,17,17,17,17,17,17,17,17 -> output: 97
input: 98 -> message: 24,9,8,8,2,2,2,2,2,2,37,30,30,30,30,30,30,30,30,30,30,30,30,30,30,30,30,30,30,30 -> output: 98
input: 99 -> message: 6,17,36,0 -> output: 99
input: 100 -> message: 27,31,38,29,0 -> output: 100
input: 101 -> message: 2,36,0 -> output: 101
input: 102 -> message: 2,31,13,0 -> output: 102
input: 103 -> message: 16,3,2,2,2,34,34,34,34,0 -> output: 103
input: 104 -> message: 2,34,0 -> output: 58
input: 105 -> message: 2,24,0 -> output: 105
input: 106 -> message: 31,31,0 -> output: 106
input: 107 -> message: 26,17,0 -> output: 107
input: 108 -> message: 16,2,2,31,31,31,31,17,17,17,36,0 -> output: 108
input: 109 -> message: 31,31,0 -> output: 106
input: 110 -> message: 2,2,31,17,24,0 -> output: 110
input: 111 -> message: 2,2,28,0 -> output: 111
input: 112 -> message: 2,13,0 -> output: 112
input: 113 -> message: 2,31,24,0 -> output: 113
input: 114 -> message: 2,2,14,30,30,30,30,30,30,30,30,30,30,30,30,30,30,30,30,30,30,30,30,30,30,30,30,30,30,30 -> output: 114
input: 115 -> message: 27,27,27,17,17,17,36,36,0 -> output: 115
input: 116 -> message: 2,17,13,0 -> output: 116
input: 117 -> message: 26,31,0 -> output: 117
input: 118 -> message: 6,0 -> output: 118
input: 119 -> message: 2,31,29,0 -> output: 119
input: 120 -> message: 16,14,2,2,2,37,37,17,0 -> output: 120
input: 121 -> message: 31,13,0 -> output: 121
input: 122 -> message: 31,0 -> output: 90
input: 123 -> message: 2,2,2,2,2,2,2,2,2,2,2,2,2,2,2,2,2,2,2,2,2,2,2,2,2,2,2,2,2,2 -> output: 123
input: 124 -> message: 1,14,2,2,37,37,37,36,0 -> output: 124
input: 125 -> message: 31,31,34,0 -> output: 125
input: 126 -> message: 1,3,2,2,2,2,34,25,30,30,30,30,30,30,30,30,30,30,30,30,30,30,30,30,30,30,30,30,30,30 -> output: 126
input: 127 -> message: 2,2,2,2,2,2,30,30,30,30,30,30,30,30,30,30,30,30,30,30,30,30,30,30,30,30,30,30,30,30 -> output: 127
input: 128 -> message: 27,27,2,2,2,37,0 -> output: 128
input: 129 -> message: 6,24,0 -> output: 129
input: 130 -> message: 2,34,24,0 -> output: 130
input: 131 -> message: 20,13,0 -> output: 131
input: 132 -> message: 31,24,14,8,19,38,38,36,0 -> output: 132
input: 133 -> message: 16,27,26,17,29,0 -> output: 133
input: 134 -> message: 36,23,27,35,31,17,17,29,0 -> output: 134
input: 135 -> message: 31,17,17,17,36,14,3,3,31,31,17,17,36,0 -> output: 135
input: 136 -> message: 26,17,36,0 -> output: 136
input: 137 -> message: 34,34,0 -> output: 137
input: 138 -> message: 31,29,0 -> output: 138
input: 139 -> message: 2,2,34,0 -> output: 139
input: 140 -> message: 2,4,0 -> output: 140
input: 141 -> message: 2,2,38,29,0 -> output: 141
input: 142 -> message: 2,2,0 -> output: 142
input: 143 -> message: 2,2,2,2,2,2,2,30,30,30,30,30,30,30,30,30,30,30,30,30,30,30,30,30,30,30,30,30,30,30 -> output: 143
input: 144 -> message: 2,2,2,17,17,17,17,17,36,0 -> output: 144
input: 145 -> message: 7,0 -> output: 145
input: 146 -> message: 2,26,17,0 -> output: 146
input: 147 -> message: 2,2,37,29,0 -> output: 147
input: 148 -> message: 2,38,38,0 -> output: 148
input: 149 -> message: 2,2,31,17,17,17,0 -> output: 149
input: 150 -> message: 34,0 -> output: 49
input: 151 -> message: 31,31,31,17,17,0 -> output: 151
input: 152 -> message: 20,31,0 -> output: 152
input: 153 -> message: 1,14,2,2,2,14,30,30,30,30,30,30,30,30,30,30,30,30,30,30,30,30,30,30,30,30,30,30,30,30 -> output: 153
input: 154 -> message: 34,34,34,0 -> output: 154
input: 155 -> message: 35,35,2,2,2,2,34,34,35,25,25,25,30,14,30,30,30,30,30,30,30,30,30,30,30,30,30,30,30,30 -> output: 155
input: 156 -> message: 24,2,2,2,2,2,30,30,30,30,30,30,30,30,30,30,30,30,30,30,30,30,30,30,30,30,30,30,30,30 -> output: 156
input: 157 -> message: 31,17,17,0 -> output: 157
input: 158 -> message: 2,13,29,0 -> output: 222
input: 159 -> message: 31,17,24,0 -> output: 159
input: 160 -> message: 16,27,17,17,17,17,17,36,36,0 -> output: 160
input: 161 -> message: 27,35,2,2,2,30,30,30,30,30,30,30,30,30,30,30,30,30,30,30,30,30,30,30,30,30,30,30,30,30 -> output: 161
input: 162 -> message: 16,2,31,38,29,0 -> output: 162
input: 163 -> message: 2,2,0 -> output: 142
input: 164 -> message: 16,2,17,36,0 -> output: 164
input: 165 -> message: 2,2,34,34,24,0 -> output: 165
input: 166 -> message: 10,24,0 -> output: 166
input: 167 -> message: 2,29,0 -> output: 167
input: 168 -> message: 2,17,17,0 -> output: 168
input: 169 -> message: 2,26,31,34,0 -> output: 169
input: 170 -> message: 6,0 -> output: 118
input: 171 -> message: 2,38,29,0 -> output: 171
input: 172 -> message: 2,20,0 -> output: 172
input: 173 -> message: 14,35,34,34,34,0 -> output: 173
input: 174 -> message: 2,17,17,17,36,0 -> output: 174
input: 175 -> message: 24,14,35,2,34,34,34,0 -> output: 175
input: 176 -> message: 7,14,14,14,30,30,30,30,30,30,30,30,30,30,30,30,30,30,30,30,30,30,30,30,30,30,30,30,30,30 -> output: 176
input: 177 -> message: 2,14,0 -> output: 177
input: 178 -> message: 2,17,36,0 -> output: 191
input: 179 -> message: 10,2,14,0 -> output: 179
input: 180 -> message: 1,2,2,2,2,30,30,30,30,30,30,30,30,30,30,30,30,30,30,30,30,30,30,30,30,30,30,30,30,30 -> output: 180
input: 181 -> message: 6,34,0 -> output: 181
input: 182 -> message: 2,2,31,31,31,31,31,31,31,17,17,0 -> output: 182
input: 183 -> message: 6,24,0 -> output: 129
input: 184 -> message: 2,26,31,13,29,0 -> output: 184
input: 185 -> message: 1,3,2,34,34,34,0 -> output: 185
input: 186 -> message: 32,3,2,2,2,30,30,30,30,30,30,30,30,30,30,30,30,30,30,30,30,30,30,30,30,30,30,30,30,30 -> output: 186
input: 187 -> message: 2,2,2,37,29,0 -> output: 187
input: 188 -> message: 20,34,0 -> output: 188
input: 189 -> message: 31,38,24,0 -> output: 189
input: 190 -> message: 2,2,17,0 -> output: 190
input: 191 -> message: 2,17,36,0 -> output: 191
input: 192 -> message: 31,31,36,0 -> output: 69
input: 193 -> message: 31,17,17,36,0 -> output: 193
input: 194 -> message: 1,2,2,2,2,25,25,30,30,30,30,30,30,30,30,30,30,30,30,30,30,30,30,30,30,30,30,30,30,30 -> output: 194
input: 195 -> message: 2,2,31,31,34,4,0 -> output: 195
input: 196 -> message: 27,35,31,31,38,29,0 -> output: 196
input: 197 -> message: 6,6,17,17,36,0 -> output: 197
input: 198 -> message: 9,8,27,27,27,35,17,17,29,0 -> output: 198
input: 199 -> message: 2,17,13,36,0 -> output: 199
input: 200 -> message: 2,2,14,2,14,30,30,30,30,30,30,30,30,30,30,30,30,30,30,30,30,30,30,30,30,30,30,30,30,30 -> output: 200
input: 201 -> message: 6,6,0 -> output: 201
input: 202 -> message: 16,27,31,31,17,17,36,36,0 -> output: 202
input: 203 -> message: 2,2,38,0 -> output: 203
input: 204 -> message: 24,14,2,2,2,2,2,2,2,2,30,30,30,30,30,30,30,30,30,30,30,30,30,30,30,30,30,30,30,30 -> output: 204
input: 205 -> message: 1,2,2,2,2,2,2,2,2,2,30,30,30,30,30,30,30,30,30,30,30,30,30,30,30,30,30,30,30,30 -> output: 205
input: 206 -> message: 31,34,0 -> output: 206
input: 207 -> message: 14,14,2,2,2,2,14,30,14,30,30,30,30,30,30,30,30,30,30,30,30,30,30,30,30,30,30,30,30,30 -> output: 207
input: 208 -> message: 31,24,2,0 -> output: 208
input: 209 -> message: 2,6,13,29,0 -> output: 209
input: 210 -> message: 24,14,8,2,2,2,37,37,30,30,30,30,30,30,30,30,30,30,30,30,30,30,30,30,30,30,30,30,30,30 -> output: 210
input: 211 -> message: 2,6,0 -> output: 211
input: 212 -> message: 1,2,2,2,2,2,30,30,30,30,30,30,30,30,30,30,30,30,30,30,30,30,30,30,30,30,30,30,30,30 -> output: 212
input: 213 -> message: 9,2,2,30,0 -> output: 213
input: 214 -> message: 31,38,24,0 -> output: 189
input: 215 -> message: 14,8,2,2,38,13,29,0 -> output: 215
input: 216 -> message: 26,31,0 -> output: 117
input: 217 -> message: 2,26,6,6,29,0 -> output: 217
input: 218 -> message: 24,27,27,27,27,27,22,17,17,29,0 -> output: 218
input: 219 -> message: 38,38,0 -> output: 219
input: 220 -> message: 31,34,24,0 -> output: 220
input: 221 -> message: 31,24,0 -> output: 221
input: 222 -> message: 2,13,29,0 -> output: 222
input: 223 -> message: 26,31,17,17,0 -> output: 223
input: 224 -> message: 31,29,23,23,23,27,25,25,25,17,17,17,36,14,0 -> output: 224
input: 225 -> message: 6,2,2,2,2,2,2,35,2,14,2,37,30,30,30,30,30,30,30,30,30,30,30,30,30,30,30,30,30,30 -> output: 225
input: 226 -> message: 32,33,0 -> output: 226
input: 227 -> message: 2,2,2,20,13,29,0 -> output: 227
input: 228 -> message: 27,2,26,31,17,17,29,0 -> output: 228
input: 229 -> message: 4,0 -> output: 229
input: 230 -> message: 35,35,35,35,31,31,31,31,31,31,34,31,34,31,34,7,0 -> output: 230
input: 231 -> message: 6,31,0 -> output: 231
input: 232 -> message: 16,2,31,31,17,17,17,0 -> output: 232
input: 233 -> message: 2,2,34,34,34,34,34,34,34,34,34,35,31,34,37,22,37,37,30,30,30,30,30,30,30,30,30,30,30,30 -> output: 233
input: 234 -> message: 2,2,2,2,0 -> output: 234
input: 235 -> message: 31,31,31,24,0 -> output: 235
input: 236 -> message: 10,13,0 -> output: 236
input: 237 -> message: 31,38,0 -> output: 237
input: 238 -> message: 24,14,0 -> output: 481
input: 239 -> message: 24,2,2,2,2,2,2,25,25,25,30,30,30,30,30,30,30,30,30,30,30,30,30,30,30,30,30,30,30,30 -> output: 239
input: 240 -> message: 2,38,24,0 -> output: 240
input: 241 -> message: 7,17,36,0 -> output: 241
input: 242 -> message: 14,0 -> output: 242
input: 243 -> message: 1,22,0 -> output: 243
input: 244 -> message: 26,0 -> output: 244
input: 245 -> message: 31,31,34,34,0 -> output: 245
input: 246 -> message: 15,31,31,31,17,17,17,0 -> output: 246
input: 247 -> message: 34,31,34,0 -> output: 247
input: 248 -> message: 31,34,0 -> output: 206
input: 249 -> message: 26,13,36,0 -> output: 249
input: 250 -> message: 2,28,0 -> output: 250
input: 251 -> message: 27,26,38,29,0 -> output: 251
input: 252 -> message: 26,31,17,17,36,36,0 -> output: 252
input: 253 -> message: 2,31,38,0 -> output: 253
input: 254 -> message: 17,14,35,2,34,34,24,0 -> output: 254
input: 255 -> message: 16,16,3,31,17,17,17,36,36,0 -> output: 255
input: 256 -> message: 7,24,0 -> output: 256
input: 257 -> message: 2,37,0 -> output: 257
input: 258 -> message: 2,2,2,2,2,2,30,30,30,30,30,30,30,30,30,30,30,30,30,30,30,30,30,30,30,30,30,30,30,30 -> output: 127
input: 259 -> message: 35,14,2,30,30,30,30,30,30,30,30,30,30,30,30,30,30,30,30,30,30,30,30,30,30,30,30,30,30,30 -> output: 259
input: 260 -> message: 11,2,2,2,2,2,2,2,2,2,25,25,25,25,25,25,31,2,37,22,37,30,31,22,37,22,37,37,37,22 -> output: 260
input: 261 -> message: 2,2,31,38,24,0 -> output: 261
input: 262 -> message: 26,29,23,16,27,27,17,17,17,17,36,36,0 -> output: 262
input: 263 -> message: 7,29,23,23,27,27,17,17,17,17,36,36,0 -> output: 263
input: 264 -> message: 2,20,13,29,0 -> output: 264
input: 265 -> message: 32,35,34,34,4,0 -> output: 265
input: 266 -> message: 2,2,34,34,34,24,0 -> output: 266
input: 267 -> message: 26,13,0 -> output: 267
input: 268 -> message: 2,24,0 -> output: 105
input: 269 -> message: 2,31,31,31,34,24,0 -> output: 269
input: 270 -> message: 35,2,31,0 -> output: 270
input: 271 -> message: 2,38,0 -> output: 271
input: 272 -> message: 38,0 -> output: 272
input: 273 -> message: 10,26,24,0 -> output: 273
input: 274 -> message: 2,28,14,25,8,25,25,25,25,25,25,25,25,22,30,30,30,30,30,30,30,30,30,30,30,30,30,30,30,30 -> output: 274
input: 275 -> message: 2,14,0 -> output: 177
input: 276 -> message: 26,36,0 -> output: 276
input: 277 -> message: 24,9,8,27,27,27,27,27,35,17,17,29,0 -> output: 277
input: 278 -> message: 31,13,13,36,0 -> output: 278
input: 279 -> message: 24,32,3,2,2,37,24,0 -> output: 279
input: 280 -> message: 20,24,0 -> output: 280
input: 281 -> message: 31,31,34,24,0 -> output: 95
input: 282 -> message: 2,26,29,0 -> output: 282
input: 283 -> message: 1,14,14,22,37,22,37,14,0 -> output: 283
input: 284 -> message: 2,2,17,17,17,0 -> output: 284
input: 285 -> message: 2,2,13,0 -> output: 285
input: 286 -> message: 27,2,2,34,34,34,34,34,34,34,34,34,20,20,0 -> output: 286
input: 287 -> message: 19,14,22,35,31,31,17,17,36,0 -> output: 287
input: 288 -> message: 27,26,34,0 -> output: 288
input: 289 -> message: 24,14,0 -> output: 481
input: 290 -> message: 32,27,2,38,29,0 -> output: 290
input: 291 -> message: 3,2,2,38,0 -> output: 291
input: 292 -> message: 16,16,27,27,27,27,17,17,17,29,0 -> output: 292
input: 293 -> message: 14,2,2,2,2,2,2,2,2,2,30,30,30,30,30,30,30,30,30,30,30,30,30,30,30,30,30,30,30,30 -> output: 293
input: 294 -> message: 7,36,0 -> output: 294
input: 295 -> message: 2,2,29,0 -> output: 295
input: 296 -> message: 2,2,2,24,0 -> output: 296
input: 297 -> message: 2,2,2,2,2,2,2,30,30,30,30,30,30,30,30,30,30,30,30,30,30,30,30,30,30,30,30,30,30,30 -> output: 143
input: 298 -> message: 10,31,0 -> output: 298
input: 299 -> message: 31,31,17,17,0 -> output: 299
input: 300 -> message: 2,31,31,36,0 -> output: 300
input: 301 -> message: 35,2,2,34,34,34,34,34,30,30,0 -> output: 301
input: 302 -> message: 16,27,27,35,17,17,17,29,0 -> output: 302
input: 303 -> message: 26,38,0 -> output: 303
input: 304 -> message: 8,2,38,38,0 -> output: 304
input: 305 -> message: 16,2,37,14,0 -> output: 305
input: 306 -> message: 6,25,25,22,31,31,17,17,17,36,0 -> output: 306
input: 307 -> message: 8,8,27,35,2,34,34,34,34,30,0 -> output: 307
input: 308 -> message: 24,14,2,2,2,2,30,30,30,30,30,30,30,30,30,30,30,30,30,30,30,30,30,30,30,30,30,30,30,30 -> output: 308
input: 309 -> message: 16,27,16,17,17,29,0 -> output: 309
input: 310 -> message: 6,29,0 -> output: 310
input: 311 -> message: 16,2,14,25,25,30,30,30,30,30,30,30,30,30,30,30,30,30,30,30,30,30,30,30,30,30,30,30,30,30 -> output: 311
input: 312 -> message: 2,38,13,0 -> output: 312
input: 313 -> message: 8,3,2,34,34,34,34,34,34,30,0 -> output: 313
input: 314 -> message: 2,2,2,2,2,2,25,25,25,30,30,30,30,30,30,30,30,30,30,30,30,30,30,30,30,30,30,30,30,30 -> output: 33
input: 315 -> message: 2,2,37,0 -> output: 433
input: 316 -> message: 27,26,31,17,29,0 -> output: 316
input: 317 -> message: 2,31,31,24,0 -> output: 317
input: 318 -> message: 2,2,2,2,34,34,34,31,34,31,34,31,35,35,31,34,37,2,37,20,37,30,30,30,30,30,30,30,30,30 -> output: 318
input: 319 -> message: 2,2,2,2,2,2,2,2,25,25,25,30,30,30,30,30,30,30,30,30,30,30,30,30,30,30,30,30,30,30 -> output: 319
input: 320 -> message: 16,2,31,31,31,31,31,31,17,17,17,0 -> output: 320
input: 321 -> message: 2,2,2,37,0 -> output: 321
input: 322 -> message: 16,3,7,29,0 -> output: 322
input: 323 -> message: 3,2,38,38,0 -> output: 323
input: 324 -> message: 31,31,4,0 -> output: 324
input: 325 -> message: 6,2,37,29,0 -> output: 325
input: 326 -> message: 16,31,34,0 -> output: 326
input: 327 -> message: 31,34,34,0 -> output: 327
input: 328 -> message: 2,26,17,17,17,0 -> output: 328
input: 329 -> message: 31,24,15,15,15,27,27,27,27,35,17,17,29,0 -> output: 329
input: 330 -> message: 24,9,2,2,2,34,34,34,30,0 -> output: 330
input: 331 -> message: 2,17,29,0 -> output: 331
input: 332 -> message: 2,2,2,31,31,31,31,34,34,0 -> output: 332
input: 333 -> message: 35,35,2,2,2,2,30,30,30,30,30,30,30,30,30,30,30,30,30,30,30,30,30,30,30,30,30,30,30,30 -> output: 333
input: 334 -> message: 35,2,38,38,0 -> output: 334
input: 335 -> message: 31,34,13,29,0 -> output: 335
input: 336 -> message: 2,2,38,24,0 -> output: 336
input: 337 -> message: 26,24,0 -> output: 337
input: 338 -> message: 2,2,2,30,0 -> output: 338
input: 339 -> message: 2,2,34,34,38,24,0 -> output: 339
input: 340 -> message: 24,14,8,8,8,17,13,13,36,23,23,0 -> output: 340
input: 341 -> message: 3,2,2,2,2,2,30,30,30,30,30,30,30,30,30,30,30,30,30,30,30,30,30,30,30,30,30,30,30,30 -> output: 341
input: 342 -> message: 10,31,17,0 -> output: 342
input: 343 -> message: 2,2,13,13,29,0 -> output: 343
input: 344 -> message: 2,6,29,0 -> output: 344
input: 345 -> message: 26,31,31,17,17,17,36,36,0 -> output: 345
input: 346 -> message: 14,3,2,2,2,2,34,34,25,34,25,25,30,14,30,30,30,30,30,30,30,30,30,30,30,30,30,30,30,30 -> output: 346
input: 347 -> message: 16,2,2,2,2,2,30,30,30,30,30,30,30,30,30,30,30,30,30,30,30,30,30,30,30,30,30,30,30,30 -> output: 347
input: 348 -> message: 2,2,2,37,14,0 -> output: 348
input: 349 -> message: 6,34,24,0 -> output: 349
input: 350 -> message: 2,2,2,6,37,37,4,0 -> output: 350
input: 351 -> message: 35,31,17,17,36,0 -> output: 351
input: 352 -> message: 35,35,2,2,38,0 -> output: 352
input: 353 -> message: 2,28,0 -> output: 250
input: 354 -> message: 16,35,34,34,34,31,34,31,34,0 -> output: 354
input: 355 -> message: 16,9,2,2,2,30,30,30,30,30,30,30,30,30,30,30,30,30,30,30,30,30,30,30,30,30,30,30,30,30 -> output: 355
input: 356 -> message: 2,14,25,25,25,25,25,25,25,25,25,25,25,25,25,25,25,25,25,25,25,25,25,25,25,25,25,25,25,25 -> output: 356
input: 357 -> message: 27,2,2,2,2,2,2,2,2,2,2,2,25,2,2,2,2,37,35,2,37,2,37,22,37,30,30,30,30,30 -> output: 357
input: 358 -> message: 27,2,2,37,0 -> output: 358
input: 359 -> message: 14,33,8,27,22,38,38,0 -> output: 359
input: 360 -> message: 10,38,0 -> output: 360
input: 361 -> message: 9,27,27,35,2,38,37,29,0 -> output: 361
input: 362 -> message: 2,6,24,0 -> output: 362
input: 363 -> message: 2,2,0 -> output: 142
input: 364 -> message: 7,29,23,23,23,27,27,25,17,17,17,29,36,0 -> output: 797
input: 365 -> message: 2,2,14,0 -> output: 577
input: 366 -> message: 24,14,3,2,2,2,37,28,28,0 -> output: 366
input: 367 -> message: 16,2,2,2,2,30,30,30,30,30,30,30,30,30,30,30,30,30,30,30,30,30,30,30,30,30,30,30,30,30 -> output: 347
input: 368 -> message: 10,17,0 -> output: 368
input: 369 -> message: 8,2,2,34,34,0 -> output: 369
input: 370 -> message: 5,14,8,3,2,2,2,2,2,2,37,30,30,14,35,30,30,30,30,30,30,30,30,30,30,30,30,30,30,30 -> output: 774
input: 371 -> message: 26,13,13,0 -> output: 371
input: 372 -> message: 2,14,25,25,22,30,30,30,30,30,30,30,30,30,30,30,30,30,30,30,30,30,30,30,30,30,30,30,30,30 -> output: 372
input: 373 -> message: 27,8,23,8,2,2,2,2,2,2,2,2,2,2,2,2,2,2,2,2,2,2,2,2,2,2,2,2,2,2 -> output: 373
input: 374 -> message: 16,3,2,2,2,0 -> output: 374
input: 375 -> message: 7,29,0 -> output: 375
input: 376 -> message: 1,2,14,25,25,25,25,22,30,30,30,30,30,30,30,30,30,30,30,30,30,30,30,30,30,30,30,30,30,30 -> output: 376
input: 377 -> message: 3,2,2,0 -> output: 377
input: 378 -> message: 2,2,2,2,2,2,30,30,30,30,30,30,30,30,30,30,30,30,30,30,30,30,30,30,30,30,30,30,30,30 -> output: 127
input: 379 -> message: 6,14,0 -> output: 416
input: 380 -> message: 14,14,2,37,14,37,37,30,30,30,30,30,30,30,30,30,30,30,30,30,30,30,30,30,30,30,30,30,30,30 -> output: 380
input: 381 -> message: 2,2,34,34,34,34,34,30,0 -> output: 381
input: 382 -> message: 2,2,2,34,34,34,34,30,0 -> output: 382
input: 383 -> message: 2,2,2,34,38,37,28,0 -> output: 383
input: 384 -> message: 16,2,2,34,34,34,34,30,0 -> output: 384
input: 385 -> message: 6,29,0 -> output: 310
input: 386 -> message: 16,8,3,16,34,34,34,34,0 -> output: 386
input: 387 -> message: 16,2,2,2,26,31,31,17,17,17,17,0 -> output: 387
input: 388 -> message: 16,2,2,0 -> output: 388
input: 389 -> message: 3,2,31,17,17,0 -> output: 389
input: 390 -> message: 10,31,31,17,17,17,0 -> output: 390
input: 391 -> message: 10,29,23,25,25,25,25,30,30,30,30,30,30,30,30,30,30,30,30,30,30,30,30,30,30,30,30,30,30,30 -> output: 391
input: 392 -> message: 2,31,38,29,0 -> output: 392
input: 393 -> message: 6,29,23,23,27,27,17,17,29,36,0 -> output: 393
input: 394 -> message: 2,2,2,2,30,30,30,30,30,30,30,30,30,30,30,30,30,30,30,30,30,30,30,30,30,30,30,30,30,30 -> output: 394
input: 395 -> message: 2,2,14,25,25,25,25,30,30,30,30,30,30,30,30,30,30,30,30,30,30,30,30,30,30,30,30,30,30,30 -> output: 395
input: 396 -> message: 7,4,0 -> output: 396
input: 397 -> message: 20,34,24,0 -> output: 397
input: 398 -> message: 2,2,37,30,30,30,30,30,30,30,30,30,30,30,30,30,30,30,30,30,30,30,30,30,30,30,30,30,30,30 -> output: 398
input: 399 -> message: 2,31,34,24,0 -> output: 399
input: 400 -> message: 2,14,14,14,22,14,22,30,30,30,30,30,30,30,30,30,30,30,30,30,30,30,30,30,30,30,30,30,30,30 -> output: 400
input: 401 -> message: 27,35,2,2,34,34,34,31,34,34,34,20,20,0 -> output: 401
input: 402 -> message: 35,2,2,34,34,34,34,34,34,34,25,30,30,30,30,30,30,30,30,30,30,30,30,30,30,30,30,30,30,30 -> output: 402
input: 403 -> message: 10,31,24,0 -> output: 403
input: 404 -> message: 31,24,9,8,25,25,25,25,25,25,38,14,0 -> output: 404
input: 405 -> message: 2,2,2,2,2,30,30,30,30,30,30,30,30,30,30,30,30,30,30,30,30,30,30,30,30,30,30,30,30,30 -> output: 378
input: 406 -> message: 7,14,25,25,2,30,30,30,30,30,30,30,30,30,30,30,30,30,30,30,30,30,30,30,30,30,30,30,30,30 -> output: 406
input: 407 -> message: 2,31,38,24,0 -> output: 407
input: 408 -> message: 2,2,2,24,0 -> output: 296
input: 409 -> message: 26,31,13,0 -> output: 409
input: 410 -> message: 35,2,38,24,0 -> output: 410
input: 411 -> message: 2,2,2,2,2,34,34,34,25,25,30,14,30,30,30,30,30,30,30,30,30,30,30,30,30,30,30,30,30,30 -> output: 411
input: 412 -> message: 31,31,13,29,0 -> output: 412
input: 413 -> message: 35,26,17,36,0 -> output: 413
input: 414 -> message: 2,2,2,37,29,0 -> output: 187
input: 415 -> message: 14,8,8,8,38,38,37,13,36,0 -> output: 415
input: 416 -> message: 6,14,0 -> output: 416
input: 417 -> message: 16,10,2,4,0 -> output: 417
input: 418 -> message: 2,2,37,29,0 -> output: 147
input: 419 -> message: 27,27,2,2,34,34,34,34,34,25,30,30,30,0 -> output: 419
input: 420 -> message: 35,26,31,4,0 -> output: 420
input: 421 -> message: 32,8,27,35,2,2,2,2,2,34,34,30,30,30,30,30,30,30,30,30,30,30,30,30,30,30,30,30,30,30 -> output: 421
input: 422 -> message: 2,2,35,34,34,34,31,34,31,34,34,31,34,34,20,37,30,30,30,30,30,30,30,30,30,30,30,30,30,30 -> output: 422
input: 423 -> message: 19,14,22,27,31,17,17,36,0 -> output: 423
input: 424 -> message: 15,27,27,27,27,27,17,17,29,0 -> output: 424
input: 425 -> message: 7,14,14,22,37,2,37,38,37,0 -> output: 993
input: 426 -> message: 1,2,2,2,2,2,2,25,25,25,30,30,30,30,30,30,30,30,30,30,30,30,30,30,30,30,30,30,30,30 -> output: 426
input: 427 -> message: 27,27,35,34,20,29,0 -> output: 427
input: 428 -> message: 10,31,17,17,0 -> output: 428
input: 429 -> message: 16,3,35,2,2,2,2,2,2,2,2,30,30,30,30,30,30,30,30,30,30,30,30,30,30,30,30,30,30,30 -> output: 429
input: 430 -> message: 16,2,2,2,2,2,2,2,2,2,25,2,2,25,25,30,30,30,30,30,30,30,30,30,30,30,30,30,30,30 -> output: 430
input: 431 -> message: 16,2,2,2,37,30,0 -> output: 431
input: 432 -> message: 16,3,34,34,31,24,0 -> output: 432
input: 433 -> message: 2,2,37,0 -> output: 433
input: 434 -> message: 34,34,4,0 -> output: 434
input: 435 -> message: 20,31,24,0 -> output: 435
input: 436 -> message: 16,2,2,2,2,0 -> output: 436
input: 437 -> message: 2,34,34,24,0 -> output: 437
input: 438 -> message: 24,9,8,8,8,2,38,37,36,0 -> output: 438
input: 439 -> message: 10,2,2,30,30,30,30,30,30,30,30,30,30,30,30,30,30,30,30,30,30,30,30,30,30,30,30,30,30,30 -> output: 439
input: 440 -> message: 14,14,2,2,2,2,2,2,2,30,30,30,30,30,30,30,30,30,30,30,30,30,30,30,30,30,30,30,30,30 -> output: 440
input: 441 -> message: 2,2,13,29,0 -> output: 441
input: 442 -> message: 35,2,2,34,34,34,30,30,0 -> output: 442
input: 443 -> message: 6,14,22,27,35,34,38,29,0 -> output: 443
input: 444 -> message: 14,22,14,2,34,37,22,37,28,14,0 -> output: 444
input: 445 -> message: 28,14,2,2,2,30,30,30,30,30,30,30,30,30,30,30,30,30,30,30,30,30,30,30,30,30,30,30,30,30 -> output: 571
input: 446 -> message: 26,29,0 -> output: 544
input: 447 -> message: 7,28,0 -> output: 447
input: 448 -> message: 6,38,0 -> output: 448
input: 449 -> message: 35,31,34,24,0 -> output: 449
input: 450 -> message: 1,2,2,2,2,2,2,2,2,2,2,2,2,2,2,2,2,25,2,2,31,2,25,25,31,2,31,25,31,2 -> output: 450
input: 451 -> message: 2,34,38,0 -> output: 451
input: 452 -> message: 5,33,8,3,2,2,34,34,24,0 -> output: 452
input: 453 -> message: 31,38,29,0 -> output: 453
input: 454 -> message: 6,18,0 -> output: 454
input: 455 -> message: 2,38,0 -> output: 271
input: 456 -> message: 27,27,31,17,17,17,0 -> output: 456
input: 457 -> message: 35,2,2,34,24,0 -> output: 457
input: 458 -> message: 6,38,0 -> output: 448
input: 459 -> message: 16,2,2,34,34,34,34,0 -> output: 459
input: 460 -> message: 27,35,38,13,0 -> output: 460
input: 461 -> message: 29,23,16,27,16,26,37,29,0 -> output: 461
input: 462 -> message: 27,35,2,2,2,2,2,2,2,2,25,25,25,37,30,30,30,30,30,30,30,30,30,30,30,30,30,30,30,30 -> output: 462
input: 463 -> message: 2,26,31,38,29,0 -> output: 463
input: 464 -> message: 14,8,11,2,2,2,2,2,2,2,34,25,25,25,30,30,30,30,30,30,30,30,30,30,30,30,30,30,30,30 -> output: 464
input: 465 -> message: 2,2,2,2,34,34,34,34,25,25,30,14,30,14,30,30,30,30,30,30,30,30,30,30,30,30,30,30,30,30 -> output: 411
input: 466 -> message: 24,14,25,2,2,37,37,37,37,37,37,30,30,30,30,30,30,30,30,30,30,30,30,30,30,30,30,30,30,30 -> output: 466
input: 467 -> message: 27,31,17,29,0 -> output: 467
input: 468 -> message: 2,14,25,25,25,25,25,25,25,22,14,22,30,30,0 -> output: 468
input: 469 -> message: 10,31,17,17,36,0 -> output: 469
input: 470 -> message: 16,3,2,2,37,0 -> output: 470
input: 471 -> message: 27,2,2,24,0 -> output: 471
input: 472 -> message: 10,14,2,2,2,2,2,2,2,37,2,37,35,37,30,37,30,14,22,14,22,37,30,30,30,30,30,30,30,30 -> output: 827
input: 473 -> message: 3,26,38,29,0 -> output: 473
input: 474 -> message: 2,2,2,2,2,2,25,25,30,30,30,30,30,30,30,30,30,30,30,30,30,30,30,30,30,30,30,30,30,30 -> output: 33
input: 475 -> message: 35,2,2,0 -> output: 475
input: 476 -> message: 2,2,2,2,2,2,2,2,2,2,2,25,25,25,2,2,25,25,25,30,14,30,30,30,30,30,30,30,30,30 -> output: 319
input: 477 -> message: 14,2,2,34,34,34,34,34,34,25,25,30,30,30,30,30,30,30,30,30,30,30,30,30,30,30,30,30,30,30 -> output: 477
input: 478 -> message: 35,35,2,34,30,30,0 -> output: 352
input: 479 -> message: 16,3,17,17,36,0 -> output: 479
input: 480 -> message: 35,2,2,30,30,30,0 -> output: 480
input: 481 -> message: 24,14,0 -> output: 481
input: 482 -> message: 29,14,23,23,8,34,31,34,31,38,29,0 -> output: 482
input: 483 -> message: 16,2,2,14,0 -> output: 483
input: 484 -> message: 10,34,0 -> output: 484
input: 485 -> message: 16,35,2,34,34,34,31,0 -> output: 485
input: 486 -> message: 2,2,14,30,14,30,30,30,30,30,30,30,30,30,30,30,30,30,30,30,30,30,30,30,30,30,30,30,30,30 -> output: 486
input: 487 -> message: 2,4,0 -> output: 140
input: 488 -> message: 14,30,30,30,30,30,30,30,30,30,30,30,30,30,30,30,30,30,30,30,30,30,30,30,30,30,30,30,30,30 -> output: 488
input: 489 -> message: 2,26,0 -> output: 489
input: 490 -> message: 24,8,35,34,34,24,0 -> output: 490
input: 491 -> message: 24,14,8,2,2,37,34,34,4,0 -> output: 491
input: 492 -> message: 27,27,26,31,17,17,17,0 -> output: 492
input: 493 -> message: 14,8,27,27,35,17,17,29,0 -> output: 493
input: 494 -> message: 3,2,13,29,0 -> output: 494
input: 495 -> message: 2,37,0 -> output: 257
input: 496 -> message: 16,27,35,26,31,37,24,0 -> output: 496
input: 497 -> message: 27,27,35,2,2,2,2,2,2,25,25,30,30,30,30,30,30,30,30,30,30,30,30,30,30,30,30,30,30,30 -> output: 497
input: 498 -> message: 3,2,2,34,34,34,34,34,34,25,30,37,30,30,30,30,30,30,30,30,30,30,30,30,30,30,30,30,30,30 -> output: 498
input: 499 -> message: 16,27,2,2,2,37,0 -> output: 499
input: 500 -> message: 16,2,2,2,37,0 -> output: 500
input: 501 -> message: 26,4,0 -> output: 501
input: 502 -> message: 16,35,2,37,29,0 -> output: 502
input: 503 -> message: 16,35,2,2,30,0 -> output: 503
input: 504 -> message: 8,2,2,34,34,34,34,34,34,25,30,30,0 -> output: 504
input: 505 -> message: 6,25,25,25,25,25,25,25,38,38,0 -> output: 505
input: 506 -> message: 16,3,31,31,38,24,0 -> output: 506
input: 507 -> message: 20,13,29,0 -> output: 507
input: 508 -> message: 2,34,34,38,38,0 -> output: 508
input: 509 -> message: 2,2,14,14,30,14,30,30,30,30,30,30,30,30,30,30,30,30,30,30,30,30,30,30,30,30,30,30,30,30 -> output: 486
input: 510 -> message: 2,14,25,25,25,25,30,30,30,30,30,30,30,30,30,30,30,30,30,30,30,30,30,30,30,30,30,30,30,30 -> output: 468
input: 511 -> message: 2,2,2,2,2,34,34,34,34,34,25,25,8,30,14,30,30,30,30,30,30,30,30,30,30,30,30,30,30,30 -> output: 511
input: 512 -> message: 32,8,23,31,17,17,29,0 -> output: 512
input: 513 -> message: 2,34,31,34,24,0 -> output: 513
input: 514 -> message: 27,35,26,6,24,0 -> output: 514
input: 515 -> message: 6,35,2,37,30,37,37,37,37,37,30,30,30,30,30,30,30,30,30,30,30,30,30,30,30,30,30,30,30,30 -> output: 515
input: 516 -> message: 35,2,34,34,0 -> output: 516
input: 517 -> message: 7,14,16,16,2,2,37,37,37,30,30,30,30,30,30,30,30,30,30,30,30,30,30,30,30,30,30,30,30,30 -> output: 517
input: 518 -> message: 10,14,14,22,2,2,37,30,30,30,30,30,30,30,30,30,30,30,30,30,30,30,30,30,30,30,30,30,30,30 -> output: 518
input: 519 -> message: 35,34,31,31,31,24,0 -> output: 519
input: 520 -> message: 34,31,29,0 -> output: 520
input: 521 -> message: 2,2,14,0 -> output: 577
input: 522 -> message: 5,14,8,3,2,2,2,2,34,25,30,30,30,30,30,30,30,30,30,30,30,30,30,30,30,30,30,30,30,30 -> output: 370
input: 523 -> message: 27,35,2,14,0 -> output: 523
input: 524 -> message: 20,24,0 -> output: 280
input: 525 -> message: 14,8,23,8,25,38,38,38,0 -> output: 525
input: 526 -> message: 34,34,24,0 -> output: 526
input: 527 -> message: 20,38,0 -> output: 684
input: 528 -> message: 2,2,2,2,30,30,30,30,30,30,30,30,30,30,30,30,30,30,30,30,30,30,30,30,30,30,30,30,30,30 -> output: 394
input: 529 -> message: 27,35,31,17,29,0 -> output: 529
input: 530 -> message: 16,2,2,2,2,37,37,30,30,30,30,30,30,30,30,30,30,30,30,30,30,30,30,30,30,30,30,30,30,30 -> output: 530
input: 531 -> message: 8,8,8,23,8,34,38,38,8,23,20,31,17,29,0 -> output: 531
input: 532 -> message: 24,25,25,25,38,37,24,0 -> output: 532
input: 533 -> message: 5,14,33,27,27,27,25,20,17,29,0 -> output: 533
input: 534 -> message: 2,26,31,38,29,0 -> output: 463
input: 535 -> message: 26,31,36,0 -> output: 535
input: 536 -> message: 6,14,25,22,37,38,37,0 -> output: 536
input: 537 -> message: 35,2,2,2,2,30,30,30,30,30,30,30,30,30,30,30,30,30,30,30,30,30,30,30,30,30,30,30,30,30 -> output: 537
input: 538 -> message: 2,26,17,36,0 -> output: 538
input: 539 -> message: 27,31,34,24,0 -> output: 539
input: 540 -> message: 2,34,34,0 -> output: 540
input: 541 -> message: 27,26,17,29,0 -> output: 541
input: 542 -> message: 2,14,14,2,30,14,30,30,30,30,30,30,30,30,30,30,30,30,30,30,30,30,30,30,30,30,30,30,30,30 -> output: 542
input: 543 -> message: 20,29,0 -> output: 543
input: 544 -> message: 26,29,0 -> output: 544
input: 545 -> message: 2,2,2,2,2,2,30,30,30,30,30,30,30,30,30,30,30,30,30,30,30,30,30,30,30,30,30,30,30,30 -> output: 127
input: 546 -> message: 5,1,3,2,34,34,34,34,0 -> output: 546
input: 547 -> message: 16,2,2,37,29,0 -> output: 547
input: 548 -> message: 35,2,34,34,34,34,34,30,0 -> output: 548
input: 549 -> message: 27,27,35,2,2,37,0 -> output: 549
input: 550 -> message: 2,14,2,14,2,30,30,30,30,30,30,30,30,30,30,30,30,30,30,30,30,30,30,30,30,30,30,30,30,30 -> output: 569
input: 551 -> message: 31,34,38,0 -> output: 551
input: 552 -> message: 2,38,38,13,0 -> output: 552
input: 553 -> message: 2,2,38,38,0 -> output: 553
input: 554 -> message: 31,31,17,17,17,0 -> output: 554
input: 555 -> message: 14,2,2,2,2,2,2,25,25,30,30,30,30,30,30,30,30,30,30,30,30,30,30,30,30,30,30,30,30,30 -> output: 555
input: 556 -> message: 6,14,14,30,30,30,30,30,30,30,30,30,30,30,30,30,30,30,30,30,30,30,30,30,30,30,30,30,30,30 -> output: 556
input: 557 -> message: 2,2,2,28,0 -> output: 557
input: 558 -> message: 31,13,13,0 -> output: 558
input: 559 -> message: 24,37,28,0 -> output: 559
input: 560 -> message: 19,2,2,14,2,30,14,30,14,30,30,30,30,30,30,30,30,30,30,30,30,30,30,30,30,30,30,30,30,30 -> output: 560
input: 561 -> message: 7,14,8,25,2,2,37,30,30,0 -> output: 561
input: 562 -> message: 35,2,2,2,2,2,2,2,2,2,2,2,2,2,2,2,2,2,25,2,2,25,2,2,25,2,2,25,2,2 -> output: 562
input: 563 -> message: 6,14,3,2,38,38,29,0 -> output: 563
input: 564 -> message: 16,3,2,34,34,34,0 -> output: 564
input: 565 -> message: 32,27,35,2,2,37,0 -> output: 565
input: 566 -> message: 16,2,14,2,30,30,30,30,30,30,30,30,30,30,30,30,30,30,30,30,30,30,30,30,30,30,30,30,30,30 -> output: 566
input: 567 -> message: 35,2,17,29,0 -> output: 567
input: 568 -> message: 35,2,31,31,31,31,17,17,36,0 -> output: 568
input: 569 -> message: 2,14,2,2,2,2,2,30,30,30,30,30,30,30,30,30,30,30,30,30,30,30,30,30,30,30,30,30,30,30 -> output: 569
input: 570 -> message: 2,26,13,29,0 -> output: 570
input: 571 -> message: 28,14,2,2,2,2,2,2,30,30,30,30,30,30,30,30,30,30,30,30,30,30,30,30,30,30,30,30,30,30 -> output: 571
input: 572 -> message: 16,35,35,2,2,2,2,2,2,2,2,31,31,31,31,34,25,35,31,30,14,22,30,30,30,30,30,30,30,30 -> output: 572
input: 573 -> message: 6,29,23,23,23,27,27,17,17,17,17,17,36,14,3,3,38,38,38,29,0 -> output: 573
input: 574 -> message: 26,24,0 -> output: 337
input: 575 -> message: 2,37,14,0 -> output: 575
input: 576 -> message: 14,33,16,3,2,2,2,2,34,24,0 -> output: 576
input: 577 -> message: 2,2,14,0 -> output: 577
input: 578 -> message: 8,8,2,34,34,34,34,34,34,34,0 -> output: 578
input: 579 -> message: 6,4,0 -> output: 579
input: 580 -> message: 19,14,35,2,31,31,38,4,0 -> output: 287
input: 581 -> message: 2,2,14,30,14,30,30,30,30,30,30,30,30,30,30,30,30,30,30,30,30,30,30,30,30,30,30,30,30,30 -> output: 486
input: 582 -> message: 10,31,34,24,0 -> output: 582
input: 583 -> message: 16,35,2,2,37,0 -> output: 583
input: 584 -> message: 7,14,14,2,2,2,2,37,37,37,30,37,30,37,30,37,37,37,30,30,30,30,30,30,30,30,30,30,30,30 -> output: 584
input: 585 -> message: 27,26,6,17,29,0 -> output: 585
input: 586 -> message: 14,8,34,34,34,34,34,34,34,0 -> output: 586
input: 587 -> message: 16,2,2,4,0 -> output: 587
input: 588 -> message: 6,29,23,23,23,25,25,25,25,25,36,36,21,17,17,17,17,36,14,8,3,2,34,38,38,38,38,0 -> output: 573
input: 589 -> message: 10,17,17,0 -> output: 589
input: 590 -> message: 16,35,2,2,2,2,30,30,30,30,30,30,30,30,30,30,30,30,30,30,30,30,30,30,30,30,30,30,30,30 -> output: 590
input: 591 -> message: 2,2,37,37,37,29,0 -> output: 591
input: 592 -> message: 16,3,10,34,20,4,0 -> output: 592
input: 593 -> message: 27,26,24,0 -> output: 593
input: 594 -> message: 2,26,38,0 -> output: 594
input: 595 -> message: 2,14,14,2,30,30,30,30,30,30,30,30,30,30,30,30,30,30,30,30,30,30,30,30,30,30,30,30,30,30 -> output: 595
input: 596 -> message: 31,17,17,17,0 -> output: 596
input: 597 -> message: 2,26,34,24,0 -> output: 597
input: 598 -> message: 2,2,2,34,34,34,34,34,34,25,25,31,34,31,30,14,30,30,30,30,30,30,30,30,30,30,30,30,30,30 -> output: 598
input: 599 -> message: 1,2,2,2,30,14,30,30,30,30,30,30,30,30,30,30,30,30,30,30,30,30,30,30,30,30,30,30,30,30 -> output: 599
input: 600 -> message: 2,2,2,29,0 -> output: 600
input: 601 -> message: 16,3,2,37,37,29,0 -> output: 601
input: 602 -> message: 26,28,0 -> output: 602
input: 603 -> message: 15,16,3,2,31,31,24,0 -> output: 603
input: 604 -> message: 24,28,0 -> output: 604
input: 605 -> message: 35,26,31,17,0 -> output: 605
input: 606 -> message: 16,2,2,2,2,2,2,2,25,2,30,30,30,30,30,30,30,30,30,30,30,30,30,30,30,30,30,30,30,30 -> output: 606
input: 607 -> message: 31,24,14,23,8,17,17,36,0 -> output: 607
input: 608 -> message: 10,26,38,24,0 -> output: 608
input: 609 -> message: 10,26,13,29,0 -> output: 609
input: 610 -> message: 10,26,17,36,0 -> output: 610
input: 611 -> message: 2,34,31,31,31,34,34,0 -> output: 611
input: 612 -> message: 16,2,2,37,37,37,37,17,0 -> output: 612
input: 613 -> message: 27,35,31,31,33,0 -> output: 613
input: 614 -> message: 2,26,31,29,0 -> output: 614
input: 615 -> message: 8,8,2,2,2,2,2,2,2,2,2,2,2,2,2,25,25,25,30,30,30,30,30,30,30,30,30,30,30,30 -> output: 615
input: 616 -> message: 2,38,4,0 -> output: 616
input: 617 -> message: 2,6,4,0 -> output: 617
input: 618 -> message: 10,38,0 -> output: 360
input: 619 -> message: 31,31,17,17,36,36,0 -> output: 619
input: 620 -> message: 26,31,31,17,17,0 -> output: 620
input: 621 -> message: 10,31,13,36,0 -> output: 621
input: 622 -> message: 6,28,0 -> output: 622
input: 623 -> message: 10,38,24,0 -> output: 623
input: 624 -> message: 2,14,2,2,2,2,2,30,30,30,30,30,30,30,30,30,30,30,30,30,30,30,30,30,30,30,30,30,30,30 -> output: 569
input: 625 -> message: 27,35,34,38,29,0 -> output: 625
input: 626 -> message: 14,0 -> output: 242
input: 627 -> message: 16,27,2,2,2,30,0 -> output: 627
input: 628 -> message: 6,31,36,0 -> output: 628
input: 629 -> message: 2,2,2,4,0 -> output: 629
input: 630 -> message: 21,35,2,2,2,2,34,34,34,34,34,25,34,31,35,31,35,31,22,37,22,37,30,30,30,30,30,30,30,30 -> output: 630
input: 631 -> message: 33,14,3,2,2,2,2,20,20,20,20,0 -> output: 631
input: 632 -> message: 3,2,38,24,0 -> output: 632
input: 633 -> message: 2,2,2,2,34,30,30,0 -> output: 633
input: 634 -> message: 10,34,34,0 -> output: 634
input: 635 -> message: 2,2,34,38,0 -> output: 833
input: 636 -> message: 24,14,8,34,38,37,37,29,0 -> output: 636
input: 637 -> message: 35,2,34,38,38,0 -> output: 637
input: 638 -> message: 2,2,2,2,2,34,24,30,30,0 -> output: 258
input: 639 -> message: 6,37,29,0 -> output: 639
input: 640 -> message: 14,11,2,34,34,34,34,25,25,31,30,14,30,14,30,14,30,30,30,30,30,30,30,30,30,30,30,30,30,30 -> output: 640
input: 641 -> message: 24,25,8,25,38,38,0 -> output: 641
input: 642 -> message: 35,2,2,31,31,17,17,17,0 -> output: 642
input: 643 -> message: 24,9,3,34,34,34,0 -> output: 643
input: 644 -> message: 26,28,14,22,27,22,38,29,0 -> output: 644
input: 645 -> message: 27,2,2,37,29,0 -> output: 645
input: 646 -> message: 7,29,23,23,23,16,31,31,31,17,17,17,17,36,0 -> output: 646
input: 647 -> message: 2,2,2,2,37,0 -> output: 647
input: 648 -> message: 16,3,10,34,34,4,0 -> output: 648
input: 649 -> message: 5,8,8,8,8,2,2,34,34,34,34,34,34,34,30,0 -> output: 649
input: 650 -> message: 20,20,0 -> output: 650
input: 651 -> message: 16,3,2,38,24,0 -> output: 651
input: 652 -> message: 10,26,31,29,0 -> output: 652
input: 653 -> message: 6,13,0 -> output: 653
input: 654 -> message: 2,20,4,0 -> output: 654
input: 655 -> message: 2,2,0 -> output: 142
input: 656 -> message: 26,20,28,0 -> output: 656
input: 657 -> message: 2,2,20,0 -> output: 657
input: 658 -> message: 2,2,6,38,0 -> output: 658
input: 659 -> message: 2,38,38,24,0 -> output: 659
input: 660 -> message: 35,2,17,17,36,0 -> output: 660
input: 661 -> message: 2,14,2,2,2,30,30,30,30,30,30,30,30,30,30,30,30,30,30,30,30,30,30,30,30,30,30,30,30,30 -> output: 569
input: 662 -> message: 24,35,2,2,2,2,2,2,2,2,2,2,2,2,2,2,2,2,2,2,2,25,2,25,2,2,25,2,2,25 -> output: 662
input: 663 -> message: 10,2,2,29,0 -> output: 663
input: 664 -> message: 9,27,35,34,38,29,0 -> output: 664
input: 665 -> message: 5,14,35,2,2,2,2,2,2,2,2,2,2,2,35,2,35,2,35,2,25,25,25,25,37,30,30,30,30,30 -> output: 665
input: 666 -> message: 2,2,20,13,29,0 -> output: 666
input: 667 -> message: 2,2,2,2,30,30,30,30,30,30,30,30,30,30,30,30,30,30,30,30,30,30,30,30,30,30,30,30,30,30 -> output: 394
input: 668 -> message: 26,34,34,0 -> output: 668
input: 669 -> message: 16,2,2,2,2,30,30,30,30,30,30,30,30,30,30,30,30,30,30,30,30,30,30,30,30,30,30,30,30,30 -> output: 347
input: 670 -> message: 24,8,8,8,2,2,2,2,34,34,25,25,30,30,30,30,0 -> output: 670
input: 671 -> message: 2,2,2,2,2,30,14,30,30,30,30,30,30,30,30,30,30,30,30,30,30,30,30,30,30,30,30,30,30,30 -> output: 127
input: 672 -> message: 10,38,38,0 -> output: 672
input: 673 -> message: 27,35,38,38,0 -> output: 673
input: 674 -> message: 6,13,0 -> output: 653
input: 675 -> message: 35,2,34,38,0 -> output: 675
input: 676 -> message: 2,26,31,36,0 -> output: 676
input: 677 -> message: 35,2,31,38,0 -> output: 677
input: 678 -> message: 26,14,22,25,22,37,38,37,30,30,30,30,30,30,30,30,30,30,30,30,30,30,30,30,30,30,30,30,30,30 -> output: 678
input: 679 -> message: 10,34,0 -> output: 484
input: 680 -> message: 6,37,14,0 -> output: 680
input: 681 -> message: 6,6,22,6,6,17,17,29,36,23,23,3,34,31,17,17,17,24,0 -> output: 840
input: 682 -> message: 1,2,2,37,0 -> output: 682
input: 683 -> message: 20,4,0 -> output: 683
input: 684 -> message: 20,38,0 -> output: 684
input: 685 -> message: 10,34,38,0 -> output: 685
input: 686 -> message: 7,14,25,25,25,2,37,30,30,30,30,30,30,30,30,30,30,30,30,30,30,30,30,30,30,30,30,30,30,30 -> output: 686
input: 687 -> message: 8,35,2,2,34,34,34,34,30,30,0 -> output: 687
input: 688 -> message: 16,35,2,2,2,2,2,2,30,30,30,30,30,30,30,30,30,30,30,30,30,30,30,30,30,30,30,30,30,30 -> output: 688
input: 689 -> message: 2,2,2,34,24,0 -> output: 689
input: 690 -> message: 6,4,0 -> output: 579
input: 691 -> message: 6,29,23,23,23,25,25,25,25,25,17,17,17,17,17,17,3,3,0 -> output: 573
input: 692 -> message: 14,3,35,2,2,2,2,2,2,2,25,30,30,30,30,30,30,30,30,30,30,30,30,30,30,30,30,30,30,30 -> output: 692
input: 693 -> message: 7,14,8,25,22,37,38,37,36,0 -> output: 693
input: 694 -> message: 35,2,2,2,30,30,30,30,30,30,30,30,30,30,30,30,30,30,30,30,30,30,30,30,30,30,30,30,30,30 -> output: 537
input: 695 -> message: 27,31,31,17,17,17,0 -> output: 904
input: 696 -> message: 16,27,31,31,38,29,0 -> output: 696
input: 697 -> message: 2,2,2,2,2,2,25,25,30,30,30,30,30,30,30,30,30,30,30,30,30,30,30,30,30,30,30,30,30,30 -> output: 33
input: 698 -> message: 2,20,29,0 -> output: 698
input: 699 -> message: 35,31,31,31,24,0 -> output: 699
input: 700 -> message: 35,31,31,24,0 -> output: 700
input: 701 -> message: 16,35,34,34,4,0 -> output: 701
input: 702 -> message: 24,14,2,2,2,2,37,37,28,0 -> output: 704
input: 703 -> message: 16,35,35,2,2,2,2,2,2,2,25,25,25,30,30,30,30,30,30,30,30,30,30,30,30,30,30,30,30,30 -> output: 703
input: 704 -> message: 24,14,2,2,2,2,37,37,28,0 -> output: 704
input: 705 -> message: 5,2,2,2,2,2,2,2,34,34,34,25,25,25,30,30,30,30,30,30,30,30,30,30,30,30,30,30,30,30 -> output: 705
input: 706 -> message: 14,2,2,2,2,2,2,30,30,30,30,30,30,30,30,30,30,30,30,30,30,30,30,30,30,30,30,30,30,30 -> output: 760
input: 707 -> message: 35,2,2,2,2,2,30,30,30,30,30,30,30,30,30,30,30,30,30,30,30,30,30,30,30,30,30,30,30,30 -> output: 537
input: 708 -> message: 10,31,29,0 -> output: 708
input: 709 -> message: 35,2,38,13,29,0 -> output: 709
input: 710 -> message: 16,16,16,2,2,2,2,0 -> output: 710
input: 711 -> message: 32,2,2,2,2,2,2,2,34,2,34,2,2,34,2,2,2,2,34,2,2,25,25,25,25,2,2,30,30,30 -> output: 711
input: 712 -> message: 2,2,20,13,29,0 -> output: 666
input: 713 -> message: 7,29,23,23,23,25,25,25,25,17,17,17,36,14,8,8,38,38,17,17,24,0 -> output: 797
input: 714 -> message: 8,27,27,35,35,6,38,29,0 -> output: 714
input: 715 -> message: 2,2,4,0 -> output: 715
input: 716 -> message: 17,29,0 -> output: 17
input: 717 -> message: 24,14,3,2,2,34,34,34,0 -> output: 717
input: 718 -> message: 6,17,17,0 -> output: 718
input: 719 -> message: 34,38,29,0 -> output: 719
input: 720 -> message: 3,2,34,34,34,34,34,0 -> output: 720
input: 721 -> message: 8,27,27,27,27,17,17,17,29,0 -> output: 721
input: 722 -> message: 15,3,2,2,2,2,2,2,34,34,34,34,34,34,34,34,35,2,2,35,2,35,2,35,2,35,2,35,2,35 -> output: 722
input: 723 -> message: 2,20,24,0 -> output: 723
input: 724 -> message: 16,3,2,2,2,31,17,17,0 -> output: 724
input: 725 -> message: 16,2,34,38,38,0 -> output: 725
input: 726 -> message: 35,2,2,2,30,30,30,30,30,30,30,30,30,30,30,30,30,30,30,30,30,30,30,30,30,30,30,30,30,30 -> output: 537
input: 727 -> message: 3,2,2,37,29,0 -> output: 727
input: 728 -> message: 2,26,31,0 -> output: 728
input: 729 -> message: 2,2,37,37,37,0 -> output: 729
input: 730 -> message: 6,37,17,17,17,17,36,0 -> output: 730
input: 731 -> message: 6,37,0 -> output: 731
input: 732 -> message: 26,38,29,0 -> output: 732
input: 733 -> message: 26,13,29,0 -> output: 733
input: 734 -> message: 6,28,0 -> output: 622
input: 735 -> message: 8,27,27,2,2,2,2,2,2,2,2,2,2,25,25,25,25,25,30,30,30,30,30,30,30,30,30,30,30,30 -> output: 735
input: 736 -> message: 2,26,24,0 -> output: 736
input: 737 -> message: 26,6,29,0 -> output: 737
input: 738 -> message: 20,24,9,8,8,8,8,8,8,8,2,2,2,2,30,30,0 -> output: 738
input: 739 -> message: 31,31,38,29,0 -> output: 739
input: 740 -> message: 6,14,25,25,2,37,37,37,37,37,37,30,30,30,30,30,30,30,30,30,30,30,30,30,30,30,30,30,30,30 -> output: 740
input: 741 -> message: 14,33,35,35,38,38,29,0 -> output: 741
input: 742 -> message: 14,3,2,2,2,2,2,2,2,30,30,30,30,30,30,30,30,30,30,30,30,30,30,30,30,30,30,30,30,30 -> output: 742
input: 743 -> message: 7,14,25,25,2,37,37,37,37,30,30,30,30,30,30,30,30,30,30,30,30,30,30,30,30,30,30,30,30,30 -> output: 425
input: 744 -> message: 2,2,14,0 -> output: 577
input: 745 -> message: 6,6,37,4,0 -> output: 745
input: 746 -> message: 35,35,35,2,30,30,30,30,30,30,30,30,30,30,30,30,30,30,30,30,30,30,30,30,30,30,30,30,30,30 -> output: 746
input: 747 -> message: 2,26,38,24,0 -> output: 747
input: 748 -> message: 16,34,34,24,0 -> output: 748
input: 749 -> message: 7,28,16,27,27,27,27,25,20,17,29,0 -> output: 749
input: 750 -> message: 2,2,2,37,37,37,37,0 -> output: 750
input: 751 -> message: 2,14,2,2,30,30,30,30,30,30,30,30,30,30,30,30,30,30,30,30,30,30,30,30,30,30,30,30,30,30 -> output: 751
input: 752 -> message: 14,2,2,2,2,30,30,30,30,30,30,30,30,30,30,30,30,30,30,30,30,30,30,30,30,30,30,30,30,30 -> output: 752
input: 753 -> message: 2,2,2,0 -> output: 82
input: 754 -> message: 24,9,9,2,2,2,2,30,30,30,30,30,30,30,30,30,30,30,30,30,30,30,30,30,30,30,30,30,30,30 -> output: 35
input: 755 -> message: 35,31,38,0 -> output: 755
input: 756 -> message: 2,2,2,2,34,34,34,34,25,25,25,30,14,30,14,30,14,30,30,30,30,30,30,30,30,30,30,30,30,30 -> output: 411
input: 757 -> message: 35,2,2,2,2,2,37,35,37,30,37,30,37,37,30,30,30,30,30,30,30,30,30,30,30,30,30,30,30,30 -> output: 757
input: 758 -> message: 35,2,2,2,2,30,30,30,30,30,30,30,30,30,30,30,30,30,30,30,30,30,30,30,30,30,30,30,30,30 -> output: 537
input: 759 -> message: 35,26,31,17,29,0 -> output: 759
input: 760 -> message: 14,2,2,2,2,2,30,30,30,30,30,30,30,30,30,30,30,30,30,30,30,30,30,30,30,30,30,30,30,30 -> output: 760
input: 761 -> message: 6,13,29,0 -> output: 761
input: 762 -> message: 24,14,8,25,2,37,24,0 -> output: 762
input: 763 -> message: 10,14,22,2,2,2,2,2,37,30,30,30,30,30,30,30,30,30,30,30,30,30,30,30,30,30,30,30,30,30 -> output: 763
input: 764 -> message: 16,2,2,2,2,2,2,30,30,30,30,30,30,30,30,30,30,30,30,30,30,30,30,30,30,30,30,30,30,30 -> output: 367
input: 765 -> message: 33,15,27,27,27,35,17,17,29,0 -> output: 765
input: 766 -> message: 16,27,35,2,2,2,2,30,30,30,30,30,30,30,30,30,30,30,30,30,30,30,30,30,30,30,30,30,30,30 -> output: 766
input: 767 -> message: 14,35,20,31,38,29,0 -> output: 767
input: 768 -> message: 2,37,29,0 -> output: 768
input: 769 -> message: 26,24,9,8,8,8,8,8,8,8,8,8,8,2,2,2,38,0 -> output: 769
input: 770 -> message: 29,0 -> output: 770
input: 771 -> message: 10,14,22,25,22,30,37,30,37,30,30,30,30,30,30,30,30,30,30,30,30,30,30,30,30,30,30,30,30,30 -> output: 763
input: 772 -> message: 16,35,35,2,31,31,31,31,31,34,31,31,31,31,31,31,31,31,31,31,31,31,31,31,31,31,31,31,31,31 -> output: 772
input: 773 -> message: 10,36,0 -> output: 773
input: 774 -> message: 5,14,3,2,2,2,2,2,2,25,30,30,30,30,30,30,30,30,30,30,30,30,30,30,30,30,30,30,30,30 -> output: 774
input: 775 -> message: 28,0 -> output: 775
input: 776 -> message: 24,14,3,2,2,34,34,0 -> output: 717
input: 777 -> message: 27,2,38,38,0 -> output: 777
input: 778 -> message: 5,14,16,16,3,2,2,2,0 -> output: 778
input: 779 -> message: 16,20,38,29,0 -> output: 779
input: 780 -> message: 2,2,37,24,0 -> output: 901
input: 781 -> message: 2,2,2,24,0 -> output: 296
input: 782 -> message: 8,27,35,34,34,34,38,0 -> output: 782
input: 783 -> message: 35,34,34,34,31,34,0 -> output: 783
input: 784 -> message: 28,2,2,2,2,2,2,2,2,2,2,2,2,2,2,25,2,2,2,25,25,25,25,2,37,30,37,2,37,30 -> output: 784
input: 785 -> message: 26,34,38,0 -> output: 785
input: 786 -> message: 35,2,26,26,17,17,17,0 -> output: 786
input: 787 -> message: 5,14,2,2,2,2,2,2,2,2,2,2,25,2,30,30,30,30,30,30,30,30,30,30,30,30,30,30,30,30 -> output: 787
input: 788 -> message: 2,2,2,2,37,37,29,0 -> output: 227
input: 789 -> message: 35,2,38,0 -> output: 789
input: 790 -> message: 35,2,2,2,38,37,0 -> output: 790
input: 791 -> message: 2,6,38,0 -> output: 791
input: 792 -> message: 2,2,34,34,34,34,34,30,30,30,30,0 -> output: 792
input: 793 -> message: 3,34,34,24,0 -> output: 793
input: 794 -> message: 2,2,2,2,24,0 -> output: 794
input: 795 -> message: 8,3,2,2,2,2,2,2,2,2,2,25,25,25,25,30,30,30,30,30,30,30,30,30,30,30,30,30,30,30 -> output: 795
input: 796 -> message: 2,2,17,17,0 -> output: 796
input: 797 -> message: 7,29,23,16,27,27,27,17,17,17,17,36,36,0 -> output: 797
input: 798 -> message: 27,26,38,0 -> output: 798
input: 799 -> message: 2,2,2,34,34,38,0 -> output: 799
input: 800 -> message: 27,6,38,29,0 -> output: 800
input: 801 -> message: 2,34,38,24,0 -> output: 801
input: 802 -> message: 16,2,34,34,34,0 -> output: 802
input: 803 -> message: 24,33,32,33,34,2,2,0 -> output: 803
input: 804 -> message: 27,27,27,35,17,17,29,0 -> output: 804
input: 805 -> message: 2,2,37,0 -> output: 433
input: 806 -> message: 5,2,2,2,2,2,2,2,2,2,2,2,2,2,2,25,2,2,25,25,2,25,25,25,25,2,2,30,30,30 -> output: 806
input: 807 -> message: 29,23,23,23,25,25,25,36,21,17,17,17,17,36,14,3,3,34,38,38,38,36,0 -> output: 807
input: 808 -> message: 2,2,2,24,0 -> output: 296
input: 809 -> message: 34,13,0 -> output: 809
input: 810 -> message: 26,31,34,24,0 -> output: 810
input: 811 -> message: 14,27,27,31,31,17,17,36,36,0 -> output: 811
input: 812 -> message: 27,35,26,31,17,17,36,36,0 -> output: 812
input: 813 -> message: 26,4,0 -> output: 501
input: 814 -> message: 2,26,13,0 -> output: 814
input: 815 -> message: 2,4,0 -> output: 140
input: 816 -> message: 8,27,2,2,2,2,2,2,2,2,25,25,30,30,30,30,30,30,30,30,30,30,30,30,30,30,30,30,30,30 -> output: 816
input: 817 -> message: 10,31,4,0 -> output: 817
input: 818 -> message: 10,2,37,29,0 -> output: 818
input: 819 -> message: 34,38,0 -> output: 819
input: 820 -> message: 16,2,2,2,31,31,31,17,17,17,17,0 -> output: 820
input: 821 -> message: 5,27,27,27,27,27,17,17,17,36,0 -> output: 821
input: 822 -> message: 2,14,0 -> output: 177
input: 823 -> message: 2,2,17,29,0 -> output: 823
input: 824 -> message: 6,20,28,0 -> output: 965
input: 825 -> message: 1,27,2,2,2,2,30,30,30,30,30,30,30,30,30,30,30,30,30,30,30,30,30,30,30,30,30,30,30,30 -> output: 825
input: 826 -> message: 6,4,0 -> output: 579
input: 827 -> message: 10,14,2,2,2,2,2,2,14,14,30,30,30,30,30,30,30,30,30,30,30,30,30,30,30,30,30,30,30,30 -> output: 827
input: 828 -> message: 3,2,2,2,2,2,34,34,34,25,35,2,35,2,35,2,35,2,35,2,35,2,35,2,35,2,35,2,35,2 -> output: 73
input: 829 -> message: 2,2,2,2,37,0 -> output: 647
input: 830 -> message: 27,35,26,17,17,29,0 -> output: 812
input: 831 -> message: 27,2,31,31,24,0 -> output: 831
input: 832 -> message: 8,2,2,2,2,2,2,30,30,30,30,30,30,30,30,30,30,30,30,30,30,30,30,30,30,30,30,30,30,30 -> output: 927
input: 833 -> message: 2,2,34,38,0 -> output: 833
input: 834 -> message: 10,26,0 -> output: 834
input: 835 -> message: 16,2,2,2,30,30,30,30,30,30,30,30,30,30,30,30,30,30,30,30,30,30,30,30,30,30,30,30,30,30 -> output: 835
input: 836 -> message: 16,35,26,31,31,17,17,17,36,36,0 -> output: 836
input: 837 -> message: 2,2,2,0 -> output: 82
input: 838 -> message: 10,31,31,17,17,0 -> output: 838
input: 839 -> message: 6,37,14,0 -> output: 680
input: 840 -> message: 6,6,22,27,27,17,17,29,36,0 -> output: 840
input: 841 -> message: 24,1,27,2,2,24,0 -> output: 841
input: 842 -> message: 10,26,17,17,0 -> output: 842
input: 843 -> message: 26,34,0 -> output: 843
input: 844 -> message: 24,9,9,8,8,2,2,2,2,2,30,30,30,0 -> output: 844
input: 845 -> message: 35,2,17,0 -> output: 845
input: 846 -> message: 10,20,24,0 -> output: 846
input: 847 -> message: 2,2,37,14,0 -> output: 901
input: 848 -> message: 24,32,2,2,2,2,2,30,30,30,30,30,30,30,30,30,30,30,30,30,30,30,30,30,30,30,30,30,30,30 -> output: 848
input: 849 -> message: 24,14,8,2,38,38,0 -> output: 849
input: 850 -> message: 31,34,34,24,0 -> output: 850
input: 851 -> message: 32,8,2,2,30,30,30,0 -> output: 851
input: 852 -> message: 2,14,25,2,2,2,30,30,30,30,30,30,30,30,30,30,30,30,30,30,30,30,30,30,30,30,30,30,30,30 -> output: 852
input: 853 -> message: 5,14,8,8,8,8,2,2,2,2,2,34,25,25,25,25,30,30,30,30,30,30,30,30,30,30,30,30,30,30 -> output: 853
input: 854 -> message: 8,8,2,2,34,34,34,38,0 -> output: 854
input: 855 -> message: 27,31,31,34,24,0 -> output: 855
input: 856 -> message: 2,2,2,13,29,0 -> output: 856
input: 857 -> message: 27,35,2,2,37,0 -> output: 857
input: 858 -> message: 34,31,24,0 -> output: 858
input: 859 -> message: 35,2,2,2,2,2,30,30,30,30,30,30,30,30,30,30,30,30,30,30,30,30,30,30,30,30,30,30,30,30 -> output: 537
input: 860 -> message: 34,4,0 -> output: 860
input: 861 -> message: 2,2,2,37,24,0 -> output: 950
input: 862 -> message: 16,35,35,2,2,2,2,2,2,25,35,2,31,2,31,31,2,2,31,2,35,2,31,2,35,2,2,25,35,2 -> output: 572
input: 863 -> message: 2,14,2,14,30,30,30,30,30,30,30,30,30,30,30,30,30,30,30,30,30,30,30,30,30,30,30,30,30,30 -> output: 938
input: 864 -> message: 20,34,38,0 -> output: 864
input: 865 -> message: 5,2,2,2,31,31,17,17,17,0 -> output: 865
input: 866 -> message: 35,2,2,2,2,30,30,30,30,30,30,30,30,30,30,30,30,30,30,30,30,30,30,30,30,30,30,30,30,30 -> output: 537
input: 867 -> message: 24,14,35,2,2,2,2,20,20,20,0 -> output: 867
input: 868 -> message: 8,11,35,2,2,2,2,2,25,25,30,30,30,30,30,30,30,30,30,30,30,30,30,30,30,30,30,30,30,30 -> output: 868
input: 869 -> message: 10,20,29,0 -> output: 869
input: 870 -> message: 31,34,38,0 -> output: 551
input: 871 -> message: 14,8,27,35,2,2,2,34,34,34,25,30,30,30,30,30,0 -> output: 871
input: 872 -> message: 2,2,2,37,37,0 -> output: 872
input: 873 -> message: 34,38,24,0 -> output: 873
input: 874 -> message: 2,28,0 -> output: 250
input: 875 -> message: 6,14,25,25,25,25,25,25,25,25,25,25,25,25,25,25,25,25,25,25,25,25,25,25,25,25,25,25,25,25 -> output: 875
input: 876 -> message: 35,2,2,2,37,0 -> output: 876
input: 877 -> message: 8,35,2,34,38,0 -> output: 877
input: 878 -> message: 2,2,34,34,34,34,24,0 -> output: 878
input: 879 -> message: 31,31,29,0 -> output: 879
input: 880 -> message: 14,8,22,8,2,2,2,2,34,25,25,25,25,30,30,30,30,30,0 -> output: 880
input: 881 -> message: 14,8,35,2,2,20,0 -> output: 881
input: 882 -> message: 16,35,2,38,0 -> output: 882
input: 883 -> message: 16,27,27,27,35,17,17,17,36,36,0 -> output: 883
input: 884 -> message: 10,29,23,16,27,27,17,17,29,0 -> output: 884
input: 885 -> message: 16,35,2,34,34,0 -> output: 882
input: 886 -> message: 16,3,26,4,0 -> output: 886
input: 887 -> message: 19,14,30,30,30,30,30,30,30,30,30,30,30,30,30,30,30,30,30,30,30,30,30,30,30,30,30,30,30,30 -> output: 887
input: 888 -> message: 7,14,14,25,22,25,25,25,25,25,25,25,25,25,25,25,25,25,25,25,25,25,25,25,25,25,25,25,25,25 -> output: 797
input: 889 -> message: 32,2,2,2,30,30,30,30,30,30,30,30,30,30,30,30,30,30,30,30,30,30,30,30,30,30,30,30,30,30 -> output: 889
input: 890 -> message: 5,14,25,2,2,2,34,30,37,30,30,0 -> output: 370
input: 891 -> message: 7,28,14,0 -> output: 891
input: 892 -> message: 2,20,38,29,0 -> output: 892
input: 893 -> message: 2,2,2,2,2,2,2,25,25,30,30,30,30,30,30,30,30,30,30,30,30,30,30,30,30,30,30,30,30,30 -> output: 319
input: 894 -> message: 10,14,22,14,2,2,2,2,37,30,30,30,30,30,30,30,30,30,30,30,30,30,30,30,30,30,30,30,30,30 -> output: 763
input: 895 -> message: 10,31,31,38,29,0 -> output: 895
input: 896 -> message: 2,2,2,2,2,30,30,30,30,30,30,30,30,30,30,30,30,30,30,30,30,30,30,30,30,30,30,30,30,30 -> output: 378
input: 897 -> message: 1,2,2,2,30,30,0 -> output: 897
input: 898 -> message: 6,38,0 -> output: 448
input: 899 -> message: 5,8,8,8,8,8,8,8,8,8,8,8,8,8,8,8,8,8,2,2,2,25,2,25,25,25,25,30,30,30 -> output: 649
input: 900 -> message: 2,14,0 -> output: 177
input: 901 -> message: 2,2,37,14,0 -> output: 901
input: 902 -> message: 35,31,31,13,36,0 -> output: 902
input: 903 -> message: 35,31,31,17,17,17,36,0 -> output: 903
input: 904 -> message: 27,31,31,17,17,17,17,0 -> output: 904
input: 905 -> message: 8,2,34,34,34,34,34,34,34,34,30,0 -> output: 905
input: 906 -> message: 2,14,2,30,14,30,30,30,30,30,30,30,30,30,30,30,30,30,30,30,30,30,30,30,30,30,30,30,30,30 -> output: 661
input: 907 -> message: 2,2,4,0 -> output: 715
input: 908 -> message: 37,29,0 -> output: 908
input: 909 -> message: 24,14,8,25,34,38,29,0 -> output: 909
input: 910 -> message: 26,38,38,0 -> output: 910
input: 911 -> message: 35,2,2,2,2,30,30,30,30,30,30,30,30,30,30,30,30,30,30,30,30,30,30,30,30,30,30,30,30,30 -> output: 537
input: 912 -> message: 35,2,31,24,0 -> output: 912
input: 913 -> message: 6,14,22,37,38,31,17,17,36,36,0 -> output: 913
input: 914 -> message: 24,27,27,2,2,2,2,30,30,30,30,30,30,30,30,30,30,30,30,30,30,30,30,30,30,30,30,30,30,30 -> output: 914
input: 915 -> message: 2,2,2,2,2,2,2,30,30,30,30,30,30,30,30,30,30,30,30,30,30,30,30,30,30,30,30,30,30,30 -> output: 143
input: 916 -> message: 6,31,29,0 -> output: 916
input: 917 -> message: 2,14,30,30,30,30,30,30,30,30,30,30,30,30,30,30,30,30,30,30,30,30,30,30,30,30,30,30,30,30 -> output: 510
input: 918 -> message: 2,37,29,0 -> output: 768
input: 919 -> message: 14,14,2,2,2,2,2,30,30,14,30,30,30,30,30,30,30,30,30,30,30,30,30,30,30,30,30,30,30,30 -> output: 919
input: 920 -> message: 14,11,2,2,2,2,2,2,2,25,25,30,30,30,30,30,30,30,30,30,30,30,30,30,30,30,30,30,30,30 -> output: 920
input: 921 -> message: 35,2,2,2,2,30,20,37,30,30,30,30,30,30,30,30,30,30,30,30,30,30,30,30,30,30,30,30,30,30 -> output: 757
input: 922 -> message: 35,2,2,37,29,0 -> output: 922
input: 923 -> message: 2,2,2,38,37,0 -> output: 923
input: 924 -> message: 35,2,2,30,30,30,30,30,30,30,30,30,30,30,30,30,30,30,30,30,30,30,30,30,30,30,30,30,30,30 -> output: 694
input: 925 -> message: 24,14,25,2,30,30,30,30,30,30,30,30,30,30,30,30,30,30,30,30,30,30,30,30,30,30,30,30,30,30 -> output: 308
input: 926 -> message: 5,14,2,2,2,30,30,30,30,30,30,30,30,30,30,30,30,30,30,30,30,30,30,30,30,30,30,30,30,30 -> output: 774
input: 927 -> message: 8,2,2,2,2,2,2,2,30,30,30,30,30,30,30,30,30,30,30,30,30,30,30,30,30,30,30,30,30,30 -> output: 927
input: 928 -> message: 24,25,8,8,8,8,8,17,13,29,23,23,27,27,6,17,17,29,36,0 -> output: 928
input: 929 -> message: 14,2,2,2,2,2,25,25,30,30,30,30,30,30,30,30,30,30,30,30,30,30,30,30,30,30,30,30,30,30 -> output: 555
input: 930 -> message: 10,34,24,0 -> output: 930
input: 931 -> message: 16,35,2,2,37,37,29,29,0 -> output: 931
input: 932 -> message: 31,13,29,0 -> output: 932
input: 933 -> message: 6,37,0 -> output: 731
input: 934 -> message: 16,27,35,2,17,17,29,0 -> output: 934
input: 935 -> message: 2,2,2,2,2,2,30,30,30,30,30,30,30,30,30,30,30,30,30,30,30,30,30,30,30,30,30,30,30,30 -> output: 127
input: 936 -> message: 2,34,13,29,0 -> output: 936
input: 937 -> message: 2,14,14,25,2,30,30,30,30,30,30,30,30,30,30,30,30,30,30,30,30,30,30,30,30,30,30,30,30,30 -> output: 937
input: 938 -> message: 2,14,2,2,14,30,30,30,30,30,30,30,30,30,30,30,30,30,30,30,30,30,30,30,30,30,30,30,30,30 -> output: 550
input: 939 -> message: 27,2,2,37,0 -> output: 358
input: 940 -> message: 10,29,0 -> output: 940
input: 941 -> message: 31,31,31,31,17,17,0 -> output: 941
input: 942 -> message: 27,2,17,36,0 -> output: 942
input: 943 -> message: 27,2,4,0 -> output: 943
input: 944 -> message: 16,3,27,2,2,2,2,2,0 -> output: 944
input: 945 -> message: 2,26,34,0 -> output: 945
input: 946 -> message: 35,2,2,2,2,2,30,30,30,30,30,30,30,30,30,30,30,30,30,30,30,30,30,30,30,30,30,30,30,30 -> output: 537
input: 947 -> message: 2,14,14,14,14,30,30,30,30,30,30,30,30,30,30,30,30,30,30,30,30,30,30,30,30,30,30,30,30,30 -> output: 947
input: 948 -> message: 27,31,17,17,17,36,14,3,2,34,31,31,31,24,0 -> output: 948
input: 949 -> message: 9,8,9,9,9,38,38,30,30,30,30,30,30,30,30,30,30,30,30,30,30,30,30,30,30,30,30,30,30,30 -> output: 65
input: 950 -> message: 2,2,2,37,24,0 -> output: 950
input: 951 -> message: 2,2,37,14,0 -> output: 901
input: 952 -> message: 5,14,3,2,2,2,34,34,30,30,0 -> output: 522
input: 953 -> message: 26,34,24,0 -> output: 953
input: 954 -> message: 14,8,2,2,2,2,2,25,25,30,30,30,30,30,30,30,30,30,30,30,30,30,30,30,30,30,30,30,30,30 -> output: 954
input: 955 -> message: 10,20,0 -> output: 955
input: 956 -> message: 2,26,4,0 -> output: 956
input: 957 -> message: 8,11,11,2,2,2,2,2,2,2,2,2,2,2,2,2,2,2,2,2,2,2,2,2,2,2,2,2,2,2 -> output: 957
input: 958 -> message: 35,34,34,24,0 -> output: 958
input: 959 -> message: 34,4,0 -> output: 860
input: 960 -> message: 2,2,2,34,24,0 -> output: 689
input: 961 -> message: 8,8,8,34,34,34,34,34,34,0 -> output: 961
input: 962 -> message: 34,38,24,0 -> output: 873
input: 963 -> message: 2,2,2,2,2,2,30,30,30,30,30,30,30,30,30,30,30,30,30,30,30,30,30,30,30,30,30,30,30,30 -> output: 127
input: 964 -> message: 2,2,2,38,24,0 -> output: 964
input: 965 -> message: 2,37,29,0 -> output: 768
input: 966 -> message: 31,34,24,0 -> output: 220
input: 967 -> message: 6,37,29,0 -> output: 639
input: 968 -> message: 14,33,2,2,2,2,2,2,2,2,25,25,30,30,30,30,30,30,30,30,30,30,30,30,30,30,30,30,30,30 -> output: 968
input: 969 -> message: 19,22,23,25,25,38,38,36,0 -> output: 969
input: 970 -> message: 6,4,0 -> output: 579
input: 971 -> message: 7,24,9,8,8,8,8,8,8,8,8,8,8,8,8,8,8,1,8,29,1,8,29,2,2,38,0 -> output: 971
input: 972 -> message: 2,34,34,20,0 -> output: 972
input: 973 -> message: 2,2,34,34,34,34,34,31,34,31,28,28,0 -> output: 973
input: 974 -> message: 2,2,2,24,0 -> output: 296
input: 975 -> message: 35,2,2,2,2,37,30,30,0 -> output: 975
input: 976 -> message: 16,2,17,29,0 -> output: 976
input: 977 -> message: 2,2,2,38,0 -> output: 982
input: 978 -> message: 35,35,31,31,31,31,17,17,36,0 -> output: 978
input: 979 -> message: 16,2,2,37,0 -> output: 979
input: 980 -> message: 10,4,0 -> output: 980
input: 981 -> message: 24,32,2,2,2,2,37,0 -> output: 981
input: 982 -> message: 2,2,2,38,24,0 -> output: 964
input: 983 -> message: 14,2,2,2,30,30,30,30,30,30,30,30,30,30,30,30,30,30,30,30,30,30,30,30,30,30,30,30,30,30 -> output: 983
input: 984 -> message: 14,14,14,2,14,30,14,30,30,30,30,30,30,30,30,30,30,30,30,30,30,30,30,30,30,30,30,30,30,30 -> output: 984
input: 985 -> message: 3,2,2,2,38,0 -> output: 341
input: 986 -> message: 28,14,22,2,2,2,2,2,30,28,0 -> output: 986
input: 987 -> message: 20,29,0 -> output: 543
input: 988 -> message: 2,2,2,38,0 -> output: 982
input: 989 -> message: 19,2,2,2,2,2,2,30,14,2,30,14,2,30,30,30,30,30,30,30,30,30,30,30,30,30,30,30,30,30 -> output: 989
input: 990 -> message: 16,2,2,17,29,36,0 -> output: 990
input: 991 -> message: 34,31,24,0 -> output: 858
input: 992 -> message: 16,3,2,2,37,37,37,17,0 -> output: 992
input: 993 -> message: 7,14,14,22,30,37,30,37,37,37,30,30,30,30,30,30,30,30,30,30,30,30,30,30,30,30,30,30,30,30 -> output: 797
input: 994 -> message: 16,2,34,34,34,34,34,34,31,34,20,0 -> output: 994
input: 995 -> message: 2,14,25,30,30,30,30,30,30,30,30,30,30,30,30,30,30,30,30,30,30,30,30,30,30,30,30,30,30,30 -> output: 372
input: 996 -> message: 6,28,0 -> output: 622
input: 997 -> message: 20,20,24,0 -> output: 650
input: 998 -> message: 26,37,0 -> output: 998
input: 999 -> message: 31,34,29,0 -> output: 999
{"powerlaw": 0.893146276473999, "unif": 0.823}
Epoch: 251
{"powerlaw": 0.8962125182151794, "unif": 0.844}
Epoch: 252
{"powerlaw": 0.8953688740730286, "unif": 0.836}
Epoch: 253
{"powerlaw": 0.897472620010376, "unif": 0.849}
Epoch: 254
{"powerlaw": 0.9029698371887207, "unif": 0.866}
Epoch: 255
{"powerlaw": 0.9012019038200378, "unif": 0.87}
Epoch: 256
{"powerlaw": 0.8961643576622009, "unif": 0.846}
Epoch: 257
{"powerlaw": 0.8916680216789246, "unif": 0.824}
Epoch: 258
{"powerlaw": 0.9027666449546814, "unif": 0.86}
Epoch: 259
{"powerlaw": 0.8980400562286377, "unif": 0.851}
Epoch: 260
{"powerlaw": 0.9076377749443054, "unif": 0.883}
Epoch: 261
{"powerlaw": 0.8990710973739624, "unif": 0.855}
Epoch: 262
{"powerlaw": 0.9091591238975525, "unif": 0.894}
Epoch: 263
{"powerlaw": 0.9069863557815552, "unif": 0.888}
Epoch: 264
{"powerlaw": 0.9064773321151733, "unif": 0.878}
Epoch: 265
{"powerlaw": 0.9021969437599182, "unif": 0.875}
Epoch: 266
{"powerlaw": 0.9045417904853821, "unif": 0.881}
Epoch: 267
{"powerlaw": 0.9057071805000305, "unif": 0.872}
Epoch: 268
{"powerlaw": 0.9143242239952087, "unif": 0.894}
Epoch: 269
{"powerlaw": 0.9121208190917969, "unif": 0.883}
Epoch: 270
{"powerlaw": 0.9210119247436523, "unif": 0.871}
Epoch: 271
{"powerlaw": 0.9310322999954224, "unif": 0.916}
Epoch: 272
{"powerlaw": 0.9246184229850769, "unif": 0.887}
Epoch: 273
{"powerlaw": 0.9272798299789429, "unif": 0.896}
Epoch: 274
{"powerlaw": 0.9293203949928284, "unif": 0.906}
Epoch: 275
{"powerlaw": 0.9305618405342102, "unif": 0.908}
Epoch: 276
{"powerlaw": 0.9274160861968994, "unif": 0.891}
Epoch: 277
{"powerlaw": 0.90880286693573, "unif": 0.813}
Epoch: 278
{"powerlaw": 0.9186108112335205, "unif": 0.854}
Epoch: 279
{"powerlaw": 0.9283735752105713, "unif": 0.897}
Epoch: 280
{"powerlaw": 0.9157658815383911, "unif": 0.838}
Epoch: 281
{"powerlaw": 0.9233675003051758, "unif": 0.869}
Epoch: 282
{"powerlaw": 0.928943932056427, "unif": 0.901}
Epoch: 283
{"powerlaw": 0.9248601198196411, "unif": 0.885}
Epoch: 284
{"powerlaw": 0.9325029253959656, "unif": 0.902}
Epoch: 285
{"powerlaw": 0.933103621006012, "unif": 0.902}
Epoch: 286
{"powerlaw": 0.936354398727417, "unif": 0.914}
Epoch: 287
{"powerlaw": 0.9256146550178528, "unif": 0.868}
Epoch: 288
{"powerlaw": 0.9318885207176208, "unif": 0.894}
Epoch: 289
{"powerlaw": 0.9341599941253662, "unif": 0.908}
Epoch: 290
{"powerlaw": 0.9347464442253113, "unif": 0.899}
Epoch: 291
{"powerlaw": 0.926030695438385, "unif": 0.878}
Epoch: 292
{"powerlaw": 0.9245394468307495, "unif": 0.873}
Epoch: 293
{"powerlaw": 0.9188975691795349, "unif": 0.838}
Epoch: 294
{"powerlaw": 0.9328033924102783, "unif": 0.893}
Epoch: 295
{"powerlaw": 0.9586473107337952, "unif": 0.87}
Epoch: 296
{"powerlaw": 0.9522860646247864, "unif": 0.839}
Epoch: 297
{"powerlaw": 0.9623711109161377, "unif": 0.875}
Epoch: 298
{"powerlaw": 0.9686223864555359, "unif": 0.894}
Epoch: 299
{"powerlaw": 0.9699376225471497, "unif": 0.904}
Epoch: 300
input: 0 -> message: 1,27,35,35,17,17,17,36,0 -> output: 0
input: 1 -> message: 17,17,0 -> output: 1
input: 2 -> message: 27,26,36,0 -> output: 2
input: 3 -> message: 17,17,36,0 -> output: 3
input: 4 -> message: 15,35,35,17,17,17,36,36,0 -> output: 4
input: 5 -> message: 17,17,29,0 -> output: 5
input: 6 -> message: 17,36,0 -> output: 6
input: 7 -> message: 17,13,0 -> output: 7
input: 8 -> message: 17,13,13,0 -> output: 8
input: 9 -> message: 17,36,14,23,31,31,31,34,38,0 -> output: 9
input: 10 -> message: 0 -> output: 10
input: 11 -> message: 6,36,0 -> output: 11
input: 12 -> message: 17,16,27,27,35,34,31,31,31,31,17,17,17,17,0 -> output: 12
input: 13 -> message: 17,31,31,31,31,17,17,17,17,17,36,36,0 -> output: 13
input: 14 -> message: 17,0 -> output: 14
input: 15 -> message: 17,17,36,14,22,31,31,31,31,17,17,17,36,0 -> output: 15
input: 16 -> message: 16,2,14,0 -> output: 16
input: 17 -> message: 17,29,0 -> output: 17
input: 18 -> message: 27,27,27,35,2,35,35,35,35,35,31,34,17,17,17,17,36,36,0 -> output: 18
input: 19 -> message: 24,35,35,2,2,4,0 -> output: 19
input: 20 -> message: 2,31,36,0 -> output: 20
input: 21 -> message: 27,35,26,17,29,0 -> output: 21
input: 22 -> message: 16,27,36,17,17,36,0 -> output: 22
input: 23 -> message: 15,27,35,10,26,17,17,17,36,0 -> output: 23
input: 24 -> message: 17,17,17,36,0 -> output: 24
input: 25 -> message: 2,31,0 -> output: 25
input: 26 -> message: 24,8,16,35,2,2,2,34,34,34,34,34,34,34,34,34,31,34,34,4,0 -> output: 26
input: 27 -> message: 24,9,15,27,27,35,26,17,17,17,36,0 -> output: 27
input: 28 -> message: 5,32,2,2,2,2,2,20,37,38,38,38,17,17,17,17,36,36,0 -> output: 28
input: 29 -> message: 17,13,36,0 -> output: 29
input: 30 -> message: 24,9,27,2,26,31,31,31,17,17,0 -> output: 30
input: 31 -> message: 15,2,31,31,31,17,17,17,17,17,36,36,0 -> output: 31
input: 32 -> message: 1,2,2,2,26,31,31,31,31,31,31,31,31,17,17,17,17,17,17,17,36,36,0 -> output: 32
input: 33 -> message: 2,2,2,2,2,2,2,2,2,2,26,35,31,31,31,31,31,31,34,17,17,17,17,36,0 -> output: 33
input: 34 -> message: 13,36,0 -> output: 34
input: 35 -> message: 24,9,2,2,2,20,37,0 -> output: 35
input: 36 -> message: 14,2,31,17,29,0 -> output: 36
input: 37 -> message: 16,27,26,26,38,0 -> output: 37
input: 38 -> message: 32,27,27,35,34,17,17,17,36,0 -> output: 38
input: 39 -> message: 6,21,22,31,31,17,17,17,36,36,0 -> output: 39
input: 40 -> message: 24,9,27,27,34,34,34,34,34,34,34,34,34,0 -> output: 40
input: 41 -> message: 1,27,2,2,2,2,2,37,38,37,37,38,36,36,37,17,17,17,36,36,0 -> output: 41
input: 42 -> message: 14,35,35,34,17,29,0 -> output: 42
input: 43 -> message: 32,27,2,2,2,26,26,26,17,17,17,36,36,0 -> output: 43
input: 44 -> message: 39,15,27,27,2,34,34,34,34,34,34,34,31,24,4,0 -> output: 44
input: 45 -> message: 2,2,35,35,35,26,26,26,31,17,17,17,17,17,36,36,0 -> output: 45
input: 46 -> message: 27,27,2,31,31,17,17,17,17,36,36,0 -> output: 46
input: 47 -> message: 2,0 -> output: 47
input: 48 -> message: 27,2,2,0 -> output: 48
input: 49 -> message: 34,0 -> output: 49
input: 50 -> message: 1,2,0 -> output: 50
input: 51 -> message: 16,2,2,2,30,0 -> output: 51
input: 52 -> message: 31,17,0 -> output: 52
input: 53 -> message: 2,31,4,0 -> output: 53
input: 54 -> message: 14,14,3,38,37,38,37,0 -> output: 54
input: 55 -> message: 14,25,35,2,2,20,38,37,0 -> output: 55
input: 56 -> message: 2,31,17,0 -> output: 56
input: 57 -> message: 27,2,38,0 -> output: 57
input: 58 -> message: 2,34,0 -> output: 58
input: 59 -> message: 2,31,17,24,0 -> output: 59
input: 60 -> message: 24,0 -> output: 60
input: 61 -> message: 32,2,2,2,4,0 -> output: 61
input: 62 -> message: 16,27,27,35,26,26,26,17,17,17,17,36,0 -> output: 62
input: 63 -> message: 36,0 -> output: 63
input: 64 -> message: 27,27,27,35,26,17,17,17,36,0 -> output: 64
input: 65 -> message: 32,22,35,31,31,17,17,36,0 -> output: 65
input: 66 -> message: 12,29,0 -> output: 66
input: 67 -> message: 5,8,23,11,11,2,2,2,34,34,34,34,31,34,31,34,34,34,34,0 -> output: 67
input: 68 -> message: 2,17,0 -> output: 68
input: 69 -> message: 31,31,36,0 -> output: 69
input: 70 -> message: 31,17,29,0 -> output: 70
input: 71 -> message: 27,35,26,31,31,17,29,0 -> output: 196
input: 72 -> message: 27,31,17,17,17,0 -> output: 72
input: 73 -> message: 32,2,2,34,34,34,34,34,34,34,34,34,34,34,34,34,34,34,34,34,34,34,34,34,34,34,34,34,34,34 -> output: 73
input: 74 -> message: 31,31,36,0 -> output: 69
input: 75 -> message: 2,0 -> output: 47
input: 76 -> message: 1,2,2,31,31,31,31,31,31,17,17,17,36,0 -> output: 76
input: 77 -> message: 24,0 -> output: 60
input: 78 -> message: 36,36,23,27,0 -> output: 78
input: 79 -> message: 31,31,24,0 -> output: 79
input: 80 -> message: 6,14,31,31,31,17,17,17,36,36,0 -> output: 80
input: 81 -> message: 31,17,36,0 -> output: 81
input: 82 -> message: 2,2,2,0 -> output: 82
input: 83 -> message: 27,2,31,17,36,0 -> output: 83
input: 84 -> message: 8,11,11,2,2,2,34,34,34,34,34,34,34,34,34,34,31,34,34,34,0 -> output: 84
input: 85 -> message: 3,2,17,17,0 -> output: 85
input: 86 -> message: 31,36,0 -> output: 91
input: 87 -> message: 2,2,17,17,36,0 -> output: 87
input: 88 -> message: 6,17,0 -> output: 88
input: 89 -> message: 34,24,0 -> output: 89
input: 90 -> message: 16,0 -> output: 90
input: 91 -> message: 31,36,0 -> output: 91
input: 92 -> message: 1,27,35,17,17,17,36,0 -> output: 92
input: 93 -> message: 2,2,24,0 -> output: 93
input: 94 -> message: 13,0 -> output: 94
input: 95 -> message: 31,31,34,24,0 -> output: 95
input: 96 -> message: 27,27,35,31,17,17,17,17,36,36,0 -> output: 96
input: 97 -> message: 2,17,17,17,36,36,21,36,17,17,17,17,36,36,0 -> output: 97
input: 98 -> message: 24,9,8,16,27,27,35,35,34,34,34,34,34,34,34,34,34,34,31,34,38,0 -> output: 98
input: 99 -> message: 6,17,36,0 -> output: 99
input: 100 -> message: 27,31,38,29,0 -> output: 100
input: 101 -> message: 2,36,0 -> output: 101
input: 102 -> message: 2,31,13,29,0 -> output: 102
input: 103 -> message: 16,3,35,2,2,34,34,34,34,34,34,34,31,34,34,4,0 -> output: 103
input: 104 -> message: 2,4,0 -> output: 140
input: 105 -> message: 2,24,0 -> output: 105
input: 106 -> message: 31,4,0 -> output: 106
input: 107 -> message: 26,17,0 -> output: 107
input: 108 -> message: 16,2,2,31,31,31,31,31,31,17,17,17,17,17,17,17,36,36,0 -> output: 108
input: 109 -> message: 31,31,0 -> output: 109
input: 110 -> message: 2,2,31,17,17,0 -> output: 110
input: 111 -> message: 2,2,28,0 -> output: 111
input: 112 -> message: 2,13,0 -> output: 112
input: 113 -> message: 2,31,24,0 -> output: 113
input: 114 -> message: 35,2,2,2,2,30,30,30,0 -> output: 114
input: 115 -> message: 27,27,27,27,31,17,17,17,36,36,0 -> output: 115
input: 116 -> message: 2,17,13,29,0 -> output: 116
input: 117 -> message: 26,31,0 -> output: 117
input: 118 -> message: 6,0 -> output: 118
input: 119 -> message: 2,31,29,0 -> output: 119
input: 120 -> message: 16,14,14,2,2,2,26,26,26,26,38,17,17,17,17,17,17,17,29,36,0 -> output: 120
input: 121 -> message: 31,13,0 -> output: 121
input: 122 -> message: 31,0 -> output: 122
input: 123 -> message: 2,2,2,2,2,26,31,31,31,31,31,31,31,31,17,31,17,17,17,17,36,36,0 -> output: 123
input: 124 -> message: 1,14,3,2,34,34,37,38,38,17,17,17,36,0 -> output: 124
input: 125 -> message: 31,31,34,0 -> output: 125
input: 126 -> message: 1,3,2,2,34,34,34,37,34,37,38,37,26,36,0 -> output: 126
input: 127 -> message: 2,2,2,2,2,26,31,31,31,17,17,17,17,36,36,0 -> output: 127
input: 128 -> message: 27,27,2,2,2,20,37,38,37,17,17,36,0 -> output: 128
input: 129 -> message: 24,24,0 -> output: 129
input: 130 -> message: 2,34,24,0 -> output: 130
input: 131 -> message: 20,13,0 -> output: 131
input: 132 -> message: 31,14,14,8,16,27,35,2,35,34,34,34,31,34,31,34,34,34,17,36,0 -> output: 132
input: 133 -> message: 16,27,26,29,0 -> output: 133
input: 134 -> message: 36,23,27,35,26,34,17,17,36,0 -> output: 134
input: 135 -> message: 31,17,17,17,36,36,0 -> output: 135
input: 136 -> message: 26,17,36,0 -> output: 136
input: 137 -> message: 34,34,0 -> output: 137
input: 138 -> message: 31,29,0 -> output: 138
input: 139 -> message: 2,2,34,0 -> output: 139
input: 140 -> message: 2,4,0 -> output: 140
input: 141 -> message: 2,2,38,29,0 -> output: 141
input: 142 -> message: 2,2,0 -> output: 142
input: 143 -> message: 2,2,2,2,2,2,2,34,34,34,34,34,34,34,34,34,34,34,34,34,34,34,34,34,34,34,34,34,34,34 -> output: 143
input: 144 -> message: 2,2,17,17,17,17,36,36,0 -> output: 144
input: 145 -> message: 7,0 -> output: 145
input: 146 -> message: 2,26,17,17,0 -> output: 146
input: 147 -> message: 2,2,37,29,0 -> output: 147
input: 148 -> message: 2,38,38,29,0 -> output: 148
input: 149 -> message: 2,2,31,17,17,17,36,0 -> output: 149
input: 150 -> message: 34,0 -> output: 49
input: 151 -> message: 31,31,31,17,17,17,0 -> output: 151
input: 152 -> message: 20,31,0 -> output: 152
input: 153 -> message: 1,14,2,2,2,37,37,0 -> output: 153
input: 154 -> message: 34,34,34,0 -> output: 154
input: 155 -> message: 35,35,35,26,26,31,31,31,31,31,17,17,17,0 -> output: 155
input: 156 -> message: 24,2,2,2,2,2,34,34,20,38,37,38,37,0 -> output: 156
input: 157 -> message: 31,17,17,0 -> output: 157
input: 158 -> message: 2,13,29,0 -> output: 158
input: 159 -> message: 31,17,24,0 -> output: 159
input: 160 -> message: 16,27,37,37,29,0 -> output: 160
input: 161 -> message: 27,35,2,2,2,20,37,0 -> output: 161
input: 162 -> message: 16,2,31,24,0 -> output: 162
input: 163 -> message: 2,30,0 -> output: 163
input: 164 -> message: 16,2,17,36,0 -> output: 164
input: 165 -> message: 2,2,34,34,34,34,34,34,0 -> output: 165
input: 166 -> message: 10,24,0 -> output: 166
input: 167 -> message: 2,29,0 -> output: 167
input: 168 -> message: 2,17,17,0 -> output: 168
input: 169 -> message: 2,26,31,34,34,0 -> output: 169
input: 170 -> message: 6,0 -> output: 118
input: 171 -> message: 2,38,29,0 -> output: 171
input: 172 -> message: 2,20,0 -> output: 172
input: 173 -> message: 14,35,34,31,34,31,34,31,34,34,0 -> output: 173
input: 174 -> message: 2,14,2,35,10,2,26,31,31,31,31,17,17,17,17,17,17,17,36,36,0 -> output: 174
input: 175 -> message: 24,14,35,2,38,4,0 -> output: 175
input: 176 -> message: 7,37,14,0 -> output: 176
input: 177 -> message: 2,14,0 -> output: 177
input: 178 -> message: 2,17,36,0 -> output: 191
input: 179 -> message: 10,2,14,0 -> output: 179
input: 180 -> message: 1,2,2,2,2,2,2,34,34,37,34,37,38,37,38,37,38,17,17,17,17,36,36,0 -> output: 180
input: 181 -> message: 6,34,0 -> output: 181
input: 182 -> message: 2,2,31,31,31,31,31,31,31,17,17,17,17,17,36,0 -> output: 182
input: 183 -> message: 6,24,0 -> output: 183
input: 184 -> message: 2,26,31,17,17,36,0 -> output: 184
input: 185 -> message: 1,3,2,2,4,0 -> output: 185
input: 186 -> message: 32,3,2,2,2,35,34,34,34,34,34,34,31,34,34,38,34,17,17,0 -> output: 186
input: 187 -> message: 2,2,2,37,29,0 -> output: 187
input: 188 -> message: 20,34,0 -> output: 188
input: 189 -> message: 31,38,24,0 -> output: 189
input: 190 -> message: 2,17,17,36,0 -> output: 190
input: 191 -> message: 2,17,36,0 -> output: 191
input: 192 -> message: 31,31,17,0 -> output: 192
input: 193 -> message: 31,17,17,36,0 -> output: 193
input: 194 -> message: 1,2,14,2,2,2,2,35,34,31,31,31,31,34,31,34,31,17,17,17,36,0 -> output: 194
input: 195 -> message: 2,2,31,34,31,17,17,0 -> output: 195
input: 196 -> message: 27,35,26,31,31,17,29,0 -> output: 196
input: 197 -> message: 6,6,17,17,36,36,0 -> output: 197
input: 198 -> message: 9,8,27,27,27,35,31,17,17,17,36,0 -> output: 198
input: 199 -> message: 2,17,17,36,36,0 -> output: 199
input: 200 -> message: 2,2,14,2,14,2,2,2,2,2,2,2,2,2,2,2,2,14,14,0 -> output: 200
input: 201 -> message: 6,6,0 -> output: 201
input: 202 -> message: 16,27,31,31,31,17,31,17,17,17,36,36,0 -> output: 202
input: 203 -> message: 2,2,38,0 -> output: 203
input: 204 -> message: 24,15,35,2,2,31,31,31,17,17,17,17,36,36,0 -> output: 204
input: 205 -> message: 1,2,2,2,2,26,26,31,31,31,31,31,17,17,17,17,17,17,17,36,36,0 -> output: 205
input: 206 -> message: 31,34,0 -> output: 206
input: 207 -> message: 14,14,2,2,35,35,31,31,31,34,31,17,17,17,36,0 -> output: 207
input: 208 -> message: 31,29,23,16,27,27,35,34,34,34,34,31,34,34,34,34,34,0 -> output: 208
input: 209 -> message: 2,6,13,29,0 -> output: 209
input: 210 -> message: 24,9,8,8,27,27,2,2,2,34,34,34,34,34,34,34,34,34,34,34,34,34,34,34,34,34,34,34,34,34 -> output: 210
input: 211 -> message: 2,6,0 -> output: 211
input: 212 -> message: 1,2,2,2,2,2,2,34,35,34,31,34,38,17,38,17,17,36,0 -> output: 212
input: 213 -> message: 9,2,2,38,37,0 -> output: 213
input: 214 -> message: 31,38,24,0 -> output: 189
input: 215 -> message: 9,8,27,27,35,34,34,34,34,34,34,38,34,34,36,0 -> output: 215
input: 216 -> message: 7,29,23,16,27,27,34,34,34,34,34,34,34,34,31,34,34,34,0 -> output: 364
input: 217 -> message: 35,26,26,31,17,17,36,0 -> output: 217
input: 218 -> message: 24,27,27,27,27,26,17,17,17,36,0 -> output: 218
input: 219 -> message: 38,38,0 -> output: 219
input: 220 -> message: 31,34,24,0 -> output: 220
input: 221 -> message: 31,24,0 -> output: 221
input: 222 -> message: 2,13,13,36,0 -> output: 222
input: 223 -> message: 26,31,17,17,36,36,0 -> output: 223
input: 224 -> message: 31,29,36,0 -> output: 224
input: 225 -> message: 6,14,2,2,2,2,31,31,31,31,31,31,17,17,17,17,17,17,36,36,0 -> output: 989
input: 226 -> message: 32,33,0 -> output: 226
input: 227 -> message: 2,2,26,31,31,17,17,17,0 -> output: 227
input: 228 -> message: 27,2,26,31,31,17,17,17,36,0 -> output: 228
input: 229 -> message: 4,0 -> output: 229
input: 230 -> message: 35,35,35,35,31,31,31,31,17,17,17,36,0 -> output: 230
input: 231 -> message: 6,31,0 -> output: 231
input: 232 -> message: 16,2,31,31,31,17,17,17,36,0 -> output: 232
input: 233 -> message: 2,2,31,31,31,31,31,17,17,0 -> output: 233
input: 234 -> message: 2,2,2,2,30,0 -> output: 234
input: 235 -> message: 31,31,31,24,0 -> output: 235
input: 236 -> message: 10,29,0 -> output: 236
input: 237 -> message: 31,38,0 -> output: 237
input: 238 -> message: 24,14,0 -> output: 238
input: 239 -> message: 24,35,2,2,2,35,35,26,31,34,31,34,38,17,17,17,0 -> output: 239
input: 240 -> message: 2,38,24,0 -> output: 240
input: 241 -> message: 7,17,23,16,27,27,27,34,34,34,34,34,34,34,31,34,34,34,17,0 -> output: 241
input: 242 -> message: 14,0 -> output: 242
input: 243 -> message: 1,22,0 -> output: 243
input: 244 -> message: 26,0 -> output: 244
input: 245 -> message: 31,31,34,34,0 -> output: 245
input: 246 -> message: 15,31,31,31,31,31,17,17,17,17,36,0 -> output: 246
input: 247 -> message: 34,31,34,34,0 -> output: 247
input: 248 -> message: 31,34,0 -> output: 206
input: 249 -> message: 26,13,36,0 -> output: 249
input: 250 -> message: 2,28,0 -> output: 275
input: 251 -> message: 27,26,38,29,0 -> output: 251
input: 252 -> message: 26,2,17,17,17,36,36,0 -> output: 252
input: 253 -> message: 2,31,38,0 -> output: 253
input: 254 -> message: 17,14,11,31,31,31,31,31,31,17,24,0 -> output: 254
input: 255 -> message: 16,16,3,26,31,17,17,17,17,36,36,0 -> output: 255
input: 256 -> message: 7,24,0 -> output: 256
input: 257 -> message: 2,37,0 -> output: 257
input: 258 -> message: 2,2,2,2,2,2,34,34,34,34,34,34,37,34,37,34,37,38,37,37,37,37,17,38,37,26,36,36,0 -> output: 258
input: 259 -> message: 35,2,35,35,2,26,26,26,26,31,31,31,31,17,17,17,17,17,17,17,17,36,36,0 -> output: 259
input: 260 -> message: 11,11,35,2,2,34,34,34,34,34,34,34,31,34,34,34,0 -> output: 260
input: 261 -> message: 2,2,31,38,17,17,36,0 -> output: 261
input: 262 -> message: 26,14,16,27,27,35,34,17,17,17,17,36,36,0 -> output: 262
input: 263 -> message: 7,29,23,16,3,27,34,34,34,34,34,34,34,34,34,34,31,34,34,34,34,16,24,0 -> output: 263
input: 264 -> message: 2,20,13,29,0 -> output: 264
input: 265 -> message: 32,35,34,34,31,24,0 -> output: 265
input: 266 -> message: 27,2,34,34,34,34,31,34,34,24,0 -> output: 266
input: 267 -> message: 26,13,0 -> output: 267
input: 268 -> message: 2,28,0 -> output: 275
input: 269 -> message: 2,31,31,17,17,0 -> output: 269
input: 270 -> message: 35,2,31,0 -> output: 270
input: 271 -> message: 2,38,0 -> output: 271
input: 272 -> message: 38,0 -> output: 272
input: 273 -> message: 10,26,24,0 -> output: 273
input: 274 -> message: 2,28,21,21,39,16,31,27,31,31,31,31,31,17,17,17,17,17,36,36,0 -> output: 274
input: 275 -> message: 2,28,0 -> output: 275
input: 276 -> message: 26,36,0 -> output: 276
input: 277 -> message: 24,9,8,27,27,27,34,34,34,34,17,17,29,0 -> output: 277
input: 278 -> message: 31,13,13,36,0 -> output: 278
input: 279 -> message: 24,32,3,2,34,4,0 -> output: 279
input: 280 -> message: 20,24,0 -> output: 280
input: 281 -> message: 31,31,34,31,24,0 -> output: 281
input: 282 -> message: 2,26,29,0 -> output: 282
input: 283 -> message: 1,14,3,22,2,34,31,34,13,17,36,0 -> output: 283
input: 284 -> message: 2,2,17,17,17,36,0 -> output: 284
input: 285 -> message: 2,2,13,0 -> output: 285
input: 286 -> message: 27,2,2,34,31,31,31,34,31,17,17,29,0 -> output: 286
input: 287 -> message: 19,25,16,35,35,35,34,34,34,31,34,31,34,34,0 -> output: 287
input: 288 -> message: 27,26,34,0 -> output: 288
input: 289 -> message: 24,37,0 -> output: 559
input: 290 -> message: 32,27,35,2,38,37,0 -> output: 290
input: 291 -> message: 3,2,2,34,34,34,37,37,37,13,17,17,17,36,36,0 -> output: 291
input: 292 -> message: 16,16,16,35,10,26,31,17,17,36,0 -> output: 292
input: 293 -> message: 14,2,2,2,2,2,31,31,31,31,38,17,17,17,36,0 -> output: 293
input: 294 -> message: 7,36,0 -> output: 294
input: 295 -> message: 2,2,29,0 -> output: 295
input: 296 -> message: 2,2,2,24,0 -> output: 296
input: 297 -> message: 2,2,2,2,2,2,2,2,20,20,20,37,38,37,37,37,17,17,17,17,17,17,17,36,36,0 -> output: 297
input: 298 -> message: 10,31,0 -> output: 298
input: 299 -> message: 31,31,17,17,0 -> output: 299
input: 300 -> message: 2,31,31,17,0 -> output: 300
input: 301 -> message: 35,35,2,34,34,34,34,34,34,34,34,34,24,0 -> output: 301
input: 302 -> message: 16,27,27,35,26,31,17,17,17,36,0 -> output: 302
input: 303 -> message: 26,38,0 -> output: 303
input: 304 -> message: 8,2,38,38,17,17,17,36,36,0 -> output: 304
input: 305 -> message: 16,2,37,14,0 -> output: 305
input: 306 -> message: 6,25,23,31,31,17,17,17,36,0 -> output: 306
input: 307 -> message: 8,8,27,35,2,34,34,34,34,34,34,34,34,34,31,34,34,16,24,0 -> output: 307
input: 308 -> message: 24,14,25,35,35,2,37,37,0 -> output: 308
input: 309 -> message: 16,27,20,6,20,29,0 -> output: 309
input: 310 -> message: 6,29,0 -> output: 310
input: 311 -> message: 16,2,14,30,30,35,35,2,2,2,37,30,21,0 -> output: 311
input: 312 -> message: 2,38,13,0 -> output: 312
input: 313 -> message: 8,3,27,2,34,34,34,34,34,34,34,34,34,34,34,34,34,16,24,34,24,24,0 -> output: 313
input: 314 -> message: 2,2,2,2,2,35,35,31,31,34,31,31,34,34,34,34,0 -> output: 314
input: 315 -> message: 2,2,37,0 -> output: 315
input: 316 -> message: 27,26,31,17,29,0 -> output: 316
input: 317 -> message: 2,31,31,31,31,31,17,17,0 -> output: 611
input: 318 -> message: 2,2,2,35,31,31,31,31,17,17,17,17,17,17,36,36,0 -> output: 318
input: 319 -> message: 2,2,2,2,2,35,35,31,31,31,31,31,31,31,31,31,34,34,0 -> output: 319
input: 320 -> message: 16,2,31,31,31,31,31,31,17,17,17,17,17,17,17,36,36,0 -> output: 320
input: 321 -> message: 2,2,37,37,0 -> output: 321
input: 322 -> message: 16,3,7,29,0 -> output: 322
input: 323 -> message: 3,2,38,38,37,37,17,17,17,36,36,0 -> output: 323
input: 324 -> message: 31,31,4,0 -> output: 324
input: 325 -> message: 6,2,14,2,37,37,37,17,17,17,17,17,17,17,36,36,0 -> output: 325
input: 326 -> message: 16,31,31,34,34,0 -> output: 326
input: 327 -> message: 31,34,34,0 -> output: 327
input: 328 -> message: 2,26,17,17,17,36,36,0 -> output: 328
input: 329 -> message: 31,24,15,15,35,35,35,2,34,4,0 -> output: 329
input: 330 -> message: 24,17,0 -> output: 330
input: 331 -> message: 2,13,17,36,0 -> output: 331
input: 332 -> message: 2,2,2,31,31,31,31,17,17,17,17,17,36,36,0 -> output: 332
input: 333 -> message: 35,35,2,2,2,20,20,38,37,38,37,0 -> output: 758
input: 334 -> message: 35,35,38,38,37,0 -> output: 334
input: 335 -> message: 31,34,13,29,0 -> output: 335
input: 336 -> message: 2,2,38,24,0 -> output: 336
input: 337 -> message: 26,24,0 -> output: 337
input: 338 -> message: 2,2,2,2,14,0 -> output: 338
input: 339 -> message: 2,2,2,34,34,34,34,34,31,34,34,0 -> output: 339
input: 340 -> message: 24,14,8,35,35,20,38,37,0 -> output: 340
input: 341 -> message: 3,2,2,35,34,34,34,34,34,34,34,34,34,31,34,4,0 -> output: 291
input: 342 -> message: 10,31,36,0 -> output: 342
input: 343 -> message: 16,2,31,17,17,17,36,36,0 -> output: 232
input: 344 -> message: 2,6,29,0 -> output: 344
input: 345 -> message: 26,31,31,17,17,17,36,36,0 -> output: 345
input: 346 -> message: 14,3,2,2,2,35,35,31,31,31,31,31,31,31,31,31,31,17,17,17,0 -> output: 346
input: 347 -> message: 16,2,2,2,2,2,2,2,2,2,30,14,0 -> output: 347
input: 348 -> message: 2,2,2,14,14,0 -> output: 348
input: 349 -> message: 6,34,24,0 -> output: 349
input: 350 -> message: 2,2,26,26,31,31,17,17,17,17,0 -> output: 350
input: 351 -> message: 35,31,17,17,36,0 -> output: 351
input: 352 -> message: 35,35,26,31,31,31,17,17,17,36,0 -> output: 352
input: 353 -> message: 2,28,0 -> output: 275
input: 354 -> message: 35,35,35,31,31,31,31,31,17,17,0 -> output: 354
input: 355 -> message: 16,9,2,30,0 -> output: 355
input: 356 -> message: 2,14,25,25,25,8,27,27,27,27,35,34,34,34,34,31,34,31,34,34,34,0 -> output: 356
input: 357 -> message: 27,27,2,2,26,26,26,31,31,17,17,17,17,17,17,36,36,0 -> output: 357
input: 358 -> message: 27,2,26,38,37,0 -> output: 358
input: 359 -> message: 14,33,16,3,35,2,20,38,24,0 -> output: 359
input: 360 -> message: 10,38,0 -> output: 360
input: 361 -> message: 9,27,27,27,35,26,31,17,17,17,36,0 -> output: 361
input: 362 -> message: 2,6,24,0 -> output: 362
input: 363 -> message: 2,24,30,0 -> output: 363
input: 364 -> message: 7,29,23,16,27,27,34,34,34,34,34,34,34,34,34,34,34,34,31,34,34,34,16,34,20,34,34,24,0 -> output: 364
input: 365 -> message: 2,2,2,2,2,2,2,2,2,2,2,2,2,30,30,30,0 -> output: 365
input: 366 -> message: 26,14,2,2,2,2,34,20,38,37,38,37,17,17,17,17,17,17,36,36,0 -> output: 366
input: 367 -> message: 16,2,2,2,2,2,35,20,26,38,37,38,37,17,17,17,0 -> output: 367
input: 368 -> message: 10,17,0 -> output: 368
input: 369 -> message: 8,2,2,2,20,20,0 -> output: 369
input: 370 -> message: 5,14,22,2,2,20,20,20,37,37,37,13,17,17,17,17,36,36,0 -> output: 370
input: 371 -> message: 26,13,13,0 -> output: 371
input: 372 -> message: 2,29,23,16,11,27,34,34,34,34,34,34,34,34,34,34,34,34,4,0 -> output: 372
input: 373 -> message: 27,8,11,27,2,2,34,31,31,31,31,31,31,17,17,17,17,0 -> output: 373
input: 374 -> message: 16,3,2,2,2,2,34,34,20,38,37,38,37,0 -> output: 374
input: 375 -> message: 7,29,0 -> output: 375
input: 376 -> message: 1,2,2,2,2,2,30,0 -> output: 376
input: 377 -> message: 3,2,28,0 -> output: 377
input: 378 -> message: 2,2,2,2,2,2,2,20,2,38,37,38,0 -> output: 545
input: 379 -> message: 6,14,0 -> output: 379
input: 380 -> message: 14,14,37,10,37,38,38,17,17,17,17,36,36,0 -> output: 380
input: 381 -> message: 2,35,35,34,34,34,34,34,34,31,34,34,34,0 -> output: 381
input: 382 -> message: 2,2,2,34,34,34,34,34,34,34,31,34,4,0 -> output: 756
input: 383 -> message: 2,2,26,31,31,31,17,13,0 -> output: 383
input: 384 -> message: 16,2,2,2,2,34,34,34,34,34,31,34,4,0 -> output: 384
input: 385 -> message: 38,17,36,0 -> output: 272
input: 386 -> message: 16,8,27,16,27,35,17,17,17,17,36,36,0 -> output: 386
input: 387 -> message: 10,2,2,2,26,31,31,31,31,31,31,17,17,17,17,17,17,36,36,0 -> output: 387
input: 388 -> message: 16,2,2,0 -> output: 388
input: 389 -> message: 3,2,31,17,17,17,36,36,0 -> output: 389
input: 390 -> message: 10,31,31,31,31,17,17,17,0 -> output: 390
input: 391 -> message: 10,14,25,27,27,27,27,34,34,31,17,17,29,0 -> output: 391
input: 392 -> message: 2,31,17,29,0 -> output: 392
input: 393 -> message: 6,14,16,27,27,27,31,31,17,17,17,17,36,0 -> output: 393
input: 394 -> message: 2,2,2,2,26,26,31,26,17,17,17,17,36,36,0 -> output: 394
input: 395 -> message: 2,18,0 -> output: 395
input: 396 -> message: 7,4,0 -> output: 396
input: 397 -> message: 20,34,24,0 -> output: 397
input: 398 -> message: 2,37,14,21,14,8,8,27,27,27,2,34,34,34,34,34,34,34,34,34,34,31,34,31,34,34,34,24,24,9 -> output: 398
input: 399 -> message: 2,31,34,24,0 -> output: 399
input: 400 -> message: 2,14,14,25,8,8,16,27,27,27,2,35,34,34,34,34,34,34,31,34,34,31,34,38,17,17,29,0 -> output: 400
input: 401 -> message: 27,35,35,2,38,17,17,0 -> output: 401
input: 402 -> message: 35,2,2,2,34,34,34,34,34,34,31,34,34,31,24,0 -> output: 402
input: 403 -> message: 10,31,24,0 -> output: 403
input: 404 -> message: 31,24,9,9,27,34,34,34,34,34,34,31,24,0 -> output: 404
input: 405 -> message: 2,2,14,35,35,35,2,31,17,17,17,17,17,17,17,36,36,0 -> output: 405
input: 406 -> message: 7,14,25,25,8,16,8,16,35,35,35,35,35,34,34,34,34,34,31,34,31,34,38,17,38,36,0 -> output: 406
input: 407 -> message: 2,31,38,38,37,0 -> output: 407
input: 408 -> message: 2,2,2,38,0 -> output: 408
input: 409 -> message: 26,31,13,0 -> output: 409
input: 410 -> message: 35,2,38,24,0 -> output: 410
input: 411 -> message: 2,2,2,34,34,34,34,34,31,34,34,31,34,34,0 -> output: 756
input: 412 -> message: 31,31,13,13,36,0 -> output: 412
input: 413 -> message: 35,26,17,36,0 -> output: 413
input: 414 -> message: 2,2,6,37,0 -> output: 414
input: 415 -> message: 14,8,23,27,27,27,34,34,17,17,17,29,0 -> output: 415
input: 416 -> message: 14,14,0 -> output: 416
input: 417 -> message: 16,26,2,4,0 -> output: 417
input: 418 -> message: 2,14,14,25,25,8,16,11,16,2,35,34,34,31,34,31,34,38,38,38,38,36,0 -> output: 418
input: 419 -> message: 27,27,35,34,34,31,17,17,17,17,36,0 -> output: 419
input: 420 -> message: 35,26,38,29,0 -> output: 420
input: 421 -> message: 32,27,27,35,2,26,26,26,26,17,17,36,0 -> output: 421
input: 422 -> message: 2,35,35,31,31,31,17,17,17,17,36,36,0 -> output: 422
input: 423 -> message: 19,14,23,27,27,34,31,17,17,29,0 -> output: 423
input: 424 -> message: 15,27,27,27,27,31,17,17,17,17,36,36,0 -> output: 424
input: 425 -> message: 14,14,14,11,2,35,2,37,38,37,17,13,17,17,17,17,36,36,0 -> output: 984
input: 426 -> message: 1,2,35,2,35,35,31,31,31,31,31,31,17,17,17,17,17,36,36,0 -> output: 426
input: 427 -> message: 27,27,35,34,31,31,17,17,29,0 -> output: 427
input: 428 -> message: 10,31,31,31,24,24,0 -> output: 428
input: 429 -> message: 16,16,27,27,35,2,26,31,31,31,31,31,17,17,17,17,17,36,36,0 -> output: 429
input: 430 -> message: 16,2,2,2,26,31,31,31,31,31,31,17,17,17,17,17,0 -> output: 430
input: 431 -> message: 16,2,2,26,26,17,17,17,17,36,0 -> output: 431
input: 432 -> message: 16,27,34,34,34,34,31,34,34,34,0 -> output: 432
input: 433 -> message: 2,37,37,0 -> output: 433
input: 434 -> message: 34,34,4,0 -> output: 434
input: 435 -> message: 20,31,24,0 -> output: 435
input: 436 -> message: 16,2,2,26,6,37,0 -> output: 436
input: 437 -> message: 2,34,34,4,0 -> output: 437
input: 438 -> message: 5,14,8,22,2,2,2,20,37,38,37,0 -> output: 438
input: 439 -> message: 10,2,2,26,31,31,31,17,17,17,29,0 -> output: 439
input: 440 -> message: 14,8,11,35,35,2,34,35,34,34,34,34,34,34,31,20,38,34,37,17,17,17,36,0 -> output: 440
input: 441 -> message: 2,2,13,29,0 -> output: 441
input: 442 -> message: 35,35,2,34,34,34,31,34,38,34,4,0 -> output: 442
input: 443 -> message: 31,29,23,16,27,27,34,34,34,34,34,34,34,34,34,34,34,34,34,4,0 -> output: 691
input: 444 -> message: 14,22,35,35,35,34,34,34,34,34,31,34,38,34,4,0 -> output: 444
input: 445 -> message: 28,14,2,2,2,2,34,34,34,34,34,34,34,34,31,34,38,34,17,17,0 -> output: 571
input: 446 -> message: 26,29,0 -> output: 446
input: 447 -> message: 7,28,0 -> output: 447
input: 448 -> message: 6,38,0 -> output: 448
input: 449 -> message: 35,31,34,34,0 -> output: 449
input: 450 -> message: 1,2,2,26,31,31,17,17,17,17,36,0 -> output: 450
input: 451 -> message: 2,34,38,0 -> output: 451
input: 452 -> message: 5,33,16,27,27,35,2,31,17,17,17,17,36,0 -> output: 452
input: 453 -> message: 31,6,0 -> output: 453
input: 454 -> message: 6,18,0 -> output: 454
input: 455 -> message: 2,38,37,0 -> output: 455
input: 456 -> message: 27,27,31,31,17,17,17,36,36,0 -> output: 456
input: 457 -> message: 35,35,2,34,20,4,0 -> output: 457
input: 458 -> message: 6,38,37,0 -> output: 458
input: 459 -> message: 16,2,2,34,34,34,37,26,0 -> output: 459
input: 460 -> message: 27,35,38,17,29,0 -> output: 460
input: 461 -> message: 29,15,27,27,27,35,34,17,17,17,36,36,0 -> output: 461
input: 462 -> message: 27,35,2,2,35,20,20,37,38,17,17,36,0 -> output: 462
input: 463 -> message: 2,26,31,31,31,17,17,0 -> output: 534
input: 464 -> message: 14,33,16,3,2,34,38,24,24,0 -> output: 464
input: 465 -> message: 2,2,2,2,35,34,34,34,34,31,34,31,34,34,31,34,0 -> output: 465
input: 466 -> message: 24,24,25,25,35,35,2,34,38,0 -> output: 466
input: 467 -> message: 27,31,17,29,0 -> output: 467
input: 468 -> message: 2,14,25,23,8,16,27,27,27,34,34,34,34,34,34,34,34,31,34,38,34,38,17,38,36,0 -> output: 468
input: 469 -> message: 10,31,17,36,36,0 -> output: 469
input: 470 -> message: 16,3,2,2,2,37,0 -> output: 470
input: 471 -> message: 27,2,2,20,20,24,0 -> output: 471
input: 472 -> message: 10,2,2,2,26,26,26,26,31,26,31,17,17,17,17,17,17,17,17,36,36,0 -> output: 472
input: 473 -> message: 3,26,38,0 -> output: 473
input: 474 -> message: 2,2,2,2,2,2,2,35,31,31,31,31,31,31,17,17,17,17,17,17,36,36,0 -> output: 474
input: 475 -> message: 35,2,2,4,0 -> output: 475
input: 476 -> message: 2,2,2,35,35,35,31,31,31,31,31,31,31,31,17,17,17,17,0 -> output: 123
input: 477 -> message: 14,2,2,2,38,38,38,38,38,36,36,36,0 -> output: 477
input: 478 -> message: 35,2,2,20,37,38,0 -> output: 478
input: 479 -> message: 16,3,17,17,17,36,36,0 -> output: 479
input: 480 -> message: 35,2,20,37,0 -> output: 480
input: 481 -> message: 24,28,0 -> output: 481
input: 482 -> message: 29,14,23,27,27,34,34,34,34,17,0 -> output: 482
input: 483 -> message: 16,2,2,14,0 -> output: 483
input: 484 -> message: 10,24,24,24,0 -> output: 484
input: 485 -> message: 16,35,31,31,31,31,17,17,17,17,36,0 -> output: 485
input: 486 -> message: 2,14,2,35,2,2,2,37,20,37,34,37,17,13,13,17,17,17,17,17,17,36,17,21,13,13,36,0 -> output: 486
input: 487 -> message: 2,14,25,25,8,25,16,11,16,2,34,34,34,34,37,20,20,37,38,37,26,31,37,17,17,17,36,36,0 -> output: 356
input: 488 -> message: 14,2,2,20,38,38,37,38,0 -> output: 488
input: 489 -> message: 2,26,0 -> output: 489
input: 490 -> message: 24,8,8,3,2,2,34,34,34,34,34,34,34,34,34,34,34,34,34,34,34,34,34,34,16,24,27,24,17,17 -> output: 490
input: 491 -> message: 24,14,3,20,34,4,0 -> output: 491
input: 492 -> message: 27,27,26,31,31,17,17,17,36,36,0 -> output: 492
input: 493 -> message: 14,8,27,27,35,35,34,34,34,34,34,34,34,34,34,31,34,34,34,16,16,27,20,20,0 -> output: 493
input: 494 -> message: 3,2,13,29,0 -> output: 494
input: 495 -> message: 2,4,0 -> output: 140
input: 496 -> message: 16,27,35,2,34,34,34,34,34,31,34,31,34,4,0 -> output: 496
input: 497 -> message: 27,27,35,2,2,20,35,20,20,37,38,37,17,17,17,36,36,0 -> output: 497
input: 498 -> message: 3,2,2,34,34,34,34,34,34,34,31,34,38,0 -> output: 498
input: 499 -> message: 16,27,2,2,37,0 -> output: 499
input: 500 -> message: 16,2,2,2,37,0 -> output: 500
input: 501 -> message: 26,4,0 -> output: 501
input: 502 -> message: 16,35,2,37,29,0 -> output: 502
input: 503 -> message: 16,35,2,2,14,0 -> output: 503
input: 504 -> message: 8,2,2,2,34,34,20,37,38,37,37,0 -> output: 504
input: 505 -> message: 26,14,25,8,35,35,34,34,34,34,34,34,34,34,31,34,4,0 -> output: 505
input: 506 -> message: 16,3,31,31,31,31,17,17,0 -> output: 506
input: 507 -> message: 20,13,29,0 -> output: 507
input: 508 -> message: 2,34,34,31,34,13,36,0 -> output: 508
input: 509 -> message: 2,2,20,37,37,0 -> output: 982
input: 510 -> message: 24,35,35,2,2,2,38,37,0 -> output: 510
input: 511 -> message: 2,2,2,2,35,35,35,31,31,31,31,31,31,31,17,17,17,17,17,36,36,0 -> output: 123
input: 512 -> message: 32,8,27,27,35,31,31,17,17,17,36,0 -> output: 512
input: 513 -> message: 2,2,34,34,31,31,34,31,34,34,36,0 -> output: 513
input: 514 -> message: 27,35,2,26,26,17,17,17,36,0 -> output: 514
input: 515 -> message: 6,37,37,37,17,17,17,17,36,36,0 -> output: 515
input: 516 -> message: 2,34,34,34,31,0 -> output: 516
input: 517 -> message: 7,14,16,3,27,2,35,35,26,31,31,31,17,17,17,17,17,36,36,0 -> output: 517
input: 518 -> message: 10,14,10,2,2,26,31,31,31,17,17,17,17,17,36,36,0 -> output: 518
input: 519 -> message: 35,35,34,31,31,31,31,17,17,0 -> output: 519
input: 520 -> message: 34,31,29,0 -> output: 520
input: 521 -> message: 2,2,14,0 -> output: 521
input: 522 -> message: 5,14,16,3,2,34,34,34,34,34,34,34,31,34,34,34,4,0 -> output: 522
input: 523 -> message: 27,35,2,26,29,0 -> output: 523
input: 524 -> message: 38,24,0 -> output: 524
input: 525 -> message: 14,23,27,27,27,34,34,17,17,17,17,36,0 -> output: 525
input: 526 -> message: 34,34,24,0 -> output: 526
input: 527 -> message: 20,38,0 -> output: 527
input: 528 -> message: 2,2,35,2,2,37,37,26,37,17,17,17,17,17,17,17,17,17,17,36,36,36,0 -> output: 528
input: 529 -> message: 27,35,31,17,17,36,0 -> output: 529
input: 530 -> message: 16,2,2,26,26,17,17,36,0 -> output: 530
input: 531 -> message: 8,8,27,27,27,35,34,34,34,34,34,34,34,34,34,34,34,34,31,34,34,17,24,0 -> output: 531
input: 532 -> message: 24,25,25,2,34,37,38,37,0 -> output: 532
input: 533 -> message: 5,14,33,16,27,34,34,34,34,34,34,34,34,4,0 -> output: 533
input: 534 -> message: 2,26,31,31,17,17,29,0 -> output: 534
input: 535 -> message: 26,31,36,0 -> output: 535
input: 536 -> message: 6,14,11,11,35,2,31,31,31,17,13,29,0 -> output: 536
input: 537 -> message: 35,2,2,2,20,28,0 -> output: 537
input: 538 -> message: 2,26,17,36,0 -> output: 146
input: 539 -> message: 27,31,34,34,4,0 -> output: 539
input: 540 -> message: 2,34,34,0 -> output: 540
input: 541 -> message: 27,26,31,29,0 -> output: 541
input: 542 -> message: 2,14,14,14,37,37,37,37,38,37,17,17,17,17,17,17,17,36,36,0 -> output: 581
input: 543 -> message: 20,29,0 -> output: 543
input: 544 -> message: 26,14,25,22,16,31,31,31,31,13,29,0 -> output: 544
input: 545 -> message: 2,2,2,2,2,20,20,20,38,37,38,37,37,0 -> output: 545
input: 546 -> message: 5,1,3,2,2,2,2,2,34,34,34,37,20,37,38,37,38,36,37,17,17,36,0 -> output: 546
input: 547 -> message: 16,2,37,17,36,0 -> output: 547
input: 548 -> message: 35,2,34,34,34,34,34,34,31,34,34,34,0 -> output: 548
input: 549 -> message: 27,27,35,2,26,6,0 -> output: 549
input: 550 -> message: 2,14,14,14,14,14,14,14,2,37,37,37,37,36,36,36,17,17,17,36,36,0 -> output: 581
input: 551 -> message: 31,34,38,0 -> output: 551
input: 552 -> message: 2,38,38,13,13,36,0 -> output: 552
input: 553 -> message: 2,2,38,38,37,0 -> output: 553
input: 554 -> message: 31,31,17,17,17,17,36,36,0 -> output: 554
input: 555 -> message: 14,2,2,2,35,34,34,34,34,34,34,34,34,31,34,38,4,0 -> output: 555
input: 556 -> message: 6,14,37,37,37,17,17,17,17,36,36,0 -> output: 556
input: 557 -> message: 2,2,2,4,0 -> output: 629
input: 558 -> message: 31,13,13,0 -> output: 558
input: 559 -> message: 24,37,0 -> output: 559
input: 560 -> message: 19,2,2,35,35,35,2,26,26,26,31,31,17,17,17,17,17,17,36,36,0 -> output: 560
input: 561 -> message: 7,14,25,25,8,16,11,16,35,34,34,34,34,34,34,34,34,34,34,34,34,34,31,34,37,38,0 -> output: 406
input: 562 -> message: 35,2,2,35,26,31,31,31,31,31,31,17,17,17,17,17,17,36,36,0 -> output: 562
input: 563 -> message: 6,14,3,16,3,17,17,17,36,36,0 -> output: 563
input: 564 -> message: 16,3,26,34,31,34,31,34,36,0 -> output: 564
input: 565 -> message: 14,27,27,35,35,2,37,17,17,36,0 -> output: 565
input: 566 -> message: 16,14,2,2,2,2,2,20,20,38,37,38,37,17,17,17,17,17,17,17,17,17,36,36,0 -> output: 566
input: 567 -> message: 35,2,17,29,0 -> output: 567
input: 568 -> message: 35,2,31,31,31,17,17,17,36,0 -> output: 568
input: 569 -> message: 2,14,14,11,11,35,2,34,34,37,37,38,37,37,36,17,17,17,36,36,0 -> output: 569
input: 570 -> message: 2,26,13,29,0 -> output: 570
input: 571 -> message: 28,14,2,2,2,35,34,34,31,34,31,34,17,17,36,0 -> output: 571
input: 572 -> message: 16,27,27,35,2,26,31,31,31,31,31,17,17,17,17,17,17,36,36,0 -> output: 572
input: 573 -> message: 6,29,23,16,3,27,34,34,34,34,34,34,34,34,34,16,0 -> output: 840
input: 574 -> message: 20,38,0 -> output: 527
input: 575 -> message: 2,37,0 -> output: 257
input: 576 -> message: 29,23,16,27,27,34,31,31,31,31,31,17,17,17,0 -> output: 576
input: 577 -> message: 2,2,2,2,30,0 -> output: 234
input: 578 -> message: 8,8,34,34,34,34,34,34,34,34,34,34,34,34,34,34,34,34,34,34,34,34,34,34,16,10,34,34,34,34 -> output: 578
input: 579 -> message: 6,4,0 -> output: 898
input: 580 -> message: 19,35,2,2,26,31,31,17,17,17,17,36,0 -> output: 580
input: 581 -> message: 2,14,14,14,14,14,37,37,37,38,37,17,17,17,17,17,17,17,36,36,0 -> output: 581
input: 582 -> message: 10,31,34,34,34,34,0 -> output: 582
input: 583 -> message: 16,35,2,2,4,0 -> output: 583
input: 584 -> message: 26,28,14,8,16,16,27,27,34,34,34,34,34,34,34,34,34,31,34,34,17,0 -> output: 584
input: 585 -> message: 27,26,26,17,17,36,36,0 -> output: 585
input: 586 -> message: 14,8,35,35,2,34,34,34,34,34,31,34,34,34,34,16,16,10,20,24,0 -> output: 586
input: 587 -> message: 16,2,2,4,0 -> output: 587
input: 588 -> message: 24,28,9,9,27,27,34,34,34,31,17,29,0 -> output: 588
input: 589 -> message: 10,17,17,36,0 -> output: 589
input: 590 -> message: 16,35,2,2,2,20,20,37,0 -> output: 590
input: 591 -> message: 2,2,26,17,17,17,36,0 -> output: 591
input: 592 -> message: 16,3,10,26,31,31,17,17,36,0 -> output: 592
input: 593 -> message: 27,26,24,0 -> output: 593
input: 594 -> message: 2,26,38,0 -> output: 594
input: 595 -> message: 2,14,14,2,14,14,37,14,37,37,38,37,38,17,17,17,17,17,17,17,17,17,36,36,0 -> output: 595
input: 596 -> message: 31,31,17,17,36,0 -> output: 596
input: 597 -> message: 2,26,34,24,0 -> output: 597
input: 598 -> message: 2,2,2,34,31,31,31,31,31,31,31,34,34,0 -> output: 973
input: 599 -> message: 1,2,2,2,2,26,31,17,17,17,17,17,36,36,0 -> output: 599
input: 600 -> message: 2,2,2,29,0 -> output: 600
input: 601 -> message: 16,3,37,37,29,0 -> output: 601
input: 602 -> message: 26,28,0 -> output: 602
input: 603 -> message: 15,16,3,31,31,31,17,17,17,24,0 -> output: 603
input: 604 -> message: 24,28,0 -> output: 481
input: 605 -> message: 35,26,31,17,17,36,0 -> output: 759
input: 606 -> message: 16,11,2,2,2,2,35,31,31,31,31,31,31,34,17,17,17,36,0 -> output: 606
input: 607 -> message: 31,24,23,16,16,34,34,34,34,34,34,4,0 -> output: 607
input: 608 -> message: 10,26,38,0 -> output: 608
input: 609 -> message: 10,37,17,17,36,0 -> output: 609
input: 610 -> message: 10,26,31,36,0 -> output: 610
input: 611 -> message: 2,31,31,31,31,17,17,0 -> output: 611
input: 612 -> message: 16,2,2,2,2,17,17,17,17,17,36,36,0 -> output: 612
input: 613 -> message: 27,35,31,31,17,29,0 -> output: 613
input: 614 -> message: 2,26,31,29,0 -> output: 614
input: 615 -> message: 14,8,22,27,27,27,27,35,35,31,34,31,31,31,31,17,34,17,34,0 -> output: 615
input: 616 -> message: 2,38,4,0 -> output: 616
input: 617 -> message: 2,6,4,0 -> output: 617
input: 618 -> message: 10,24,24,0 -> output: 618
input: 619 -> message: 31,31,17,17,36,36,0 -> output: 619
input: 620 -> message: 26,31,31,31,17,17,0 -> output: 620
input: 621 -> message: 10,31,13,29,0 -> output: 621
input: 622 -> message: 6,28,0 -> output: 622
input: 623 -> message: 10,38,24,0 -> output: 623
input: 624 -> message: 2,14,14,2,2,2,2,2,35,20,20,35,26,34,37,38,38,17,17,17,17,17,36,36,0 -> output: 624
input: 625 -> message: 27,35,34,34,34,31,34,38,17,29,0 -> output: 625
input: 626 -> message: 14,25,23,8,27,27,27,27,34,34,34,34,34,34,34,34,34,34,31,34,38,34,4,0 -> output: 626
input: 627 -> message: 16,27,2,2,2,35,34,34,34,34,34,34,31,34,38,34,38,0 -> output: 627
input: 628 -> message: 6,31,36,0 -> output: 628
input: 629 -> message: 2,2,2,4,0 -> output: 629
input: 630 -> message: 21,35,2,35,31,31,31,31,31,31,31,17,17,17,17,36,0 -> output: 630
input: 631 -> message: 33,33,16,3,2,2,2,20,2,20,38,38,24,0 -> output: 631
input: 632 -> message: 3,2,38,24,0 -> output: 632
input: 633 -> message: 2,2,2,20,34,34,34,37,37,34,37,37,37,37,17,17,17,36,36,0 -> output: 633
input: 634 -> message: 10,34,34,34,34,0 -> output: 634
input: 635 -> message: 2,2,38,38,17,29,0 -> output: 635
input: 636 -> message: 24,25,25,34,34,34,34,34,17,0 -> output: 636
input: 637 -> message: 35,2,34,34,31,34,38,38,0 -> output: 637
input: 638 -> message: 2,2,2,2,34,37,38,37,38,37,17,17,17,36,36,0 -> output: 638
input: 639 -> message: 6,37,21,21,0 -> output: 639
input: 640 -> message: 14,11,27,27,31,31,31,31,31,31,17,17,17,17,17,0 -> output: 640
input: 641 -> message: 24,25,23,27,34,34,34,34,34,34,0 -> output: 909
input: 642 -> message: 35,2,2,26,31,31,31,31,31,17,17,17,17,17,36,36,0 -> output: 642
input: 643 -> message: 24,9,15,34,34,29,0 -> output: 643
input: 644 -> message: 10,14,14,2,2,20,38,37,17,17,17,17,17,17,36,36,0 -> output: 771
input: 645 -> message: 27,2,2,2,37,29,0 -> output: 645
input: 646 -> message: 17,29,23,16,3,27,34,34,34,34,34,34,34,34,34,34,31,34,34,34,0 -> output: 646
input: 647 -> message: 2,2,26,6,6,38,0 -> output: 647
input: 648 -> message: 16,3,10,34,31,31,34,36,0 -> output: 648
input: 649 -> message: 5,8,8,8,11,27,34,34,34,34,34,34,34,34,34,34,34,34,34,34,34,34,34,34,34,34,24,24,0 -> output: 649
input: 650 -> message: 20,20,0 -> output: 650
input: 651 -> message: 16,3,2,38,4,0 -> output: 651
input: 652 -> message: 10,26,31,34,0 -> output: 652
input: 653 -> message: 6,13,36,0 -> output: 653
input: 654 -> message: 2,20,4,0 -> output: 907
input: 655 -> message: 2,24,24,0 -> output: 655
input: 656 -> message: 26,20,4,0 -> output: 656
input: 657 -> message: 2,20,20,38,0 -> output: 657
input: 658 -> message: 2,2,6,38,37,36,0 -> output: 658
input: 659 -> message: 2,34,38,38,38,17,38,17,0 -> output: 659
input: 660 -> message: 35,35,26,26,17,17,17,36,36,0 -> output: 660
input: 661 -> message: 2,14,2,2,2,2,35,26,31,31,31,31,31,17,17,17,17,17,0 -> output: 661
input: 662 -> message: 24,35,35,2,2,35,35,31,31,31,31,31,31,17,17,17,17,17,36,0 -> output: 239
input: 663 -> message: 10,2,2,14,0 -> output: 663
input: 664 -> message: 9,27,35,31,31,17,29,0 -> output: 664
input: 665 -> message: 5,24,35,35,2,2,2,2,26,26,31,26,17,17,17,36,36,0 -> output: 665
input: 666 -> message: 2,2,20,37,13,36,0 -> output: 666
input: 667 -> message: 2,2,2,2,2,2,2,2,2,2,2,2,30,30,0 -> output: 365
input: 668 -> message: 26,34,34,0 -> output: 668
input: 669 -> message: 16,2,2,2,2,2,2,27,2,26,26,26,26,26,17,13,13,17,17,17,17,17,36,36,36,0 -> output: 669
input: 670 -> message: 24,8,8,8,16,35,34,34,34,34,34,34,34,34,34,34,34,34,34,34,34,34,34,34,34,34,24,24,24,0 -> output: 670
input: 671 -> message: 2,14,2,2,37,38,37,17,17,17,17,17,17,17,17,36,36,0 -> output: 671
input: 672 -> message: 10,38,38,37,0 -> output: 672
input: 673 -> message: 27,35,34,34,31,34,38,34,17,0 -> output: 625
input: 674 -> message: 6,13,0 -> output: 674
input: 675 -> message: 35,2,34,38,37,0 -> output: 675
input: 676 -> message: 2,26,31,36,0 -> output: 676
input: 677 -> message: 35,2,31,37,36,0 -> output: 677
input: 678 -> message: 26,14,14,2,2,2,2,38,37,38,37,37,17,17,17,17,17,36,36,0 -> output: 678
input: 679 -> message: 10,34,24,24,0 -> output: 679
input: 680 -> message: 6,37,37,21,0 -> output: 680
input: 681 -> message: 6,6,9,13,13,31,17,17,36,0 -> output: 201
input: 682 -> message: 1,2,2,2,30,0 -> output: 682
input: 683 -> message: 10,30,0 -> output: 683
input: 684 -> message: 20,4,0 -> output: 684
input: 685 -> message: 10,34,4,0 -> output: 685
input: 686 -> message: 7,14,25,25,8,11,11,35,35,35,34,34,34,34,34,34,34,34,31,34,37,38,37,37,36,17,36,17,36,17 -> output: 406
input: 687 -> message: 8,35,35,35,26,34,31,31,17,17,17,36,0 -> output: 687
input: 688 -> message: 16,35,35,2,2,20,37,38,37,0 -> output: 688
input: 689 -> message: 2,2,2,34,34,34,34,34,37,26,0 -> output: 689
input: 690 -> message: 6,37,0 -> output: 690
input: 691 -> message: 31,29,23,16,27,27,34,34,34,34,34,34,34,34,34,34,34,31,34,34,34,34,0 -> output: 691
input: 692 -> message: 14,3,35,35,2,26,31,31,17,17,17,36,36,0 -> output: 692
input: 693 -> message: 7,9,27,27,27,35,35,26,17,17,17,36,0 -> output: 693
input: 694 -> message: 35,2,2,2,26,26,26,17,17,17,17,17,17,36,36,0 -> output: 694
input: 695 -> message: 27,31,31,17,17,17,17,36,36,0 -> output: 695
input: 696 -> message: 16,27,35,26,31,17,29,0 -> output: 696
input: 697 -> message: 35,2,2,2,2,2,2,35,20,37,20,37,38,37,38,36,36,36,36,17,17,17,17,36,36,0 -> output: 726
input: 698 -> message: 2,20,29,0 -> output: 698
input: 699 -> message: 35,31,31,31,17,17,0 -> output: 699
input: 700 -> message: 35,31,31,24,24,0 -> output: 700
input: 701 -> message: 16,35,26,34,4,0 -> output: 37
input: 702 -> message: 24,14,8,35,2,2,34,38,38,38,38,38,17,38,17,17,17,36,0 -> output: 702
input: 703 -> message: 16,11,35,2,2,35,34,34,34,34,34,34,31,34,34,4,0 -> output: 703
input: 704 -> message: 24,14,25,2,34,37,38,37,13,36,17,17,36,36,0 -> output: 704
input: 705 -> message: 5,2,2,2,2,2,2,2,2,35,35,31,31,31,31,31,31,34,31,17,17,17,0 -> output: 705
input: 706 -> message: 14,11,35,2,35,34,34,34,34,34,34,31,34,38,0 -> output: 706
input: 707 -> message: 24,2,30,35,35,2,2,20,20,37,0 -> output: 707
input: 708 -> message: 10,17,29,0 -> output: 708
input: 709 -> message: 35,2,38,13,29,0 -> output: 709
input: 710 -> message: 16,16,16,35,2,2,2,2,38,2,38,37,38,17,17,17,36,36,0 -> output: 710
input: 711 -> message: 32,2,2,2,2,2,31,31,31,31,31,31,31,31,17,17,17,0 -> output: 711
input: 712 -> message: 2,2,26,31,17,17,17,36,0 -> output: 712
input: 713 -> message: 14,14,14,2,14,2,14,37,38,14,17,17,17,17,17,17,36,36,0 -> output: 425
input: 714 -> message: 8,27,27,35,31,31,31,17,17,17,17,36,0 -> output: 714
input: 715 -> message: 2,2,38,4,0 -> output: 715
input: 716 -> message: 17,8,27,11,2,2,34,31,31,31,31,31,17,17,17,17,17,36,0 -> output: 716
input: 717 -> message: 24,14,33,35,10,34,31,36,0 -> output: 717
input: 718 -> message: 6,17,17,36,0 -> output: 718
input: 719 -> message: 34,38,29,0 -> output: 719
input: 720 -> message: 3,27,2,34,34,31,34,34,4,0 -> output: 720
input: 721 -> message: 8,27,27,27,31,31,31,17,17,17,17,17,36,36,0 -> output: 721
input: 722 -> message: 15,23,11,27,27,35,34,34,34,34,34,34,34,34,4,0 -> output: 722
input: 723 -> message: 2,2,2,2,2,20,20,20,20,30,0 -> output: 723
input: 724 -> message: 16,3,35,2,26,31,31,17,17,17,36,36,0 -> output: 724
input: 725 -> message: 16,2,34,38,37,0 -> output: 725
input: 726 -> message: 35,2,2,2,2,27,2,20,35,26,26,37,38,17,17,17,36,36,0 -> output: 726
input: 727 -> message: 3,2,37,37,21,0 -> output: 727
input: 728 -> message: 2,26,31,0 -> output: 728
input: 729 -> message: 2,2,20,20,20,37,38,37,17,17,17,17,17,36,36,0 -> output: 729
input: 730 -> message: 6,2,2,26,26,31,31,17,17,17,17,17,36,36,0 -> output: 730
input: 731 -> message: 6,37,21,0 -> output: 731
input: 732 -> message: 26,38,13,36,0 -> output: 732
input: 733 -> message: 26,13,29,0 -> output: 733
input: 734 -> message: 20,28,0 -> output: 734
input: 735 -> message: 8,27,27,35,2,35,34,34,34,34,34,34,34,34,34,34,31,34,34,4,0 -> output: 735
input: 736 -> message: 2,26,24,0 -> output: 736
input: 737 -> message: 26,6,29,0 -> output: 737
input: 738 -> message: 20,24,9,15,27,27,35,35,26,26,17,17,17,36,0 -> output: 738
input: 739 -> message: 31,31,38,17,29,0 -> output: 739
input: 740 -> message: 6,29,23,23,34,27,27,34,34,34,34,34,34,34,34,34,34,34,34,34,34,16,0 -> output: 740
input: 741 -> message: 14,33,35,35,2,31,31,17,29,0 -> output: 741
input: 742 -> message: 2,2,2,30,30,20,37,30,21,21,21,21,21,21,17,31,17,17,17,36,0 -> output: 808
input: 743 -> message: 7,14,25,25,3,14,14,2,34,34,37,34,37,38,37,37,13,36,36,17,17,17,36,36,0 -> output: 743
input: 744 -> message: 2,2,14,30,0 -> output: 744
input: 745 -> message: 6,6,21,0 -> output: 745
input: 746 -> message: 35,35,35,2,26,37,17,36,0 -> output: 921
input: 747 -> message: 2,26,34,38,4,0 -> output: 747
input: 748 -> message: 16,34,34,4,0 -> output: 748
input: 749 -> message: 7,14,25,16,3,16,2,20,38,37,38,37,37,17,17,17,17,17,36,36,0 -> output: 749
input: 750 -> message: 2,2,2,31,31,31,31,17,17,17,0 -> output: 750
input: 751 -> message: 2,2,2,2,2,2,2,2,2,2,2,2,2,2,30,30,30,0 -> output: 365
input: 752 -> message: 14,11,35,2,2,34,34,34,34,34,31,34,34,38,0 -> output: 706
input: 753 -> message: 2,2,2,2,20,2,30,30,0 -> output: 753
input: 754 -> message: 24,9,9,27,27,35,35,26,31,17,17,36,0 -> output: 754
input: 755 -> message: 35,31,38,0 -> output: 755
input: 756 -> message: 2,2,35,34,31,34,31,34,31,34,34,0 -> output: 973
input: 757 -> message: 35,2,2,2,37,37,37,17,17,17,17,17,17,36,36,0 -> output: 757
input: 758 -> message: 35,35,2,2,2,2,2,20,20,0 -> output: 758
input: 759 -> message: 35,26,31,17,17,36,0 -> output: 759
input: 760 -> message: 28,14,2,2,2,2,2,2,38,37,38,0 -> output: 760
input: 761 -> message: 6,13,29,0 -> output: 761
input: 762 -> message: 24,14,8,35,2,38,0 -> output: 762
input: 763 -> message: 10,14,2,35,35,26,26,31,31,31,17,17,17,17,36,36,0 -> output: 763
input: 764 -> message: 16,2,2,2,20,26,26,26,6,37,0 -> output: 764
input: 765 -> message: 33,15,27,27,27,35,26,26,17,17,17,36,0 -> output: 765
input: 766 -> message: 16,27,35,35,2,26,26,26,37,0 -> output: 766
input: 767 -> message: 14,35,35,2,26,17,36,0 -> output: 767
input: 768 -> message: 2,37,29,0 -> output: 768
input: 769 -> message: 26,24,9,8,27,27,35,31,17,17,17,17,36,0 -> output: 769
input: 770 -> message: 29,0 -> output: 770
input: 771 -> message: 10,14,14,16,3,35,20,20,38,37,38,36,0 -> output: 771
input: 772 -> message: 16,2,2,2,31,31,31,31,31,17,17,17,36,0 -> output: 772
input: 773 -> message: 10,36,0 -> output: 773
input: 774 -> message: 5,1,2,2,2,2,35,31,31,31,31,31,31,31,17,17,17,17,36,0 -> output: 774
input: 775 -> message: 28,0 -> output: 775
input: 776 -> message: 24,14,3,20,38,38,0 -> output: 776
input: 777 -> message: 27,35,26,38,38,37,0 -> output: 777
input: 778 -> message: 5,14,2,2,2,35,20,37,38,37,37,0 -> output: 778
input: 779 -> message: 16,20,38,37,0 -> output: 779
input: 780 -> message: 2,20,37,4,0 -> output: 780
input: 781 -> message: 2,2,4,0 -> output: 781
input: 782 -> message: 8,27,35,34,34,34,34,34,31,34,34,34,34,16,24,34,20,24,0 -> output: 782
input: 783 -> message: 35,2,34,34,31,34,31,34,34,34,34,34,16,24,0 -> output: 548
input: 784 -> message: 28,2,2,2,2,2,2,31,31,31,31,34,31,34,34,34,0 -> output: 784
input: 785 -> message: 26,34,13,13,36,0 -> output: 785
input: 786 -> message: 35,26,17,17,17,36,36,0 -> output: 786
input: 787 -> message: 5,14,22,16,2,2,34,38,38,37,38,37,36,17,17,17,36,36,0 -> output: 787
input: 788 -> message: 2,2,2,38,38,37,17,17,36,36,0 -> output: 788
input: 789 -> message: 35,2,4,0 -> output: 789
input: 790 -> message: 35,2,2,38,38,37,38,37,17,17,17,17,36,36,0 -> output: 790
input: 791 -> message: 2,6,38,0 -> output: 791
input: 792 -> message: 35,2,2,2,20,37,38,37,0 -> output: 758
input: 793 -> message: 3,26,34,31,0 -> output: 793
input: 794 -> message: 2,2,2,2,34,24,24,0 -> output: 794
input: 795 -> message: 8,11,27,27,35,34,34,34,34,34,34,34,34,34,31,34,34,34,0 -> output: 816
input: 796 -> message: 2,2,17,17,36,0 -> output: 87
input: 797 -> message: 7,29,0 -> output: 375
input: 798 -> message: 27,26,38,0 -> output: 798
input: 799 -> message: 2,2,2,34,34,38,38,37,38,37,17,17,36,36,0 -> output: 799
input: 800 -> message: 27,6,38,29,0 -> output: 800
input: 801 -> message: 2,34,38,4,0 -> output: 801
input: 802 -> message: 16,27,26,31,31,31,17,29,0 -> output: 802
input: 803 -> message: 24,32,33,2,2,2,2,37,0 -> output: 803
input: 804 -> message: 27,27,35,35,26,17,17,36,0 -> output: 804
input: 805 -> message: 2,2,14,37,0 -> output: 805
input: 806 -> message: 1,2,2,2,2,2,26,31,31,31,31,31,31,31,17,17,17,17,36,36,0 -> output: 806
input: 807 -> message: 29,23,16,27,27,34,34,34,34,34,34,34,31,34,34,34,0 -> output: 576
input: 808 -> message: 2,2,2,2,2,30,30,30,21,21,21,21,21,21,2,31,2,2,31,17,17,17,0 -> output: 808
input: 809 -> message: 34,13,0 -> output: 809
input: 810 -> message: 26,31,34,0 -> output: 810
input: 811 -> message: 14,27,27,27,31,31,17,17,17,17,36,36,0 -> output: 811
input: 812 -> message: 27,35,26,31,31,17,17,17,36,0 -> output: 812
input: 813 -> message: 26,4,0 -> output: 501
input: 814 -> message: 2,26,29,0 -> output: 282
input: 815 -> message: 26,24,0 -> output: 337
input: 816 -> message: 8,27,11,27,2,2,2,34,34,34,34,34,34,34,34,34,34,34,34,34,31,34,38,0 -> output: 816
input: 817 -> message: 10,31,4,0 -> output: 817
input: 818 -> message: 10,2,37,37,17,36,0 -> output: 818
input: 819 -> message: 34,38,0 -> output: 819
input: 820 -> message: 16,11,27,2,31,31,31,31,17,17,17,17,17,36,36,0 -> output: 820
input: 821 -> message: 5,27,27,27,35,31,17,17,17,17,36,0 -> output: 821
input: 822 -> message: 2,14,0 -> output: 177
input: 823 -> message: 35,2,17,17,36,0 -> output: 823
input: 824 -> message: 6,20,4,0 -> output: 824
input: 825 -> message: 1,27,2,2,2,2,34,34,34,34,34,34,34,34,34,34,31,34,34,38,0 -> output: 41
input: 826 -> message: 6,4,4,0 -> output: 826
input: 827 -> message: 10,2,2,2,2,2,2,26,31,31,31,26,31,17,17,17,17,36,36,0 -> output: 827
input: 828 -> message: 3,2,2,2,31,31,31,31,31,31,31,31,31,17,17,17,17,17,17,17,17,36,36,0 -> output: 828
input: 829 -> message: 2,2,2,34,34,38,38,38,37,38,17,17,17,36,0 -> output: 799
input: 830 -> message: 27,35,17,17,17,36,0 -> output: 830
input: 831 -> message: 27,2,31,31,34,31,34,36,0 -> output: 831
input: 832 -> message: 14,2,2,35,2,2,2,37,38,37,38,17,17,17,17,17,17,36,36,0 -> output: 832
input: 833 -> message: 2,2,34,34,34,37,38,37,37,17,17,36,0 -> output: 833
input: 834 -> message: 10,26,0 -> output: 834
input: 835 -> message: 16,35,35,2,2,26,31,17,17,17,17,36,36,0 -> output: 835
input: 836 -> message: 16,35,35,26,26,31,31,17,17,17,17,36,36,0 -> output: 836
input: 837 -> message: 2,2,20,20,0 -> output: 837
input: 838 -> message: 10,31,31,24,24,0 -> output: 838
input: 839 -> message: 6,14,14,21,25,27,27,27,27,31,31,31,31,31,17,17,17,0 -> output: 839
input: 840 -> message: 6,29,23,16,27,34,34,34,34,34,34,34,34,34,34,34,34,34,16,24,34,24,24,24,0 -> output: 840
input: 841 -> message: 24,1,27,35,2,2,26,26,26,26,17,17,17,36,0 -> output: 841
input: 842 -> message: 10,26,17,17,0 -> output: 842
input: 843 -> message: 26,34,0 -> output: 843
input: 844 -> message: 24,9,0 -> output: 844
input: 845 -> message: 35,2,17,0 -> output: 845
input: 846 -> message: 10,20,24,0 -> output: 846
input: 847 -> message: 2,14,14,14,25,25,8,21,11,11,35,35,35,34,34,37,34,37,38,37,17,17,17,17,36,36,0 -> output: 847
input: 848 -> message: 24,32,2,2,2,20,20,37,37,37,0 -> output: 848
input: 849 -> message: 24,25,23,27,34,34,34,34,34,34,0 -> output: 909
input: 850 -> message: 31,34,34,4,0 -> output: 850
input: 851 -> message: 32,8,25,2,35,38,38,38,17,17,29,0 -> output: 851
input: 852 -> message: 2,14,25,8,30,11,35,35,34,34,34,34,34,34,34,34,34,31,34,37,38,37,0 -> output: 852
input: 853 -> message: 5,14,16,3,16,35,2,34,34,34,34,34,34,31,34,34,34,4,0 -> output: 853
input: 854 -> message: 8,8,35,2,34,34,34,34,34,34,34,34,34,34,34,34,34,34,34,34,34,34,34,34,34,34,34,34,34,34 -> output: 854
input: 855 -> message: 27,31,31,17,29,0 -> output: 855
input: 856 -> message: 10,2,17,17,17,36,36,0 -> output: 856
input: 857 -> message: 27,35,2,17,17,17,36,0 -> output: 857
input: 858 -> message: 34,31,24,0 -> output: 858
input: 859 -> message: 35,2,2,2,2,35,35,31,34,31,34,31,34,17,0 -> output: 859
input: 860 -> message: 34,4,0 -> output: 860
input: 861 -> message: 2,2,2,13,13,13,36,36,0 -> output: 861
input: 862 -> message: 16,35,2,2,26,31,31,31,31,17,17,17,17,36,0 -> output: 862
input: 863 -> message: 37,21,21,8,8,16,11,27,27,35,31,31,31,31,31,31,31,17,17,17,0 -> output: 918
input: 864 -> message: 20,34,38,0 -> output: 864
input: 865 -> message: 5,39,2,2,26,26,26,26,26,31,31,17,17,17,17,17,36,36,0 -> output: 865
input: 866 -> message: 35,35,2,2,2,35,35,20,26,26,26,6,37,0 -> output: 758
input: 867 -> message: 24,14,35,2,2,2,34,34,34,31,34,34,38,0 -> output: 510
input: 868 -> message: 8,35,35,2,2,2,34,34,34,34,34,34,34,34,34,34,34,34,34,34,34,38,36,0 -> output: 868
input: 869 -> message: 10,20,29,0 -> output: 869
input: 870 -> message: 31,34,20,0 -> output: 870
input: 871 -> message: 14,33,16,35,35,2,26,26,17,17,36,0 -> output: 871
input: 872 -> message: 2,2,2,20,37,37,37,17,17,17,17,17,36,36,0 -> output: 729
input: 873 -> message: 34,38,13,36,0 -> output: 873
input: 874 -> message: 2,28,0 -> output: 275
input: 875 -> message: 6,14,25,25,25,25,8,21,8,35,2,35,35,34,31,34,31,34,31,17,17,17,36,36,0 -> output: 875
input: 876 -> message: 35,2,2,2,37,0 -> output: 876
input: 877 -> message: 8,35,35,26,31,31,17,29,0 -> output: 877
input: 878 -> message: 2,2,34,34,34,34,31,34,34,38,0 -> output: 339
input: 879 -> message: 31,31,29,0 -> output: 879
input: 880 -> message: 14,8,23,11,27,27,35,31,34,31,31,31,34,34,34,0 -> output: 880
input: 881 -> message: 14,27,27,35,31,31,17,17,17,36,0 -> output: 881
input: 882 -> message: 16,35,26,38,0 -> output: 882
input: 883 -> message: 16,27,27,35,26,26,17,17,17,36,36,0 -> output: 883
input: 884 -> message: 10,29,23,16,11,27,34,34,34,34,34,34,34,34,34,34,34,34,34,34,16,24,34,34,34,34,0 -> output: 940
input: 885 -> message: 16,35,26,31,31,17,17,0 -> output: 885
input: 886 -> message: 16,3,26,34,29,0 -> output: 886
input: 887 -> message: 19,14,25,25,25,2,35,35,2,37,38,37,17,17,17,17,36,36,0 -> output: 887
input: 888 -> message: 7,28,14,25,27,27,27,27,34,34,34,31,34,34,34,37,0 -> output: 888
input: 889 -> message: 32,2,2,2,2,34,34,34,34,34,34,34,34,34,34,34,37,34,37,20,37,37,37,37,0 -> output: 186
input: 890 -> message: 32,8,35,2,2,2,34,34,35,38,37,38,37,17,17,36,36,0 -> output: 890
input: 891 -> message: 7,37,37,21,17,21,17,17,17,17,17,17,36,36,0 -> output: 891
input: 892 -> message: 2,20,38,37,37,36,0 -> output: 892
input: 893 -> message: 2,2,2,2,2,2,35,26,34,34,31,34,31,34,34,31,34,13,36,0 -> output: 893
input: 894 -> message: 10,2,14,14,25,8,21,16,2,35,35,35,35,34,34,34,31,34,31,17,17,17,36,0 -> output: 827
input: 895 -> message: 10,31,34,38,24,0 -> output: 895
input: 896 -> message: 2,2,2,2,2,2,2,2,30,28,0 -> output: 808
input: 897 -> message: 1,35,2,2,26,6,37,0 -> output: 897
input: 898 -> message: 6,4,0 -> output: 898
input: 899 -> message: 5,8,23,27,27,27,35,34,34,34,34,34,34,34,31,34,34,31,0 -> output: 899
input: 900 -> message: 37,14,0 -> output: 900
input: 901 -> message: 2,2,2,37,37,17,17,17,17,36,36,0 -> output: 405
input: 902 -> message: 35,31,31,17,17,36,0 -> output: 902
input: 903 -> message: 35,31,31,31,17,17,17,36,36,0 -> output: 903
input: 904 -> message: 27,31,31,31,17,17,17,17,36,36,0 -> output: 695
input: 905 -> message: 8,2,2,34,34,34,34,34,34,34,34,34,34,34,34,34,34,34,34,34,34,34,34,34,34,34,34,24,24,24 -> output: 905
input: 906 -> message: 2,14,2,2,2,2,27,2,37,31,17,17,17,17,17,17,36,36,0 -> output: 486
input: 907 -> message: 2,20,4,0 -> output: 907
input: 908 -> message: 37,29,0 -> output: 908
input: 909 -> message: 24,25,23,27,34,34,34,34,34,0 -> output: 909
input: 910 -> message: 26,38,38,0 -> output: 910
input: 911 -> message: 35,2,2,2,2,20,20,37,38,37,38,37,17,17,17,17,17,36,36,0 -> output: 946
input: 912 -> message: 35,2,31,29,0 -> output: 912
input: 913 -> message: 19,14,35,2,2,35,35,31,31,31,38,17,17,17,36,0 -> output: 913
input: 914 -> message: 24,9,27,27,35,34,17,17,17,36,0 -> output: 40
input: 915 -> message: 28,14,2,2,2,2,2,34,34,31,34,31,31,34,34,34,34,34,0 -> output: 571
input: 916 -> message: 6,31,17,17,36,0 -> output: 916
input: 917 -> message: 2,14,37,14,25,8,27,27,27,27,27,35,34,34,31,34,31,34,34,13,17,17,29,0 -> output: 917
input: 918 -> message: 6,37,29,0 -> output: 918
input: 919 -> message: 14,14,2,2,2,35,34,34,34,38,38,38,17,38,36,36,0 -> output: 919
input: 920 -> message: 14,23,11,27,35,34,34,34,34,31,34,34,34,0 -> output: 920
input: 921 -> message: 35,2,2,26,26,17,17,36,36,0 -> output: 921
input: 922 -> message: 35,2,38,38,37,29,0 -> output: 922
input: 923 -> message: 2,2,2,38,38,37,37,17,17,36,36,0 -> output: 788
input: 924 -> message: 35,14,2,14,37,14,37,37,37,37,38,38,17,17,17,17,17,17,17,17,36,36,36,0 -> output: 924
input: 925 -> message: 6,28,9,9,27,27,27,35,34,34,17,17,17,36,36,0 -> output: 925
input: 926 -> message: 5,14,16,35,2,2,34,37,38,37,38,17,17,17,36,36,0 -> output: 926
input: 927 -> message: 8,2,2,2,2,2,2,20,20,20,14,0 -> output: 927
input: 928 -> message: 24,0 -> output: 60
input: 929 -> message: 14,8,35,35,35,34,34,34,34,34,34,34,31,34,31,34,34,34,16,0 -> output: 586
input: 930 -> message: 10,34,34,24,0 -> output: 930
input: 931 -> message: 16,35,35,26,26,17,17,17,36,0 -> output: 931
input: 932 -> message: 31,13,29,0 -> output: 932
input: 933 -> message: 37,37,21,21,21,23,31,31,31,17,17,17,17,36,36,0 -> output: 418
input: 934 -> message: 16,27,35,2,26,26,17,17,36,0 -> output: 934
input: 935 -> message: 2,2,35,35,2,26,26,26,31,31,31,17,17,17,17,17,17,17,36,36,0 -> output: 45
input: 936 -> message: 2,34,13,29,0 -> output: 936
input: 937 -> message: 2,14,30,25,25,2,2,14,35,2,37,37,37,36,36,36,17,17,17,36,36,0 -> output: 418
input: 938 -> message: 2,2,2,2,2,2,2,20,20,37,38,37,37,37,37,17,17,17,17,17,17,36,36,0 -> output: 114
input: 939 -> message: 27,2,2,20,20,37,0 -> output: 471
input: 940 -> message: 10,29,23,16,34,34,34,34,34,34,34,34,34,34,34,34,34,34,34,34,34,34,34,34,34,34,34,34,34,34 -> output: 940
input: 941 -> message: 31,31,31,31,13,17,24,17,0 -> output: 941
input: 942 -> message: 27,2,17,17,36,0 -> output: 942
input: 943 -> message: 27,2,4,0 -> output: 943
input: 944 -> message: 16,16,27,27,35,26,31,31,17,17,17,17,36,0 -> output: 944
input: 945 -> message: 2,26,34,0 -> output: 945
input: 946 -> message: 35,2,2,2,35,34,34,34,34,34,34,34,34,37,34,34,34,34,37,38,37,38,37,38,37,17,17,36,0 -> output: 946
input: 947 -> message: 2,14,2,35,35,2,26,26,26,31,31,31,17,17,17,17,17,17,17,36,36,0 -> output: 174
input: 948 -> message: 27,31,17,17,17,36,36,0 -> output: 948
input: 949 -> message: 9,9,27,34,34,34,34,34,34,31,34,34,0 -> output: 949
input: 950 -> message: 2,2,2,34,34,34,13,17,17,17,17,36,0 -> output: 950
input: 951 -> message: 2,2,2,14,0 -> output: 951
input: 952 -> message: 5,14,3,3,27,34,34,34,34,34,34,34,34,34,34,34,34,31,34,34,17,24,0 -> output: 952
input: 953 -> message: 26,34,4,0 -> output: 953
input: 954 -> message: 14,8,2,2,2,34,34,34,34,34,34,34,34,34,31,34,34,38,0 -> output: 954
input: 955 -> message: 2,20,28,0 -> output: 955
input: 956 -> message: 2,26,4,0 -> output: 956
input: 957 -> message: 8,11,27,27,35,34,34,34,34,34,31,34,31,34,34,34,34,36,0 -> output: 957
input: 958 -> message: 35,34,31,31,34,29,0 -> output: 958
input: 959 -> message: 34,20,0 -> output: 959
input: 960 -> message: 2,2,34,34,38,37,38,37,36,17,36,36,0 -> output: 977
input: 961 -> message: 8,8,8,11,35,2,34,34,34,34,34,34,34,34,34,34,31,34,34,34,16,24,34,24,24,24,0 -> output: 961
input: 962 -> message: 10,34,0 -> output: 962
input: 963 -> message: 2,2,2,2,2,2,35,35,34,34,34,37,38,38,37,38,37,17,17,36,36,0 -> output: 258
input: 964 -> message: 2,38,38,37,0 -> output: 964
input: 965 -> message: 2,37,4,0 -> output: 965
input: 966 -> message: 31,34,29,0 -> output: 966
input: 967 -> message: 6,37,0 -> output: 690
input: 968 -> message: 14,33,35,35,2,26,31,31,17,17,36,0 -> output: 968
input: 969 -> message: 19,23,23,27,27,27,34,34,34,34,34,34,34,34,34,34,34,34,16,27,34,34,34,34,34,34,0 -> output: 969
input: 970 -> message: 6,4,0 -> output: 898
input: 971 -> message: 7,14,0 -> output: 971
input: 972 -> message: 34,34,34,31,34,38,37,26,0 -> output: 972
input: 973 -> message: 2,2,35,34,31,31,31,31,34,31,17,34,0 -> output: 973
input: 974 -> message: 2,2,20,28,0 -> output: 974
input: 975 -> message: 35,2,2,26,31,38,17,17,36,0 -> output: 975
input: 976 -> message: 16,2,17,17,0 -> output: 976
input: 977 -> message: 2,2,34,34,34,38,38,38,38,37,38,17,17,17,29,36,0 -> output: 977
input: 978 -> message: 35,35,31,31,31,17,17,17,36,0 -> output: 568
input: 979 -> message: 16,2,2,29,0 -> output: 979
input: 980 -> message: 10,4,0 -> output: 980
input: 981 -> message: 24,32,2,2,34,34,37,38,37,38,37,26,0 -> output: 981
input: 982 -> message: 2,2,20,38,37,0 -> output: 982
input: 983 -> message: 14,25,16,35,34,34,37,38,37,38,36,36,0 -> output: 983
input: 984 -> message: 14,14,14,14,14,14,14,37,34,37,38,37,17,13,13,17,17,17,17,17,36,17,16,2,34,31,17,17,17,0 -> output: 984
input: 985 -> message: 3,2,2,38,17,17,17,36,0 -> output: 985
input: 986 -> message: 28,14,22,16,27,27,35,34,34,31,34,31,34,31,24,17,0 -> output: 986
input: 987 -> message: 7,29,23,16,16,27,34,34,34,34,34,34,34,34,34,34,34,34,34,16,0 -> output: 987
input: 988 -> message: 2,2,34,20,38,37,38,17,17,17,0 -> output: 988
input: 989 -> message: 2,14,2,35,2,35,26,31,31,31,31,31,31,17,17,17,17,17,17,17,36,36,0 -> output: 661
input: 990 -> message: 16,2,2,17,17,36,0 -> output: 990
input: 991 -> message: 34,31,34,36,0 -> output: 991
input: 992 -> message: 16,2,2,17,17,17,17,36,36,0 -> output: 992
input: 993 -> message: 6,14,25,23,23,31,31,31,17,17,17,36,0 -> output: 993
input: 994 -> message: 16,2,34,31,31,31,31,31,31,34,13,36,0 -> output: 994
input: 995 -> message: 24,30,30,21,25,25,2,34,34,37,38,37,38,37,36,36,0 -> output: 995
input: 996 -> message: 6,14,25,27,27,27,31,17,17,17,17,36,36,0 -> output: 996
input: 997 -> message: 20,20,4,0 -> output: 997
input: 998 -> message: 26,37,0 -> output: 998
input: 999 -> message: 31,2,24,0 -> output: 999
{"powerlaw": 0.9651655554771423, "unif": 0.893}
Epoch: 301
{"powerlaw": 0.9673548340797424, "unif": 0.9}
Epoch: 302
{"powerlaw": 0.9601938128471375, "unif": 0.868}
Epoch: 303
{"powerlaw": 0.96629798412323, "unif": 0.888}
Epoch: 304
{"powerlaw": 0.9735144376754761, "unif": 0.923}
Epoch: 305
{"powerlaw": 0.9700916409492493, "unif": 0.896}
Epoch: 306
{"powerlaw": 0.9740334749221802, "unif": 0.914}
Epoch: 307
{"powerlaw": 0.979040801525116, "unif": 0.937}
Epoch: 308
{"powerlaw": 0.9674592614173889, "unif": 0.899}
Epoch: 309
{"powerlaw": 0.9737396836280823, "unif": 0.902}
Epoch: 310
{"powerlaw": 0.9770987033843994, "unif": 0.924}
Epoch: 311
{"powerlaw": 0.977898895740509, "unif": 0.928}
Epoch: 312
{"powerlaw": 0.9756143689155579, "unif": 0.912}
Epoch: 313
{"powerlaw": 0.9702531099319458, "unif": 0.894}
Epoch: 314
{"powerlaw": 0.9710673093795776, "unif": 0.892}
Epoch: 315
{"powerlaw": 0.9740284085273743, "unif": 0.907}
Epoch: 316
{"powerlaw": 0.9776236414909363, "unif": 0.928}
Epoch: 317
{"powerlaw": 0.9747520685195923, "unif": 0.911}
Epoch: 318
{"powerlaw": 0.978167712688446, "unif": 0.924}
Epoch: 319
{"powerlaw": 0.9753177762031555, "unif": 0.909}
Epoch: 320
{"powerlaw": 0.9746918082237244, "unif": 0.915}
Epoch: 321
{"powerlaw": 0.9733450412750244, "unif": 0.902}
Epoch: 322
{"powerlaw": 0.9808575510978699, "unif": 0.936}
Epoch: 323
{"powerlaw": 0.9782084226608276, "unif": 0.927}
Epoch: 324
{"powerlaw": 0.977980375289917, "unif": 0.927}
Epoch: 325
{"powerlaw": 0.975803017616272, "unif": 0.913}
Epoch: 326
{"powerlaw": 0.9799135327339172, "unif": 0.931}
Epoch: 327
{"powerlaw": 0.9730086326599121, "unif": 0.906}
Epoch: 328
{"powerlaw": 0.9824063777923584, "unif": 0.942}
Epoch: 329
{"powerlaw": 0.9877961277961731, "unif": 0.956}
Epoch: 330
{"powerlaw": 0.9862124919891357, "unif": 0.952}
Epoch: 331
{"powerlaw": 0.9787623286247253, "unif": 0.944}
Epoch: 332
{"powerlaw": 0.9801556468009949, "unif": 0.945}
Epoch: 333
{"powerlaw": 0.97804194688797, "unif": 0.934}
Epoch: 334
{"powerlaw": 0.9823621511459351, "unif": 0.956}
Epoch: 335
{"powerlaw": 0.975097119808197, "unif": 0.931}
Epoch: 336
{"powerlaw": 0.979016125202179, "unif": 0.939}
Epoch: 337
{"powerlaw": 0.9839643836021423, "unif": 0.94}
Epoch: 338
{"powerlaw": 0.9872103333473206, "unif": 0.944}
Epoch: 339
{"powerlaw": 0.9877744913101196, "unif": 0.951}
Epoch: 340
{"powerlaw": 0.9829449653625488, "unif": 0.952}
Epoch: 341
{"powerlaw": 0.9819914698600769, "unif": 0.934}
Epoch: 342
{"powerlaw": 0.9869842529296875, "unif": 0.942}
Epoch: 343
{"powerlaw": 0.9864267706871033, "unif": 0.945}
Epoch: 344
{"powerlaw": 0.9876081943511963, "unif": 0.95}
Epoch: 345
{"powerlaw": 0.9775542616844177, "unif": 0.91}
Epoch: 346
{"powerlaw": 0.9853413105010986, "unif": 0.94}
Epoch: 347
{"powerlaw": 0.9852566719055176, "unif": 0.94}
Epoch: 348
{"powerlaw": 0.987974226474762, "unif": 0.95}
Epoch: 349
{"powerlaw": 0.9864696264266968, "unif": 0.955}
Epoch: 350
input: 0 -> message: 1,27,27,10,10,17,17,17,36,36,0 -> output: 0
input: 1 -> message: 17,17,0 -> output: 1
input: 2 -> message: 27,26,36,0 -> output: 2
input: 3 -> message: 17,17,36,0 -> output: 3
input: 4 -> message: 15,35,27,27,2,2,2,31,17,17,36,36,0 -> output: 4
input: 5 -> message: 17,17,29,0 -> output: 5
input: 6 -> message: 17,36,0 -> output: 6
input: 7 -> message: 17,13,0 -> output: 7
input: 8 -> message: 17,13,13,0 -> output: 8
input: 9 -> message: 17,36,36,21,23,21,2,2,31,31,17,36,36,0 -> output: 9
input: 10 -> message: 0 -> output: 10
input: 11 -> message: 6,36,0 -> output: 11
input: 12 -> message: 17,11,11,31,31,31,31,31,17,36,36,0 -> output: 12
input: 13 -> message: 17,31,31,17,36,36,0 -> output: 13
input: 14 -> message: 17,0 -> output: 14
input: 15 -> message: 17,17,36,14,11,16,11,31,31,31,31,31,31,17,36,36,0 -> output: 15
input: 16 -> message: 16,2,14,0 -> output: 16
input: 17 -> message: 17,29,0 -> output: 17
input: 18 -> message: 27,27,27,35,2,2,2,31,31,17,36,36,0 -> output: 18
input: 19 -> message: 24,35,35,2,2,2,30,30,30,30,30,30,30,30,30,30,0 -> output: 19
input: 20 -> message: 2,31,36,0 -> output: 20
input: 21 -> message: 27,35,26,17,36,0 -> output: 21
input: 22 -> message: 16,27,36,31,36,36,0 -> output: 22
input: 23 -> message: 15,27,27,35,26,26,31,17,17,36,36,0 -> output: 23
input: 24 -> message: 17,17,36,36,0 -> output: 24
input: 25 -> message: 2,31,0 -> output: 25
input: 26 -> message: 24,8,11,11,11,11,2,2,2,2,34,34,34,34,34,20,0 -> output: 26
input: 27 -> message: 24,15,15,27,27,35,2,13,17,36,36,0 -> output: 27
input: 28 -> message: 5,2,2,2,2,2,2,2,20,20,38,30,14,0 -> output: 28
input: 29 -> message: 17,13,36,0 -> output: 29
input: 30 -> message: 31,31,34,36,0 -> output: 30
input: 31 -> message: 15,2,2,31,31,31,31,17,36,36,0 -> output: 31
input: 32 -> message: 1,2,2,2,2,31,31,31,31,31,17,36,36,0 -> output: 32
input: 33 -> message: 2,2,2,2,2,2,2,2,2,2,2,2,2,2,2,2,2,2,2,2,2,2,2,2,2,2,2,2,2,2 -> output: 33
input: 34 -> message: 13,36,0 -> output: 34
input: 35 -> message: 24,9,30,30,30,0 -> output: 35
input: 36 -> message: 14,25,25,25,27,31,31,31,17,36,36,0 -> output: 36
input: 37 -> message: 16,27,26,34,20,0 -> output: 37
input: 38 -> message: 32,27,27,35,2,2,2,38,38,38,0 -> output: 38
input: 39 -> message: 6,21,22,16,10,2,31,31,31,36,36,0 -> output: 39
input: 40 -> message: 24,9,27,27,2,2,20,34,34,20,20,20,20,4,0 -> output: 40
input: 41 -> message: 1,2,2,2,34,34,34,34,38,0 -> output: 41
input: 42 -> message: 14,27,35,35,2,2,38,38,38,0 -> output: 42
input: 43 -> message: 32,27,27,2,2,2,2,2,2,2,37,38,38,0 -> output: 43
input: 44 -> message: 39,15,23,16,27,27,26,26,31,17,17,36,36,0 -> output: 44
input: 45 -> message: 2,2,35,35,26,38,38,37,0 -> output: 45
input: 46 -> message: 27,27,2,26,26,17,17,36,36,0 -> output: 46
input: 47 -> message: 20,0 -> output: 47
input: 48 -> message: 27,2,2,0 -> output: 48
input: 49 -> message: 34,0 -> output: 49
input: 50 -> message: 1,2,0 -> output: 50
input: 51 -> message: 16,2,2,2,30,0 -> output: 51
input: 52 -> message: 31,17,0 -> output: 52
input: 53 -> message: 2,31,4,0 -> output: 53
input: 54 -> message: 14,14,3,3,3,10,26,31,31,31,17,17,36,36,0 -> output: 54
input: 55 -> message: 14,8,8,35,35,35,2,34,34,34,34,34,24,24,24,30,24,24,30,24,30,18,0 -> output: 55
input: 56 -> message: 2,31,17,0 -> output: 56
input: 57 -> message: 27,2,38,0 -> output: 57
input: 58 -> message: 2,34,0 -> output: 58
input: 59 -> message: 2,31,17,24,0 -> output: 59
input: 60 -> message: 24,0 -> output: 60
input: 61 -> message: 32,2,2,2,34,38,0 -> output: 61
input: 62 -> message: 16,27,27,35,35,2,26,31,31,17,17,36,36,0 -> output: 62
input: 63 -> message: 36,0 -> output: 63
input: 64 -> message: 27,27,27,35,26,26,17,17,36,36,36,21,21,21,21,21,21,21,21,21,21,21,21,21,21,21,21,21,21,21 -> output: 64
input: 65 -> message: 32,33,23,27,26,38,13,36,0 -> output: 65
input: 66 -> message: 12,29,0 -> output: 66
input: 67 -> message: 5,8,11,11,11,2,2,2,2,34,34,31,2,0 -> output: 67
input: 68 -> message: 2,17,0 -> output: 68
input: 69 -> message: 31,31,36,36,0 -> output: 69
input: 70 -> message: 31,17,29,0 -> output: 70
input: 71 -> message: 27,35,26,38,38,29,0 -> output: 71
input: 72 -> message: 27,31,17,36,36,0 -> output: 72
input: 73 -> message: 32,2,34,34,34,34,20,34,38,38,0 -> output: 73
input: 74 -> message: 31,31,36,0 -> output: 74
input: 75 -> message: 2,0 -> output: 75
input: 76 -> message: 1,3,10,31,31,31,31,17,36,36,0 -> output: 76
input: 77 -> message: 24,23,30,0 -> output: 77
input: 78 -> message: 36,14,36,23,3,10,31,31,31,17,36,36,0 -> output: 78
input: 79 -> message: 31,31,24,0 -> output: 79
input: 80 -> message: 6,14,31,31,31,31,17,36,36,0 -> output: 80
input: 81 -> message: 31,17,36,0 -> output: 81
input: 82 -> message: 2,2,2,0 -> output: 82
input: 83 -> message: 27,2,31,17,36,0 -> output: 83
input: 84 -> message: 8,2,2,2,2,2,2,2,2,2,2,35,2,34,34,20,20,20,38,38,38,38,38,0 -> output: 84
input: 85 -> message: 3,17,17,36,36,0 -> output: 85
input: 86 -> message: 31,36,14,22,16,3,10,31,31,17,17,36,36,0 -> output: 86
input: 87 -> message: 2,2,17,36,0 -> output: 87
input: 88 -> message: 6,17,0 -> output: 88
input: 89 -> message: 34,24,0 -> output: 89
input: 90 -> message: 16,0 -> output: 90
input: 91 -> message: 31,36,0 -> output: 91
input: 92 -> message: 1,27,35,38,37,38,29,0 -> output: 92
input: 93 -> message: 2,2,24,0 -> output: 93
input: 94 -> message: 13,0 -> output: 94
input: 95 -> message: 31,31,34,24,0 -> output: 95
input: 96 -> message: 27,27,35,26,6,31,36,36,0 -> output: 96
input: 97 -> message: 2,17,17,36,36,21,21,21,21,21,21,36,21,21,21,21,21,21,21,21,21,21,21,21,21,21,21,21,21,21 -> output: 97
input: 98 -> message: 24,9,8,23,16,27,27,2,34,34,34,34,0 -> output: 98
input: 99 -> message: 6,17,36,0 -> output: 99
input: 100 -> message: 27,31,38,29,0 -> output: 100
input: 101 -> message: 2,36,36,0 -> output: 101
input: 102 -> message: 2,31,13,0 -> output: 102
input: 103 -> message: 16,27,2,2,34,34,34,34,20,20,24,24,24,30,24,9,0 -> output: 103
input: 104 -> message: 2,4,0 -> output: 140
input: 105 -> message: 2,24,0 -> output: 105
input: 106 -> message: 31,4,0 -> output: 106
input: 107 -> message: 26,17,0 -> output: 107
input: 108 -> message: 16,2,2,31,31,31,17,36,36,0 -> output: 108
input: 109 -> message: 31,31,0 -> output: 109
input: 110 -> message: 2,2,31,17,17,0 -> output: 110
input: 111 -> message: 2,2,28,0 -> output: 111
input: 112 -> message: 2,13,0 -> output: 112
input: 113 -> message: 2,31,24,0 -> output: 113
input: 114 -> message: 35,27,2,2,2,2,2,30,30,30,14,0 -> output: 114
input: 115 -> message: 27,27,27,27,27,26,17,17,36,36,21,21,21,21,21,36,21,21,21,21,21,21,21,21,21,21,21,21,21,21 -> output: 115
input: 116 -> message: 2,17,13,29,0 -> output: 116
input: 117 -> message: 26,31,0 -> output: 117
input: 118 -> message: 6,0 -> output: 118
input: 119 -> message: 2,31,29,0 -> output: 119
input: 120 -> message: 16,14,2,2,2,2,2,38,38,38,38,38,38,0 -> output: 120
input: 121 -> message: 31,13,0 -> output: 121
input: 122 -> message: 31,0 -> output: 122
input: 123 -> message: 2,2,2,2,2,31,31,31,31,17,36,36,0 -> output: 123
input: 124 -> message: 1,14,22,8,11,2,34,34,34,6,31,0 -> output: 124
input: 125 -> message: 31,31,34,0 -> output: 125
input: 126 -> message: 1,3,10,2,31,31,17,36,36,0 -> output: 126
input: 127 -> message: 2,14,2,14,2,14,14,14,14,14,14,14,14,30,14,0 -> output: 127
input: 128 -> message: 27,27,2,2,2,2,2,30,14,0 -> output: 128
input: 129 -> message: 24,24,0 -> output: 129
input: 130 -> message: 2,34,24,0 -> output: 130
input: 131 -> message: 20,13,0 -> output: 131
input: 132 -> message: 31,24,14,11,2,2,2,31,31,31,17,36,36,0 -> output: 132
input: 133 -> message: 16,16,20,29,0 -> output: 133
input: 134 -> message: 36,23,8,11,35,35,31,31,31,17,36,36,0 -> output: 134
input: 135 -> message: 31,17,17,36,36,21,21,21,21,21,21,21,21,21,21,21,21,21,21,21,21,21,21,21,21,21,21,21,21,21 -> output: 135
input: 136 -> message: 26,17,36,0 -> output: 136
input: 137 -> message: 34,34,0 -> output: 137
input: 138 -> message: 31,29,0 -> output: 138
input: 139 -> message: 2,2,34,0 -> output: 139
input: 140 -> message: 2,4,0 -> output: 140
input: 141 -> message: 2,2,38,29,0 -> output: 141
input: 142 -> message: 2,2,0 -> output: 142
input: 143 -> message: 2,2,2,2,2,2,2,2,2,20,20,20,20,38,14,38,0 -> output: 143
input: 144 -> message: 2,2,2,17,17,17,36,36,0 -> output: 144
input: 145 -> message: 7,0 -> output: 145
input: 146 -> message: 2,26,17,29,0 -> output: 146
input: 147 -> message: 2,2,37,29,0 -> output: 147
input: 148 -> message: 2,38,38,29,0 -> output: 148
input: 149 -> message: 2,2,31,17,36,36,0 -> output: 149
input: 150 -> message: 34,0 -> output: 49
input: 151 -> message: 31,31,31,17,36,36,0 -> output: 151
input: 152 -> message: 20,31,0 -> output: 152
input: 153 -> message: 1,14,22,8,2,2,2,2,2,34,34,34,34,34,34,34,34,20,24,24,24,30,0 -> output: 153
input: 154 -> message: 34,34,34,0 -> output: 154
input: 155 -> message: 35,35,2,26,31,31,17,36,36,0 -> output: 155
input: 156 -> message: 24,24,2,2,2,2,2,30,30,30,30,30,0 -> output: 156
input: 157 -> message: 31,17,17,0 -> output: 157
input: 158 -> message: 2,13,29,0 -> output: 158
input: 159 -> message: 31,17,24,23,16,16,34,31,31,31,34,34,0 -> output: 159
input: 160 -> message: 16,27,37,37,36,36,0 -> output: 160
input: 161 -> message: 27,35,2,2,2,2,2,24,30,14,0 -> output: 161
input: 162 -> message: 16,2,31,24,0 -> output: 162
input: 163 -> message: 2,30,0 -> output: 163
input: 164 -> message: 16,2,17,36,0 -> output: 164
input: 165 -> message: 35,2,34,34,0 -> output: 165
input: 166 -> message: 10,24,0 -> output: 166
input: 167 -> message: 2,29,0 -> output: 167
input: 168 -> message: 2,17,17,0 -> output: 168
input: 169 -> message: 2,26,31,24,0 -> output: 169
input: 170 -> message: 29,23,16,16,16,0 -> output: 170
input: 171 -> message: 2,38,29,0 -> output: 171
input: 172 -> message: 2,20,0 -> output: 172
input: 173 -> message: 14,35,2,2,34,34,31,0 -> output: 173
input: 174 -> message: 14,3,11,2,2,31,31,31,31,17,36,36,0 -> output: 174
input: 175 -> message: 24,14,16,16,34,34,31,34,20,0 -> output: 175
input: 176 -> message: 7,37,28,0 -> output: 176
input: 177 -> message: 2,14,0 -> output: 177
input: 178 -> message: 2,17,36,0 -> output: 178
input: 179 -> message: 10,2,20,14,0 -> output: 179
input: 180 -> message: 1,2,2,2,2,2,2,2,2,2,20,20,20,20,38,38,38,0 -> output: 376
input: 181 -> message: 6,34,0 -> output: 181
input: 182 -> message: 2,2,31,31,31,31,31,17,36,36,0 -> output: 182
input: 183 -> message: 6,24,0 -> output: 183
input: 184 -> message: 2,26,31,17,36,0 -> output: 184
input: 185 -> message: 1,3,2,2,2,2,2,34,34,34,34,34,34,34,34,34,34,34,34,34,34,34,34,34,34,34,34,34,34,20 -> output: 185
input: 186 -> message: 32,3,11,2,2,2,2,2,2,34,34,34,34,34,38,24,24,38,30,38,0 -> output: 186
input: 187 -> message: 2,2,2,2,29,0 -> output: 187
input: 188 -> message: 20,34,0 -> output: 188
input: 189 -> message: 31,38,7,0 -> output: 189
input: 190 -> message: 2,17,17,36,0 -> output: 190
input: 191 -> message: 2,17,36,36,0 -> output: 191
input: 192 -> message: 31,31,17,36,0 -> output: 192
input: 193 -> message: 31,17,36,36,0 -> output: 193
input: 194 -> message: 1,21,8,11,2,2,2,31,31,31,31,17,36,36,0 -> output: 194
input: 195 -> message: 2,2,31,31,13,36,0 -> output: 195
input: 196 -> message: 27,27,26,31,17,13,29,0 -> output: 196
input: 197 -> message: 6,6,17,36,0 -> output: 197
input: 198 -> message: 9,8,27,27,27,35,35,31,31,17,36,36,0 -> output: 198
input: 199 -> message: 2,17,29,0 -> output: 199
input: 200 -> message: 7,30,2,30,30,14,14,0 -> output: 200
input: 201 -> message: 6,6,0 -> output: 201
input: 202 -> message: 16,27,31,31,31,31,17,36,36,0 -> output: 202
input: 203 -> message: 2,2,38,0 -> output: 203
input: 204 -> message: 24,15,11,11,2,2,34,31,31,31,6,36,36,0 -> output: 204
input: 205 -> message: 1,2,2,2,2,2,31,31,31,31,31,17,36,36,0 -> output: 205
input: 206 -> message: 31,34,0 -> output: 206
input: 207 -> message: 14,14,3,11,2,2,31,31,34,6,36,36,0 -> output: 207
input: 208 -> message: 31,23,14,14,8,11,2,2,2,34,34,31,2,34,13,36,0 -> output: 208
input: 209 -> message: 2,6,13,29,0 -> output: 209
input: 210 -> message: 24,9,8,30,27,2,2,2,2,2,2,2,2,2,2,2,34,34,34,34,24,24,24,24,18,0 -> output: 210
input: 211 -> message: 2,6,0 -> output: 211
input: 212 -> message: 1,2,2,2,2,2,2,2,2,35,2,35,2,34,31,31,34,38,38,38,0 -> output: 212
input: 213 -> message: 9,2,20,20,30,0 -> output: 213
input: 214 -> message: 31,38,24,0 -> output: 214
input: 215 -> message: 9,9,27,27,2,34,34,34,0 -> output: 215
input: 216 -> message: 7,30,30,30,0 -> output: 216
input: 217 -> message: 35,26,34,6,29,0 -> output: 217
input: 218 -> message: 24,27,8,15,16,27,26,31,31,31,17,17,36,36,0 -> output: 218
input: 219 -> message: 38,38,0 -> output: 219
input: 220 -> message: 31,34,24,0 -> output: 220
input: 221 -> message: 31,24,0 -> output: 221
input: 222 -> message: 2,13,13,29,0 -> output: 222
input: 223 -> message: 26,31,17,36,0 -> output: 223
input: 224 -> message: 31,29,23,16,27,16,27,34,34,34,31,34,20,0 -> output: 224
input: 225 -> message: 6,2,2,2,2,2,2,2,2,2,2,20,38,38,38,38,38,38,0 -> output: 225
input: 226 -> message: 32,33,0 -> output: 226
input: 227 -> message: 2,2,35,38,38,38,38,0 -> output: 227
input: 228 -> message: 27,2,26,31,17,36,0 -> output: 228
input: 229 -> message: 4,0 -> output: 229
input: 230 -> message: 14,16,27,35,35,26,31,31,17,17,36,36,0 -> output: 230
input: 231 -> message: 6,31,0 -> output: 231
input: 232 -> message: 16,2,31,31,17,36,36,0 -> output: 232
input: 233 -> message: 2,2,31,31,31,36,36,0 -> output: 233
input: 234 -> message: 2,2,37,37,0 -> output: 234
input: 235 -> message: 31,31,24,36,0 -> output: 235
input: 236 -> message: 10,29,15,16,2,2,31,31,31,31,17,36,36,0 -> output: 236
input: 237 -> message: 31,38,0 -> output: 237
input: 238 -> message: 24,14,0 -> output: 238
input: 239 -> message: 24,11,2,2,2,2,2,2,2,34,2,2,38,34,2,24,38,38,38,0 -> output: 239
input: 240 -> message: 2,38,24,0 -> output: 240
input: 241 -> message: 7,17,36,14,23,3,16,31,31,31,31,17,36,36,0 -> output: 241
input: 242 -> message: 14,0 -> output: 242
input: 243 -> message: 1,22,0 -> output: 243
input: 244 -> message: 26,0 -> output: 244
input: 245 -> message: 31,31,34,34,0 -> output: 245
input: 246 -> message: 15,31,31,31,31,17,36,36,0 -> output: 246
input: 247 -> message: 34,31,34,34,0 -> output: 247
input: 248 -> message: 31,34,0 -> output: 206
input: 249 -> message: 26,13,36,0 -> output: 249
input: 250 -> message: 2,28,0 -> output: 250
input: 251 -> message: 27,26,38,37,0 -> output: 251
input: 252 -> message: 26,26,31,17,36,36,0 -> output: 252
input: 253 -> message: 2,31,38,0 -> output: 253
input: 254 -> message: 17,16,16,11,2,2,2,2,34,34,34,34,34,24,24,24,30,0 -> output: 254
input: 255 -> message: 16,16,10,31,31,31,17,36,36,0 -> output: 255
input: 256 -> message: 7,24,0 -> output: 256
input: 257 -> message: 2,37,0 -> output: 257
input: 258 -> message: 2,2,2,2,2,20,20,20,20,20,38,38,38,0 -> output: 258
input: 259 -> message: 35,35,2,2,2,2,2,38,37,38,0 -> output: 259
input: 260 -> message: 11,11,11,35,2,31,31,31,17,17,36,36,0 -> output: 260
input: 261 -> message: 2,2,31,38,0 -> output: 261
input: 262 -> message: 26,14,23,16,3,10,10,31,31,31,36,36,36,0 -> output: 262
input: 263 -> message: 7,14,23,23,16,34,34,31,31,31,31,31,17,36,36,0 -> output: 263
input: 264 -> message: 2,20,13,29,0 -> output: 264
input: 265 -> message: 32,35,35,26,31,13,36,0 -> output: 265
input: 266 -> message: 27,2,34,34,38,0 -> output: 266
input: 267 -> message: 26,13,0 -> output: 267
input: 268 -> message: 2,24,9,30,30,0 -> output: 268
input: 269 -> message: 2,31,31,17,36,36,0 -> output: 269
input: 270 -> message: 35,2,31,0 -> output: 270
input: 271 -> message: 2,38,0 -> output: 271
input: 272 -> message: 38,0 -> output: 272
input: 273 -> message: 10,26,24,0 -> output: 273
input: 274 -> message: 2,28,14,23,8,8,8,11,11,11,35,2,34,34,34,34,31,34,34,4,29,0 -> output: 274
input: 275 -> message: 2,14,0 -> output: 177
input: 276 -> message: 26,36,0 -> output: 276
input: 277 -> message: 24,9,8,27,27,27,27,10,31,17,17,36,36,0 -> output: 277
input: 278 -> message: 31,13,36,0 -> output: 278
input: 279 -> message: 24,33,8,8,15,16,35,35,2,31,31,31,17,36,36,0 -> output: 279
input: 280 -> message: 20,24,0 -> output: 280
input: 281 -> message: 31,31,31,13,36,36,0 -> output: 281
input: 282 -> message: 2,26,29,0 -> output: 282
input: 283 -> message: 1,14,3,3,11,31,31,31,31,17,36,36,0 -> output: 283
input: 284 -> message: 2,2,26,17,17,36,0 -> output: 284
input: 285 -> message: 2,2,13,0 -> output: 285
input: 286 -> message: 27,2,2,2,31,31,31,17,36,36,0 -> output: 286
input: 287 -> message: 19,11,11,2,2,31,31,31,31,36,36,0 -> output: 287
input: 288 -> message: 27,26,34,0 -> output: 288
input: 289 -> message: 24,18,0 -> output: 289
input: 290 -> message: 32,16,27,2,24,37,4,0 -> output: 290
input: 291 -> message: 3,2,2,2,2,2,20,20,38,37,38,0 -> output: 291
input: 292 -> message: 16,16,16,16,16,10,2,10,31,31,36,36,0 -> output: 292
input: 293 -> message: 14,2,2,2,2,2,2,2,2,2,31,31,31,38,13,36,0 -> output: 293
input: 294 -> message: 7,36,0 -> output: 294
input: 295 -> message: 2,2,29,0 -> output: 295
input: 296 -> message: 2,2,2,24,0 -> output: 296
input: 297 -> message: 2,2,2,2,2,2,2,2,2,2,2,2,2,2,2,2,2,2,2,2,2,38,38,38,38,38,0 -> output: 297
input: 298 -> message: 10,31,0 -> output: 298
input: 299 -> message: 31,17,17,36,0 -> output: 299
input: 300 -> message: 2,31,31,29,0 -> output: 300
input: 301 -> message: 35,35,2,34,34,34,4,0 -> output: 301
input: 302 -> message: 16,27,27,35,26,26,26,31,17,36,36,0 -> output: 302
input: 303 -> message: 26,38,0 -> output: 303
input: 304 -> message: 8,2,38,24,0 -> output: 304
input: 305 -> message: 16,2,4,0 -> output: 305
input: 306 -> message: 6,25,23,23,31,31,31,31,17,36,36,0 -> output: 306
input: 307 -> message: 8,8,27,16,27,35,35,31,31,17,17,36,36,0 -> output: 307
input: 308 -> message: 24,14,25,16,16,34,34,34,0 -> output: 308
input: 309 -> message: 16,27,38,13,36,0 -> output: 309
input: 310 -> message: 6,29,0 -> output: 310
input: 311 -> message: 16,2,30,30,30,30,0 -> output: 311
input: 312 -> message: 2,38,13,0 -> output: 312
input: 313 -> message: 8,3,27,2,2,34,34,31,31,34,34,0 -> output: 313
input: 314 -> message: 2,2,2,2,2,35,2,20,20,20,20,20,20,20,38,14,0 -> output: 314
input: 315 -> message: 2,2,37,0 -> output: 315
input: 316 -> message: 27,26,31,17,36,36,0 -> output: 316
input: 317 -> message: 2,31,31,31,31,36,36,0 -> output: 611
input: 318 -> message: 2,2,2,2,31,31,31,31,36,36,0 -> output: 318
input: 319 -> message: 8,11,11,2,2,34,31,31,31,31,31,36,36,0 -> output: 319
input: 320 -> message: 16,2,31,31,31,17,36,36,0 -> output: 320
input: 321 -> message: 2,2,2,20,37,0 -> output: 321
input: 322 -> message: 16,34,20,24,0 -> output: 322
input: 323 -> message: 3,37,34,38,38,0 -> output: 323
input: 324 -> message: 31,31,4,0 -> output: 324
input: 325 -> message: 6,2,37,30,37,0 -> output: 325
input: 326 -> message: 16,31,34,24,0 -> output: 326
input: 327 -> message: 31,34,34,0 -> output: 327
input: 328 -> message: 2,26,17,17,36,36,0 -> output: 328
input: 329 -> message: 31,24,15,23,16,27,24,34,20,0 -> output: 329
input: 330 -> message: 24,17,0 -> output: 330
input: 331 -> message: 2,13,17,36,0 -> output: 331
input: 332 -> message: 2,2,2,31,31,31,17,36,36,0 -> output: 332
input: 333 -> message: 35,35,35,2,2,2,2,2,20,30,38,38,30,0 -> output: 333
input: 334 -> message: 35,35,38,38,29,0 -> output: 334
input: 335 -> message: 31,34,13,29,0 -> output: 335
input: 336 -> message: 2,2,38,24,0 -> output: 336
input: 337 -> message: 26,24,0 -> output: 337
input: 338 -> message: 2,2,2,20,14,0 -> output: 338
input: 339 -> message: 16,27,2,34,31,34,20,0 -> output: 339
input: 340 -> message: 24,8,8,11,27,16,35,2,34,31,31,31,17,17,36,36,0 -> output: 340
input: 341 -> message: 3,2,2,2,2,34,34,34,34,34,34,34,34,34,34,34,24,30,0 -> output: 341
input: 342 -> message: 10,31,36,0 -> output: 342
input: 343 -> message: 16,2,31,17,36,36,0 -> output: 343
input: 344 -> message: 2,6,29,0 -> output: 344
input: 345 -> message: 26,31,17,36,36,0 -> output: 345
input: 346 -> message: 14,3,3,2,2,2,2,2,34,31,20,24,34,0 -> output: 346
input: 347 -> message: 16,2,2,2,2,2,30,30,30,0 -> output: 347
input: 348 -> message: 2,2,37,30,14,37,0 -> output: 348
input: 349 -> message: 6,34,34,0 -> output: 349
input: 350 -> message: 2,2,6,6,38,38,38,38,38,0 -> output: 350
input: 351 -> message: 35,31,17,36,36,0 -> output: 351
input: 352 -> message: 35,35,26,31,31,17,36,36,0 -> output: 352
input: 353 -> message: 2,28,30,30,0 -> output: 353
input: 354 -> message: 35,2,31,31,31,31,17,36,36,0 -> output: 354
input: 355 -> message: 16,16,2,2,30,30,30,30,30,0 -> output: 355
input: 356 -> message: 37,14,25,25,8,35,27,27,6,6,6,31,6,36,36,36,21,21,21,21,36,21,21,21,21,21,21,21,21,21 -> output: 356
input: 357 -> message: 27,27,2,2,2,2,2,2,2,34,34,34,34,2,20,20,4,24,37,0 -> output: 357
input: 358 -> message: 27,2,2,2,38,38,0 -> output: 358
input: 359 -> message: 14,33,16,15,16,27,31,31,31,17,17,36,36,0 -> output: 359
input: 360 -> message: 10,38,0 -> output: 360
input: 361 -> message: 9,23,27,27,35,34,34,31,36,36,0 -> output: 361
input: 362 -> message: 2,6,24,0 -> output: 362
input: 363 -> message: 2,24,30,0 -> output: 363
input: 364 -> message: 7,14,23,16,16,34,34,10,34,31,34,31,0 -> output: 263
input: 365 -> message: 7,2,2,2,35,2,30,30,30,14,30,14,0 -> output: 545
input: 366 -> message: 26,14,3,2,2,2,2,2,2,34,2,34,34,38,0 -> output: 366
input: 367 -> message: 16,16,2,2,2,2,2,34,34,34,34,34,24,20,24,24,30,0 -> output: 367
input: 368 -> message: 10,17,36,0 -> output: 368
input: 369 -> message: 8,2,2,2,34,34,34,34,34,34,24,20,37,0 -> output: 369
input: 370 -> message: 5,14,22,2,2,34,34,34,34,34,20,0 -> output: 370
input: 371 -> message: 26,13,13,36,0 -> output: 371
input: 372 -> message: 10,14,14,35,2,2,34,34,38,0 -> output: 372
input: 373 -> message: 27,8,11,11,2,2,2,2,31,31,31,13,36,36,0 -> output: 373
input: 374 -> message: 16,3,3,11,2,2,2,34,2,34,34,34,34,24,24,24,24,30,0 -> output: 374
input: 375 -> message: 7,29,0 -> output: 375
input: 376 -> message: 1,2,2,2,2,2,2,2,2,2,34,20,20,38,38,38,38,0 -> output: 212
input: 377 -> message: 3,2,18,0 -> output: 377
input: 378 -> message: 2,2,30,30,30,30,30,0 -> output: 378
input: 379 -> message: 6,14,0 -> output: 379
input: 380 -> message: 14,37,37,0 -> output: 380
input: 381 -> message: 2,2,35,2,34,31,34,34,34,0 -> output: 381
input: 382 -> message: 2,2,2,2,34,34,34,34,34,24,24,24,30,0 -> output: 382
input: 383 -> message: 2,2,2,31,31,31,31,36,36,0 -> output: 383
input: 384 -> message: 16,3,2,2,26,31,31,34,29,0 -> output: 103
input: 385 -> message: 38,29,0 -> output: 385
input: 386 -> message: 16,8,27,16,27,27,35,31,31,31,17,36,36,0 -> output: 386
input: 387 -> message: 6,2,2,2,2,2,2,2,31,31,31,31,17,36,36,0 -> output: 387
input: 388 -> message: 16,2,2,0 -> output: 388
input: 389 -> message: 3,31,31,31,36,36,0 -> output: 389
input: 390 -> message: 10,31,31,31,36,36,0 -> output: 390
input: 391 -> message: 10,29,23,16,16,2,2,2,34,31,31,31,36,36,0 -> output: 391
input: 392 -> message: 2,31,17,36,0 -> output: 392
input: 393 -> message: 6,14,23,16,3,27,34,10,34,34,34,34,0 -> output: 681
input: 394 -> message: 2,2,2,2,26,26,38,38,38,0 -> output: 394
input: 395 -> message: 2,18,28,0 -> output: 395
input: 396 -> message: 7,4,0 -> output: 396
input: 397 -> message: 20,34,24,0 -> output: 397
input: 398 -> message: 2,37,28,0 -> output: 398
input: 399 -> message: 2,31,34,24,0 -> output: 399
input: 400 -> message: 2,14,14,0 -> output: 400
input: 401 -> message: 27,27,35,35,26,26,31,17,17,36,36,0 -> output: 401
input: 402 -> message: 35,2,2,31,31,31,31,13,36,36,0 -> output: 402
input: 403 -> message: 10,31,24,0 -> output: 403
input: 404 -> message: 31,24,9,0 -> output: 404
input: 405 -> message: 2,2,14,37,37,0 -> output: 405
input: 406 -> message: 7,14,28,14,28,14,22,8,8,16,16,11,35,34,34,34,34,35,34,30,30,18,18,0 -> output: 406
input: 407 -> message: 2,31,38,29,0 -> output: 407
input: 408 -> message: 2,2,2,38,38,38,0 -> output: 408
input: 409 -> message: 26,31,13,0 -> output: 409
input: 410 -> message: 35,2,38,24,0 -> output: 410
input: 411 -> message: 2,2,2,34,31,31,31,13,36,36,0 -> output: 411
input: 412 -> message: 31,31,13,0 -> output: 412
input: 413 -> message: 35,26,17,36,0 -> output: 413
input: 414 -> message: 2,2,6,6,0 -> output: 414
input: 415 -> message: 14,8,23,16,27,34,34,34,34,34,20,0 -> output: 415
input: 416 -> message: 14,14,0 -> output: 416
input: 417 -> message: 16,26,2,4,0 -> output: 417
input: 418 -> message: 2,14,28,30,30,14,0 -> output: 418
input: 419 -> message: 27,27,35,34,31,31,17,36,36,0 -> output: 419
input: 420 -> message: 35,26,38,29,0 -> output: 420
input: 421 -> message: 32,8,11,27,27,2,2,2,2,34,34,34,34,34,24,24,24,24,24,30,0 -> output: 421
input: 422 -> message: 2,35,31,31,17,36,36,0 -> output: 422
input: 423 -> message: 19,14,23,16,16,31,31,31,31,17,36,36,0 -> output: 423
input: 424 -> message: 15,16,27,27,27,26,26,31,17,17,36,36,0 -> output: 424
input: 425 -> message: 28,14,14,14,14,14,28,0 -> output: 425
input: 426 -> message: 1,14,11,11,2,2,2,31,31,31,31,13,36,36,0 -> output: 426
input: 427 -> message: 27,27,35,26,26,31,17,36,0 -> output: 96
input: 428 -> message: 10,31,31,17,36,0 -> output: 428
input: 429 -> message: 16,16,16,27,27,26,10,31,31,17,17,36,36,0 -> output: 429
input: 430 -> message: 16,2,2,2,2,2,31,31,31,36,36,0 -> output: 430
input: 431 -> message: 16,2,2,2,26,26,38,0 -> output: 431
input: 432 -> message: 16,3,34,31,31,31,34,36,0 -> output: 432
input: 433 -> message: 2,37,37,0 -> output: 433
input: 434 -> message: 34,34,4,0 -> output: 434
input: 435 -> message: 20,31,24,0 -> output: 435
input: 436 -> message: 16,2,2,2,2,4,0 -> output: 436
input: 437 -> message: 2,34,34,24,0 -> output: 437
input: 438 -> message: 5,32,8,35,2,2,2,2,2,2,34,34,34,24,24,24,30,0 -> output: 438
input: 439 -> message: 10,2,2,2,2,34,38,38,38,38,0 -> output: 439
input: 440 -> message: 14,8,11,11,11,2,2,2,2,34,34,34,31,24,20,0 -> output: 440
input: 441 -> message: 2,2,13,29,0 -> output: 441
input: 442 -> message: 35,35,2,2,38,38,38,38,0 -> output: 442
input: 443 -> message: 26,29,23,16,16,16,34,26,31,31,31,31,31,36,36,0 -> output: 443
input: 444 -> message: 14,22,27,27,27,10,10,17,17,17,36,36,0 -> output: 444
input: 445 -> message: 28,16,16,2,2,2,2,2,2,2,34,34,34,24,24,30,0 -> output: 468
input: 446 -> message: 26,29,0 -> output: 446
input: 447 -> message: 7,28,28,14,23,8,23,8,11,27,2,2,2,2,2,34,34,34,34,34,34,34,34,24,24,24,30,0 -> output: 447
input: 448 -> message: 6,38,0 -> output: 448
input: 449 -> message: 35,31,34,34,0 -> output: 449
input: 450 -> message: 1,2,2,31,31,31,17,36,36,0 -> output: 450
input: 451 -> message: 2,34,38,0 -> output: 451
input: 452 -> message: 5,33,16,16,3,2,2,31,31,31,17,36,36,0 -> output: 452
input: 453 -> message: 31,6,14,0 -> output: 453
input: 454 -> message: 6,18,0 -> output: 454
input: 455 -> message: 2,38,37,0 -> output: 455
input: 456 -> message: 27,27,31,31,17,17,36,36,0 -> output: 456
input: 457 -> message: 35,2,2,34,34,24,24,0 -> output: 457
input: 458 -> message: 6,38,4,0 -> output: 458
input: 459 -> message: 16,2,2,34,34,24,0 -> output: 459
input: 460 -> message: 27,35,38,38,38,29,0 -> output: 460
input: 461 -> message: 29,15,15,15,27,27,35,35,35,31,17,17,36,36,0 -> output: 461
input: 462 -> message: 27,2,2,2,2,2,38,38,38,38,0 -> output: 462
input: 463 -> message: 2,26,38,38,0 -> output: 463
input: 464 -> message: 14,3,3,27,27,35,2,31,31,17,36,36,0 -> output: 464
input: 465 -> message: 2,2,2,2,2,34,31,31,31,38,38,34,0 -> output: 465
input: 466 -> message: 24,32,28,2,2,30,30,14,24,24,24,24,30,30,30,30,30,0 -> output: 848
input: 467 -> message: 27,31,17,29,0 -> output: 467
input: 468 -> message: 2,14,14,2,14,14,14,14,14,0 -> output: 468
input: 469 -> message: 10,2,17,36,36,0 -> output: 469
input: 470 -> message: 16,3,10,2,17,13,0 -> output: 470
input: 471 -> message: 27,2,2,24,0 -> output: 471
input: 472 -> message: 10,2,2,17,17,36,36,0 -> output: 472
input: 473 -> message: 3,26,38,29,0 -> output: 473
input: 474 -> message: 2,2,2,2,2,2,2,2,35,2,2,34,2,2,38,38,38,38,0 -> output: 474
input: 475 -> message: 35,2,2,2,24,14,0 -> output: 475
input: 476 -> message: 2,2,35,2,2,31,31,31,31,13,36,36,0 -> output: 511
input: 477 -> message: 14,2,2,2,30,14,18,0 -> output: 477
input: 478 -> message: 35,2,2,20,20,38,0 -> output: 478
input: 479 -> message: 16,3,17,17,36,36,0 -> output: 479
input: 480 -> message: 35,2,2,30,30,30,0 -> output: 480
input: 481 -> message: 24,28,18,0 -> output: 481
input: 482 -> message: 29,14,23,3,27,27,34,10,31,31,17,17,36,36,0 -> output: 482
input: 483 -> message: 16,2,2,14,0 -> output: 483
input: 484 -> message: 10,24,15,0 -> output: 484
input: 485 -> message: 16,31,31,31,31,17,36,36,0 -> output: 485
input: 486 -> message: 2,2,2,14,14,37,37,37,37,0 -> output: 486
input: 487 -> message: 2,28,25,25,25,27,27,27,26,10,17,36,36,0 -> output: 487
input: 488 -> message: 14,2,20,20,4,0 -> output: 488
input: 489 -> message: 2,26,0 -> output: 489
input: 490 -> message: 24,8,8,15,16,27,35,35,2,31,31,31,17,36,36,0 -> output: 490
input: 491 -> message: 24,14,8,11,11,2,2,34,34,16,34,31,34,36,36,21,21,21,21,21,21,36,21,21,21,21,21,21,21,21 -> output: 762
input: 492 -> message: 27,27,26,26,17,36,36,0 -> output: 492
input: 493 -> message: 14,8,27,27,27,35,10,31,17,17,17,36,36,0 -> output: 493
input: 494 -> message: 3,2,13,29,0 -> output: 494
input: 495 -> message: 2,4,0 -> output: 140
input: 496 -> message: 16,27,27,26,31,31,17,36,36,0 -> output: 496
input: 497 -> message: 27,27,35,35,2,2,34,34,34,38,38,38,0 -> output: 497
input: 498 -> message: 3,2,2,2,34,34,34,34,34,24,24,30,0 -> output: 498
input: 499 -> message: 16,27,2,2,2,2,37,0 -> output: 499
input: 500 -> message: 16,2,2,2,4,0 -> output: 500
input: 501 -> message: 26,4,0 -> output: 501
input: 502 -> message: 16,35,2,2,37,0 -> output: 502
input: 503 -> message: 16,35,2,2,2,30,30,14,0 -> output: 503
input: 504 -> message: 8,2,2,2,34,31,2,38,0 -> output: 504
input: 505 -> message: 26,14,8,11,11,35,2,34,31,31,34,13,36,0 -> output: 505
input: 506 -> message: 16,3,31,31,31,17,36,36,0 -> output: 506
input: 507 -> message: 20,13,29,0 -> output: 507
input: 508 -> message: 2,34,34,34,38,0 -> output: 508
input: 509 -> message: 2,2,2,2,37,4,0 -> output: 509
input: 510 -> message: 24,14,28,14,2,2,2,2,2,2,34,34,34,34,2,34,34,34,34,24,20,24,24,24,30,24,30,0 -> output: 510
input: 511 -> message: 2,2,2,2,2,31,31,31,31,31,31,36,36,0 -> output: 511
input: 512 -> message: 32,23,27,27,35,35,17,17,36,36,21,21,21,21,21,21,21,21,21,21,21,21,21,21,21,21,21,21,21,21 -> output: 512
input: 513 -> message: 2,2,34,34,34,34,34,34,20,0 -> output: 513
input: 514 -> message: 27,35,2,2,38,38,38,0 -> output: 514
input: 515 -> message: 6,6,6,38,38,38,17,29,0 -> output: 515
input: 516 -> message: 2,34,34,34,34,0 -> output: 516
input: 517 -> message: 6,14,2,2,2,2,2,2,34,34,34,38,38,38,38,38,0 -> output: 517
input: 518 -> message: 10,14,2,2,2,2,34,34,20,38,38,38,38,0 -> output: 518
input: 519 -> message: 35,35,34,34,34,20,0 -> output: 519
input: 520 -> message: 34,31,29,0 -> output: 520
input: 521 -> message: 2,2,14,0 -> output: 521
input: 522 -> message: 5,14,16,3,34,34,34,34,24,24,24,24,24,24,24,24,24,24,24,24,24,24,30,24,30,30,33,0 -> output: 522
input: 523 -> message: 27,35,2,37,37,29,0 -> output: 523
input: 524 -> message: 38,24,0 -> output: 524
input: 525 -> message: 14,23,23,23,34,34,34,34,20,0 -> output: 525
input: 526 -> message: 34,34,24,24,32,0 -> output: 526
input: 527 -> message: 20,38,0 -> output: 527
input: 528 -> message: 2,2,30,30,37,30,37,37,0 -> output: 405
input: 529 -> message: 27,35,31,17,36,36,0 -> output: 529
input: 530 -> message: 16,35,2,31,31,17,36,0 -> output: 530
input: 531 -> message: 8,8,15,16,27,27,26,10,26,31,17,17,36,36,0 -> output: 531
input: 532 -> message: 24,25,8,11,35,2,2,2,34,34,34,34,34,34,24,24,24,24,24,30,0 -> output: 532
input: 533 -> message: 5,14,16,27,35,10,31,17,17,36,36,0 -> output: 533
input: 534 -> message: 2,26,31,38,4,0 -> output: 534
input: 535 -> message: 26,31,36,0 -> output: 535
input: 536 -> message: 5,15,16,27,23,23,31,31,31,17,36,36,0 -> output: 536
input: 537 -> message: 35,2,2,2,20,24,30,30,0 -> output: 537
input: 538 -> message: 2,26,17,36,0 -> output: 538
input: 539 -> message: 27,31,34,24,0 -> output: 539
input: 540 -> message: 2,34,34,0 -> output: 540
input: 541 -> message: 27,26,6,29,0 -> output: 541
input: 542 -> message: 2,14,37,37,37,0 -> output: 542
input: 543 -> message: 20,29,0 -> output: 543
input: 544 -> message: 26,29,23,16,16,3,10,31,31,31,31,36,36,0 -> output: 544
input: 545 -> message: 2,2,35,2,20,20,20,30,14,28,0 -> output: 545
input: 546 -> message: 5,1,3,2,2,2,2,2,2,2,34,34,34,34,34,34,34,34,20,20,38,0 -> output: 546
input: 547 -> message: 16,8,36,17,36,36,0 -> output: 547
input: 548 -> message: 35,2,34,34,31,31,31,34,36,0 -> output: 548
input: 549 -> message: 27,27,35,2,2,37,4,0 -> output: 549
input: 550 -> message: 14,14,14,14,30,0 -> output: 550
input: 551 -> message: 31,34,38,29,0 -> output: 551
input: 552 -> message: 2,2,38,38,38,0 -> output: 552
input: 553 -> message: 2,26,38,4,0 -> output: 553
input: 554 -> message: 31,31,17,17,36,36,0 -> output: 554
input: 555 -> message: 14,14,2,2,2,2,2,2,2,2,34,34,34,34,34,34,34,34,34,34,34,34,20,20,20,24,24,30,0 -> output: 555
input: 556 -> message: 6,14,14,37,0 -> output: 556
input: 557 -> message: 10,6,6,4,0 -> output: 557
input: 558 -> message: 31,13,13,36,0 -> output: 558
input: 559 -> message: 24,37,0 -> output: 559
input: 560 -> message: 19,2,2,2,2,2,2,2,31,31,17,17,36,36,0 -> output: 560
input: 561 -> message: 7,14,28,14,22,8,8,11,16,35,34,34,2,34,34,30,18,30,18,18,9,0 -> output: 561
input: 562 -> message: 35,2,2,2,2,2,2,31,31,38,38,38,38,0 -> output: 562
input: 563 -> message: 6,14,3,23,3,10,31,31,31,36,36,0 -> output: 563
input: 564 -> message: 16,3,2,31,31,31,36,36,0 -> output: 564
input: 565 -> message: 32,27,27,27,35,26,26,26,31,17,36,36,0 -> output: 565
input: 566 -> message: 16,14,2,30,30,30,14,30,14,0 -> output: 566
input: 567 -> message: 35,2,17,29,0 -> output: 567
input: 568 -> message: 35,2,31,31,31,31,17,36,36,0 -> output: 354
input: 569 -> message: 1,14,11,11,11,2,2,34,34,31,34,34,24,0 -> output: 569
input: 570 -> message: 2,26,13,29,0 -> output: 570
input: 571 -> message: 7,14,16,16,16,2,2,2,34,34,34,34,34,24,24,24,30,0 -> output: 571
input: 572 -> message: 16,27,27,26,26,31,17,17,36,36,0 -> output: 572
input: 573 -> message: 6,24,9,0 -> output: 573
input: 574 -> message: 20,24,4,0 -> output: 574
input: 575 -> message: 2,37,14,0 -> output: 575
input: 576 -> message: 29,15,16,27,23,23,31,31,17,17,36,36,0 -> output: 576
input: 577 -> message: 2,2,30,14,0 -> output: 577
input: 578 -> message: 8,8,2,2,2,34,34,34,34,34,20,0 -> output: 578
input: 579 -> message: 6,6,29,0 -> output: 579
input: 580 -> message: 19,35,2,10,2,17,17,36,36,0 -> output: 580
input: 581 -> message: 2,14,14,37,14,0 -> output: 581
input: 582 -> message: 10,31,34,34,0 -> output: 582
input: 583 -> message: 16,35,2,2,4,0 -> output: 583
input: 584 -> message: 26,37,14,0 -> output: 584
input: 585 -> message: 27,26,37,37,29,0 -> output: 585
input: 586 -> message: 14,8,11,35,2,34,31,31,31,36,36,0 -> output: 586
input: 587 -> message: 16,2,38,4,0 -> output: 587
input: 588 -> message: 24,28,28,9,9,9,9,9,9,9,30,30,30,30,30,30,30,30,30,30,30,30,30,30,30,30,30,30,30,30 -> output: 588
input: 589 -> message: 10,17,36,36,0 -> output: 589
input: 590 -> message: 16,35,2,2,2,20,20,30,38,0 -> output: 590
input: 591 -> message: 2,2,26,6,6,29,0 -> output: 591
input: 592 -> message: 16,3,10,6,38,0 -> output: 592
input: 593 -> message: 27,26,24,0 -> output: 593
input: 594 -> message: 2,26,38,0 -> output: 594
input: 595 -> message: 2,37,30,14,37,0 -> output: 595
input: 596 -> message: 31,31,17,36,36,0 -> output: 596
input: 597 -> message: 2,26,34,24,0 -> output: 597
input: 598 -> message: 2,2,2,2,34,31,31,31,38,38,0 -> output: 598
input: 599 -> message: 1,2,2,2,2,2,2,35,2,2,2,20,14,31,38,38,38,0 -> output: 212
input: 600 -> message: 2,2,2,29,0 -> output: 600
input: 601 -> message: 16,3,10,37,29,0 -> output: 601
input: 602 -> message: 26,24,14,0 -> output: 602
input: 603 -> message: 15,16,11,2,2,31,31,31,31,31,17,36,36,0 -> output: 603
input: 604 -> message: 24,28,0 -> output: 604
input: 605 -> message: 35,26,31,17,36,0 -> output: 605
input: 606 -> message: 16,11,2,2,2,2,2,2,2,38,38,38,38,0 -> output: 606
input: 607 -> message: 31,24,23,30,30,0 -> output: 607
input: 608 -> message: 10,26,4,0 -> output: 608
input: 609 -> message: 2,26,37,37,0 -> output: 609
input: 610 -> message: 10,26,31,36,0 -> output: 610
input: 611 -> message: 2,31,31,31,17,36,36,0 -> output: 611
input: 612 -> message: 16,2,2,2,37,38,38,0 -> output: 612
input: 613 -> message: 27,35,31,31,38,36,0 -> output: 613
input: 614 -> message: 2,26,31,29,0 -> output: 614
input: 615 -> message: 8,11,16,11,27,2,2,2,34,34,34,34,24,30,0 -> output: 795
input: 616 -> message: 2,38,4,0 -> output: 616
input: 617 -> message: 2,6,4,0 -> output: 617
input: 618 -> message: 10,37,28,14,28,14,0 -> output: 618
input: 619 -> message: 31,31,17,36,36,0 -> output: 596
input: 620 -> message: 26,31,31,13,36,0 -> output: 620
input: 621 -> message: 10,31,13,36,0 -> output: 621
input: 622 -> message: 6,28,0 -> output: 622
input: 623 -> message: 10,38,24,0 -> output: 623
input: 624 -> message: 2,14,2,35,2,2,2,2,2,20,20,34,34,20,20,38,38,38,0 -> output: 624
input: 625 -> message: 27,35,2,34,38,38,38,0 -> output: 625
input: 626 -> message: 14,25,8,27,16,27,27,31,31,31,17,36,36,0 -> output: 626
input: 627 -> message: 16,27,27,2,2,2,34,34,34,34,24,24,30,0 -> output: 103
input: 628 -> message: 6,31,36,0 -> output: 628
input: 629 -> message: 2,2,2,4,0 -> output: 629
input: 630 -> message: 21,35,2,2,2,31,31,31,31,31,36,36,0 -> output: 630
input: 631 -> message: 33,14,3,11,11,31,31,31,31,17,36,36,0 -> output: 631
input: 632 -> message: 3,2,34,38,0 -> output: 632
input: 633 -> message: 2,2,2,20,20,38,24,38,0 -> output: 633
input: 634 -> message: 10,34,34,34,0 -> output: 634
input: 635 -> message: 2,2,38,38,29,0 -> output: 635
input: 636 -> message: 24,25,8,11,27,34,34,31,34,34,20,0 -> output: 636
input: 637 -> message: 35,2,34,38,38,38,0 -> output: 637
input: 638 -> message: 2,2,2,2,2,20,38,38,38,38,38,38,0 -> output: 638
input: 639 -> message: 6,4,0 -> output: 826
input: 640 -> message: 14,11,11,27,2,31,31,31,31,17,36,36,0 -> output: 640
input: 641 -> message: 24,25,8,15,16,27,27,26,31,31,31,17,36,36,0 -> output: 641
input: 642 -> message: 35,2,2,2,31,31,17,36,36,0 -> output: 642
input: 643 -> message: 24,9,34,20,0 -> output: 643
input: 644 -> message: 10,14,2,2,2,2,38,38,38,38,0 -> output: 518
input: 645 -> message: 27,2,2,37,29,0 -> output: 645
input: 646 -> message: 17,36,14,11,11,11,31,31,31,31,31,17,36,36,0 -> output: 646
input: 647 -> message: 2,2,2,2,38,38,38,0 -> output: 829
input: 648 -> message: 16,3,10,31,31,31,36,36,0 -> output: 648
input: 649 -> message: 5,8,8,11,27,2,2,2,2,34,34,34,34,34,20,0 -> output: 649
input: 650 -> message: 20,20,0 -> output: 650
input: 651 -> message: 16,3,10,2,34,20,0 -> output: 651
input: 652 -> message: 10,26,2,24,24,9,0 -> output: 652
input: 653 -> message: 6,13,36,0 -> output: 653
input: 654 -> message: 2,20,4,0 -> output: 654
input: 655 -> message: 2,24,20,20,24,30,0 -> output: 655
input: 656 -> message: 26,20,4,0 -> output: 656
input: 657 -> message: 20,20,20,38,0 -> output: 657
input: 658 -> message: 2,2,6,31,29,0 -> output: 658
input: 659 -> message: 2,34,38,38,38,0 -> output: 659
input: 660 -> message: 10,26,17,29,0 -> output: 660
input: 661 -> message: 5,11,11,2,2,2,2,2,2,2,2,38,38,38,38,38,38,0 -> output: 661
input: 662 -> message: 24,11,11,11,2,2,2,2,31,31,17,17,36,36,0 -> output: 662
input: 663 -> message: 10,2,2,2,30,30,14,0 -> output: 663
input: 664 -> message: 9,27,27,35,38,38,17,29,0 -> output: 664
input: 665 -> message: 5,24,3,2,2,2,2,2,2,2,2,34,38,38,0 -> output: 665
input: 666 -> message: 2,2,13,13,36,0 -> output: 666
input: 667 -> message: 2,2,30,30,30,30,30,30,30,30,30,30,0 -> output: 667
input: 668 -> message: 26,34,34,0 -> output: 668
input: 669 -> message: 16,2,2,2,2,20,20,20,38,38,38,0 -> output: 669
input: 670 -> message: 24,8,8,11,27,27,35,35,2,31,31,17,17,36,36,0 -> output: 670
input: 671 -> message: 2,2,30,20,37,37,0 -> output: 671
input: 672 -> message: 10,2,38,38,0 -> output: 672
input: 673 -> message: 27,35,34,34,4,0 -> output: 673
input: 674 -> message: 6,13,0 -> output: 674
input: 675 -> message: 35,2,34,38,0 -> output: 675
input: 676 -> message: 2,26,31,36,0 -> output: 676
input: 677 -> message: 35,2,31,31,13,36,0 -> output: 677
input: 678 -> message: 26,14,35,2,2,2,2,2,34,34,34,34,34,24,24,24,30,0 -> output: 678
input: 679 -> message: 10,34,24,24,24,24,24,24,24,24,24,24,24,24,24,24,24,24,24,24,24,24,24,24,24,24,24,24,24,24 -> output: 679
input: 680 -> message: 6,37,38,37,0 -> output: 680
input: 681 -> message: 6,14,23,16,34,10,34,31,34,13,36,0 -> output: 681
input: 682 -> message: 1,2,34,34,0 -> output: 682
input: 683 -> message: 10,28,14,28,30,30,0 -> output: 683
input: 684 -> message: 20,4,0 -> output: 684
input: 685 -> message: 10,34,4,0 -> output: 685
input: 686 -> message: 7,14,14,14,14,2,35,2,25,14,25,14,25,30,14,0 -> output: 686
input: 687 -> message: 8,35,35,2,2,34,34,34,34,34,34,34,34,20,0 -> output: 687
input: 688 -> message: 16,35,35,2,2,2,20,30,38,0 -> output: 688
input: 689 -> message: 2,2,2,34,34,24,24,0 -> output: 689
input: 690 -> message: 6,37,0 -> output: 967
input: 691 -> message: 31,29,23,16,16,3,10,31,31,31,17,36,36,0 -> output: 691
input: 692 -> message: 14,3,27,27,35,35,26,26,31,17,17,36,36,0 -> output: 692
input: 693 -> message: 7,9,9,9,9,9,9,30,30,30,30,30,30,30,30,30,30,30,30,30,30,30,30,30,30,30,30,30,30,30 -> output: 693
input: 694 -> message: 10,2,2,37,0 -> output: 694
input: 695 -> message: 27,31,31,17,17,36,36,0 -> output: 695
input: 696 -> message: 16,27,35,31,31,38,36,0 -> output: 696
input: 697 -> message: 19,2,2,2,2,2,2,2,2,20,34,34,34,34,20,38,38,38,0 -> output: 832
input: 698 -> message: 2,20,29,0 -> output: 698
input: 699 -> message: 20,31,4,0 -> output: 699
input: 700 -> message: 35,31,31,13,36,0 -> output: 700
input: 701 -> message: 16,35,2,34,31,4,0 -> output: 701
input: 702 -> message: 24,14,11,2,2,2,34,34,31,2,2,0 -> output: 702
input: 703 -> message: 16,35,2,2,2,2,31,31,38,38,0 -> output: 703
input: 704 -> message: 24,14,25,14,2,2,34,34,34,34,30,14,0 -> output: 704
input: 705 -> message: 5,1,2,2,2,2,2,2,2,2,2,34,2,34,20,20,20,38,38,38,0 -> output: 705
input: 706 -> message: 14,11,35,2,2,2,34,34,34,34,34,24,24,24,30,0 -> output: 706
input: 707 -> message: 24,2,30,30,30,30,0 -> output: 707
input: 708 -> message: 10,17,29,0 -> output: 708
input: 709 -> message: 35,2,38,13,29,0 -> output: 709
input: 710 -> message: 16,16,16,16,16,2,2,2,2,2,2,34,31,24,20,0 -> output: 710
input: 711 -> message: 32,8,11,2,2,2,2,34,31,31,6,20,20,29,0 -> output: 711
input: 712 -> message: 2,2,31,13,36,0 -> output: 666
input: 713 -> message: 7,14,14,37,14,0 -> output: 713
input: 714 -> message: 8,27,27,35,35,26,6,17,17,36,36,21,21,21,21,21,21,21,21,21,21,21,21,21,21,21,21,21,21,21 -> output: 714
input: 715 -> message: 2,2,38,4,0 -> output: 715
input: 716 -> message: 17,8,11,2,2,2,2,26,38,38,38,38,38,0 -> output: 716
input: 717 -> message: 24,15,16,3,27,31,31,31,17,17,36,36,0 -> output: 717
input: 718 -> message: 6,17,36,36,0 -> output: 718
input: 719 -> message: 34,38,29,0 -> output: 719
input: 720 -> message: 3,2,34,31,34,31,0 -> output: 720
input: 721 -> message: 8,27,16,27,27,10,17,17,17,36,36,0 -> output: 721
input: 722 -> message: 15,15,16,11,11,27,31,31,31,31,31,31,17,36,36,0 -> output: 722
input: 723 -> message: 32,24,2,2,2,30,30,30,30,30,30,30,0 -> output: 723
input: 724 -> message: 16,3,10,31,31,17,36,36,0 -> output: 724
input: 725 -> message: 16,2,34,34,4,0 -> output: 725
input: 726 -> message: 35,2,14,30,37,37,0 -> output: 726
input: 727 -> message: 3,2,2,26,31,17,36,36,0 -> output: 727
input: 728 -> message: 2,26,26,24,0 -> output: 728
input: 729 -> message: 2,2,20,38,38,38,38,0 -> output: 729
input: 730 -> message: 6,2,2,17,17,36,36,0 -> output: 730
input: 731 -> message: 6,37,28,0 -> output: 731
input: 732 -> message: 26,38,29,0 -> output: 732
input: 733 -> message: 26,13,29,0 -> output: 733
input: 734 -> message: 20,28,0 -> output: 734
input: 735 -> message: 8,27,16,27,35,2,2,31,31,31,17,36,36,0 -> output: 735
input: 736 -> message: 2,26,24,0 -> output: 736
input: 737 -> message: 26,6,29,0 -> output: 737
input: 738 -> message: 31,31,36,36,0 -> output: 69
input: 739 -> message: 31,31,38,36,0 -> output: 739
input: 740 -> message: 6,14,8,23,16,34,34,34,34,34,34,34,0 -> output: 996
input: 741 -> message: 14,8,15,16,16,27,31,31,31,31,17,36,36,0 -> output: 741
input: 742 -> message: 2,2,30,30,14,14,0 -> output: 742
input: 743 -> message: 24,14,8,11,2,2,2,2,34,34,34,34,34,34,20,24,30,0 -> output: 743
input: 744 -> message: 2,2,20,14,0 -> output: 744
input: 745 -> message: 6,6,28,0 -> output: 745
input: 746 -> message: 14,33,33,16,35,35,31,31,31,17,36,36,0 -> output: 746
input: 747 -> message: 2,26,38,24,0 -> output: 747
input: 748 -> message: 16,34,31,24,0 -> output: 748
input: 749 -> message: 7,28,0 -> output: 749
input: 750 -> message: 2,2,2,37,37,38,0 -> output: 750
input: 751 -> message: 2,2,2,2,2,2,2,30,30,14,28,0 -> output: 751
input: 752 -> message: 14,11,11,2,2,2,34,34,34,31,2,34,0 -> output: 752
input: 753 -> message: 2,2,20,20,20,14,0 -> output: 753
input: 754 -> message: 24,9,9,9,30,30,0 -> output: 754
input: 755 -> message: 35,31,38,0 -> output: 755
input: 756 -> message: 8,11,2,31,31,31,31,31,31,36,36,0 -> output: 756
input: 757 -> message: 35,2,37,38,38,37,0 -> output: 757
input: 758 -> message: 8,35,35,2,2,2,2,34,34,34,34,34,34,34,24,24,30,0 -> output: 758
input: 759 -> message: 35,26,31,17,36,36,0 -> output: 759
input: 760 -> message: 28,14,2,2,2,2,35,2,35,2,2,30,30,30,4,4,0 -> output: 445
input: 761 -> message: 6,13,29,0 -> output: 761
input: 762 -> message: 24,14,16,3,2,2,2,31,31,31,36,36,0 -> output: 762
input: 763 -> message: 10,14,11,2,2,2,31,31,31,17,36,36,0 -> output: 763
input: 764 -> message: 16,2,2,2,2,2,20,38,38,38,38,38,0 -> output: 669
input: 765 -> message: 33,15,27,27,35,2,26,26,31,17,36,36,0 -> output: 765
input: 766 -> message: 16,27,35,35,2,2,2,38,38,0 -> output: 766
input: 767 -> message: 14,35,27,35,35,31,17,17,36,36,0 -> output: 767
input: 768 -> message: 2,37,29,0 -> output: 768
input: 769 -> message: 26,14,14,14,14,14,14,14,14,14,14,14,14,14,22,1,22,35,35,35,2,2,30,30,30,0 -> output: 769
input: 770 -> message: 29,0 -> output: 770
input: 771 -> message: 31,29,14,23,16,3,10,2,31,31,31,13,36,36,0 -> output: 771
input: 772 -> message: 2,2,35,31,31,31,31,31,31,36,36,0 -> output: 476
input: 773 -> message: 10,36,0 -> output: 773
input: 774 -> message: 5,14,3,11,11,2,2,31,31,31,31,17,36,36,0 -> output: 774
input: 775 -> message: 28,0 -> output: 775
input: 776 -> message: 24,14,8,23,16,27,31,31,31,31,17,36,36,0 -> output: 776
input: 777 -> message: 27,20,20,38,4,0 -> output: 777
input: 778 -> message: 5,14,16,11,2,2,2,34,31,38,0 -> output: 926
input: 779 -> message: 16,20,13,29,0 -> output: 779
input: 780 -> message: 2,20,37,0 -> output: 780
input: 781 -> message: 2,2,4,0 -> output: 781
input: 782 -> message: 8,35,35,2,31,31,31,17,36,36,0 -> output: 782
input: 783 -> message: 35,2,2,34,31,31,38,38,38,0 -> output: 783
input: 784 -> message: 28,2,2,2,26,26,26,36,0 -> output: 784
input: 785 -> message: 26,34,13,29,0 -> output: 785
input: 786 -> message: 35,17,17,36,21,21,21,21,21,21,21,21,21,21,21,21,21,21,21,21,21,21,21,21,21,21,21,21,21,21 -> output: 786
input: 787 -> message: 5,14,3,11,11,2,34,31,34,31,0 -> output: 787
input: 788 -> message: 2,2,2,38,38,38,29,0 -> output: 788
input: 789 -> message: 35,2,4,0 -> output: 789
input: 790 -> message: 35,2,2,38,38,38,38,38,0 -> output: 790
input: 791 -> message: 2,6,38,0 -> output: 791
input: 792 -> message: 35,2,2,2,2,20,20,38,0 -> output: 792
input: 793 -> message: 3,34,31,34,20,0 -> output: 793
input: 794 -> message: 2,2,2,2,24,24,14,0 -> output: 794
input: 795 -> message: 8,11,11,27,27,2,10,26,31,31,31,17,36,36,0 -> output: 795
input: 796 -> message: 2,2,31,36,0 -> output: 796
input: 797 -> message: 7,29,0 -> output: 375
input: 798 -> message: 27,26,38,24,0 -> output: 798
input: 799 -> message: 2,2,2,34,34,34,34,34,38,0 -> output: 799
input: 800 -> message: 27,6,38,29,0 -> output: 800
input: 801 -> message: 2,34,38,24,0 -> output: 801
input: 802 -> message: 16,27,10,31,31,17,36,36,0 -> output: 802
input: 803 -> message: 32,33,35,2,2,2,34,38,38,0 -> output: 803
input: 804 -> message: 27,27,35,35,26,2,17,17,36,36,0 -> output: 804
input: 805 -> message: 2,14,28,0 -> output: 805
input: 806 -> message: 5,2,2,2,2,2,2,2,2,2,2,2,2,2,2,2,34,2,2,2,38,34,2,38,38,38,38,38,0 -> output: 806
input: 807 -> message: 29,23,3,16,11,2,2,31,31,31,31,36,36,0 -> output: 807
input: 808 -> message: 2,2,30,30,14,24,30,0 -> output: 808
input: 809 -> message: 34,13,0 -> output: 809
input: 810 -> message: 26,31,13,36,0 -> output: 810
input: 811 -> message: 17,17,17,31,17,17,36,36,0 -> output: 811
input: 812 -> message: 27,35,26,31,17,36,36,0 -> output: 812
input: 813 -> message: 26,4,0 -> output: 501
input: 814 -> message: 2,26,13,0 -> output: 814
input: 815 -> message: 38,4,0 -> output: 815
input: 816 -> message: 8,11,27,2,2,2,2,34,34,34,34,24,0 -> output: 816
input: 817 -> message: 10,31,4,0 -> output: 817
input: 818 -> message: 10,2,37,37,0 -> output: 818
input: 819 -> message: 34,38,0 -> output: 819
input: 820 -> message: 16,11,2,2,31,31,17,36,36,0 -> output: 820
input: 821 -> message: 5,27,27,16,2,2,26,31,17,36,36,0 -> output: 821
input: 822 -> message: 2,28,0 -> output: 250
input: 823 -> message: 35,2,17,36,0 -> output: 823
input: 824 -> message: 6,34,4,0 -> output: 824
input: 825 -> message: 1,27,2,2,2,2,2,2,34,34,34,34,34,34,34,20,20,20,34,20,20,20,20,38,38,0 -> output: 825
input: 826 -> message: 6,4,0 -> output: 826
input: 827 -> message: 10,14,2,35,2,2,2,2,2,38,38,38,38,38,0 -> output: 827
input: 828 -> message: 3,11,11,2,2,2,31,31,31,31,31,31,17,36,36,0 -> output: 828
input: 829 -> message: 2,2,2,34,34,38,38,38,38,0 -> output: 829
input: 830 -> message: 27,35,17,17,36,36,0 -> output: 830
input: 831 -> message: 27,2,31,31,17,36,0 -> output: 831
input: 832 -> message: 19,35,2,2,2,2,2,2,2,2,35,38,37,38,38,37,0 -> output: 832
input: 833 -> message: 2,2,34,38,38,0 -> output: 833
input: 834 -> message: 10,26,0 -> output: 834
input: 835 -> message: 16,35,2,2,38,37,0 -> output: 835
input: 836 -> message: 16,35,31,31,31,31,17,36,36,0 -> output: 836
input: 837 -> message: 2,20,20,4,0 -> output: 837
input: 838 -> message: 10,31,31,38,0 -> output: 838
input: 839 -> message: 6,14,30,37,0 -> output: 556
input: 840 -> message: 6,29,23,23,23,16,16,11,2,34,34,31,31,31,31,34,34,36,0 -> output: 840
input: 841 -> message: 24,1,8,11,2,2,2,2,2,2,2,2,2,34,34,34,34,34,34,34,34,34,34,34,34,2,20,38,0 -> output: 841
input: 842 -> message: 10,26,6,29,23,16,16,2,2,34,34,34,24,24,24,30,0 -> output: 842
input: 843 -> message: 26,34,0 -> output: 843
input: 844 -> message: 24,9,9,0 -> output: 844
input: 845 -> message: 35,2,2,2,30,37,38,0 -> output: 726
input: 846 -> message: 10,20,24,14,0 -> output: 846
input: 847 -> message: 37,14,37,0 -> output: 847
input: 848 -> message: 24,32,28,2,2,2,30,30,30,30,30,30,30,30,30,0 -> output: 848
input: 849 -> message: 24,14,8,11,16,27,2,31,31,31,17,36,36,0 -> output: 849
input: 850 -> message: 31,34,34,24,0 -> output: 850
input: 851 -> message: 32,8,11,8,2,2,34,34,34,34,34,34,34,0 -> output: 851
input: 852 -> message: 24,14,28,14,28,3,2,2,2,2,2,2,2,2,2,34,24,24,24,30,0 -> output: 510
input: 853 -> message: 5,33,8,11,11,2,2,2,31,31,31,17,36,36,0 -> output: 853
input: 854 -> message: 8,8,27,27,2,2,34,34,6,31,34,4,0 -> output: 854
input: 855 -> message: 27,31,31,17,36,0 -> output: 855
input: 856 -> message: 10,2,17,29,0 -> output: 856
input: 857 -> message: 27,35,2,26,17,36,36,0 -> output: 857
input: 858 -> message: 34,31,24,0 -> output: 858
input: 859 -> message: 35,35,35,2,2,2,2,2,26,38,38,38,38,38,38,38,0 -> output: 859
input: 860 -> message: 34,4,0 -> output: 860
input: 861 -> message: 2,2,2,13,13,36,0 -> output: 861
input: 862 -> message: 16,35,2,31,31,31,31,31,17,36,36,0 -> output: 862
input: 863 -> message: 37,28,0 -> output: 353
input: 864 -> message: 20,34,38,0 -> output: 864
input: 865 -> message: 5,6,11,35,2,2,2,2,26,26,38,0 -> output: 661
input: 866 -> message: 35,35,2,2,2,2,2,2,34,2,2,34,34,34,34,24,24,30,38,0 -> output: 859
input: 867 -> message: 24,14,16,11,11,2,2,2,2,34,31,6,17,36,0 -> output: 762
input: 868 -> message: 8,11,27,2,2,34,34,34,20,0 -> output: 868
input: 869 -> message: 10,20,29,0 -> output: 869
input: 870 -> message: 31,34,20,0 -> output: 870
input: 871 -> message: 14,8,15,16,27,16,35,31,31,31,17,17,36,36,0 -> output: 871
input: 872 -> message: 2,2,37,37,38,37,0 -> output: 872
input: 873 -> message: 34,38,4,0 -> output: 873
input: 874 -> message: 2,18,0 -> output: 874
input: 875 -> message: 19,28,14,28,14,8,8,8,16,16,16,16,34,35,2,34,34,34,34,0 -> output: 875
input: 876 -> message: 35,2,2,2,20,38,38,38,0 -> output: 876
input: 877 -> message: 8,27,35,35,26,26,31,17,36,36,0 -> output: 782
input: 878 -> message: 3,2,2,2,2,34,34,34,20,20,38,0 -> output: 878
input: 879 -> message: 31,31,29,0 -> output: 879
input: 880 -> message: 14,8,11,27,16,35,2,31,31,31,17,13,36,36,0 -> output: 692
input: 881 -> message: 14,8,11,16,35,31,31,31,31,13,36,36,0 -> output: 881
input: 882 -> message: 16,35,38,4,0 -> output: 882
input: 883 -> message: 16,27,27,23,26,31,17,17,36,36,0 -> output: 883
input: 884 -> message: 12,14,23,16,11,11,31,31,31,31,31,36,36,0 -> output: 884
input: 885 -> message: 16,35,35,26,31,17,36,36,0 -> output: 885
input: 886 -> message: 16,3,2,31,34,34,0 -> output: 886
input: 887 -> message: 19,2,14,14,30,30,14,28,0 -> output: 887
input: 888 -> message: 7,20,14,28,14,23,16,3,16,34,34,34,34,34,34,24,24,24,30,30,30,0 -> output: 888
input: 889 -> message: 32,35,2,2,2,2,2,2,2,2,34,34,34,34,24,24,24,24,24,30,0 -> output: 889
input: 890 -> message: 32,8,11,2,2,2,2,2,34,34,34,34,24,24,30,0 -> output: 890
input: 891 -> message: 7,37,37,30,0 -> output: 176
input: 892 -> message: 2,20,38,38,38,0 -> output: 892
input: 893 -> message: 2,2,2,2,2,2,2,20,20,20,20,20,38,14,0 -> output: 893
input: 894 -> message: 10,3,27,2,2,2,34,34,34,24,24,30,0 -> output: 894
input: 895 -> message: 10,31,38,38,0 -> output: 895
input: 896 -> message: 2,2,2,30,24,30,30,0 -> output: 896
input: 897 -> message: 1,33,35,2,2,2,2,2,38,38,38,0 -> output: 897
input: 898 -> message: 6,28,28,23,23,8,23,16,16,16,2,34,34,34,34,34,24,30,30,0 -> output: 898
input: 899 -> message: 5,23,16,27,16,27,2,2,2,34,31,31,13,36,36,0 -> output: 899
input: 900 -> message: 37,14,0 -> output: 900
input: 901 -> message: 2,2,2,37,38,38,0 -> output: 901
input: 902 -> message: 35,31,31,17,36,36,0 -> output: 902
input: 903 -> message: 35,31,31,31,31,17,36,36,0 -> output: 903
input: 904 -> message: 27,31,31,31,31,17,36,36,0 -> output: 904
input: 905 -> message: 8,2,34,31,31,31,31,36,36,0 -> output: 905
input: 906 -> message: 2,37,37,37,37,0 -> output: 906
input: 907 -> message: 2,20,4,29,0 -> output: 907
input: 908 -> message: 37,29,0 -> output: 908
input: 909 -> message: 24,14,23,16,27,16,10,31,31,34,36,0 -> output: 175
input: 910 -> message: 26,24,28,0 -> output: 910
input: 911 -> message: 35,16,16,16,2,2,2,2,2,2,34,34,24,24,30,38,0 -> output: 911
input: 912 -> message: 35,2,31,29,0 -> output: 912
input: 913 -> message: 19,14,35,37,37,30,0 -> output: 913
input: 914 -> message: 24,27,8,15,16,27,2,2,2,34,31,31,36,36,36,0 -> output: 914
input: 915 -> message: 28,14,11,11,2,2,2,2,2,34,34,34,34,24,24,24,24,0 -> output: 915
input: 916 -> message: 6,31,17,29,0 -> output: 916
input: 917 -> message: 2,30,30,30,30,0 -> output: 917
input: 918 -> message: 6,17,29,0 -> output: 918
input: 919 -> message: 14,8,11,11,11,2,2,2,34,34,34,31,2,26,13,0 -> output: 919
input: 920 -> message: 14,23,16,11,27,27,31,31,31,17,17,36,36,0 -> output: 920
input: 921 -> message: 35,2,26,31,17,36,0 -> output: 921
input: 922 -> message: 35,2,2,38,38,29,0 -> output: 922
input: 923 -> message: 2,2,2,38,38,38,38,0 -> output: 923
input: 924 -> message: 35,14,14,14,14,14,14,25,25,25,8,35,36,36,35,34,34,0 -> output: 924
input: 925 -> message: 6,28,25,8,8,16,16,16,16,11,2,34,34,34,34,34,34,34,20,24,30,24,30,0 -> output: 925
input: 926 -> message: 5,14,35,35,2,2,34,38,38,38,0 -> output: 926
input: 927 -> message: 8,35,2,2,2,34,34,38,0 -> output: 927
input: 928 -> message: 24,15,23,3,27,16,10,31,31,17,36,36,0 -> output: 928
input: 929 -> message: 14,8,8,35,27,35,2,34,34,34,34,34,24,30,24,30,0 -> output: 55
input: 930 -> message: 10,34,34,24,24,24,24,24,24,32,24,30,30,30,30,30,30,30,0 -> output: 930
input: 931 -> message: 16,16,27,35,10,31,31,17,36,36,0 -> output: 931
input: 932 -> message: 31,13,29,0 -> output: 932
input: 933 -> message: 37,37,37,0 -> output: 933
input: 934 -> message: 16,16,35,2,2,2,2,4,0 -> output: 934
input: 935 -> message: 2,2,2,2,35,2,31,31,17,36,36,0 -> output: 935
input: 936 -> message: 2,34,13,29,0 -> output: 936
input: 937 -> message: 2,14,28,14,28,14,14,14,14,14,11,2,35,2,34,34,34,34,30,30,4,0 -> output: 937
input: 938 -> message: 7,30,30,14,28,0 -> output: 938
input: 939 -> message: 27,2,2,2,2,24,30,14,0 -> output: 939
input: 940 -> message: 10,29,14,16,16,2,31,31,31,17,36,36,0 -> output: 940
input: 941 -> message: 31,31,31,31,36,36,0 -> output: 941
input: 942 -> message: 27,2,17,36,36,0 -> output: 942
input: 943 -> message: 27,2,4,24,0 -> output: 943
input: 944 -> message: 16,3,27,27,35,2,26,31,17,17,36,36,0 -> output: 944
input: 945 -> message: 2,26,34,0 -> output: 945
input: 946 -> message: 35,2,2,2,2,2,34,34,34,34,34,34,24,24,24,30,0 -> output: 946
input: 947 -> message: 37,2,2,37,37,37,38,0 -> output: 947
input: 948 -> message: 27,17,17,36,36,21,21,21,21,21,21,21,21,21,21,21,21,21,21,21,21,21,21,21,21,21,21,21,21,21 -> output: 948
input: 949 -> message: 9,2,31,31,31,36,36,0 -> output: 949
input: 950 -> message: 2,2,2,20,20,38,37,0 -> output: 633
input: 951 -> message: 2,2,2,2,30,14,0 -> output: 951
input: 952 -> message: 5,14,3,3,11,11,31,31,31,17,36,36,0 -> output: 774
input: 953 -> message: 26,34,4,0 -> output: 953
input: 954 -> message: 14,8,11,11,35,2,2,2,34,34,34,34,24,24,30,0 -> output: 954
input: 955 -> message: 2,20,28,0 -> output: 955
input: 956 -> message: 2,26,4,0 -> output: 956
input: 957 -> message: 8,11,27,2,31,31,31,31,31,31,17,36,36,0 -> output: 957
input: 958 -> message: 35,34,34,31,0 -> output: 958
input: 959 -> message: 34,31,0 -> output: 959
input: 960 -> message: 2,2,34,4,0 -> output: 960
input: 961 -> message: 8,8,11,27,16,35,2,31,31,31,31,17,36,36,0 -> output: 961
input: 962 -> message: 10,34,0 -> output: 962
input: 963 -> message: 2,2,2,2,2,2,35,20,20,20,34,38,38,0 -> output: 314
input: 964 -> message: 2,2,38,37,0 -> output: 964
input: 965 -> message: 2,37,4,0 -> output: 965
input: 966 -> message: 31,34,29,0 -> output: 966
input: 967 -> message: 6,37,0 -> output: 967
input: 968 -> message: 14,8,11,35,27,10,26,31,31,17,17,36,36,0 -> output: 968
input: 969 -> message: 19,8,23,23,16,27,10,31,31,31,31,36,36,0 -> output: 969
input: 970 -> message: 6,28,28,0 -> output: 970
input: 971 -> message: 7,14,28,16,3,27,2,2,34,34,34,34,34,34,24,24,24,30,0 -> output: 571
input: 972 -> message: 34,20,20,20,14,0 -> output: 972
input: 973 -> message: 2,35,2,34,34,38,38,0 -> output: 973
input: 974 -> message: 2,2,20,30,30,14,0 -> output: 744
input: 975 -> message: 35,2,2,2,34,34,38,38,0 -> output: 975
input: 976 -> message: 16,2,17,29,0 -> output: 976
input: 977 -> message: 2,2,34,34,34,38,38,0 -> output: 977
input: 978 -> message: 35,35,31,31,31,17,36,36,0 -> output: 978
input: 979 -> message: 16,2,2,37,0 -> output: 979
input: 980 -> message: 10,4,0 -> output: 980
input: 981 -> message: 24,32,2,2,2,20,30,14,0 -> output: 981
input: 982 -> message: 2,20,4,4,0 -> output: 982
input: 983 -> message: 14,8,11,27,27,35,35,35,10,31,31,17,17,36,36,0 -> output: 880
input: 984 -> message: 37,14,14,37,14,25,21,0 -> output: 984
input: 985 -> message: 3,2,2,31,38,38,0 -> output: 985
input: 986 -> message: 28,14,8,23,16,27,27,10,10,31,31,17,17,36,36,0 -> output: 986
input: 987 -> message: 7,29,23,16,16,27,27,2,2,2,34,34,34,0 -> output: 987
input: 988 -> message: 2,2,20,20,38,38,0 -> output: 988
input: 989 -> message: 19,11,2,2,2,31,31,31,17,36,36,0 -> output: 989
input: 990 -> message: 16,2,2,17,36,0 -> output: 990
input: 991 -> message: 34,31,4,0 -> output: 991
input: 992 -> message: 16,2,2,2,17,17,36,0 -> output: 992
input: 993 -> message: 6,14,28,14,22,8,11,2,2,34,34,34,20,34,38,38,38,0 -> output: 993
input: 994 -> message: 16,2,31,31,31,31,31,31,36,36,0 -> output: 994
input: 995 -> message: 24,30,0 -> output: 995
input: 996 -> message: 6,14,23,8,23,2,34,34,34,34,34,34,34,34,34,20,0 -> output: 996
input: 997 -> message: 20,20,4,0 -> output: 997
input: 998 -> message: 26,37,0 -> output: 998
input: 999 -> message: 31,24,24,0 -> output: 999
{"powerlaw": 0.9854109287261963, "unif": 0.944}
Epoch: 351
{"powerlaw": 0.9829210042953491, "unif": 0.931}
Epoch: 352
{"powerlaw": 0.9848642349243164, "unif": 0.935}
Epoch: 353
{"powerlaw": 0.9831616282463074, "unif": 0.943}
Epoch: 354
{"powerlaw": 0.9872797727584839, "unif": 0.948}
Epoch: 355
{"powerlaw": 0.9883817434310913, "unif": 0.955}
Epoch: 356
{"powerlaw": 0.9907746911048889, "unif": 0.964}
Epoch: 357
{"powerlaw": 0.9910036325454712, "unif": 0.968}
Epoch: 358
{"powerlaw": 0.9912326335906982, "unif": 0.965}
Epoch: 359
{"powerlaw": 0.9892731308937073, "unif": 0.954}
Epoch: 360
{"powerlaw": 0.9844386577606201, "unif": 0.952}
Epoch: 361
{"powerlaw": 0.9875812530517578, "unif": 0.953}
Epoch: 362
{"powerlaw": 0.9899681806564331, "unif": 0.965}
Epoch: 363
{"powerlaw": 0.9843082427978516, "unif": 0.94}
Epoch: 364
{"powerlaw": 0.9866694211959839, "unif": 0.947}
Epoch: 365
{"powerlaw": 0.9837859869003296, "unif": 0.925}
Epoch: 366
{"powerlaw": 0.9917749762535095, "unif": 0.966}
Epoch: 367
{"powerlaw": 0.9912332892417908, "unif": 0.958}
Epoch: 368
{"powerlaw": 0.9920828342437744, "unif": 0.964}
Epoch: 369
{"powerlaw": 0.9920457601547241, "unif": 0.965}
Epoch: 370
{"powerlaw": 0.9891000986099243, "unif": 0.95}
Epoch: 371
{"powerlaw": 0.984184741973877, "unif": 0.933}
Epoch: 372
{"powerlaw": 0.9856091141700745, "unif": 0.948}
Epoch: 373
{"powerlaw": 0.9915663599967957, "unif": 0.962}
Epoch: 374
{"powerlaw": 0.9895308613777161, "unif": 0.952}
Epoch: 375
{"powerlaw": 0.9837708473205566, "unif": 0.932}
Epoch: 376
{"powerlaw": 0.9901313781738281, "unif": 0.955}
Epoch: 377
{"powerlaw": 0.9904885292053223, "unif": 0.952}
Epoch: 378
{"powerlaw": 0.9894384145736694, "unif": 0.953}
Epoch: 379
{"powerlaw": 0.9911961555480957, "unif": 0.965}
Epoch: 380
{"powerlaw": 0.9921844601631165, "unif": 0.964}
Epoch: 381
{"powerlaw": 0.9895965456962585, "unif": 0.95}
Epoch: 382
{"powerlaw": 0.9866121411323547, "unif": 0.95}
Epoch: 383
{"powerlaw": 0.9917895197868347, "unif": 0.962}
Epoch: 384
{"powerlaw": 0.9942284822463989, "unif": 0.972}
Epoch: 385
{"powerlaw": 0.9912039041519165, "unif": 0.965}
Epoch: 386
{"powerlaw": 0.9869741201400757, "unif": 0.944}
Epoch: 387
{"powerlaw": 0.9948444962501526, "unif": 0.975}
Epoch: 388
{"powerlaw": 0.993450939655304, "unif": 0.969}
Epoch: 389
{"powerlaw": 0.9881823658943176, "unif": 0.943}
Epoch: 390
{"powerlaw": 0.9953029751777649, "unif": 0.972}
Epoch: 391
{"powerlaw": 0.9906706809997559, "unif": 0.953}
Epoch: 392
{"powerlaw": 0.9952807426452637, "unif": 0.977}
Epoch: 393
{"powerlaw": 0.9924946427345276, "unif": 0.968}
Epoch: 394
{"powerlaw": 0.9903948307037354, "unif": 0.964}
Epoch: 395
{"powerlaw": 0.9959965348243713, "unif": 0.979}
Epoch: 396
{"powerlaw": 0.9933242201805115, "unif": 0.97}
Epoch: 397
{"powerlaw": 0.9951356649398804, "unif": 0.979}
Epoch: 398
{"powerlaw": 0.9871184229850769, "unif": 0.96}
Epoch: 399
{"powerlaw": 0.990956723690033, "unif": 0.958}
Epoch: 400
input: 0 -> message: 1,27,27,16,31,36,31,36,36,36,0 -> output: 0
input: 1 -> message: 17,17,0 -> output: 1
input: 2 -> message: 27,26,36,0 -> output: 2
input: 3 -> message: 17,17,36,0 -> output: 3
input: 4 -> message: 15,33,27,31,31,17,17,17,36,14,0 -> output: 4
input: 5 -> message: 17,17,29,0 -> output: 5
input: 6 -> message: 17,36,0 -> output: 6
input: 7 -> message: 17,13,0 -> output: 7
input: 8 -> message: 17,13,13,0 -> output: 8
input: 9 -> message: 17,36,36,0 -> output: 9
input: 10 -> message: 0 -> output: 10
input: 11 -> message: 6,36,0 -> output: 11
input: 12 -> message: 17,11,11,31,31,31,17,13,36,0 -> output: 12
input: 13 -> message: 17,3,31,31,31,13,36,36,0 -> output: 13
input: 14 -> message: 17,0 -> output: 14
input: 15 -> message: 17,17,14,14,31,31,31,13,36,36,0 -> output: 15
input: 16 -> message: 16,2,14,0 -> output: 16
input: 17 -> message: 17,29,0 -> output: 17
input: 18 -> message: 27,27,27,2,2,2,2,34,2,34,38,38,20,20,0 -> output: 18
input: 19 -> message: 24,35,28,30,30,0 -> output: 19
input: 20 -> message: 2,31,36,0 -> output: 20
input: 21 -> message: 27,35,26,17,36,0 -> output: 21
input: 22 -> message: 16,27,16,6,24,17,0 -> output: 22
input: 23 -> message: 15,27,27,27,11,11,27,11,27,35,35,31,2,31,17,13,13,36,0 -> output: 23
input: 24 -> message: 17,17,36,17,0 -> output: 24
input: 25 -> message: 2,31,0 -> output: 25
input: 26 -> message: 24,8,15,11,2,2,2,2,2,34,2,34,34,34,34,34,34,34,34,34,34,34,34,34,34,30,30,30,30,30 -> output: 26
input: 27 -> message: 24,15,15,15,15,27,27,15,27,35,11,11,31,31,17,13,13,36,0 -> output: 27
input: 28 -> message: 5,30,30,30,30,0 -> output: 28
input: 29 -> message: 17,13,36,0 -> output: 29
input: 30 -> message: 31,31,34,36,0 -> output: 30
input: 31 -> message: 15,11,2,11,16,31,31,31,31,31,13,13,0 -> output: 31
input: 32 -> message: 1,2,2,2,17,17,17,36,14,36,0 -> output: 32
input: 33 -> message: 2,3,2,2,2,2,2,2,2,35,2,35,2,26,2,34,38,38,31,38,38,38,13,13,0 -> output: 33
input: 34 -> message: 13,36,0 -> output: 34
input: 35 -> message: 24,9,30,30,27,27,2,2,2,2,2,2,2,30,30,30,0 -> output: 35
input: 36 -> message: 14,25,27,27,35,31,17,13,36,36,0 -> output: 36
input: 37 -> message: 16,27,31,31,24,23,0 -> output: 37
input: 38 -> message: 32,27,27,35,36,36,36,21,13,36,13,36,36,21,0 -> output: 38
input: 39 -> message: 6,22,27,27,36,6,17,13,36,36,0 -> output: 39
input: 40 -> message: 24,9,27,2,2,2,34,34,2,2,30,30,30,30,30,30,30,30,30,0 -> output: 40
input: 41 -> message: 1,2,2,35,34,34,20,34,31,34,20,20,17,0 -> output: 41
input: 42 -> message: 14,27,35,35,2,24,20,30,0 -> output: 42
input: 43 -> message: 32,27,2,2,2,35,35,26,38,38,13,13,13,36,0 -> output: 43
input: 44 -> message: 39,15,23,16,16,27,27,35,2,35,2,2,2,34,2,38,38,38,13,13,36,14,0 -> output: 44
input: 45 -> message: 2,35,35,35,35,35,35,35,20,20,26,38,38,13,37,0 -> output: 45
input: 46 -> message: 27,6,6,17,17,36,14,36,0 -> output: 46
input: 47 -> message: 20,0 -> output: 47
input: 48 -> message: 27,2,2,28,0 -> output: 48
input: 49 -> message: 34,0 -> output: 49
input: 50 -> message: 1,2,0 -> output: 50
input: 51 -> message: 16,2,2,2,24,28,0 -> output: 51
input: 52 -> message: 31,17,0 -> output: 52
input: 53 -> message: 2,31,4,0 -> output: 53
input: 54 -> message: 14,14,3,3,36,2,31,13,13,13,36,36,21,13,31,13,13,13,36,0 -> output: 54
input: 55 -> message: 14,8,8,8,27,27,16,27,16,2,34,34,34,20,20,20,20,20,0 -> output: 55
input: 56 -> message: 2,31,17,0 -> output: 56
input: 57 -> message: 27,2,38,0 -> output: 57
input: 58 -> message: 2,34,0 -> output: 58
input: 59 -> message: 2,31,17,24,0 -> output: 59
input: 60 -> message: 24,0 -> output: 60
input: 61 -> message: 32,2,2,38,29,29,0 -> output: 61
input: 62 -> message: 16,27,27,35,35,35,35,2,34,38,38,38,13,29,0 -> output: 62
input: 63 -> message: 36,0 -> output: 63
input: 64 -> message: 27,16,27,16,35,35,2,2,34,38,38,4,17,0 -> output: 64
input: 65 -> message: 32,22,24,9,30,30,0 -> output: 65
input: 66 -> message: 12,29,0 -> output: 66
input: 67 -> message: 5,8,11,16,2,2,2,2,35,2,35,34,38,38,38,38,38,4,0 -> output: 67
input: 68 -> message: 2,17,0 -> output: 68
input: 69 -> message: 31,31,36,36,23,0 -> output: 69
input: 70 -> message: 31,17,29,0 -> output: 70
input: 71 -> message: 27,35,26,38,29,29,0 -> output: 71
input: 72 -> message: 27,31,17,36,36,0 -> output: 72
input: 73 -> message: 32,3,37,34,38,38,37,37,0 -> output: 73
input: 74 -> message: 31,31,36,0 -> output: 74
input: 75 -> message: 2,0 -> output: 75
input: 76 -> message: 1,2,2,31,31,31,13,13,36,36,0 -> output: 76
input: 77 -> message: 24,23,30,0 -> output: 77
input: 78 -> message: 31,29,23,16,3,2,30,30,30,30,30,30,30,0 -> output: 78
input: 79 -> message: 31,31,24,0 -> output: 79
input: 80 -> message: 6,14,22,31,13,13,36,0 -> output: 80
input: 81 -> message: 31,17,36,0 -> output: 81
input: 82 -> message: 2,2,2,0 -> output: 82
input: 83 -> message: 27,2,31,17,29,0 -> output: 83
input: 84 -> message: 8,2,2,2,2,2,2,2,2,2,2,2,2,34,34,2,34,38,38,31,38,38,31,13,37,4,0 -> output: 84
input: 85 -> message: 3,17,17,13,36,0 -> output: 85
input: 86 -> message: 31,36,9,3,27,16,34,38,24,38,0 -> output: 86
input: 87 -> message: 2,2,17,36,0 -> output: 87
input: 88 -> message: 6,17,0 -> output: 88
input: 89 -> message: 34,24,0 -> output: 89
input: 90 -> message: 16,0 -> output: 90
input: 91 -> message: 31,36,0 -> output: 91
input: 92 -> message: 1,27,35,26,6,6,6,6,17,17,36,21,0 -> output: 92
input: 93 -> message: 2,2,24,0 -> output: 93
input: 94 -> message: 13,0 -> output: 94
input: 95 -> message: 31,31,34,24,0 -> output: 95
input: 96 -> message: 27,27,35,35,18,38,0 -> output: 96
input: 97 -> message: 2,17,17,17,14,36,0 -> output: 97
input: 98 -> message: 24,9,8,27,27,27,27,27,30,27,35,35,2,24,38,34,36,0 -> output: 98
input: 99 -> message: 6,17,36,0 -> output: 99
input: 100 -> message: 27,31,38,29,0 -> output: 100
input: 101 -> message: 2,36,0 -> output: 101
input: 102 -> message: 2,31,13,0 -> output: 102
input: 103 -> message: 8,3,27,2,2,2,2,34,34,34,34,34,34,2,2,2,2,34,34,2,2,2,2,34,34,34,30,18,30,30 -> output: 103
input: 104 -> message: 2,4,0 -> output: 104
input: 105 -> message: 2,24,0 -> output: 105
input: 106 -> message: 31,4,0 -> output: 106
input: 107 -> message: 26,17,0 -> output: 107
input: 108 -> message: 16,2,2,31,17,17,13,36,0 -> output: 108
input: 109 -> message: 31,31,0 -> output: 109
input: 110 -> message: 2,2,31,17,29,0 -> output: 110
input: 111 -> message: 2,2,28,0 -> output: 111
input: 112 -> message: 2,13,0 -> output: 112
input: 113 -> message: 2,31,24,0 -> output: 113
input: 114 -> message: 35,27,2,2,2,2,2,20,14,0 -> output: 114
input: 115 -> message: 27,27,27,27,27,27,35,36,36,36,36,6,17,13,36,21,13,17,13,17,17,14,0 -> output: 115
input: 116 -> message: 2,17,13,29,0 -> output: 116
input: 117 -> message: 26,31,0 -> output: 117
input: 118 -> message: 6,0 -> output: 118
input: 119 -> message: 2,31,29,0 -> output: 119
input: 120 -> message: 16,14,2,2,2,37,37,0 -> output: 120
input: 121 -> message: 31,13,0 -> output: 121
input: 122 -> message: 31,23,23,23,30,0 -> output: 122
input: 123 -> message: 2,2,2,2,26,17,17,13,36,0 -> output: 123
input: 124 -> message: 1,14,3,3,16,2,2,34,38,0 -> output: 124
input: 125 -> message: 31,31,34,20,0 -> output: 125
input: 126 -> message: 1,3,11,31,31,31,13,13,36,0 -> output: 126
input: 127 -> message: 2,14,28,2,2,2,2,20,20,38,38,4,13,14,0 -> output: 127
input: 128 -> message: 16,24,2,2,2,24,30,30,0 -> output: 128
input: 129 -> message: 24,24,0 -> output: 129
input: 130 -> message: 2,34,24,0 -> output: 130
input: 131 -> message: 20,13,0 -> output: 131
input: 132 -> message: 31,2,14,2,2,35,2,34,2,34,34,34,20,20,20,20,20,0 -> output: 132
input: 133 -> message: 16,16,26,24,0 -> output: 133
input: 134 -> message: 36,23,31,31,31,34,31,24,20,20,0 -> output: 134
input: 135 -> message: 6,6,6,17,17,36,14,36,0 -> output: 135
input: 136 -> message: 26,17,36,0 -> output: 136
input: 137 -> message: 34,34,0 -> output: 137
input: 138 -> message: 31,29,0 -> output: 138
input: 139 -> message: 2,2,34,24,0 -> output: 139
input: 140 -> message: 2,4,14,0 -> output: 140
input: 141 -> message: 2,2,38,29,0 -> output: 141
input: 142 -> message: 2,2,0 -> output: 142
input: 143 -> message: 2,14,2,2,2,2,2,2,34,34,2,34,20,20,20,20,20,14,0 -> output: 143
input: 144 -> message: 2,2,17,17,17,17,14,0 -> output: 144
input: 145 -> message: 7,0 -> output: 145
input: 146 -> message: 2,26,17,29,0 -> output: 146
input: 147 -> message: 2,2,37,29,0 -> output: 147
input: 148 -> message: 2,38,38,29,0 -> output: 148
input: 149 -> message: 2,2,31,17,13,36,0 -> output: 149
input: 150 -> message: 31,0 -> output: 150
input: 151 -> message: 31,31,31,17,13,29,0 -> output: 151
input: 152 -> message: 20,31,0 -> output: 152
input: 153 -> message: 1,14,14,22,11,2,2,2,34,34,34,20,20,20,20,20,0 -> output: 153
input: 154 -> message: 34,34,34,0 -> output: 154
input: 155 -> message: 35,35,2,26,31,31,31,13,13,36,13,0 -> output: 155
input: 156 -> message: 24,2,2,2,20,2,20,20,30,30,30,0 -> output: 156
input: 157 -> message: 31,17,17,0 -> output: 157
input: 158 -> message: 2,13,29,0 -> output: 158
input: 159 -> message: 31,17,24,0 -> output: 159
input: 160 -> message: 16,27,13,36,0 -> output: 160
input: 161 -> message: 27,35,35,2,2,2,2,37,37,13,0 -> output: 161
input: 162 -> message: 16,2,31,24,0 -> output: 162
input: 163 -> message: 2,30,0 -> output: 163
input: 164 -> message: 16,2,17,36,0 -> output: 164
input: 165 -> message: 35,2,34,34,20,20,34,20,20,20,0 -> output: 165
input: 166 -> message: 10,24,0 -> output: 166
input: 167 -> message: 2,29,0 -> output: 167
input: 168 -> message: 2,17,17,0 -> output: 168
input: 169 -> message: 2,26,31,24,0 -> output: 169
input: 170 -> message: 29,0 -> output: 170
input: 171 -> message: 2,38,29,0 -> output: 171
input: 172 -> message: 2,20,0 -> output: 172
input: 173 -> message: 14,2,2,34,34,31,34,20,20,20,30,0 -> output: 173
input: 174 -> message: 1,2,2,2,2,2,2,2,2,2,2,38,38,38,38,37,6,14,28,0 -> output: 174
input: 175 -> message: 24,33,15,23,16,27,2,2,34,34,34,30,30,30,30,30,30,30,0 -> output: 175
input: 176 -> message: 7,37,29,0 -> output: 176
input: 177 -> message: 2,14,0 -> output: 177
input: 178 -> message: 2,17,36,0 -> output: 178
input: 179 -> message: 10,2,20,14,0 -> output: 179
input: 180 -> message: 1,2,2,2,2,2,20,37,37,37,0 -> output: 180
input: 181 -> message: 6,34,0 -> output: 181
input: 182 -> message: 2,2,31,31,31,31,13,13,36,36,0 -> output: 182
input: 183 -> message: 6,24,0 -> output: 183
input: 184 -> message: 2,26,31,17,17,36,14,0 -> output: 184
input: 185 -> message: 1,3,2,2,2,31,31,17,17,13,36,0 -> output: 185
input: 186 -> message: 32,3,2,2,2,2,35,34,34,34,34,34,30,14,30,30,30,30,30,30,30,30,30,30,30,0 -> output: 186
input: 187 -> message: 2,2,2,37,29,29,0 -> output: 187
input: 188 -> message: 20,34,0 -> output: 188
input: 189 -> message: 31,38,29,14,0 -> output: 189
input: 190 -> message: 2,17,17,29,0 -> output: 190
input: 191 -> message: 2,17,17,36,14,36,0 -> output: 191
input: 192 -> message: 31,31,17,24,0 -> output: 192
input: 193 -> message: 31,17,36,36,0 -> output: 193
input: 194 -> message: 1,21,11,2,2,2,2,2,31,31,31,38,13,13,0 -> output: 194
input: 195 -> message: 2,2,31,31,13,36,0 -> output: 195
input: 196 -> message: 27,27,34,31,31,13,29,0 -> output: 196
input: 197 -> message: 6,6,17,36,36,0 -> output: 197
input: 198 -> message: 9,8,8,27,27,27,27,27,30,27,30,30,30,30,30,30,30,30,30,30,30,0 -> output: 198
input: 199 -> message: 2,17,29,0 -> output: 199
input: 200 -> message: 7,14,28,14,28,5,9,18,0 -> output: 200
input: 201 -> message: 6,6,0 -> output: 201
input: 202 -> message: 16,27,31,31,31,31,17,13,29,0 -> output: 202
input: 203 -> message: 2,2,38,0 -> output: 203
input: 204 -> message: 24,15,15,11,16,2,2,2,34,34,34,34,34,34,34,34,4,4,30,0 -> output: 204
input: 205 -> message: 1,2,2,2,26,26,26,31,31,17,13,36,0 -> output: 205
input: 206 -> message: 31,38,29,0 -> output: 206
input: 207 -> message: 14,14,3,2,2,31,17,13,36,36,0 -> output: 207
input: 208 -> message: 31,24,9,2,2,2,2,2,2,2,2,34,2,34,34,30,30,30,30,0 -> output: 208
input: 209 -> message: 2,6,13,29,0 -> output: 209
input: 210 -> message: 24,9,8,2,2,2,2,2,2,2,34,34,30,30,30,30,30,30,30,30,30,30,0 -> output: 210
input: 211 -> message: 2,6,0 -> output: 211
input: 212 -> message: 1,2,2,14,2,14,37,37,37,37,37,0 -> output: 212
input: 213 -> message: 9,2,2,2,20,30,18,0 -> output: 213
input: 214 -> message: 31,38,24,0 -> output: 214
input: 215 -> message: 9,9,27,27,2,2,2,34,34,34,34,30,14,30,0 -> output: 215
input: 216 -> message: 7,30,0 -> output: 216
input: 217 -> message: 35,26,34,38,13,29,0 -> output: 217
input: 218 -> message: 24,27,27,27,27,27,35,35,36,6,17,13,36,0 -> output: 218
input: 219 -> message: 38,38,0 -> output: 219
input: 220 -> message: 31,34,24,0 -> output: 220
input: 221 -> message: 31,24,0 -> output: 221
input: 222 -> message: 2,13,13,29,0 -> output: 222
input: 223 -> message: 26,31,17,17,36,14,0 -> output: 223
input: 224 -> message: 24,28,23,23,30,30,30,30,30,30,30,30,30,30,30,30,30,30,30,30,30,30,30,30,30,30,30,30,30,30 -> output: 224
input: 225 -> message: 6,11,2,35,2,35,35,38,38,13,13,13,36,0 -> output: 225
input: 226 -> message: 32,33,0 -> output: 226
input: 227 -> message: 2,2,26,38,13,37,0 -> output: 227
input: 228 -> message: 27,2,26,17,17,29,0 -> output: 228
input: 229 -> message: 4,0 -> output: 229
input: 230 -> message: 35,15,35,35,35,2,35,2,38,38,13,13,13,36,0 -> output: 230
input: 231 -> message: 6,31,0 -> output: 231
input: 232 -> message: 16,2,31,31,13,36,36,0 -> output: 232
input: 233 -> message: 2,2,31,31,13,13,36,36,0 -> output: 233
input: 234 -> message: 2,2,6,37,28,0 -> output: 234
input: 235 -> message: 31,31,24,9,0 -> output: 235
input: 236 -> message: 10,24,15,15,2,2,2,2,34,34,2,34,34,34,20,20,20,20,14,0 -> output: 236
input: 237 -> message: 31,38,0 -> output: 237
input: 238 -> message: 24,14,0 -> output: 238
input: 239 -> message: 24,11,2,2,35,35,35,35,35,34,2,34,20,20,38,38,4,13,0 -> output: 239
input: 240 -> message: 2,38,24,0 -> output: 240
input: 241 -> message: 7,17,29,0 -> output: 241
input: 242 -> message: 14,0 -> output: 242
input: 243 -> message: 1,22,31,6,38,13,36,0 -> output: 243
input: 244 -> message: 26,0 -> output: 262
input: 245 -> message: 31,31,31,24,20,0 -> output: 245
input: 246 -> message: 15,3,15,34,31,31,31,34,31,34,20,20,20,0 -> output: 246
input: 247 -> message: 34,31,34,34,20,0 -> output: 247
input: 248 -> message: 31,34,0 -> output: 248
input: 249 -> message: 26,13,36,0 -> output: 249
input: 250 -> message: 2,28,0 -> output: 250
input: 251 -> message: 27,26,38,37,0 -> output: 251
input: 252 -> message: 26,2,17,17,36,36,0 -> output: 252
input: 253 -> message: 2,31,38,0 -> output: 253
input: 254 -> message: 17,14,3,2,2,2,34,34,20,31,31,34,20,0 -> output: 254
input: 255 -> message: 16,16,16,26,17,17,36,36,0 -> output: 255
input: 256 -> message: 7,24,0 -> output: 256
input: 257 -> message: 2,37,0 -> output: 257
input: 258 -> message: 2,2,2,2,20,20,20,20,20,38,38,38,4,38,0 -> output: 258
input: 259 -> message: 35,35,35,2,37,37,37,0 -> output: 259
input: 260 -> message: 11,11,11,31,31,31,31,13,13,36,0 -> output: 260
input: 261 -> message: 2,2,31,38,29,0 -> output: 261
input: 262 -> message: 26,0 -> output: 262
input: 263 -> message: 7,14,23,23,23,30,18,30,30,30,30,30,30,30,30,30,30,30,30,0 -> output: 971
input: 264 -> message: 2,20,13,29,0 -> output: 264
input: 265 -> message: 32,27,35,35,35,38,38,13,17,36,36,0 -> output: 265
input: 266 -> message: 27,2,34,38,38,38,4,0 -> output: 266
input: 267 -> message: 26,13,0 -> output: 267
input: 268 -> message: 2,24,9,30,30,0 -> output: 268
input: 269 -> message: 2,31,17,13,36,0 -> output: 269
input: 270 -> message: 35,26,24,0 -> output: 270
input: 271 -> message: 2,38,0 -> output: 271
input: 272 -> message: 38,0 -> output: 272
input: 273 -> message: 10,26,24,0 -> output: 273
input: 274 -> message: 2,28,14,23,23,27,30,5,30,27,30,30,30,27,30,14,25,2,34,2,14,30,14,25,30,30,30,0 -> output: 274
input: 275 -> message: 2,28,14,28,23,30,30,30,30,30,30,30,30,30,30,30,30,30,30,30,30,30,30,0 -> output: 275
input: 276 -> message: 26,36,0 -> output: 276
input: 277 -> message: 24,9,23,16,9,2,2,2,2,2,34,34,30,30,30,30,30,30,30,30,30,0 -> output: 277
input: 278 -> message: 31,13,36,0 -> output: 278
input: 279 -> message: 24,33,33,2,2,2,2,30,30,30,0 -> output: 279
input: 280 -> message: 20,24,0 -> output: 280
input: 281 -> message: 31,31,31,13,29,0 -> output: 281
input: 282 -> message: 2,18,0 -> output: 282
input: 283 -> message: 1,14,3,2,2,31,13,13,13,36,36,0 -> output: 283
input: 284 -> message: 2,2,26,17,13,29,0 -> output: 284
input: 285 -> message: 2,2,13,0 -> output: 285
input: 286 -> message: 27,2,2,2,35,2,31,31,13,17,13,13,0 -> output: 286
input: 287 -> message: 19,11,11,31,31,31,31,17,13,36,0 -> output: 287
input: 288 -> message: 27,26,34,0 -> output: 288
input: 289 -> message: 24,18,0 -> output: 289
input: 290 -> message: 32,16,27,16,2,2,30,30,30,0 -> output: 290
input: 291 -> message: 3,2,2,2,2,20,2,38,38,4,0 -> output: 291
input: 292 -> message: 16,16,16,16,35,2,2,38,38,38,14,0 -> output: 292
input: 293 -> message: 26,2,2,2,2,2,2,2,2,6,38,38,4,17,29,0 -> output: 293
input: 294 -> message: 7,36,0 -> output: 294
input: 295 -> message: 2,2,29,0 -> output: 295
input: 296 -> message: 2,2,2,24,28,0 -> output: 296
input: 297 -> message: 2,2,2,2,2,35,2,2,2,2,2,2,6,38,37,37,37,0 -> output: 297
input: 298 -> message: 10,31,0 -> output: 298
input: 299 -> message: 31,17,17,29,0 -> output: 299
input: 300 -> message: 2,31,31,29,0 -> output: 300
input: 301 -> message: 35,35,34,34,34,34,20,30,0 -> output: 301
input: 302 -> message: 16,27,27,36,36,36,17,17,36,36,0 -> output: 302
input: 303 -> message: 26,38,0 -> output: 303
input: 304 -> message: 8,2,38,38,38,29,0 -> output: 304
input: 305 -> message: 16,2,4,0 -> output: 305
input: 306 -> message: 6,21,0 -> output: 306
input: 307 -> message: 8,16,16,2,2,2,35,34,34,34,34,34,34,30,30,30,30,30,30,30,30,30,30,0 -> output: 307
input: 308 -> message: 24,23,25,23,25,30,30,30,30,30,30,30,30,30,30,30,30,30,30,30,30,30,30,30,30,30,30,30,30,30 -> output: 308
input: 309 -> message: 16,27,38,13,36,0 -> output: 309
input: 310 -> message: 6,29,0 -> output: 310
input: 311 -> message: 16,2,2,30,30,30,0 -> output: 311
input: 312 -> message: 2,38,13,0 -> output: 312
input: 313 -> message: 8,3,27,3,2,2,2,2,34,34,34,34,34,34,34,34,34,34,34,20,20,20,34,20,20,20,20,30,18,0 -> output: 313
input: 314 -> message: 2,2,2,2,2,35,35,20,20,20,20,38,38,13,13,0 -> output: 314
input: 315 -> message: 2,2,37,0 -> output: 315
input: 316 -> message: 27,26,31,29,0 -> output: 316
input: 317 -> message: 2,31,31,31,38,29,29,0 -> output: 317
input: 318 -> message: 2,2,17,13,17,37,14,0 -> output: 318
input: 319 -> message: 8,3,2,2,2,2,35,2,2,34,31,34,31,13,13,31,34,13,36,0 -> output: 319
input: 320 -> message: 16,2,31,31,17,13,36,36,0 -> output: 320
input: 321 -> message: 2,20,37,4,0 -> output: 321
input: 322 -> message: 16,34,20,29,0 -> output: 322
input: 323 -> message: 3,38,38,4,0 -> output: 323
input: 324 -> message: 31,31,4,0 -> output: 324
input: 325 -> message: 6,2,37,37,37,37,37,0 -> output: 325
input: 326 -> message: 16,31,38,0 -> output: 326
input: 327 -> message: 31,34,34,0 -> output: 327
input: 328 -> message: 2,26,26,17,17,36,14,36,0 -> output: 328
input: 329 -> message: 31,34,29,23,3,23,3,30,34,30,30,30,30,30,30,30,30,30,30,30,30,30,30,30,30,30,30,30,30,30 -> output: 329
input: 330 -> message: 24,17,29,0 -> output: 330
input: 331 -> message: 2,13,17,17,0 -> output: 331
input: 332 -> message: 2,2,31,31,17,13,36,0 -> output: 332
input: 333 -> message: 35,14,14,24,14,0 -> output: 333
input: 334 -> message: 35,35,31,38,29,0 -> output: 334
input: 335 -> message: 31,34,13,29,0 -> output: 335
input: 336 -> message: 2,2,38,24,0 -> output: 336
input: 337 -> message: 26,24,0 -> output: 337
input: 338 -> message: 2,2,2,20,14,0 -> output: 338
input: 339 -> message: 16,2,2,34,38,38,38,20,29,0 -> output: 339
input: 340 -> message: 24,8,8,8,8,8,8,27,27,27,27,27,27,27,27,27,27,27,27,27,27,27,27,27,8,8,27,36,36,38 -> output: 340
input: 341 -> message: 3,2,2,2,2,2,34,34,34,34,34,2,2,2,2,34,20,2,34,20,30,30,30,30,30,30,30,30,30,30 -> output: 341
input: 342 -> message: 10,31,36,0 -> output: 342
input: 343 -> message: 16,2,13,13,36,0 -> output: 343
input: 344 -> message: 2,6,29,0 -> output: 344
input: 345 -> message: 26,31,17,36,36,0 -> output: 345
input: 346 -> message: 14,3,11,2,2,2,34,34,34,34,34,34,34,34,34,30,18,4,0 -> output: 346
input: 347 -> message: 16,2,2,2,2,2,24,14,0 -> output: 347
input: 348 -> message: 2,2,37,28,0 -> output: 348
input: 349 -> message: 6,34,34,0 -> output: 349
input: 350 -> message: 2,2,6,6,38,38,7,29,0 -> output: 350
input: 351 -> message: 35,31,17,36,36,0 -> output: 351
input: 352 -> message: 35,35,26,31,31,13,13,36,36,0 -> output: 352
input: 353 -> message: 2,28,30,30,0 -> output: 353
input: 354 -> message: 35,2,35,31,31,13,13,0 -> output: 354
input: 355 -> message: 16,16,2,2,2,2,38,38,38,0 -> output: 355
input: 356 -> message: 37,30,14,25,22,1,0 -> output: 356
input: 357 -> message: 27,16,2,2,2,2,34,2,34,38,31,31,13,13,13,13,13,13,13,0 -> output: 357
input: 358 -> message: 27,6,6,4,29,0 -> output: 358
input: 359 -> message: 14,33,27,16,3,2,2,2,38,38,38,4,17,37,0 -> output: 359
input: 360 -> message: 10,38,0 -> output: 360
input: 361 -> message: 9,27,27,27,27,27,27,27,35,34,35,34,34,34,34,34,18,0 -> output: 361
input: 362 -> message: 2,6,24,0 -> output: 362
input: 363 -> message: 2,24,30,0 -> output: 363
input: 364 -> message: 7,23,23,16,23,16,34,2,30,30,30,30,30,30,30,0 -> output: 364
input: 365 -> message: 7,2,2,2,2,2,30,14,24,37,30,0 -> output: 365
input: 366 -> message: 26,24,9,2,2,2,2,2,34,34,34,34,34,34,20,30,30,30,30,30,30,30,30,30,30,30,0 -> output: 366
input: 367 -> message: 16,2,2,2,2,2,34,2,34,34,24,34,24,30,30,30,30,30,30,30,30,30,30,30,30,30,0 -> output: 367
input: 368 -> message: 10,17,0 -> output: 368
input: 369 -> message: 8,2,2,34,34,34,34,34,34,20,20,20,20,0 -> output: 369
input: 370 -> message: 5,14,28,14,8,23,3,11,2,34,34,34,34,20,20,20,20,20,20,0 -> output: 370
input: 371 -> message: 26,13,13,0 -> output: 371
input: 372 -> message: 10,29,2,2,2,30,14,0 -> output: 372
input: 373 -> message: 27,3,11,16,11,11,11,11,11,35,34,31,34,31,13,13,0 -> output: 373
input: 374 -> message: 16,3,2,2,2,2,2,34,34,34,34,34,34,30,14,4,30,30,30,30,30,30,30,30,30,30,30,0 -> output: 374
input: 375 -> message: 7,29,0 -> output: 375
input: 376 -> message: 1,2,2,2,2,34,34,34,34,34,20,20,20,20,20,0 -> output: 376
input: 377 -> message: 3,2,30,0 -> output: 377
input: 378 -> message: 2,18,18,18,0 -> output: 378
input: 379 -> message: 6,14,0 -> output: 379
input: 380 -> message: 14,37,37,0 -> output: 380
input: 381 -> message: 2,2,35,34,31,31,38,13,13,13,36,0 -> output: 381
input: 382 -> message: 2,2,2,2,34,34,34,34,20,20,20,20,0 -> output: 382
input: 383 -> message: 2,2,35,31,31,31,13,13,36,36,0 -> output: 383
input: 384 -> message: 16,2,2,34,34,31,34,20,20,20,0 -> output: 384
input: 385 -> message: 38,29,0 -> output: 385
input: 386 -> message: 32,8,23,16,27,2,2,34,34,34,34,34,34,20,30,37,4,0 -> output: 386
input: 387 -> message: 6,3,2,2,17,17,17,36,36,0 -> output: 387
input: 388 -> message: 16,2,2,24,0 -> output: 388
input: 389 -> message: 3,31,31,31,13,36,36,0 -> output: 389
input: 390 -> message: 10,26,31,31,13,36,0 -> output: 390
input: 391 -> message: 10,24,14,9,2,2,2,34,34,34,20,4,24,23,38,0 -> output: 391
input: 392 -> message: 2,31,17,36,0 -> output: 392
input: 393 -> message: 26,14,23,23,27,23,30,30,30,30,30,30,0 -> output: 393
input: 394 -> message: 2,2,26,26,37,13,37,0 -> output: 394
input: 395 -> message: 2,18,18,0 -> output: 395
input: 396 -> message: 7,4,0 -> output: 396
input: 397 -> message: 20,34,24,0 -> output: 397
input: 398 -> message: 2,37,28,0 -> output: 398
input: 399 -> message: 2,31,34,24,0 -> output: 399
input: 400 -> message: 2,14,28,14,0 -> output: 400
input: 401 -> message: 27,27,35,35,36,36,17,17,13,36,14,36,0 -> output: 401
input: 402 -> message: 35,2,2,34,31,31,31,38,38,13,13,0 -> output: 402
input: 403 -> message: 10,31,24,0 -> output: 403
input: 404 -> message: 31,24,23,30,0 -> output: 404
input: 405 -> message: 2,2,14,37,37,37,0 -> output: 405
input: 406 -> message: 7,14,28,23,30,30,30,0 -> output: 406
input: 407 -> message: 2,31,38,29,0 -> output: 407
input: 408 -> message: 2,2,2,37,38,37,0 -> output: 408
input: 409 -> message: 26,31,4,0 -> output: 409
input: 410 -> message: 35,2,38,24,0 -> output: 410
input: 411 -> message: 2,2,35,2,31,31,31,17,13,13,36,0 -> output: 411
input: 412 -> message: 31,31,13,36,0 -> output: 412
input: 413 -> message: 35,26,17,36,0 -> output: 413
input: 414 -> message: 2,2,6,6,29,0 -> output: 414
input: 415 -> message: 14,23,23,30,30,0 -> output: 415
input: 416 -> message: 14,14,0 -> output: 416
input: 417 -> message: 16,27,2,24,14,0 -> output: 417
input: 418 -> message: 2,14,30,30,0 -> output: 418
input: 419 -> message: 27,35,2,2,34,38,38,38,37,37,0 -> output: 419
input: 420 -> message: 35,26,38,29,0 -> output: 420
input: 421 -> message: 32,8,8,11,2,2,2,2,2,34,34,34,34,34,34,34,34,34,34,34,34,34,34,34,34,34,20,30,18,30 -> output: 421
input: 422 -> message: 2,35,35,31,17,17,36,14,0 -> output: 422
input: 423 -> message: 19,14,25,23,34,23,16,9,34,2,2,2,30,18,0 -> output: 423
input: 424 -> message: 15,27,27,27,16,16,16,11,27,35,31,17,17,36,36,0 -> output: 424
input: 425 -> message: 28,14,2,2,14,14,25,0 -> output: 425
input: 426 -> message: 1,2,11,11,2,2,35,35,2,35,14,14,20,38,13,13,0 -> output: 426
input: 427 -> message: 27,27,35,31,31,13,17,29,29,0 -> output: 427
input: 428 -> message: 10,31,38,29,0 -> output: 428
input: 429 -> message: 16,27,3,15,11,11,16,31,31,31,31,13,17,13,36,0 -> output: 429
input: 430 -> message: 16,2,2,2,2,26,38,17,13,13,0 -> output: 430
input: 431 -> message: 16,2,2,2,26,13,17,13,36,0 -> output: 431
input: 432 -> message: 16,27,34,34,20,4,0 -> output: 432
input: 433 -> message: 2,6,37,0 -> output: 433
input: 434 -> message: 34,34,4,0 -> output: 434
input: 435 -> message: 20,31,24,0 -> output: 435
input: 436 -> message: 16,2,2,20,38,38,4,0 -> output: 436
input: 437 -> message: 2,34,34,24,0 -> output: 437
input: 438 -> message: 5,32,28,2,30,30,30,0 -> output: 438
input: 439 -> message: 10,2,2,26,26,26,13,17,13,36,0 -> output: 439
input: 440 -> message: 14,8,8,3,11,16,2,2,34,34,34,34,34,34,34,34,34,20,20,30,20,30,30,30,30,30,30,30,30,30 -> output: 440
input: 441 -> message: 2,2,13,29,0 -> output: 441
input: 442 -> message: 35,35,2,31,31,13,13,36,13,36,0 -> output: 442
input: 443 -> message: 26,29,23,16,3,2,2,2,2,34,30,30,4,30,30,30,30,30,30,30,0 -> output: 443
input: 444 -> message: 24,14,22,27,2,2,34,34,34,2,34,20,30,30,30,30,30,0 -> output: 444
input: 445 -> message: 28,16,2,2,2,2,34,2,34,31,31,13,13,0 -> output: 445
input: 446 -> message: 26,29,0 -> output: 446
input: 447 -> message: 7,28,28,23,30,30,0 -> output: 447
input: 448 -> message: 6,38,0 -> output: 448
input: 449 -> message: 35,31,34,34,0 -> output: 449
input: 450 -> message: 1,2,2,17,17,17,13,36,0 -> output: 450
input: 451 -> message: 2,34,38,0 -> output: 451
input: 452 -> message: 5,33,3,3,16,16,34,34,34,34,34,20,30,20,0 -> output: 452
input: 453 -> message: 31,6,29,23,23,23,23,30,0 -> output: 453
input: 454 -> message: 6,18,0 -> output: 454
input: 455 -> message: 2,38,37,0 -> output: 455
input: 456 -> message: 16,27,31,17,13,36,36,0 -> output: 456
input: 457 -> message: 35,2,34,38,4,29,0 -> output: 457
input: 458 -> message: 6,38,4,0 -> output: 458
input: 459 -> message: 16,2,2,38,4,24,0 -> output: 388
input: 460 -> message: 27,35,38,38,28,0 -> output: 460
input: 461 -> message: 29,15,15,15,15,16,27,16,16,15,11,35,35,2,2,34,2,34,2,24,20,20,20,0 -> output: 461
input: 462 -> message: 27,2,2,2,2,2,38,38,4,0 -> output: 462
input: 463 -> message: 2,26,38,38,4,0 -> output: 463
input: 464 -> message: 14,3,3,15,16,16,11,11,2,2,31,31,31,31,13,13,13,13,0 -> output: 464
input: 465 -> message: 2,2,2,2,35,34,2,34,31,34,31,34,20,20,17,0 -> output: 465
input: 466 -> message: 24,32,2,2,2,14,14,14,14,0 -> output: 466
input: 467 -> message: 27,31,17,29,0 -> output: 467
input: 468 -> message: 2,14,14,2,2,34,34,20,20,20,14,0 -> output: 468
input: 469 -> message: 10,2,17,17,17,14,0 -> output: 469
input: 470 -> message: 16,3,2,2,34,24,0 -> output: 470
input: 471 -> message: 27,2,2,2,18,28,0 -> output: 471
input: 472 -> message: 10,2,31,17,13,29,14,23,3,2,2,18,18,18,0 -> output: 472
input: 473 -> message: 3,26,38,29,0 -> output: 473
input: 474 -> message: 2,2,2,35,35,35,35,2,20,14,38,13,0 -> output: 474
input: 475 -> message: 35,2,2,2,24,14,0 -> output: 475
input: 476 -> message: 11,11,35,2,35,35,35,34,31,34,31,34,20,13,0 -> output: 476
input: 477 -> message: 14,2,14,0 -> output: 477
input: 478 -> message: 35,2,35,20,20,38,38,4,13,37,0 -> output: 478
input: 479 -> message: 16,3,17,17,36,36,0 -> output: 479
input: 480 -> message: 35,2,30,30,30,0 -> output: 480
input: 481 -> message: 24,28,0 -> output: 481
input: 482 -> message: 29,14,23,16,3,16,34,2,2,30,30,30,30,0 -> output: 482
input: 483 -> message: 16,2,2,28,0 -> output: 483
input: 484 -> message: 38,17,29,0 -> output: 484
input: 485 -> message: 16,31,31,31,31,17,36,36,0 -> output: 485
input: 486 -> message: 2,2,35,35,37,37,37,37,37,37,0 -> output: 486
input: 487 -> message: 2,14,25,23,23,30,0 -> output: 487
input: 488 -> message: 14,2,20,38,38,38,4,0 -> output: 488
input: 489 -> message: 2,26,31,17,13,0 -> output: 489
input: 490 -> message: 24,8,3,3,15,2,2,2,2,2,2,2,34,2,2,34,34,34,34,30,2,2,30,20,30,30,30,30,30,30 -> output: 490
input: 491 -> message: 1,14,28,3,2,2,34,34,34,34,32,14,34,20,18,0 -> output: 491
input: 492 -> message: 27,27,26,17,17,36,14,36,0 -> output: 492
input: 493 -> message: 14,23,27,27,27,35,35,36,36,24,35,36,36,14,36,36,0 -> output: 493
input: 494 -> message: 3,2,13,29,0 -> output: 494
input: 495 -> message: 2,29,29,0 -> output: 495
input: 496 -> message: 16,27,27,35,2,2,38,38,14,0 -> output: 496
input: 497 -> message: 27,27,35,2,2,2,35,35,2,38,38,38,38,38,38,4,13,0 -> output: 497
input: 498 -> message: 3,2,2,2,34,34,34,34,20,34,20,30,20,30,30,0 -> output: 498
input: 499 -> message: 16,27,2,2,2,2,37,0 -> output: 499
input: 500 -> message: 16,2,2,2,38,38,4,0 -> output: 500
input: 501 -> message: 26,4,0 -> output: 501
input: 502 -> message: 16,35,2,2,37,0 -> output: 502
input: 503 -> message: 16,35,2,2,2,18,14,0 -> output: 503
input: 504 -> message: 8,2,2,2,20,38,38,38,4,0 -> output: 504
input: 505 -> message: 26,25,0 -> output: 505
input: 506 -> message: 16,3,31,31,17,36,36,0 -> output: 506
input: 507 -> message: 20,13,29,0 -> output: 507
input: 508 -> message: 2,34,34,38,38,38,4,0 -> output: 508
input: 509 -> message: 2,2,2,6,37,0 -> output: 509
input: 510 -> message: 24,14,28,5,23,16,2,2,24,2,24,2,24,30,30,30,30,30,0 -> output: 510
input: 511 -> message: 2,2,2,2,35,34,31,31,31,31,13,13,36,0 -> output: 511
input: 512 -> message: 32,23,27,27,27,27,27,35,27,35,35,35,34,34,20,18,34,0 -> output: 512
input: 513 -> message: 2,2,34,34,34,20,20,20,20,20,0 -> output: 513
input: 514 -> message: 27,35,2,38,38,29,0 -> output: 514
input: 515 -> message: 6,6,26,38,13,37,37,29,0 -> output: 515
input: 516 -> message: 2,34,34,34,20,20,20,0 -> output: 516
input: 517 -> message: 6,6,3,2,2,2,38,38,13,13,13,17,13,36,0 -> output: 517
input: 518 -> message: 10,2,2,2,2,2,38,37,37,37,0 -> output: 518
input: 519 -> message: 35,35,34,34,20,20,20,0 -> output: 519
input: 520 -> message: 34,31,29,0 -> output: 520
input: 521 -> message: 2,2,14,0 -> output: 521
input: 522 -> message: 6,14,23,16,35,2,2,2,35,20,38,38,14,0 -> output: 522
input: 523 -> message: 27,24,15,11,16,16,2,34,34,34,34,20,20,20,20,0 -> output: 523
input: 524 -> message: 38,24,0 -> output: 524
input: 525 -> message: 14,23,23,27,30,30,30,30,30,30,30,30,30,30,30,30,30,30,30,30,0 -> output: 525
input: 526 -> message: 34,34,24,20,0 -> output: 526
input: 527 -> message: 20,38,0 -> output: 527
input: 528 -> message: 2,2,30,30,14,28,0 -> output: 528
input: 529 -> message: 27,35,31,17,17,36,14,36,0 -> output: 529
input: 530 -> message: 16,35,2,26,31,17,13,36,0 -> output: 530
input: 531 -> message: 8,8,27,27,27,27,27,27,27,27,16,35,8,35,35,35,24,36,34,34,36,24,36,36,21,16,13,13,36,0 -> output: 531
input: 532 -> message: 25,25,25,5,31,31,24,24,2,23,25,3,25,34,31,34,20,14,28,23,34,18,18,0 -> output: 532
input: 533 -> message: 5,14,27,11,11,36,2,34,31,34,31,13,13,36,13,0 -> output: 533
input: 534 -> message: 2,26,31,38,38,4,0 -> output: 534
input: 535 -> message: 26,31,36,36,0 -> output: 535
input: 536 -> message: 5,16,11,16,2,2,2,2,38,38,38,38,13,37,0 -> output: 536
input: 537 -> message: 35,2,2,2,2,2,38,38,4,0 -> output: 537
input: 538 -> message: 2,26,17,36,36,0 -> output: 538
input: 539 -> message: 27,31,24,0 -> output: 539
input: 540 -> message: 2,34,34,0 -> output: 540
input: 541 -> message: 27,26,6,29,0 -> output: 541
input: 542 -> message: 2,14,37,37,37,0 -> output: 542
input: 543 -> message: 20,29,0 -> output: 543
input: 544 -> message: 26,29,14,3,11,16,2,2,34,38,31,13,0 -> output: 569
input: 545 -> message: 2,2,2,2,2,2,30,2,37,37,0 -> output: 545
input: 546 -> message: 5,1,3,2,2,2,34,2,34,20,20,30,20,14,0 -> output: 546
input: 547 -> message: 16,8,31,36,17,36,0 -> output: 547
input: 548 -> message: 35,2,2,34,34,31,34,20,20,20,0 -> output: 548
input: 549 -> message: 27,27,35,35,2,2,2,38,37,37,0 -> output: 549
input: 550 -> message: 14,14,2,14,37,0 -> output: 550
input: 551 -> message: 31,34,38,29,0 -> output: 551
input: 552 -> message: 2,2,38,13,29,0 -> output: 552
input: 553 -> message: 2,26,38,38,0 -> output: 553
input: 554 -> message: 31,31,17,13,36,0 -> output: 554
input: 555 -> message: 14,2,2,2,2,2,2,34,34,34,34,34,34,34,20,20,20,20,20,20,0 -> output: 555
input: 556 -> message: 6,14,37,26,13,13,0 -> output: 556
input: 557 -> message: 10,2,2,38,29,0 -> output: 557
input: 558 -> message: 31,13,13,36,0 -> output: 558
input: 559 -> message: 24,37,0 -> output: 559
input: 560 -> message: 6,2,2,2,26,26,17,17,13,0 -> output: 560
input: 561 -> message: 28,14,28,23,30,30,0 -> output: 561
input: 562 -> message: 35,2,2,35,35,26,38,13,13,37,0 -> output: 562
input: 563 -> message: 6,14,3,22,34,13,13,13,34,0 -> output: 563
input: 564 -> message: 16,3,2,34,31,34,20,0 -> output: 564
input: 565 -> message: 32,27,27,27,35,35,17,36,21,0 -> output: 218
input: 566 -> message: 16,14,2,2,37,14,0 -> output: 566
input: 567 -> message: 35,2,17,29,0 -> output: 567
input: 568 -> message: 35,26,31,17,17,36,21,0 -> output: 568
input: 569 -> message: 26,14,33,3,10,2,31,17,13,36,0 -> output: 569
input: 570 -> message: 2,26,13,29,0 -> output: 570
input: 571 -> message: 6,28,28,23,30,18,30,27,23,27,30,0 -> output: 898
input: 572 -> message: 16,27,27,2,2,2,2,38,13,13,17,17,13,0 -> output: 572
input: 573 -> message: 6,23,23,23,23,23,30,30,30,30,30,30,30,30,30,30,30,30,30,30,30,30,0 -> output: 573
input: 574 -> message: 20,24,28,0 -> output: 574
input: 575 -> message: 2,37,14,14,33,0 -> output: 575
input: 576 -> message: 29,15,23,16,16,15,2,2,2,34,34,34,34,34,34,34,34,30,30,30,30,0 -> output: 576
input: 577 -> message: 2,2,30,30,0 -> output: 577
input: 578 -> message: 8,3,16,2,2,34,34,34,20,20,34,31,34,20,20,20,0 -> output: 578
input: 579 -> message: 6,37,28,0 -> output: 579
input: 580 -> message: 19,14,2,2,31,31,13,36,36,0 -> output: 580
input: 581 -> message: 2,14,14,28,0 -> output: 581
input: 582 -> message: 10,31,34,34,0 -> output: 582
input: 583 -> message: 16,35,2,34,29,0 -> output: 583
input: 584 -> message: 26,37,28,0 -> output: 584
input: 585 -> message: 27,26,26,24,9,18,0 -> output: 585
input: 586 -> message: 14,8,23,11,11,34,34,34,20,30,20,30,0 -> output: 586
input: 587 -> message: 16,2,38,13,29,0 -> output: 587
input: 588 -> message: 26,28,14,28,3,9,9,9,9,2,2,2,2,2,2,2,34,34,34,34,34,30,30,30,30,30,30,30,30,30 -> output: 569
input: 589 -> message: 10,17,17,29,0 -> output: 589
input: 590 -> message: 16,35,2,2,2,20,37,37,0 -> output: 590
input: 591 -> message: 2,6,6,13,29,0 -> output: 591
input: 592 -> message: 16,3,10,34,24,28,24,28,0 -> output: 592
input: 593 -> message: 27,26,24,0 -> output: 593
input: 594 -> message: 2,26,38,0 -> output: 594
input: 595 -> message: 2,37,30,14,0 -> output: 595
input: 596 -> message: 31,31,17,13,36,0 -> output: 554
input: 597 -> message: 2,26,34,24,0 -> output: 597
input: 598 -> message: 2,2,2,34,34,31,34,31,34,20,38,38,31,0 -> output: 598
input: 599 -> message: 1,2,2,26,26,13,36,0 -> output: 599
input: 600 -> message: 2,2,4,29,0 -> output: 600
input: 601 -> message: 16,3,26,13,29,0 -> output: 601
input: 602 -> message: 26,24,14,0 -> output: 602
input: 603 -> message: 15,16,11,16,2,35,2,34,2,34,31,34,38,38,13,0 -> output: 603
input: 604 -> message: 24,14,28,23,23,30,2,0 -> output: 604
input: 605 -> message: 35,26,31,13,36,0 -> output: 605
input: 606 -> message: 16,11,35,2,2,35,2,2,20,20,20,38,38,13,37,0 -> output: 606
input: 607 -> message: 31,24,28,0 -> output: 607
input: 608 -> message: 10,26,4,0 -> output: 608
input: 609 -> message: 2,26,37,37,0 -> output: 609
input: 610 -> message: 10,26,31,38,13,36,0 -> output: 390
input: 611 -> message: 2,31,31,31,13,13,36,0 -> output: 611
input: 612 -> message: 16,2,2,2,37,37,37,0 -> output: 612
input: 613 -> message: 27,35,31,31,13,0 -> output: 613
input: 614 -> message: 2,26,31,29,0 -> output: 614
input: 615 -> message: 8,8,27,16,11,2,2,2,2,35,34,34,34,34,34,34,34,20,20,30,30,30,30,30,30,30,30,0 -> output: 615
input: 616 -> message: 2,38,4,0 -> output: 616
input: 617 -> message: 2,6,4,0 -> output: 617
input: 618 -> message: 10,2,14,28,0 -> output: 618
input: 619 -> message: 6,31,17,36,21,0 -> output: 619
input: 620 -> message: 26,31,31,13,24,20,0 -> output: 620
input: 621 -> message: 10,31,13,29,0 -> output: 621
input: 622 -> message: 6,28,0 -> output: 622
input: 623 -> message: 10,38,24,0 -> output: 623
input: 624 -> message: 5,14,11,2,2,2,2,2,2,35,35,34,34,34,34,34,30,14,34,14,20,30,14,30,0 -> output: 624
input: 625 -> message: 27,35,20,38,38,4,0 -> output: 673
input: 626 -> message: 14,25,27,27,27,27,36,13,17,13,36,36,21,0 -> output: 626
input: 627 -> message: 16,27,2,2,2,2,2,2,34,34,34,34,34,34,31,34,31,34,20,20,20,0 -> output: 627
input: 628 -> message: 6,31,36,0 -> output: 628
input: 629 -> message: 2,2,2,38,4,0 -> output: 629
input: 630 -> message: 21,3,2,2,31,17,13,36,0 -> output: 630
input: 631 -> message: 33,14,3,2,31,31,31,13,13,36,0 -> output: 631
input: 632 -> message: 3,2,2,34,20,20,28,0 -> output: 632
input: 633 -> message: 2,2,2,2,38,38,4,0 -> output: 633
input: 634 -> message: 10,34,20,0 -> output: 634
input: 635 -> message: 2,2,38,38,29,0 -> output: 635
input: 636 -> message: 24,14,23,27,27,2,34,34,20,2,34,20,18,18,18,0 -> output: 636
input: 637 -> message: 35,2,34,38,38,4,0 -> output: 637
input: 638 -> message: 2,2,2,2,20,38,38,38,37,37,0 -> output: 638
input: 639 -> message: 6,37,29,0 -> output: 639
input: 640 -> message: 14,11,11,11,2,34,31,34,31,34,0 -> output: 640
input: 641 -> message: 24,33,23,3,34,34,20,20,20,20,20,23,0 -> output: 641
input: 642 -> message: 35,17,17,17,28,14,36,0 -> output: 642
input: 643 -> message: 24,9,34,18,0 -> output: 643
input: 644 -> message: 10,14,3,2,34,38,38,4,29,0 -> output: 644
input: 645 -> message: 27,2,2,37,29,0 -> output: 645
input: 646 -> message: 17,21,14,3,31,31,13,13,36,36,0 -> output: 646
input: 647 -> message: 2,2,2,26,38,38,13,29,0 -> output: 647
input: 648 -> message: 16,3,31,31,31,31,13,36,0 -> output: 648
input: 649 -> message: 5,30,9,8,15,27,11,2,2,2,2,2,34,34,2,2,34,34,34,34,34,34,34,34,20,20,20,30,18,30 -> output: 649
input: 650 -> message: 20,20,0 -> output: 650
input: 651 -> message: 16,3,2,34,2,34,30,0 -> output: 651
input: 652 -> message: 10,26,26,24,14,0 -> output: 652
input: 653 -> message: 6,13,36,0 -> output: 653
input: 654 -> message: 2,20,4,0 -> output: 654
input: 655 -> message: 2,24,24,30,0 -> output: 655
input: 656 -> message: 26,20,4,0 -> output: 656
input: 657 -> message: 20,20,38,4,0 -> output: 657
input: 658 -> message: 2,2,31,38,13,29,0 -> output: 658
input: 659 -> message: 2,38,38,38,29,29,0 -> output: 659
input: 660 -> message: 10,26,17,29,0 -> output: 660
input: 661 -> message: 5,2,2,2,2,2,35,2,26,26,26,26,38,13,13,13,36,0 -> output: 661
input: 662 -> message: 24,15,16,3,2,2,2,2,2,2,2,2,34,2,34,35,2,31,34,31,34,20,20,4,0 -> output: 662
input: 663 -> message: 10,2,2,30,14,0 -> output: 663
input: 664 -> message: 9,27,27,38,31,17,13,36,36,0 -> output: 664
input: 665 -> message: 5,3,3,2,2,2,2,2,2,2,2,2,2,2,2,2,34,34,2,2,2,34,34,30,34,34,20,30,34,20 -> output: 665
input: 666 -> message: 2,2,13,13,13,36,0 -> output: 658
input: 667 -> message: 2,2,2,30,14,30,0 -> output: 667
input: 668 -> message: 26,34,34,0 -> output: 668
input: 669 -> message: 16,14,2,2,2,2,2,20,34,34,20,38,38,38,0 -> output: 669
input: 670 -> message: 24,8,8,15,3,27,27,3,2,2,2,2,2,2,34,34,34,34,2,34,20,34,34,20,2,34,20,20,34,20 -> output: 929
input: 671 -> message: 2,30,37,37,37,0 -> output: 671
input: 672 -> message: 10,2,38,38,29,0 -> output: 672
input: 673 -> message: 27,35,34,38,38,4,13,0 -> output: 673
input: 674 -> message: 6,13,0 -> output: 674
input: 675 -> message: 35,2,34,38,4,0 -> output: 675
input: 676 -> message: 2,26,31,36,36,0 -> output: 676
input: 677 -> message: 35,2,31,38,38,0 -> output: 677
input: 678 -> message: 26,14,3,2,2,34,31,34,20,20,13,0 -> output: 678
input: 679 -> message: 10,34,18,0 -> output: 679
input: 680 -> message: 6,37,37,37,0 -> output: 680
input: 681 -> message: 6,17,36,14,0 -> output: 681
input: 682 -> message: 1,2,6,24,23,23,23,23,23,30,30,30,30,30,30,30,30,30,30,30,30,30,30,30,30,30,30,30,0 -> output: 682
input: 683 -> message: 10,24,9,37,30,14,0 -> output: 683
input: 684 -> message: 20,4,0 -> output: 684
input: 685 -> message: 10,34,4,0 -> output: 685
input: 686 -> message: 7,14,14,2,2,35,2,2,20,2,20,14,37,0 -> output: 686
input: 687 -> message: 8,11,35,2,35,2,35,34,34,34,20,31,34,20,0 -> output: 687
input: 688 -> message: 16,35,35,2,2,2,2,14,37,0 -> output: 688
input: 689 -> message: 2,2,2,34,38,38,4,0 -> output: 689
input: 690 -> message: 6,28,37,0 -> output: 690
input: 691 -> message: 31,29,29,23,23,3,23,11,9,16,2,2,2,2,2,34,34,20,30,20,30,30,0 -> output: 691
input: 692 -> message: 14,3,3,16,16,2,2,34,31,34,34,20,20,24,0 -> output: 692
input: 693 -> message: 7,9,9,9,0 -> output: 693
input: 694 -> message: 10,2,2,29,29,0 -> output: 694
input: 695 -> message: 27,31,17,17,36,14,36,0 -> output: 695
input: 696 -> message: 16,27,35,38,13,0 -> output: 696
input: 697 -> message: 19,14,2,2,35,2,34,31,34,20,20,20,0 -> output: 697
input: 698 -> message: 2,20,29,0 -> output: 698
input: 699 -> message: 20,31,38,29,0 -> output: 699
input: 700 -> message: 35,31,31,13,36,0 -> output: 700
input: 701 -> message: 16,35,34,31,34,34,0 -> output: 701
input: 702 -> message: 24,14,8,8,15,27,27,27,27,27,34,2,2,2,2,2,34,34,34,34,34,30,18,30,18,18,30,0 -> output: 702
input: 703 -> message: 16,35,2,2,35,35,20,38,38,38,38,13,0 -> output: 703
input: 704 -> message: 6,14,25,3,34,34,18,0 -> output: 704
input: 705 -> message: 5,2,2,2,2,2,2,35,20,20,20,20,37,37,37,0 -> output: 705
input: 706 -> message: 14,8,11,11,2,2,35,2,34,34,34,34,34,20,20,30,20,30,20,30,0 -> output: 706
input: 707 -> message: 24,2,30,30,30,0 -> output: 707
input: 708 -> message: 10,17,29,0 -> output: 708
input: 709 -> message: 35,2,38,13,29,0 -> output: 709
input: 710 -> message: 16,16,2,2,2,2,2,2,2,35,34,2,34,38,38,38,38,4,0 -> output: 710
input: 711 -> message: 32,2,2,2,2,35,34,31,31,13,13,13,0 -> output: 711
input: 712 -> message: 2,2,26,13,17,13,36,14,0 -> output: 712
input: 713 -> message: 7,14,14,14,28,14,0 -> output: 713
input: 714 -> message: 8,27,27,27,11,11,11,35,11,35,34,34,34,34,20,20,34,20,20,20,0 -> output: 714
input: 715 -> message: 2,2,38,4,0 -> output: 715
input: 716 -> message: 17,14,37,37,0 -> output: 716
input: 717 -> message: 24,17,5,14,22,30,16,2,2,34,34,20,20,20,0 -> output: 717
input: 718 -> message: 6,17,17,36,36,0 -> output: 718
input: 719 -> message: 34,38,29,0 -> output: 719
input: 720 -> message: 3,2,20,38,38,38,0 -> output: 985
input: 721 -> message: 8,27,27,27,27,36,35,36,36,6,17,17,13,36,0 -> output: 721
input: 722 -> message: 15,15,11,16,2,2,2,35,2,2,35,2,34,38,38,38,38,38,38,38,38,0 -> output: 722
input: 723 -> message: 32,35,2,2,2,20,38,38,18,0 -> output: 723
input: 724 -> message: 16,3,2,26,31,17,13,36,0 -> output: 724
input: 725 -> message: 2,2,34,38,38,38,4,0 -> output: 725
input: 726 -> message: 35,2,14,14,14,30,14,24,0 -> output: 726
input: 727 -> message: 3,2,2,2,31,17,13,36,0 -> output: 727
input: 728 -> message: 2,26,26,24,0 -> output: 728
input: 729 -> message: 2,2,2,37,37,37,0 -> output: 729
input: 730 -> message: 6,2,17,17,17,13,36,0 -> output: 730
input: 731 -> message: 6,37,28,0 -> output: 579
input: 732 -> message: 26,38,29,0 -> output: 732
input: 733 -> message: 26,13,29,0 -> output: 733
input: 734 -> message: 20,28,0 -> output: 734
input: 735 -> message: 8,27,27,27,11,11,35,34,34,34,34,34,20,30,4,30,0 -> output: 714
input: 736 -> message: 2,26,24,0 -> output: 736
input: 737 -> message: 26,6,29,0 -> output: 737
input: 738 -> message: 31,31,29,29,0 -> output: 738
input: 739 -> message: 31,31,17,14,14,23,23,23,30,30,30,30,30,30,30,30,30,30,30,30,30,30,30,30,30,30,30,30,30,30 -> output: 554
input: 740 -> message: 6,28,23,23,30,30,30,30,30,30,30,30,30,30,30,30,30,30,30,30,30,30,30,30,30,30,0 -> output: 740
input: 741 -> message: 33,33,3,10,2,2,31,17,29,13,0 -> output: 741
input: 742 -> message: 2,2,14,14,28,0 -> output: 742
input: 743 -> message: 24,14,14,2,3,2,34,31,13,13,13,13,13,13,36,0 -> output: 743
input: 744 -> message: 2,2,20,14,0 -> output: 744
input: 745 -> message: 6,24,9,18,23,18,9,0 -> output: 573
input: 746 -> message: 28,23,23,23,30,30,30,30,30,30,30,30,30,30,30,30,30,30,30,30,30,30,30,30,30,30,30,30,30,30 -> output: 746
input: 747 -> message: 2,26,38,24,0 -> output: 747
input: 748 -> message: 16,34,31,24,0 -> output: 748
input: 749 -> message: 7,28,0 -> output: 749
input: 750 -> message: 6,2,26,17,17,13,36,0 -> output: 750
input: 751 -> message: 2,2,2,2,2,38,38,38,4,0 -> output: 751
input: 752 -> message: 14,2,2,2,2,2,2,35,2,34,2,2,34,34,34,34,34,34,20,20,20,20,37,4,0 -> output: 752
input: 753 -> message: 2,2,20,20,30,30,0 -> output: 753
input: 754 -> message: 24,9,9,9,9,9,2,2,2,2,2,2,2,2,2,34,34,34,34,34,30,30,30,30,30,30,30,30,30,30 -> output: 754
input: 755 -> message: 35,31,38,0 -> output: 755
input: 756 -> message: 8,3,2,2,2,34,34,31,34,31,13,13,13,13,20,20,20,30,0 -> output: 756
input: 757 -> message: 35,2,37,37,37,37,0 -> output: 757
input: 758 -> message: 35,2,2,2,35,35,2,2,2,37,37,37,37,0 -> output: 758
input: 759 -> message: 35,26,31,17,13,36,0 -> output: 759
input: 760 -> message: 28,1,2,2,2,2,2,2,2,35,2,35,2,14,34,14,38,13,13,13,0 -> output: 760
input: 761 -> message: 6,13,29,0 -> output: 761
input: 762 -> message: 24,1,2,2,2,2,34,34,34,34,34,34,20,30,20,4,0 -> output: 762
input: 763 -> message: 10,14,2,2,2,31,13,17,13,36,0 -> output: 763
input: 764 -> message: 16,2,2,2,35,2,2,38,38,13,37,0 -> output: 764
input: 765 -> message: 33,27,27,27,16,27,27,35,38,38,38,38,29,29,36,0 -> output: 765
input: 766 -> message: 16,27,35,2,2,2,38,37,37,0 -> output: 766
input: 767 -> message: 14,35,2,34,31,13,13,17,13,36,0 -> output: 767
input: 768 -> message: 2,37,29,0 -> output: 768
input: 769 -> message: 26,28,2,2,2,2,2,2,2,20,37,37,37,0 -> output: 769
input: 770 -> message: 29,29,23,0 -> output: 770
input: 771 -> message: 31,4,29,23,23,3,3,30,30,30,25,2,34,20,30,4,30,0 -> output: 771
input: 772 -> message: 2,2,2,35,35,20,38,38,38,13,37,0 -> output: 772
input: 773 -> message: 10,36,0 -> output: 773
input: 774 -> message: 5,14,3,2,2,2,11,31,31,31,31,31,13,13,36,24,0 -> output: 774
input: 775 -> message: 28,0 -> output: 775
input: 776 -> message: 24,14,3,2,2,34,34,34,20,20,20,20,20,0 -> output: 776
input: 777 -> message: 27,20,38,38,0 -> output: 777
input: 778 -> message: 5,6,3,2,2,34,38,38,13,29,0 -> output: 778
input: 779 -> message: 16,20,38,4,0 -> output: 779
input: 780 -> message: 2,20,37,37,0 -> output: 780
input: 781 -> message: 2,2,4,0 -> output: 781
input: 782 -> message: 8,35,27,11,35,35,17,13,17,13,36,0 -> output: 782
input: 783 -> message: 35,2,35,35,20,38,38,38,38,18,0 -> output: 783
input: 784 -> message: 28,2,2,2,2,37,37,37,37,37,0 -> output: 784
input: 785 -> message: 26,34,34,24,0 -> output: 785
input: 786 -> message: 35,26,17,13,36,0 -> output: 786
input: 787 -> message: 5,14,8,3,3,2,2,2,2,34,34,34,34,20,20,20,20,20,20,20,20,20,20,30,0 -> output: 787
input: 788 -> message: 2,2,2,13,13,37,0 -> output: 788
input: 789 -> message: 35,2,4,0 -> output: 789
input: 790 -> message: 35,2,2,38,38,38,29,37,0 -> output: 790
input: 791 -> message: 2,6,38,38,4,0 -> output: 791
input: 792 -> message: 35,2,2,20,20,20,38,38,4,0 -> output: 792
input: 793 -> message: 3,20,31,4,0 -> output: 793
input: 794 -> message: 2,2,2,34,24,20,28,0 -> output: 794
input: 795 -> message: 8,3,16,11,2,2,2,35,34,34,34,34,34,34,34,34,34,34,34,34,2,2,34,20,20,20,20,30,20,30 -> output: 795
input: 796 -> message: 2,2,13,17,36,14,0 -> output: 796
input: 797 -> message: 7,29,29,0 -> output: 797
input: 798 -> message: 27,31,38,24,23,34,2,0 -> output: 798
input: 799 -> message: 35,2,34,38,38,38,4,37,0 -> output: 799
input: 800 -> message: 27,6,38,29,0 -> output: 800
input: 801 -> message: 2,34,38,38,4,0 -> output: 801
input: 802 -> message: 16,27,27,2,34,34,20,20,30,0 -> output: 802
input: 803 -> message: 24,32,33,3,2,34,2,34,24,30,14,0 -> output: 279
input: 804 -> message: 27,27,27,35,35,17,17,17,36,36,0 -> output: 401
input: 805 -> message: 2,30,14,0 -> output: 805
input: 806 -> message: 5,2,2,2,2,2,2,2,2,34,38,38,31,31,13,13,0 -> output: 806
input: 807 -> message: 29,23,3,23,16,30,34,34,2,34,2,30,30,0 -> output: 807
input: 808 -> message: 2,2,2,20,20,30,14,0 -> output: 808
input: 809 -> message: 34,13,0 -> output: 809
input: 810 -> message: 26,31,13,29,29,0 -> output: 810
input: 811 -> message: 17,17,17,17,17,13,36,14,36,0 -> output: 811
input: 812 -> message: 27,35,26,38,13,29,0 -> output: 812
input: 813 -> message: 2,4,29,0 -> output: 813
input: 814 -> message: 2,26,13,0 -> output: 814
input: 815 -> message: 38,4,0 -> output: 815
input: 816 -> message: 8,27,8,11,2,2,2,2,2,2,35,35,35,2,34,34,34,34,34,20,20,20,20,34,20,30,14,4,0 -> output: 816
input: 817 -> message: 10,31,4,0 -> output: 817
input: 818 -> message: 10,37,37,37,0 -> output: 818
input: 819 -> message: 34,38,0 -> output: 819
input: 820 -> message: 16,11,2,26,31,17,17,13,36,14,36,0 -> output: 820
input: 821 -> message: 5,27,27,27,35,35,17,17,13,36,14,36,0 -> output: 821
input: 822 -> message: 2,28,28,23,30,30,27,27,27,27,30,35,30,32,35,2,14,2,30,14,30,0 -> output: 822
input: 823 -> message: 35,2,17,13,36,0 -> output: 823
input: 824 -> message: 6,34,4,0 -> output: 824
input: 825 -> message: 1,27,35,2,2,2,35,34,31,38,38,13,13,13,36,36,0 -> output: 825
input: 826 -> message: 6,4,0 -> output: 826
input: 827 -> message: 10,14,2,35,35,2,38,38,38,38,37,0 -> output: 827
input: 828 -> message: 3,15,3,15,3,15,3,15,2,2,2,2,2,2,2,34,31,31,34,20,20,4,0 -> output: 828
input: 829 -> message: 2,2,2,20,38,38,38,37,37,0 -> output: 829
input: 830 -> message: 27,35,6,17,36,14,36,0 -> output: 830
input: 831 -> message: 27,2,31,31,13,36,0 -> output: 831
input: 832 -> message: 19,30,14,37,14,0 -> output: 832
input: 833 -> message: 2,2,34,38,13,29,0 -> output: 833
input: 834 -> message: 10,26,0 -> output: 834
input: 835 -> message: 16,35,2,2,13,37,0 -> output: 835
input: 836 -> message: 35,35,17,17,17,17,14,36,31,31,13,17,36,14,0 -> output: 836
input: 837 -> message: 2,20,20,20,0 -> output: 837
input: 838 -> message: 10,31,31,24,0 -> output: 838
input: 839 -> message: 6,14,28,0 -> output: 839
input: 840 -> message: 6,29,13,23,3,23,34,30,30,36,30,0 -> output: 840
input: 841 -> message: 29,15,3,15,11,2,2,2,2,2,2,34,34,2,2,34,2,34,34,34,34,34,20,30,20,30,0 -> output: 841
input: 842 -> message: 10,1,27,27,2,2,2,2,2,2,38,37,37,37,0 -> output: 842
input: 843 -> message: 26,34,0 -> output: 843
input: 844 -> message: 24,9,30,30,0 -> output: 844
input: 845 -> message: 35,2,2,17,17,17,14,0 -> output: 845
input: 846 -> message: 10,20,20,0 -> output: 846
input: 847 -> message: 37,14,37,37,37,0 -> output: 847
input: 848 -> message: 24,32,28,30,30,0 -> output: 848
input: 849 -> message: 24,14,23,3,2,34,18,18,18,18,0 -> output: 849
input: 850 -> message: 31,34,34,20,20,0 -> output: 850
input: 851 -> message: 32,8,8,27,27,27,16,27,34,34,34,34,34,20,20,4,24,0 -> output: 851
input: 852 -> message: 2,14,28,28,23,30,30,2,30,2,2,2,2,2,2,2,2,2,2,2,30,30,30,30,30,30,30,30,30,30 -> output: 852
input: 853 -> message: 5,33,3,2,2,2,2,34,34,34,20,20,20,20,20,20,20,14,0 -> output: 853
input: 854 -> message: 8,8,8,15,27,27,2,2,2,2,34,35,2,34,34,34,20,20,20,20,0 -> output: 854
input: 855 -> message: 27,31,31,13,29,0 -> output: 855
input: 856 -> message: 10,2,17,29,0 -> output: 856
input: 857 -> message: 27,35,2,6,29,0 -> output: 857
input: 858 -> message: 34,31,24,0 -> output: 858
input: 859 -> message: 35,2,2,35,35,38,38,38,13,37,0 -> output: 859
input: 860 -> message: 34,4,0 -> output: 860
input: 861 -> message: 2,2,13,13,29,0 -> output: 861
input: 862 -> message: 16,27,2,31,31,17,13,36,0 -> output: 862
input: 863 -> message: 37,28,0 -> output: 863
input: 864 -> message: 20,38,38,0 -> output: 864
input: 865 -> message: 5,1,2,2,2,2,35,26,26,26,26,38,38,13,13,0 -> output: 865
input: 866 -> message: 35,2,2,2,35,20,20,20,20,20,20,20,20,0 -> output: 866
input: 867 -> message: 24,9,16,2,2,2,34,34,34,34,20,20,20,30,0 -> output: 867
input: 868 -> message: 8,11,11,2,2,2,35,34,34,34,34,34,34,34,34,20,30,20,30,30,30,30,0 -> output: 868
input: 869 -> message: 10,20,29,0 -> output: 869
input: 870 -> message: 31,34,20,0 -> output: 870
input: 871 -> message: 14,33,27,27,35,36,17,17,17,36,14,36,0 -> output: 871
input: 872 -> message: 2,2,2,26,37,13,37,0 -> output: 901
input: 873 -> message: 34,38,4,0 -> output: 873
input: 874 -> message: 2,20,28,0 -> output: 874
input: 875 -> message: 19,14,28,28,14,0 -> output: 875
input: 876 -> message: 35,2,2,2,20,38,37,0 -> output: 876
input: 877 -> message: 8,35,35,35,35,35,26,36,25,16,3,17,17,14,36,3,11,36,31,17,17,36,14,36,0 -> output: 877
input: 878 -> message: 3,2,2,20,34,34,20,20,20,20,20,20,0 -> output: 878
input: 879 -> message: 31,31,29,0 -> output: 879
input: 880 -> message: 14,8,3,27,16,11,11,35,34,34,34,34,34,34,20,20,20,20,20,0 -> output: 880
input: 881 -> message: 14,27,27,35,35,17,13,36,36,21,0 -> output: 881
input: 882 -> message: 16,35,20,34,24,0 -> output: 882
input: 883 -> message: 13,15,27,27,27,16,16,11,11,15,34,34,34,34,34,34,34,34,34,34,34,20,20,20,20,20,14,0 -> output: 883
input: 884 -> message: 12,14,25,3,3,15,15,15,27,31,31,34,31,31,31,13,17,13,14,0 -> output: 884
input: 885 -> message: 16,35,35,35,38,13,14,0 -> output: 885
input: 886 -> message: 16,3,2,34,4,0 -> output: 886
input: 887 -> message: 19,2,14,14,37,37,14,0 -> output: 887
input: 888 -> message: 7,28,14,28,23,3,9,30,30,30,30,30,30,30,30,30,30,30,30,30,30,30,30,30,30,30,30,30,0 -> output: 888
input: 889 -> message: 8,3,2,2,2,2,2,35,34,34,20,34,20,20,30,20,30,0 -> output: 889
input: 890 -> message: 32,8,27,27,16,2,34,34,34,38,38,38,4,13,0 -> output: 386
input: 891 -> message: 7,20,37,37,0 -> output: 891
input: 892 -> message: 2,20,38,13,29,0 -> output: 892
input: 893 -> message: 2,2,2,2,2,35,2,20,20,34,34,34,20,30,14,0 -> output: 893
input: 894 -> message: 10,3,37,2,2,2,30,14,0 -> output: 894
input: 895 -> message: 10,31,38,38,29,0 -> output: 895
input: 896 -> message: 2,2,2,2,2,2,2,2,20,6,6,38,18,0 -> output: 297
input: 897 -> message: 1,33,35,2,2,2,38,38,38,38,4,29,14,0 -> output: 897
input: 898 -> message: 6,28,23,23,30,30,30,30,27,30,30,30,30,30,30,30,0 -> output: 898
input: 899 -> message: 5,8,27,27,27,11,11,27,11,11,11,11,34,13,38,13,13,13,13,13,13,13,0 -> output: 899
input: 900 -> message: 37,14,0 -> output: 900
input: 901 -> message: 2,2,2,26,37,37,37,0 -> output: 901
input: 902 -> message: 35,31,31,17,29,0 -> output: 902
input: 903 -> message: 35,31,31,31,31,17,17,13,29,0 -> output: 903
input: 904 -> message: 27,31,31,17,17,36,17,36,14,36,21,13,17,17,36,14,36,0 -> output: 904
input: 905 -> message: 8,2,34,31,31,34,31,24,20,20,0 -> output: 905
input: 906 -> message: 2,37,37,13,37,0 -> output: 906
input: 907 -> message: 2,20,4,29,0 -> output: 907
input: 908 -> message: 37,29,0 -> output: 908
input: 909 -> message: 24,23,3,2,2,2,2,2,34,20,20,30,30,30,30,30,30,30,30,30,0 -> output: 909
input: 910 -> message: 26,24,28,0 -> output: 910
input: 911 -> message: 35,3,2,2,2,35,31,13,13,13,17,13,36,0 -> output: 911
input: 912 -> message: 35,31,38,29,0 -> output: 912
input: 913 -> message: 6,14,22,22,38,13,13,29,0 -> output: 913
input: 914 -> message: 15,27,27,27,2,2,2,2,2,35,2,34,2,34,38,38,38,20,20,0 -> output: 914
input: 915 -> message: 7,14,28,2,2,2,2,2,2,34,2,34,34,34,34,20,37,30,18,18,18,0 -> output: 915
input: 916 -> message: 6,31,13,36,36,0 -> output: 916
input: 917 -> message: 2,35,30,30,14,0 -> output: 917
input: 918 -> message: 6,31,17,29,0 -> output: 918
input: 919 -> message: 14,8,8,27,16,2,2,35,11,35,34,34,34,34,34,34,34,34,34,20,20,30,20,30,20,0 -> output: 919
input: 920 -> message: 14,16,16,27,16,11,11,2,2,38,38,38,24,14,0 -> output: 920
input: 921 -> message: 35,2,26,20,38,13,29,0 -> output: 921
input: 922 -> message: 35,2,2,13,29,0 -> output: 922
input: 923 -> message: 2,2,2,38,38,37,0 -> output: 923
input: 924 -> message: 35,14,37,37,0 -> output: 924
input: 925 -> message: 26,28,28,23,23,30,0 -> output: 925
input: 926 -> message: 5,14,2,2,2,2,38,38,37,0 -> output: 926
input: 927 -> message: 8,2,2,2,2,2,20,20,34,34,34,34,34,34,20,20,30,20,30,0 -> output: 927
input: 928 -> message: 24,15,15,15,27,27,27,16,16,16,16,15,35,11,11,16,15,16,24,34,34,2,24,30,14,24,0 -> output: 928
input: 929 -> message: 24,9,8,15,23,16,2,2,2,2,2,34,34,34,34,2,2,34,34,34,34,30,18,30,0 -> output: 929
input: 930 -> message: 10,34,34,24,20,0 -> output: 930
input: 931 -> message: 16,16,35,35,31,31,17,17,36,14,0 -> output: 931
input: 932 -> message: 31,13,29,0 -> output: 932
input: 933 -> message: 37,37,37,0 -> output: 933
input: 934 -> message: 16,16,2,2,2,2,24,30,14,0 -> output: 934
input: 935 -> message: 2,35,35,35,26,31,17,17,13,36,0 -> output: 935
input: 936 -> message: 2,34,13,29,0 -> output: 936
input: 937 -> message: 2,2,30,30,30,30,0 -> output: 937
input: 938 -> message: 7,30,14,28,0 -> output: 938
input: 939 -> message: 27,2,2,2,6,37,28,0 -> output: 939
input: 940 -> message: 10,29,29,14,23,3,9,9,32,27,2,2,2,34,20,30,30,30,30,30,30,30,30,30,0 -> output: 940
input: 941 -> message: 31,31,31,13,36,0 -> output: 941
input: 942 -> message: 27,2,17,17,29,14,36,0 -> output: 942
input: 943 -> message: 2,2,6,37,0 -> output: 234
input: 944 -> message: 16,3,27,16,2,2,2,2,34,2,38,38,38,4,13,0 -> output: 944
input: 945 -> message: 2,26,34,0 -> output: 945
input: 946 -> message: 35,2,2,2,35,2,34,2,34,34,14,34,37,30,0 -> output: 946
input: 947 -> message: 6,37,37,37,37,37,0 -> output: 947
input: 948 -> message: 31,17,17,17,14,36,3,11,2,31,31,13,36,36,0 -> output: 948
input: 949 -> message: 9,2,31,13,29,0 -> output: 949
input: 950 -> message: 2,2,2,6,13,37,0 -> output: 950
input: 951 -> message: 2,2,2,6,14,0 -> output: 951
input: 952 -> message: 26,14,3,3,16,16,31,31,13,13,36,13,36,36,0 -> output: 952
input: 953 -> message: 26,34,4,0 -> output: 953
input: 954 -> message: 14,11,35,2,2,34,34,34,34,34,34,34,34,34,34,34,20,20,20,20,20,30,0 -> output: 954
input: 955 -> message: 2,20,14,0 -> output: 955
input: 956 -> message: 2,26,4,0 -> output: 956
input: 957 -> message: 8,11,11,11,11,11,11,34,34,31,34,31,34,31,34,31,34,20,24,20,0 -> output: 957
input: 958 -> message: 35,34,34,20,20,20,0 -> output: 519
input: 959 -> message: 34,31,0 -> output: 959
input: 960 -> message: 2,2,38,38,4,29,0 -> output: 960
input: 961 -> message: 8,8,8,8,8,27,27,27,27,27,27,27,11,8,34,34,34,34,34,34,20,20,4,24,20,20,20,0 -> output: 854
input: 962 -> message: 10,34,0 -> output: 962
input: 963 -> message: 2,2,2,2,35,2,20,20,38,38,38,38,18,14,0 -> output: 545
input: 964 -> message: 2,2,20,38,37,0 -> output: 964
input: 965 -> message: 2,37,4,0 -> output: 965
input: 966 -> message: 31,34,29,0 -> output: 966
input: 967 -> message: 6,37,0 -> output: 967
input: 968 -> message: 14,3,3,11,2,2,31,31,13,13,36,36,0 -> output: 968
input: 969 -> message: 19,8,8,8,27,27,27,11,11,16,16,34,34,34,34,34,20,20,20,20,20,0 -> output: 969
input: 970 -> message: 6,28,18,0 -> output: 970
input: 971 -> message: 7,23,23,23,30,30,30,30,30,27,27,30,30,30,30,30,30,30,30,30,30,30,0 -> output: 971
input: 972 -> message: 34,20,20,20,20,0 -> output: 972
input: 973 -> message: 2,35,35,34,38,38,4,13,0 -> output: 973
input: 974 -> message: 6,20,20,18,0 -> output: 974
input: 975 -> message: 35,2,2,2,26,38,13,37,0 -> output: 975
input: 976 -> message: 16,2,17,29,0 -> output: 976
input: 977 -> message: 2,2,20,38,38,38,38,37,37,0 -> output: 829
input: 978 -> message: 35,35,31,31,31,17,13,36,0 -> output: 978
input: 979 -> message: 16,2,2,37,0 -> output: 979
input: 980 -> message: 10,4,0 -> output: 980
input: 981 -> message: 24,9,2,2,2,2,34,24,20,30,30,0 -> output: 981
input: 982 -> message: 2,20,4,4,0 -> output: 982
input: 983 -> message: 14,3,27,16,11,11,11,2,2,34,31,34,31,13,13,13,13,13,24,20,0 -> output: 983
input: 984 -> message: 37,14,14,28,3,2,2,34,34,20,14,24,0 -> output: 984
input: 985 -> message: 3,2,2,38,38,13,13,13,36,0 -> output: 985
input: 986 -> message: 28,28,23,23,18,18,30,30,30,30,30,30,30,30,30,0 -> output: 986
input: 987 -> message: 7,29,28,23,23,23,30,30,0 -> output: 987
input: 988 -> message: 2,2,20,38,38,38,20,0 -> output: 988
input: 989 -> message: 19,11,2,2,2,31,31,17,13,36,36,0 -> output: 989
input: 990 -> message: 16,2,26,17,29,0 -> output: 990
input: 991 -> message: 34,31,4,0 -> output: 991
input: 992 -> message: 16,2,2,26,17,13,29,0 -> output: 992
input: 993 -> message: 6,14,28,14,25,0 -> output: 993
input: 994 -> message: 16,2,34,31,31,31,13,13,0 -> output: 994
input: 995 -> message: 24,30,0 -> output: 995
input: 996 -> message: 6,25,23,23,23,23,30,30,30,30,30,30,0 -> output: 996
input: 997 -> message: 20,20,4,0 -> output: 997
input: 998 -> message: 26,37,0 -> output: 998
input: 999 -> message: 31,24,29,0 -> output: 999
{"powerlaw": 0.99427330493927, "unif": 0.973}
Epoch: 401
{"powerlaw": 0.9884739518165588, "unif": 0.962}
Epoch: 402
{"powerlaw": 0.9917901754379272, "unif": 0.964}
Epoch: 403
{"powerlaw": 0.9888216853141785, "unif": 0.94}
Epoch: 404
{"powerlaw": 0.9888863563537598, "unif": 0.946}
Epoch: 405
{"powerlaw": 0.9907734394073486, "unif": 0.954}
Epoch: 406
{"powerlaw": 0.9869346022605896, "unif": 0.939}
Epoch: 407
{"powerlaw": 0.9875109791755676, "unif": 0.945}
Epoch: 408
{"powerlaw": 0.9938392043113708, "unif": 0.972}
Epoch: 409
{"powerlaw": 0.9929064512252808, "unif": 0.964}
Epoch: 410
{"powerlaw": 0.9939480423927307, "unif": 0.971}
Epoch: 411
{"powerlaw": 0.9918538928031921, "unif": 0.961}
Epoch: 412
{"powerlaw": 0.980431318283081, "unif": 0.923}
Epoch: 413
{"powerlaw": 0.9902264475822449, "unif": 0.951}
Epoch: 414
{"powerlaw": 0.9951346516609192, "unif": 0.975}
Epoch: 415
{"powerlaw": 0.9956333041191101, "unif": 0.979}
Epoch: 416
{"powerlaw": 0.9964581727981567, "unif": 0.981}
Epoch: 417
{"powerlaw": 0.9946709871292114, "unif": 0.973}
Epoch: 418
{"powerlaw": 0.9928076267242432, "unif": 0.964}
Epoch: 419
{"powerlaw": 0.9908028244972229, "unif": 0.96}
Epoch: 420
{"powerlaw": 0.9837301969528198, "unif": 0.934}
Epoch: 421
{"powerlaw": 0.9872772693634033, "unif": 0.947}
Epoch: 422
{"powerlaw": 0.9877084493637085, "unif": 0.949}
Epoch: 423
{"powerlaw": 0.9876412153244019, "unif": 0.944}
Epoch: 424
{"powerlaw": 0.9924348592758179, "unif": 0.96}
Epoch: 425
{"powerlaw": 0.9943088889122009, "unif": 0.974}
Epoch: 426
{"powerlaw": 0.9905020594596863, "unif": 0.965}
Epoch: 427
{"powerlaw": 0.9957037568092346, "unif": 0.979}
Epoch: 428
{"powerlaw": 0.9898135662078857, "unif": 0.958}
Epoch: 429
{"powerlaw": 0.9850250482559204, "unif": 0.934}
Epoch: 430
{"powerlaw": 0.9880956411361694, "unif": 0.948}
Epoch: 431
{"powerlaw": 0.9933590292930603, "unif": 0.969}
Epoch: 432
{"powerlaw": 0.9953002333641052, "unif": 0.978}
Epoch: 433
{"powerlaw": 0.9964866638183594, "unif": 0.981}
Epoch: 434
{"powerlaw": 0.9914341568946838, "unif": 0.952}
Epoch: 435
{"powerlaw": 0.9941056966781616, "unif": 0.974}
Epoch: 436
{"powerlaw": 0.9946765899658203, "unif": 0.975}
Epoch: 437
{"powerlaw": 0.9923267960548401, "unif": 0.964}
Epoch: 438
{"powerlaw": 0.9923745393753052, "unif": 0.961}
Epoch: 439
{"powerlaw": 0.9966259002685547, "unif": 0.98}
Epoch: 440
{"powerlaw": 0.9890176653862, "unif": 0.952}
Epoch: 441
{"powerlaw": 0.9909062385559082, "unif": 0.955}
Epoch: 442
{"powerlaw": 0.9942728877067566, "unif": 0.972}
Epoch: 443
{"powerlaw": 0.994216799736023, "unif": 0.973}
Epoch: 444
{"powerlaw": 0.9948045611381531, "unif": 0.974}
Epoch: 445
{"powerlaw": 0.9972922205924988, "unif": 0.986}
Epoch: 446
{"powerlaw": 0.9973574280738831, "unif": 0.986}
Epoch: 447
{"powerlaw": 0.9985305666923523, "unif": 0.992}
Epoch: 448
{"powerlaw": 0.9934345483779907, "unif": 0.972}
Epoch: 449
{"powerlaw": 0.9940983057022095, "unif": 0.969}
Epoch: 450
input: 0 -> message: 1,27,15,27,11,35,2,2,34,13,13,14,0 -> output: 0
input: 1 -> message: 17,17,0 -> output: 1
input: 2 -> message: 27,26,36,0 -> output: 2
input: 3 -> message: 17,17,36,0 -> output: 3
input: 4 -> message: 15,27,27,35,31,13,36,0 -> output: 4
input: 5 -> message: 17,17,29,0 -> output: 5
input: 6 -> message: 17,36,0 -> output: 6
input: 7 -> message: 17,13,0 -> output: 7
input: 8 -> message: 17,13,13,0 -> output: 8
input: 9 -> message: 17,36,36,0 -> output: 9
input: 10 -> message: 0 -> output: 10
input: 11 -> message: 6,36,0 -> output: 11
input: 12 -> message: 17,11,11,2,38,13,0 -> output: 12
input: 13 -> message: 17,3,3,16,2,2,35,2,31,13,13,0 -> output: 13
input: 14 -> message: 17,0 -> output: 14
input: 15 -> message: 17,17,13,14,22,27,31,31,13,36,0 -> output: 15
input: 16 -> message: 16,2,14,0 -> output: 16
input: 17 -> message: 17,29,0 -> output: 17
input: 18 -> message: 27,27,35,35,2,35,2,34,2,34,31,13,0 -> output: 18
input: 19 -> message: 24,35,35,2,2,2,2,37,14,14,0 -> output: 19
input: 20 -> message: 2,31,36,0 -> output: 20
input: 21 -> message: 27,35,26,29,0 -> output: 21
input: 22 -> message: 16,27,16,36,36,36,0 -> output: 22
input: 23 -> message: 15,27,27,35,2,2,2,6,13,29,0 -> output: 23
input: 24 -> message: 17,17,36,14,0 -> output: 24
input: 25 -> message: 2,31,0 -> output: 25
input: 26 -> message: 24,16,11,35,2,2,34,13,13,0 -> output: 26
input: 27 -> message: 31,15,15,15,16,16,16,2,2,2,31,13,13,0 -> output: 27
input: 28 -> message: 5,30,37,14,20,14,28,0 -> output: 28
input: 29 -> message: 17,13,36,0 -> output: 29
input: 30 -> message: 31,31,34,34,24,30,30,30,30,30,30,30,30,30,30,30,30,30,30,30,30,30,30,30,30,30,30,30,30,30 -> output: 30
input: 31 -> message: 15,11,2,2,2,34,34,13,13,13,0 -> output: 31
input: 32 -> message: 1,2,2,2,26,31,17,13,36,0 -> output: 32
input: 33 -> message: 2,3,3,16,2,2,2,2,34,13,13,0 -> output: 33
input: 34 -> message: 13,36,0 -> output: 34
input: 35 -> message: 24,9,32,28,30,30,30,30,30,30,30,30,30,30,30,30,30,30,30,30,30,30,30,30,30,30,30,30,30,30 -> output: 35
input: 36 -> message: 14,25,27,27,27,27,36,36,36,0 -> output: 36
input: 37 -> message: 16,27,26,31,38,37,0 -> output: 37
input: 38 -> message: 32,27,27,35,35,2,2,24,14,28,0 -> output: 38
input: 39 -> message: 6,22,27,11,2,31,13,36,36,0 -> output: 39
input: 40 -> message: 24,9,20,20,20,30,30,30,30,30,30,30,30,30,30,30,30,30,30,30,30,30,30,30,30,30,30,30,30,30 -> output: 40
input: 41 -> message: 1,2,2,20,26,38,13,29,0 -> output: 41
input: 42 -> message: 14,27,35,35,35,35,35,24,35,14,24,25,24,0 -> output: 42
input: 43 -> message: 32,27,2,2,2,2,2,38,13,13,13,29,0 -> output: 43
input: 44 -> message: 39,15,35,11,35,35,2,2,2,2,13,13,13,0 -> output: 44
input: 45 -> message: 2,11,35,35,2,2,2,2,37,37,0 -> output: 45
input: 46 -> message: 27,6,6,6,31,17,17,36,0 -> output: 46
input: 47 -> message: 20,0 -> output: 47
input: 48 -> message: 27,2,2,28,0 -> output: 48
input: 49 -> message: 34,0 -> output: 49
input: 50 -> message: 1,2,0 -> output: 50
input: 51 -> message: 16,2,2,2,2,24,14,0 -> output: 51
input: 52 -> message: 31,17,0 -> output: 52
input: 53 -> message: 2,31,4,0 -> output: 53
input: 54 -> message: 14,14,24,25,35,2,2,20,20,14,0 -> output: 54
input: 55 -> message: 14,8,8,25,27,27,11,35,34,34,34,2,25,25,28,14,8,1,36,14,0 -> output: 55
input: 56 -> message: 2,31,17,24,29,0 -> output: 56
input: 57 -> message: 27,2,38,0 -> output: 57
input: 58 -> message: 2,34,0 -> output: 58
input: 59 -> message: 2,31,17,24,0 -> output: 59
input: 60 -> message: 24,0 -> output: 60
input: 61 -> message: 32,2,2,2,24,14,0 -> output: 61
input: 62 -> message: 16,27,35,2,35,2,26,38,13,13,0 -> output: 62
input: 63 -> message: 36,0 -> output: 63
input: 64 -> message: 27,27,27,27,35,2,2,26,26,13,29,0 -> output: 64
input: 65 -> message: 32,22,10,30,32,30,0 -> output: 65
input: 66 -> message: 12,29,0 -> output: 66
input: 67 -> message: 5,8,11,11,2,2,2,35,35,2,34,2,34,2,13,13,13,0 -> output: 67
input: 68 -> message: 2,17,0 -> output: 68
input: 69 -> message: 31,36,36,3,23,31,36,31,31,0 -> output: 69
input: 70 -> message: 31,17,29,0 -> output: 70
input: 71 -> message: 27,35,26,13,29,0 -> output: 71
input: 72 -> message: 27,31,17,17,36,0 -> output: 72
input: 73 -> message: 32,11,2,34,34,13,24,14,0 -> output: 73
input: 74 -> message: 31,31,36,0 -> output: 74
input: 75 -> message: 2,0 -> output: 75
input: 76 -> message: 1,2,2,34,34,31,38,13,0 -> output: 76
input: 77 -> message: 24,23,30,30,30,30,30,30,30,30,30,30,30,30,30,30,30,30,30,30,30,30,30,30,30,30,30,30,30,30 -> output: 77
input: 78 -> message: 31,29,17,16,16,27,25,2,2,34,13,0 -> output: 78
input: 79 -> message: 31,31,24,0 -> output: 79
input: 80 -> message: 6,14,3,23,16,25,2,2,2,34,0 -> output: 80
input: 81 -> message: 31,17,36,0 -> output: 81
input: 82 -> message: 2,2,2,0 -> output: 82
input: 83 -> message: 27,2,31,17,36,0 -> output: 83
input: 84 -> message: 8,2,2,2,2,2,35,35,35,34,34,34,2,34,2,7,14,28,14,0 -> output: 84
input: 85 -> message: 3,31,17,29,36,0 -> output: 85
input: 86 -> message: 31,3,27,27,36,24,2,2,2,30,14,0 -> output: 86
input: 87 -> message: 2,2,17,36,0 -> output: 87
input: 88 -> message: 6,17,0 -> output: 88
input: 89 -> message: 34,24,0 -> output: 89
input: 90 -> message: 16,0 -> output: 90
input: 91 -> message: 31,36,0 -> output: 91
input: 92 -> message: 1,27,6,6,38,29,0 -> output: 92
input: 93 -> message: 2,2,24,0 -> output: 93
input: 94 -> message: 13,0 -> output: 94
input: 95 -> message: 31,31,31,31,24,24,0 -> output: 95
input: 96 -> message: 27,27,35,24,20,24,30,30,30,30,30,30,30,30,30,30,30,30,30,30,30,30,30,30,30,30,30,30,30,30 -> output: 96
input: 97 -> message: 2,6,17,17,17,13,0 -> output: 97
input: 98 -> message: 24,9,8,27,27,27,27,27,11,27,30,30,0 -> output: 98
input: 99 -> message: 6,17,36,0 -> output: 99
input: 100 -> message: 27,38,37,29,0 -> output: 100
input: 101 -> message: 2,36,0 -> output: 101
input: 102 -> message: 2,31,13,13,36,0 -> output: 102
input: 103 -> message: 16,27,35,2,2,38,13,13,0 -> output: 103
input: 104 -> message: 2,4,0 -> output: 104
input: 105 -> message: 2,24,0 -> output: 105
input: 106 -> message: 31,4,0 -> output: 106
input: 107 -> message: 26,17,0 -> output: 107
input: 108 -> message: 16,2,2,2,31,17,17,36,0 -> output: 108
input: 109 -> message: 31,31,0 -> output: 109
input: 110 -> message: 2,2,31,17,17,0 -> output: 110
input: 111 -> message: 2,2,2,18,0 -> output: 111
input: 112 -> message: 2,13,0 -> output: 112
input: 113 -> message: 2,31,24,0 -> output: 113
input: 114 -> message: 35,27,2,20,20,14,14,0 -> output: 114
input: 115 -> message: 27,27,27,27,27,35,36,36,36,36,0 -> output: 115
input: 116 -> message: 2,17,13,29,0 -> output: 116
input: 117 -> message: 26,31,0 -> output: 117
input: 118 -> message: 6,0 -> output: 118
input: 119 -> message: 2,31,29,0 -> output: 119
input: 120 -> message: 16,14,2,2,2,38,13,13,0 -> output: 120
input: 121 -> message: 31,13,0 -> output: 121
input: 122 -> message: 31,29,23,8,23,16,11,16,2,2,2,20,20,14,0 -> output: 122
input: 123 -> message: 2,2,2,2,26,26,26,13,13,0 -> output: 123
input: 124 -> message: 1,14,2,2,2,2,34,13,13,0 -> output: 124
input: 125 -> message: 31,31,34,0 -> output: 125
input: 126 -> message: 1,3,10,2,34,2,38,29,0 -> output: 126
input: 127 -> message: 2,14,14,28,28,30,30,30,30,30,30,30,30,30,30,30,30,30,30,30,30,30,30,30,30,30,30,30,30,30 -> output: 127
input: 128 -> message: 16,24,2,2,24,24,24,0 -> output: 128
input: 129 -> message: 24,24,0 -> output: 129
input: 130 -> message: 2,34,24,0 -> output: 130
input: 131 -> message: 20,13,0 -> output: 131
input: 132 -> message: 31,24,14,8,8,23,2,2,25,2,2,2,2,2,2,2,2,2,2,24,30,0 -> output: 132
input: 133 -> message: 16,16,26,24,0 -> output: 133
input: 134 -> message: 36,16,16,2,2,34,34,20,0 -> output: 134
input: 135 -> message: 6,6,6,17,17,13,36,0 -> output: 135
input: 136 -> message: 26,17,36,0 -> output: 136
input: 137 -> message: 34,34,0 -> output: 137
input: 138 -> message: 31,29,0 -> output: 138
input: 139 -> message: 2,2,34,24,30,0 -> output: 139
input: 140 -> message: 2,4,14,0 -> output: 140
input: 141 -> message: 2,2,38,29,0 -> output: 141
input: 142 -> message: 2,2,0 -> output: 142
input: 143 -> message: 2,14,2,2,2,2,2,2,38,4,0 -> output: 143
input: 144 -> message: 2,2,17,17,13,36,14,22,36,21,0 -> output: 144
input: 145 -> message: 7,0 -> output: 145
input: 146 -> message: 2,26,17,29,0 -> output: 146
input: 147 -> message: 2,2,37,29,0 -> output: 147
input: 148 -> message: 2,38,38,29,0 -> output: 148
input: 149 -> message: 2,2,31,17,17,36,0 -> output: 149
input: 150 -> message: 31,0 -> output: 150
input: 151 -> message: 31,31,31,17,17,36,0 -> output: 151
input: 152 -> message: 20,31,0 -> output: 152
input: 153 -> message: 1,2,2,2,2,2,2,20,20,14,0 -> output: 153
input: 154 -> message: 34,34,34,0 -> output: 154
input: 155 -> message: 35,35,35,35,26,31,31,38,24,0 -> output: 155
input: 156 -> message: 24,2,2,2,2,34,34,20,20,14,0 -> output: 156
input: 157 -> message: 31,17,17,0 -> output: 157
input: 158 -> message: 2,13,29,0 -> output: 158
input: 159 -> message: 31,17,24,0 -> output: 159
input: 160 -> message: 16,27,37,24,0 -> output: 160
input: 161 -> message: 27,35,35,35,37,14,37,28,0 -> output: 161
input: 162 -> message: 16,2,31,24,0 -> output: 162
input: 163 -> message: 2,30,0 -> output: 163
input: 164 -> message: 16,2,17,36,0 -> output: 164
input: 165 -> message: 35,34,34,34,32,14,14,28,14,0 -> output: 165
input: 166 -> message: 10,24,0 -> output: 166
input: 167 -> message: 2,29,0 -> output: 167
input: 168 -> message: 2,17,17,0 -> output: 168
input: 169 -> message: 2,26,31,24,0 -> output: 169
input: 170 -> message: 29,0 -> output: 170
input: 171 -> message: 2,38,29,0 -> output: 171
input: 172 -> message: 2,20,0 -> output: 172
input: 173 -> message: 14,35,2,34,34,34,0 -> output: 173
input: 174 -> message: 2,14,2,2,37,14,28,0 -> output: 174
input: 175 -> message: 24,33,8,15,27,2,2,2,2,34,34,2,34,2,24,30,2,24,30,30,28,0 -> output: 175
input: 176 -> message: 7,37,14,28,23,30,30,30,30,30,30,30,30,30,30,30,30,30,30,30,30,30,30,30,30,30,30,30,30,30 -> output: 176
input: 177 -> message: 2,14,0 -> output: 177
input: 178 -> message: 2,17,36,0 -> output: 178
input: 179 -> message: 10,2,20,2,24,0 -> output: 179
input: 180 -> message: 1,2,2,2,37,14,14,14,0 -> output: 180
input: 181 -> message: 6,34,0 -> output: 181
input: 182 -> message: 2,2,31,31,31,31,17,17,7,36,0 -> output: 182
input: 183 -> message: 6,24,0 -> output: 183
input: 184 -> message: 27,6,31,31,17,17,36,0 -> output: 184
input: 185 -> message: 1,3,3,2,2,20,20,20,20,14,0 -> output: 185
input: 186 -> message: 32,3,2,2,2,2,34,2,34,2,7,0 -> output: 186
input: 187 -> message: 2,2,2,37,37,29,0 -> output: 187
input: 188 -> message: 20,34,0 -> output: 188
input: 189 -> message: 31,38,36,14,36,0 -> output: 189
input: 190 -> message: 2,17,17,29,0 -> output: 190
input: 191 -> message: 2,17,17,13,36,0 -> output: 191
input: 192 -> message: 31,31,17,36,0 -> output: 192
input: 193 -> message: 31,17,17,36,14,0 -> output: 193
input: 194 -> message: 1,21,22,2,2,2,31,13,13,0 -> output: 194
input: 195 -> message: 2,2,31,31,13,29,0 -> output: 195
input: 196 -> message: 27,27,31,31,31,17,36,36,0 -> output: 196
input: 197 -> message: 6,31,17,17,36,21,0 -> output: 197
input: 198 -> message: 9,8,27,27,27,30,30,30,30,30,30,30,30,30,30,30,30,30,30,30,30,30,30,30,30,30,30,30,30,30 -> output: 198
input: 199 -> message: 2,17,29,0 -> output: 199
input: 200 -> message: 7,14,28,28,30,30,30,30,30,30,30,30,30,30,30,30,30,30,30,30,30,30,30,30,30,30,30,30,30,30 -> output: 200
input: 201 -> message: 6,6,0 -> output: 201
input: 202 -> message: 16,27,31,31,31,31,17,17,36,0 -> output: 202
input: 203 -> message: 2,2,31,24,0 -> output: 203
input: 204 -> message: 24,15,11,16,2,2,2,34,34,13,0 -> output: 204
input: 205 -> message: 1,2,2,2,2,26,26,26,38,13,13,0 -> output: 205
input: 206 -> message: 31,38,29,0 -> output: 206
input: 207 -> message: 14,14,35,35,2,38,13,13,36,0 -> output: 207
input: 208 -> message: 31,24,9,2,2,2,2,2,2,20,2,34,20,0 -> output: 208
input: 209 -> message: 2,6,13,29,0 -> output: 209
input: 210 -> message: 24,9,2,2,2,2,2,20,34,20,14,0 -> output: 210
input: 211 -> message: 2,6,0 -> output: 211
input: 212 -> message: 1,2,2,2,37,37,37,13,0 -> output: 212
input: 213 -> message: 9,2,2,37,28,0 -> output: 213
input: 214 -> message: 31,38,24,0 -> output: 214
input: 215 -> message: 9,8,23,2,2,2,2,34,34,34,14,14,0 -> output: 215
input: 216 -> message: 7,30,0 -> output: 216
input: 217 -> message: 35,26,26,34,6,24,23,30,28,30,30,30,30,30,30,30,30,30,30,30,30,30,30,30,30,30,30,30,30,30 -> output: 217
input: 218 -> message: 24,15,15,35,35,35,35,35,35,2,20,20,14,0 -> output: 218
input: 219 -> message: 38,38,0 -> output: 219
input: 220 -> message: 31,34,24,0 -> output: 220
input: 221 -> message: 31,24,0 -> output: 221
input: 222 -> message: 2,13,13,29,0 -> output: 222
input: 223 -> message: 26,31,17,17,36,0 -> output: 223
input: 224 -> message: 24,14,33,33,23,30,30,30,30,30,30,30,30,30,30,30,30,30,30,30,30,30,30,30,30,30,30,30,30,30 -> output: 224
input: 225 -> message: 6,11,11,2,2,2,2,34,13,13,13,0 -> output: 225
input: 226 -> message: 32,33,16,31,31,31,24,24,9,28,0 -> output: 226
input: 227 -> message: 2,2,26,31,13,38,36,0 -> output: 227
input: 228 -> message: 27,2,26,31,17,17,36,14,0 -> output: 228
input: 229 -> message: 4,0 -> output: 229
input: 230 -> message: 35,11,11,35,2,31,13,13,0 -> output: 230
input: 231 -> message: 6,31,0 -> output: 231
input: 232 -> message: 16,2,31,31,17,36,36,36,0 -> output: 232
input: 233 -> message: 2,2,31,31,31,13,0 -> output: 233
input: 234 -> message: 2,2,2,24,14,28,0 -> output: 234
input: 235 -> message: 31,31,24,29,28,15,16,16,16,16,30,30,30,30,30,30,30,30,30,30,30,30,30,30,30,30,30,30,30,30 -> output: 235
input: 236 -> message: 10,16,0 -> output: 236
input: 237 -> message: 31,38,0 -> output: 237
input: 238 -> message: 24,14,0 -> output: 238
input: 239 -> message: 24,35,35,2,35,2,2,20,2,13,0 -> output: 239
input: 240 -> message: 2,38,24,0 -> output: 240
input: 241 -> message: 7,17,29,0 -> output: 241
input: 242 -> message: 14,0 -> output: 242
input: 243 -> message: 1,2,11,31,31,31,17,7,13,36,0 -> output: 243
input: 244 -> message: 26,0 -> output: 244
input: 245 -> message: 31,31,31,31,24,20,0 -> output: 245
input: 246 -> message: 15,3,15,35,2,2,2,2,34,34,13,0 -> output: 246
input: 247 -> message: 34,31,31,34,0 -> output: 247
input: 248 -> message: 31,34,0 -> output: 248
input: 249 -> message: 26,29,36,0 -> output: 249
input: 250 -> message: 2,28,0 -> output: 250
input: 251 -> message: 27,26,38,37,29,0 -> output: 251
input: 252 -> message: 26,2,2,17,17,37,0 -> output: 252
input: 253 -> message: 2,31,38,0 -> output: 253
input: 254 -> message: 17,14,33,27,2,2,2,34,13,13,0 -> output: 254
input: 255 -> message: 16,16,2,26,31,13,0 -> output: 255
input: 256 -> message: 7,24,0 -> output: 256
input: 257 -> message: 2,37,0 -> output: 257
input: 258 -> message: 2,2,2,2,20,20,20,14,0 -> output: 258
input: 259 -> message: 35,35,2,2,2,26,38,13,0 -> output: 259
input: 260 -> message: 11,11,16,2,2,31,31,13,13,0 -> output: 260
input: 261 -> message: 2,2,31,38,13,29,0 -> output: 261
input: 262 -> message: 17,36,14,3,3,25,16,34,16,2,20,20,24,0 -> output: 262
input: 263 -> message: 7,14,23,16,16,2,30,30,30,30,30,30,30,30,30,30,30,30,30,30,30,30,30,30,30,30,30,30,30,30 -> output: 263
input: 264 -> message: 2,20,13,29,0 -> output: 264
input: 265 -> message: 32,35,35,26,26,35,26,35,26,35,16,17,17,17,17,28,0 -> output: 265
input: 266 -> message: 27,2,34,31,13,13,0 -> output: 266
input: 267 -> message: 26,13,0 -> output: 267
input: 268 -> message: 2,24,2,30,30,30,0 -> output: 268
input: 269 -> message: 2,31,31,13,36,24,9,24,9,30,30,30,30,30,30,30,30,30,30,30,30,30,30,30,30,30,30,30,30,30 -> output: 269
input: 270 -> message: 35,2,24,30,0 -> output: 270
input: 271 -> message: 2,38,0 -> output: 271
input: 272 -> message: 38,0 -> output: 272
input: 273 -> message: 10,26,24,0 -> output: 273
input: 274 -> message: 2,37,14,28,23,23,30,30,30,30,30,30,30,30,30,30,30,30,30,30,30,30,30,30,30,30,30,30,30,30 -> output: 274
input: 275 -> message: 2,28,28,30,30,30,30,30,30,30,30,30,30,30,30,30,30,30,30,30,30,30,30,30,30,30,30,30,30,30 -> output: 275
input: 276 -> message: 26,36,0 -> output: 276
input: 277 -> message: 24,9,3,3,2,2,2,2,35,34,34,2,34,14,0 -> output: 277
input: 278 -> message: 31,13,36,0 -> output: 278
input: 279 -> message: 24,33,35,2,2,2,34,2,34,38,0 -> output: 279
input: 280 -> message: 20,24,0 -> output: 280
input: 281 -> message: 31,31,31,31,13,0 -> output: 281
input: 282 -> message: 2,18,0 -> output: 282
input: 283 -> message: 1,14,3,2,34,34,34,15,28,24,30,30,0 -> output: 283
input: 284 -> message: 2,2,26,17,17,0 -> output: 284
input: 285 -> message: 2,2,13,36,36,0 -> output: 285
input: 286 -> message: 27,2,2,35,35,35,34,2,38,13,0 -> output: 286
input: 287 -> message: 19,11,11,35,2,34,2,34,34,13,0 -> output: 287
input: 288 -> message: 27,26,34,34,30,0 -> output: 288
input: 289 -> message: 24,18,0 -> output: 289
input: 290 -> message: 32,16,27,2,2,2,2,34,2,24,0 -> output: 290
input: 291 -> message: 3,2,2,2,2,4,0 -> output: 291
input: 292 -> message: 16,16,16,2,2,13,13,0 -> output: 292
input: 293 -> message: 14,2,2,2,2,26,31,13,13,13,13,36,0 -> output: 293
input: 294 -> message: 7,36,0 -> output: 294
input: 295 -> message: 2,2,29,0 -> output: 295
input: 296 -> message: 2,2,2,24,28,0 -> output: 296
input: 297 -> message: 2,2,35,35,2,2,2,14,14,14,28,0 -> output: 297
input: 298 -> message: 10,31,0 -> output: 298
input: 299 -> message: 31,17,17,24,30,30,30,30,30,30,30,30,30,30,30,30,30,30,30,30,30,30,30,30,30,30,30,30,30,30 -> output: 299
input: 300 -> message: 2,31,24,23,23,30,30,30,30,30,30,30,30,30,30,30,30,30,30,30,30,30,30,30,30,30,30,30,30,30 -> output: 300
input: 301 -> message: 35,27,35,34,34,14,0 -> output: 301
input: 302 -> message: 16,27,27,35,38,37,36,0 -> output: 302
input: 303 -> message: 26,38,0 -> output: 303
input: 304 -> message: 8,2,2,13,13,36,36,0 -> output: 304
input: 305 -> message: 16,2,4,0 -> output: 305
input: 306 -> message: 6,21,23,5,23,30,30,30,30,30,30,30,30,30,30,30,30,30,30,30,30,30,30,30,30,30,30,30,30,30 -> output: 306
input: 307 -> message: 8,16,35,2,35,2,34,34,38,13,0 -> output: 307
input: 308 -> message: 24,23,25,25,30,28,30,28,30,30,30,30,30,30,30,30,30,30,30,30,30,30,30,30,30,30,30,30,30,30 -> output: 308
input: 309 -> message: 16,34,31,24,9,30,30,30,30,30,30,30,30,30,30,30,30,30,30,30,30,30,30,30,30,30,30,30,30,30 -> output: 309
input: 310 -> message: 6,29,0 -> output: 310
input: 311 -> message: 16,2,2,2,28,0 -> output: 311
input: 312 -> message: 2,38,13,0 -> output: 312
input: 313 -> message: 8,3,3,3,3,16,2,2,2,2,34,34,34,34,2,24,20,20,14,0 -> output: 313
input: 314 -> message: 2,35,2,35,35,2,2,2,2,6,38,0 -> output: 314
input: 315 -> message: 2,2,37,14,0 -> output: 315
input: 316 -> message: 27,26,31,17,36,0 -> output: 316
input: 317 -> message: 2,31,31,31,31,17,17,24,0 -> output: 317
input: 318 -> message: 2,2,31,31,31,17,17,36,0 -> output: 318
input: 319 -> message: 2,2,2,2,35,2,34,34,31,13,0 -> output: 319
input: 320 -> message: 16,2,31,31,31,17,17,36,24,0 -> output: 320
input: 321 -> message: 2,20,38,37,0 -> output: 321
input: 322 -> message: 16,34,20,0 -> output: 322
input: 323 -> message: 3,38,38,29,0 -> output: 323
input: 324 -> message: 31,31,4,0 -> output: 324
input: 325 -> message: 6,35,35,2,37,37,37,14,0 -> output: 325
input: 326 -> message: 16,31,31,24,0 -> output: 326
input: 327 -> message: 31,34,34,0 -> output: 327
input: 328 -> message: 2,2,26,17,17,17,0 -> output: 328
input: 329 -> message: 31,24,15,30,30,30,30,30,30,30,30,30,30,30,30,30,30,30,30,30,30,30,30,30,30,30,30,30,30,30 -> output: 329
input: 330 -> message: 24,17,0 -> output: 330
input: 331 -> message: 2,13,17,13,0 -> output: 331
input: 332 -> message: 2,2,26,31,31,31,17,17,7,0 -> output: 332
input: 333 -> message: 35,35,35,14,37,14,37,0 -> output: 333
input: 334 -> message: 35,35,38,13,29,0 -> output: 334
input: 335 -> message: 31,6,24,14,0 -> output: 335
input: 336 -> message: 2,2,38,24,0 -> output: 336
input: 337 -> message: 26,24,0 -> output: 337
input: 338 -> message: 2,2,2,24,14,0 -> output: 338
input: 339 -> message: 16,2,34,34,31,34,0 -> output: 339
input: 340 -> message: 5,14,8,11,11,11,35,34,34,13,13,36,36,0 -> output: 340
input: 341 -> message: 3,2,2,2,2,2,2,2,2,34,2,0 -> output: 341
input: 342 -> message: 10,31,36,36,36,0 -> output: 342
input: 343 -> message: 16,2,31,17,36,0 -> output: 343
input: 344 -> message: 2,6,29,0 -> output: 344
input: 345 -> message: 26,31,17,17,17,36,14,0 -> output: 345
input: 346 -> message: 14,3,3,2,2,2,34,34,34,34,20,20,20,14,0 -> output: 346
input: 347 -> message: 16,2,2,2,2,26,34,20,0 -> output: 347
input: 348 -> message: 2,2,37,14,14,28,0 -> output: 348
input: 349 -> message: 6,34,34,0 -> output: 349
input: 350 -> message: 2,2,6,6,26,38,37,29,29,0 -> output: 350
input: 351 -> message: 35,31,17,36,0 -> output: 351
input: 352 -> message: 35,35,26,31,31,31,31,17,17,7,0 -> output: 352
input: 353 -> message: 2,28,30,30,30,30,30,30,30,30,30,30,30,30,30,30,30,30,30,30,30,30,30,30,30,30,30,30,30,30 -> output: 353
input: 354 -> message: 35,2,31,31,31,17,17,36,0 -> output: 354
input: 355 -> message: 16,16,2,2,34,14,0 -> output: 355
input: 356 -> message: 37,30,14,25,28,23,30,30,30,30,30,30,30,30,30,30,30,30,30,30,30,30,30,30,30,30,30,30,30,30 -> output: 356
input: 357 -> message: 27,16,2,2,2,2,2,2,24,14,0 -> output: 357
input: 358 -> message: 27,6,38,4,4,0 -> output: 358
input: 359 -> message: 14,33,27,35,35,17,13,36,0 -> output: 359
input: 360 -> message: 10,38,0 -> output: 360
input: 361 -> message: 9,9,27,30,30,30,30,30,30,30,30,30,30,30,30,30,30,30,30,30,30,30,30,30,30,30,30,30,30,30 -> output: 361
input: 362 -> message: 2,6,24,0 -> output: 362
input: 363 -> message: 2,24,30,30,0 -> output: 363
input: 364 -> message: 7,23,23,16,14,23,2,30,30,30,0 -> output: 364
input: 365 -> message: 16,2,2,2,2,2,2,24,14,28,14,28,0 -> output: 365
input: 366 -> message: 26,24,35,9,2,30,30,30,30,30,30,30,30,30,30,30,30,30,30,30,30,30,30,30,30,30,30,30,30,30 -> output: 366
input: 367 -> message: 16,2,2,2,2,2,34,34,34,14,0 -> output: 367
input: 368 -> message: 10,17,36,21,0 -> output: 368
input: 369 -> message: 8,35,2,34,34,34,34,14,24,14,14,0 -> output: 369
input: 370 -> message: 5,14,28,3,2,2,2,2,2,34,34,14,24,0 -> output: 370
input: 371 -> message: 26,2,13,13,0 -> output: 371
input: 372 -> message: 10,14,35,2,31,13,17,36,36,36,36,21,36,0 -> output: 372
input: 373 -> message: 27,11,11,2,2,2,2,34,34,13,13,0 -> output: 373
input: 374 -> message: 16,14,2,2,2,2,2,14,14,0 -> output: 374
input: 375 -> message: 7,29,0 -> output: 375
input: 376 -> message: 1,27,2,2,2,2,2,2,26,13,13,13,0 -> output: 376
input: 377 -> message: 3,2,30,30,30,30,30,30,30,30,30,30,30,30,30,30,30,30,30,30,30,30,30,30,30,30,30,30,30,30 -> output: 377
input: 378 -> message: 2,2,2,30,30,30,0 -> output: 378
input: 379 -> message: 6,14,0 -> output: 379
input: 380 -> message: 14,37,37,0 -> output: 380
input: 381 -> message: 2,35,35,34,31,31,31,34,0 -> output: 381
input: 382 -> message: 2,2,2,34,34,34,20,20,14,0 -> output: 382
input: 383 -> message: 2,2,35,31,31,13,13,36,36,0 -> output: 383
input: 384 -> message: 16,2,35,34,34,31,24,0 -> output: 384
input: 385 -> message: 38,29,0 -> output: 385
input: 386 -> message: 32,8,15,16,16,16,16,16,16,20,20,14,0 -> output: 386
input: 387 -> message: 6,22,2,2,2,2,26,31,13,13,13,0 -> output: 387
input: 388 -> message: 16,2,2,24,0 -> output: 388
input: 389 -> message: 27,35,38,38,28,0 -> output: 389
input: 390 -> message: 10,10,6,31,31,31,17,17,7,0 -> output: 390
input: 391 -> message: 10,2,2,2,31,17,17,0 -> output: 391
input: 392 -> message: 2,31,17,17,36,0 -> output: 392
input: 393 -> message: 26,24,16,9,2,2,2,34,34,20,0 -> output: 393
input: 394 -> message: 2,2,2,26,26,13,13,13,0 -> output: 394
input: 395 -> message: 2,18,18,0 -> output: 395
input: 396 -> message: 7,4,0 -> output: 396
input: 397 -> message: 20,34,24,0 -> output: 397
input: 398 -> message: 2,37,28,0 -> output: 398
input: 399 -> message: 2,31,34,24,0 -> output: 399
input: 400 -> message: 2,14,14,0 -> output: 400
input: 401 -> message: 27,35,35,35,26,38,24,37,0 -> output: 401
input: 402 -> message: 35,2,35,35,34,31,38,13,0 -> output: 402
input: 403 -> message: 10,31,24,0 -> output: 403
input: 404 -> message: 31,24,9,8,9,3,2,30,30,30,30,30,30,30,30,30,30,30,30,30,30,30,30,30,30,30,30,30,30,30 -> output: 404
input: 405 -> message: 2,2,14,37,14,14,0 -> output: 405
input: 406 -> message: 7,14,30,30,30,30,30,30,30,30,30,30,30,30,30,30,30,30,30,30,30,30,30,30,30,30,30,30,30,30 -> output: 406
input: 407 -> message: 2,31,38,24,32,23,23,23,23,23,23,30,30,30,30,30,30,30,30,30,30,30,30,30,30,30,30,30,30,30 -> output: 407
input: 408 -> message: 2,2,2,37,4,0 -> output: 408
input: 409 -> message: 26,31,4,0 -> output: 409
input: 410 -> message: 35,2,38,24,24,0 -> output: 410
input: 411 -> message: 2,2,35,35,34,31,31,34,34,0 -> output: 411
input: 412 -> message: 31,31,13,29,36,0 -> output: 412
input: 413 -> message: 35,26,17,17,36,0 -> output: 413
input: 414 -> message: 2,2,6,17,29,0 -> output: 414
input: 415 -> message: 14,8,23,23,11,11,35,35,2,34,2,34,13,0 -> output: 415
input: 416 -> message: 14,14,0 -> output: 416
input: 417 -> message: 16,26,28,24,30,28,30,30,30,30,30,30,30,30,30,30,30,30,30,30,30,30,30,30,30,30,30,30,30,30 -> output: 417
input: 418 -> message: 2,2,35,2,2,2,2,14,14,14,0 -> output: 418
input: 419 -> message: 27,35,2,35,2,34,2,34,14,0 -> output: 419
input: 420 -> message: 35,26,38,29,0 -> output: 420
input: 421 -> message: 32,8,2,2,2,2,34,34,34,20,20,14,0 -> output: 421
input: 422 -> message: 2,35,35,31,31,17,17,36,0 -> output: 422
input: 423 -> message: 19,14,25,25,28,14,0 -> output: 423
input: 424 -> message: 15,27,16,27,35,2,2,2,38,14,0 -> output: 424
input: 425 -> message: 28,14,35,2,35,2,20,37,14,0 -> output: 425
input: 426 -> message: 1,2,11,11,35,2,2,2,26,26,38,13,24,0 -> output: 426
input: 427 -> message: 27,27,35,26,24,17,29,36,0 -> output: 427
input: 428 -> message: 10,31,10,17,17,13,36,36,0 -> output: 428
input: 429 -> message: 16,27,27,2,2,2,2,2,6,13,13,0 -> output: 429
input: 430 -> message: 16,11,2,2,2,26,26,31,13,13,13,0 -> output: 430
input: 431 -> message: 16,2,2,2,26,13,13,0 -> output: 431
input: 432 -> message: 16,27,34,31,31,13,36,36,0 -> output: 432
input: 433 -> message: 2,6,37,0 -> output: 433
input: 434 -> message: 34,34,4,0 -> output: 434
input: 435 -> message: 20,31,24,0 -> output: 435
input: 436 -> message: 16,2,2,26,31,13,0 -> output: 436
input: 437 -> message: 2,34,34,24,0 -> output: 437
input: 438 -> message: 5,2,2,2,20,20,20,14,14,28,0 -> output: 438
input: 439 -> message: 10,2,2,2,26,26,26,13,13,0 -> output: 439
input: 440 -> message: 14,3,16,2,2,2,34,13,13,0 -> output: 440
input: 441 -> message: 2,2,13,29,0 -> output: 441
input: 442 -> message: 35,35,35,34,31,24,0 -> output: 442
input: 443 -> message: 26,29,23,23,2,2,2,2,2,2,2,30,30,30,0 -> output: 443
input: 444 -> message: 14,14,22,25,22,34,34,34,20,20,0 -> output: 444
input: 445 -> message: 5,1,2,2,2,2,2,2,26,6,38,4,0 -> output: 445
input: 446 -> message: 26,29,0 -> output: 446
input: 447 -> message: 7,28,28,28,30,30,30,30,30,30,30,30,30,30,30,30,30,30,30,30,30,30,30,30,30,30,30,30,30,30 -> output: 447
input: 448 -> message: 6,38,0 -> output: 448
input: 449 -> message: 35,31,34,34,0 -> output: 449
input: 450 -> message: 1,2,2,26,26,31,17,17,0 -> output: 450
input: 451 -> message: 2,34,38,0 -> output: 451
input: 452 -> message: 29,14,25,23,3,23,16,16,34,35,2,20,20,20,14,28,0 -> output: 452
input: 453 -> message: 26,6,28,28,23,30,30,30,30,30,30,30,30,30,30,30,30,30,30,30,30,30,30,30,30,30,30,30,30,30 -> output: 453
input: 454 -> message: 6,18,0 -> output: 454
input: 455 -> message: 2,38,37,0 -> output: 455
input: 456 -> message: 16,31,31,31,17,17,36,36,0 -> output: 456
input: 457 -> message: 35,35,2,34,2,38,24,0 -> output: 457
input: 458 -> message: 6,38,4,0 -> output: 458
input: 459 -> message: 16,2,20,38,24,0 -> output: 459
input: 460 -> message: 27,35,38,29,29,0 -> output: 460
input: 461 -> message: 29,15,16,11,16,2,2,2,2,34,13,13,0 -> output: 461
input: 462 -> message: 27,2,2,2,2,2,37,14,0 -> output: 462
input: 463 -> message: 2,2,26,26,31,13,13,0 -> output: 463
input: 464 -> message: 14,3,3,3,3,3,27,2,2,2,34,34,13,24,20,20,0 -> output: 464
input: 465 -> message: 2,2,2,35,2,2,34,34,31,24,0 -> output: 465
input: 466 -> message: 24,32,2,2,2,34,34,2,24,0 -> output: 466
input: 467 -> message: 27,31,17,24,0 -> output: 467
input: 468 -> message: 2,14,14,33,35,35,31,13,29,0 -> output: 468
input: 469 -> message: 10,2,2,17,17,0 -> output: 469
input: 470 -> message: 16,3,2,2,2,2,24,14,0 -> output: 470
input: 471 -> message: 27,2,24,20,28,0 -> output: 471
input: 472 -> message: 10,2,31,17,17,7,0 -> output: 472
input: 473 -> message: 3,26,37,29,0 -> output: 473
input: 474 -> message: 2,2,35,35,35,2,34,34,31,13,0 -> output: 474
input: 475 -> message: 35,2,2,2,24,14,0 -> output: 475
input: 476 -> message: 2,11,35,2,35,2,34,2,34,13,13,0 -> output: 476
input: 477 -> message: 14,2,14,28,14,0 -> output: 477
input: 478 -> message: 35,35,2,20,20,38,24,0 -> output: 478
input: 479 -> message: 16,17,17,36,14,0 -> output: 479
input: 480 -> message: 35,2,2,2,37,0 -> output: 480
input: 481 -> message: 31,24,9,30,30,30,30,30,30,30,30,30,30,30,30,30,30,30,30,30,30,30,30,30,30,30,30,30,30,30 -> output: 481
input: 482 -> message: 31,14,23,23,23,16,16,16,28,30,0 -> output: 482
input: 483 -> message: 16,2,24,24,0 -> output: 483
input: 484 -> message: 38,17,29,0 -> output: 484
input: 485 -> message: 16,31,31,31,13,36,36,0 -> output: 485
input: 486 -> message: 2,2,35,35,2,37,37,37,0 -> output: 486
input: 487 -> message: 2,30,30,30,30,30,30,30,30,30,30,30,30,30,30,30,30,30,30,30,30,30,30,30,30,30,30,30,30,30 -> output: 487
input: 488 -> message: 14,35,34,38,13,14,0 -> output: 488
input: 489 -> message: 2,26,31,31,17,17,0 -> output: 489
input: 490 -> message: 24,8,8,3,3,2,2,2,2,2,34,34,34,34,2,34,34,2,20,20,20,14,28,0 -> output: 490
input: 491 -> message: 5,14,3,3,2,2,2,2,34,34,34,14,0 -> output: 491
input: 492 -> message: 27,27,26,26,17,17,36,14,0 -> output: 492
input: 493 -> message: 14,3,27,27,27,36,36,36,36,21,16,16,16,16,16,28,0 -> output: 493
input: 494 -> message: 3,2,2,13,0 -> output: 494
input: 495 -> message: 10,14,14,14,35,35,2,2,2,38,13,14,0 -> output: 495
input: 496 -> message: 16,27,35,26,26,31,13,13,36,0 -> output: 496
input: 497 -> message: 27,27,35,2,35,2,2,2,2,6,20,14,0 -> output: 497
input: 498 -> message: 3,2,2,2,35,34,2,34,0 -> output: 498
input: 499 -> message: 16,27,2,2,24,0 -> output: 499
input: 500 -> message: 16,2,2,38,13,29,0 -> output: 500
input: 501 -> message: 26,4,0 -> output: 501
input: 502 -> message: 16,35,2,2,37,29,0 -> output: 502
input: 503 -> message: 16,35,2,2,2,4,0 -> output: 503
input: 504 -> message: 16,2,2,2,38,13,24,0 -> output: 504
input: 505 -> message: 26,21,21,21,21,21,21,0 -> output: 505
input: 506 -> message: 16,3,31,31,31,17,36,24,0 -> output: 506
input: 507 -> message: 20,13,29,0 -> output: 507
input: 508 -> message: 2,34,38,38,38,4,0 -> output: 508
input: 509 -> message: 2,2,6,37,0 -> output: 509
input: 510 -> message: 24,14,30,30,30,30,30,30,30,30,30,30,30,30,30,30,30,30,30,30,30,30,30,30,30,30,30,30,30,30 -> output: 510
input: 511 -> message: 2,2,2,2,35,35,2,26,38,13,13,0 -> output: 511
input: 512 -> message: 32,27,27,27,27,35,26,36,5,5,21,35,26,26,26,26,26,26,24,35,2,2,26,24,14,0 -> output: 512
input: 513 -> message: 2,2,34,34,34,38,13,13,0 -> output: 513
input: 514 -> message: 27,35,2,2,38,37,0 -> output: 514
input: 515 -> message: 6,2,26,31,31,13,29,29,0 -> output: 515
input: 516 -> message: 2,34,34,31,24,0 -> output: 516
input: 517 -> message: 6,14,3,2,2,2,2,6,38,38,0 -> output: 517
input: 518 -> message: 10,2,2,2,2,2,37,37,37,0 -> output: 518
input: 519 -> message: 35,35,35,34,34,38,13,24,0 -> output: 519
input: 520 -> message: 34,31,29,0 -> output: 520
input: 521 -> message: 2,2,14,0 -> output: 521
input: 522 -> message: 5,14,16,35,2,2,34,13,0 -> output: 522
input: 523 -> message: 27,24,9,30,30,30,30,30,30,30,30,30,30,30,30,30,30,30,30,30,30,30,30,30,30,30,30,30,30,30 -> output: 523
input: 524 -> message: 38,24,0 -> output: 524
input: 525 -> message: 14,23,23,23,23,30,30,30,30,30,30,30,30,30,30,30,30,30,30,30,30,30,30,30,30,30,30,30,30,30 -> output: 525
input: 526 -> message: 34,20,24,0 -> output: 526
input: 527 -> message: 20,38,0 -> output: 527
input: 528 -> message: 2,2,2,30,14,14,37,0 -> output: 528
input: 529 -> message: 27,35,17,17,36,36,0 -> output: 529
input: 530 -> message: 16,35,2,31,31,17,7,0 -> output: 530
input: 531 -> message: 8,8,16,27,36,36,36,36,36,0 -> output: 531
input: 532 -> message: 25,25,22,3,38,2,14,25,25,23,30,28,23,23,30,30,30,30,30,30,30,30,30,30,30,30,30,30,30,30 -> output: 532
input: 533 -> message: 5,14,27,27,35,2,34,38,37,0 -> output: 533
input: 534 -> message: 2,26,31,31,34,0 -> output: 534
input: 535 -> message: 26,31,36,21,0 -> output: 535
input: 536 -> message: 5,16,11,11,2,2,2,2,6,6,13,13,13,0 -> output: 536
input: 537 -> message: 35,2,2,2,2,2,37,0 -> output: 537
input: 538 -> message: 2,17,31,17,17,36,0 -> output: 538
input: 539 -> message: 27,31,34,20,0 -> output: 539
input: 540 -> message: 2,34,34,0 -> output: 540
input: 541 -> message: 27,26,6,37,0 -> output: 541
input: 542 -> message: 2,14,37,14,37,0 -> output: 542
input: 543 -> message: 20,29,0 -> output: 543
input: 544 -> message: 26,29,23,27,30,0 -> output: 544
input: 545 -> message: 2,2,2,35,2,2,14,14,14,14,0 -> output: 545
input: 546 -> message: 5,1,2,2,2,2,34,20,20,20,14,24,0 -> output: 546
input: 547 -> message: 16,8,2,2,2,17,36,0 -> output: 547
input: 548 -> message: 35,2,35,34,20,20,24,0 -> output: 548
input: 549 -> message: 27,27,35,2,2,2,37,14,14,0 -> output: 549
input: 550 -> message: 14,2,35,2,2,37,37,14,0 -> output: 550
input: 551 -> message: 31,31,38,24,0 -> output: 551
input: 552 -> message: 2,2,38,13,36,14,0 -> output: 552
input: 553 -> message: 2,2,2,37,0 -> output: 553
input: 554 -> message: 31,17,17,17,17,14,0 -> output: 554
input: 555 -> message: 14,2,2,2,2,34,20,38,13,0 -> output: 555
input: 556 -> message: 6,14,14,14,28,0 -> output: 556
input: 557 -> message: 10,6,2,38,38,29,29,0 -> output: 557
input: 558 -> message: 31,13,13,0 -> output: 558
input: 559 -> message: 24,37,4,0 -> output: 559
input: 560 -> message: 6,2,2,2,17,17,17,13,0 -> output: 560
input: 561 -> message: 28,14,14,28,14,28,30,30,30,30,30,30,30,30,30,30,30,30,30,30,30,30,30,30,30,30,30,30,30,30 -> output: 561
input: 562 -> message: 35,35,2,35,2,2,26,38,13,29,0 -> output: 562
input: 563 -> message: 6,14,3,3,2,34,2,24,24,20,14,0 -> output: 563
input: 564 -> message: 16,3,2,31,31,13,0 -> output: 564
input: 565 -> message: 32,27,27,35,2,2,38,13,13,36,0 -> output: 565
input: 566 -> message: 16,14,2,2,2,14,0 -> output: 566
input: 567 -> message: 35,2,17,29,0 -> output: 567
input: 568 -> message: 35,26,31,31,17,17,36,0 -> output: 568
input: 569 -> message: 26,24,14,3,2,2,2,2,2,6,24,14,0 -> output: 569
input: 570 -> message: 2,26,13,29,29,0 -> output: 570
input: 571 -> message: 28,14,28,30,28,30,30,30,30,30,30,30,30,30,30,30,30,30,30,30,30,30,30,30,30,30,30,30,30,30 -> output: 571
input: 572 -> message: 16,27,11,2,2,26,31,13,13,13,0 -> output: 572
input: 573 -> message: 31,24,9,9,30,30,30,30,30,30,30,30,30,30,30,30,30,30,30,30,30,30,30,30,30,30,30,30,30,30 -> output: 573
input: 574 -> message: 20,24,30,0 -> output: 574
input: 575 -> message: 2,37,14,0 -> output: 575
input: 576 -> message: 17,33,16,27,0 -> output: 576
input: 577 -> message: 2,2,2,2,14,0 -> output: 577
input: 578 -> message: 8,16,2,2,35,34,34,34,20,14,0 -> output: 578
input: 579 -> message: 6,14,22,8,8,23,16,24,30,30,30,30,30,30,30,30,30,30,30,30,30,30,30,30,30,30,30,30,30,30 -> output: 579
input: 580 -> message: 19,21,2,2,31,17,36,0 -> output: 580
input: 581 -> message: 2,14,14,28,25,0 -> output: 581
input: 582 -> message: 10,31,31,31,38,24,24,9,30,30,30,30,30,30,30,30,30,30,30,30,30,30,30,30,30,30,30,30,30,30 -> output: 390
input: 583 -> message: 16,3,2,2,24,14,0 -> output: 583
input: 584 -> message: 26,37,14,0 -> output: 584
input: 585 -> message: 27,26,26,26,29,36,17,17,36,21,0 -> output: 585
input: 586 -> message: 14,8,27,11,35,2,31,13,0 -> output: 586
input: 587 -> message: 16,2,38,24,0 -> output: 587
input: 588 -> message: 26,24,9,2,2,2,2,34,34,34,14,0 -> output: 588
input: 589 -> message: 10,17,17,28,0 -> output: 589
input: 590 -> message: 16,35,2,2,2,20,14,14,0 -> output: 590
input: 591 -> message: 2,2,6,6,13,36,0 -> output: 591
input: 592 -> message: 16,3,10,34,2,24,14,28,0 -> output: 592
input: 593 -> message: 27,26,24,0 -> output: 593
input: 594 -> message: 10,26,2,24,14,0 -> output: 594
input: 595 -> message: 2,37,14,28,14,25,28,14,28,23,30,30,30,30,30,30,30,30,30,30,30,30,30,30,30,30,30,30,30,30 -> output: 595
input: 596 -> message: 31,31,17,17,36,0 -> output: 596
input: 597 -> message: 2,26,34,31,24,0 -> output: 597
input: 598 -> message: 2,11,31,34,31,31,34,34,0 -> output: 598
input: 599 -> message: 1,2,2,2,26,26,26,13,13,0 -> output: 599
input: 600 -> message: 2,2,4,29,0 -> output: 600
input: 601 -> message: 16,3,26,13,0 -> output: 601
input: 602 -> message: 26,28,0 -> output: 602
input: 603 -> message: 15,16,16,2,2,2,34,13,13,0 -> output: 603
input: 604 -> message: 24,14,28,0 -> output: 604
input: 605 -> message: 35,26,31,13,29,0 -> output: 605
input: 606 -> message: 16,11,11,35,2,2,2,34,13,13,0 -> output: 606
input: 607 -> message: 31,24,14,23,23,30,30,30,30,30,30,30,30,30,30,30,30,30,30,30,30,30,30,30,30,30,30,30,30,30 -> output: 607
input: 608 -> message: 10,26,4,0 -> output: 608
input: 609 -> message: 2,26,37,37,0 -> output: 609
input: 610 -> message: 10,26,31,31,24,24,0 -> output: 610
input: 611 -> message: 2,31,31,31,17,17,36,0 -> output: 611
input: 612 -> message: 16,2,2,20,14,14,0 -> output: 612
input: 613 -> message: 27,35,31,34,0 -> output: 613
input: 614 -> message: 2,26,31,29,0 -> output: 614
input: 615 -> message: 8,8,27,27,11,11,27,11,35,2,2,2,2,34,6,6,38,13,0 -> output: 615
input: 616 -> message: 2,38,4,0 -> output: 616
input: 617 -> message: 2,6,4,0 -> output: 617
input: 618 -> message: 10,2,2,2,37,37,37,14,14,28,0 -> output: 618
input: 619 -> message: 39,31,17,36,21,0 -> output: 619
input: 620 -> message: 26,31,31,17,17,24,0 -> output: 620
input: 621 -> message: 10,16,2,24,0 -> output: 621
input: 622 -> message: 6,28,0 -> output: 622
input: 623 -> message: 10,38,24,14,0 -> output: 623
input: 624 -> message: 5,11,11,11,2,2,2,2,34,34,13,13,0 -> output: 624
input: 625 -> message: 27,35,2,34,4,0 -> output: 625
input: 626 -> message: 14,27,27,27,27,36,36,36,36,11,0 -> output: 493
input: 627 -> message: 16,27,2,2,2,2,34,2,38,13,13,0 -> output: 627
input: 628 -> message: 6,31,36,36,0 -> output: 628
input: 629 -> message: 2,2,6,4,0 -> output: 629
input: 630 -> message: 21,3,2,2,2,2,2,13,13,13,0 -> output: 630
input: 631 -> message: 33,14,3,2,2,31,31,13,36,36,0 -> output: 631
input: 632 -> message: 27,35,24,38,14,28,37,0 -> output: 632
input: 633 -> message: 2,2,2,2,6,38,0 -> output: 633
input: 634 -> message: 10,34,20,28,0 -> output: 634
input: 635 -> message: 2,2,38,38,29,0 -> output: 635
input: 636 -> message: 24,14,25,27,34,34,34,14,24,0 -> output: 636
input: 637 -> message: 35,2,35,31,31,38,29,0 -> output: 637
input: 638 -> message: 2,2,2,2,34,38,38,37,0 -> output: 638
input: 639 -> message: 6,37,29,0 -> output: 639
input: 640 -> message: 14,3,11,27,2,34,13,0 -> output: 640
input: 641 -> message: 24,33,25,8,25,25,2,34,34,34,2,14,28,14,28,30,0 -> output: 641
input: 642 -> message: 35,2,2,26,17,13,36,0 -> output: 642
input: 643 -> message: 24,9,34,30,30,30,30,30,30,30,30,30,30,30,30,30,30,30,30,30,30,30,30,30,30,30,30,30,30,30 -> output: 643
input: 644 -> message: 10,14,3,2,34,38,13,13,36,0 -> output: 644
input: 645 -> message: 27,2,37,37,29,0 -> output: 645
input: 646 -> message: 17,14,22,22,31,13,36,36,0 -> output: 646
input: 647 -> message: 35,2,2,26,31,13,13,0 -> output: 647
input: 648 -> message: 16,3,10,34,31,24,14,24,0 -> output: 648
input: 649 -> message: 5,8,15,27,2,2,2,2,34,34,2,2,34,14,0 -> output: 649
input: 650 -> message: 20,20,0 -> output: 650
input: 651 -> message: 16,3,2,2,26,13,0 -> output: 651
input: 652 -> message: 10,26,6,38,29,29,0 -> output: 652
input: 653 -> message: 6,13,36,0 -> output: 653
input: 654 -> message: 2,20,4,0 -> output: 654
input: 655 -> message: 2,24,20,30,0 -> output: 655
input: 656 -> message: 26,20,4,14,0 -> output: 656
input: 657 -> message: 20,20,31,24,0 -> output: 657
input: 658 -> message: 2,2,6,31,38,24,29,0 -> output: 658
input: 659 -> message: 2,38,38,38,13,29,0 -> output: 659
input: 660 -> message: 10,14,37,28,14,28,14,28,14,0 -> output: 660
input: 661 -> message: 5,2,2,2,2,26,26,37,13,13,0 -> output: 661
input: 662 -> message: 24,15,3,16,16,2,2,2,2,13,13,13,0 -> output: 662
input: 663 -> message: 10,2,2,2,30,14,28,0 -> output: 663
input: 664 -> message: 9,27,23,36,36,21,0 -> output: 664
input: 665 -> message: 5,3,3,2,2,2,35,34,2,6,13,13,13,0 -> output: 665
input: 666 -> message: 2,2,13,13,36,0 -> output: 285
input: 667 -> message: 2,2,2,30,30,14,30,30,0 -> output: 667
input: 668 -> message: 26,34,34,0 -> output: 668
input: 669 -> message: 16,2,2,35,2,2,2,14,14,0 -> output: 669
input: 670 -> message: 24,8,8,8,27,2,2,11,35,11,35,2,34,34,34,34,20,20,14,0 -> output: 670
input: 671 -> message: 2,30,14,14,14,14,0 -> output: 671
input: 672 -> message: 10,2,38,38,29,0 -> output: 672
input: 673 -> message: 27,35,34,20,14,0 -> output: 673
input: 674 -> message: 6,13,0 -> output: 674
input: 675 -> message: 35,2,38,38,13,29,0 -> output: 675
input: 676 -> message: 2,26,31,36,0 -> output: 676
input: 677 -> message: 35,2,31,31,34,0 -> output: 677
input: 678 -> message: 26,14,14,2,2,35,14,14,14,14,28,0 -> output: 678
input: 679 -> message: 10,24,2,14,0 -> output: 679
input: 680 -> message: 6,37,28,0 -> output: 680
input: 681 -> message: 26,6,31,36,21,9,0 -> output: 681
input: 682 -> message: 1,27,2,34,34,20,14,28,0 -> output: 682
input: 683 -> message: 10,14,14,28,28,30,0 -> output: 683
input: 684 -> message: 20,4,0 -> output: 684
input: 685 -> message: 10,34,38,4,0 -> output: 685
input: 686 -> message: 7,14,11,2,2,2,2,2,2,37,14,14,0 -> output: 686
input: 687 -> message: 8,35,35,35,35,35,34,26,13,13,0 -> output: 687
input: 688 -> message: 16,35,35,2,2,2,2,2,13,13,0 -> output: 688
input: 689 -> message: 2,2,34,34,38,13,0 -> output: 689
input: 690 -> message: 6,28,14,0 -> output: 690
input: 691 -> message: 31,29,23,23,23,23,23,30,18,30,30,25,30,30,30,30,30,30,30,30,30,30,30,30,30,30,30,30,30,30 -> output: 691
input: 692 -> message: 14,3,3,35,2,2,34,13,0 -> output: 692
input: 693 -> message: 7,9,30,0 -> output: 693
input: 694 -> message: 10,2,2,14,37,14,37,0 -> output: 694
input: 695 -> message: 27,31,17,17,36,21,0 -> output: 695
input: 696 -> message: 16,27,35,31,13,36,0 -> output: 696
input: 697 -> message: 19,14,35,2,2,2,34,38,13,0 -> output: 697
input: 698 -> message: 2,20,29,0 -> output: 698
input: 699 -> message: 20,31,34,20,0 -> output: 699
input: 700 -> message: 35,31,31,13,0 -> output: 700
input: 701 -> message: 16,35,35,26,34,13,13,0 -> output: 701
input: 702 -> message: 24,14,8,8,27,2,2,2,2,2,2,35,34,2,34,2,6,38,13,14,0 -> output: 702
input: 703 -> message: 16,35,2,35,2,20,20,38,13,0 -> output: 703
input: 704 -> message: 6,14,23,30,30,30,30,30,30,30,30,30,30,30,30,30,30,30,30,30,30,30,30,30,30,30,30,30,30,30 -> output: 704
input: 705 -> message: 5,2,2,2,2,35,2,2,20,14,14,14,28,0 -> output: 705
input: 706 -> message: 14,35,2,35,2,34,13,13,0 -> output: 706
input: 707 -> message: 24,2,30,30,30,30,30,30,30,30,30,30,30,30,30,30,30,30,30,30,30,30,30,30,30,30,30,30,30,30 -> output: 707
input: 708 -> message: 10,17,29,0 -> output: 708
input: 709 -> message: 35,2,38,13,29,0 -> output: 709
input: 710 -> message: 16,14,16,2,2,2,2,2,38,13,0 -> output: 710
input: 711 -> message: 32,2,2,2,35,2,2,2,6,38,13,0 -> output: 711
input: 712 -> message: 2,2,26,31,17,17,36,0 -> output: 712
input: 713 -> message: 7,35,35,35,35,2,2,14,14,28,14,28,0 -> output: 713
input: 714 -> message: 1,27,11,2,2,35,26,34,34,13,0 -> output: 714
input: 715 -> message: 2,26,38,4,0 -> output: 715
input: 716 -> message: 17,14,14,22,22,27,38,34,14,0 -> output: 716
input: 717 -> message: 17,14,33,23,23,30,18,2,30,30,30,30,30,30,30,30,30,30,30,30,30,30,30,30,30,30,30,30,30,30 -> output: 717
input: 718 -> message: 6,17,36,21,0 -> output: 718
input: 719 -> message: 34,38,29,0 -> output: 719
input: 720 -> message: 3,2,20,38,38,38,0 -> output: 720
input: 721 -> message: 8,27,27,35,36,36,36,0 -> output: 721
input: 722 -> message: 15,3,2,2,2,35,2,34,2,6,20,20,0 -> output: 722
input: 723 -> message: 32,27,2,2,2,20,2,20,14,0 -> output: 723
input: 724 -> message: 16,3,2,2,31,31,13,36,36,0 -> output: 724
input: 725 -> message: 16,2,34,38,13,0 -> output: 725
input: 726 -> message: 35,2,14,14,14,14,28,0 -> output: 726
input: 727 -> message: 3,2,2,26,38,13,29,0 -> output: 727
input: 728 -> message: 2,26,26,24,0 -> output: 728
input: 729 -> message: 2,2,2,26,37,37,0 -> output: 729
input: 730 -> message: 6,2,2,2,31,17,17,36,0 -> output: 730
input: 731 -> message: 6,14,37,0 -> output: 731
input: 732 -> message: 26,29,29,0 -> output: 732
input: 733 -> message: 26,13,29,0 -> output: 733
input: 734 -> message: 20,28,0 -> output: 734
input: 735 -> message: 8,27,27,2,2,35,2,35,34,34,34,2,7,0 -> output: 735
input: 736 -> message: 2,26,24,0 -> output: 736
input: 737 -> message: 26,6,29,0 -> output: 737
input: 738 -> message: 31,31,29,29,23,16,3,9,25,16,34,20,14,0 -> output: 738
input: 739 -> message: 31,38,38,24,30,0 -> output: 739
input: 740 -> message: 26,28,14,28,23,23,30,30,30,30,30,30,30,30,30,30,30,30,30,30,30,30,30,30,30,30,30,30,30,30 -> output: 740
input: 741 -> message: 33,33,35,2,31,13,29,0 -> output: 741
input: 742 -> message: 2,2,2,14,14,28,0 -> output: 742
input: 743 -> message: 24,14,14,28,30,30,30,30,30,30,30,30,30,30,30,30,30,30,30,30,30,30,30,30,30,30,30,30,30,30 -> output: 743
input: 744 -> message: 2,2,20,14,0 -> output: 744
input: 745 -> message: 6,24,20,30,28,0 -> output: 745
input: 746 -> message: 14,33,27,33,9,0 -> output: 746
input: 747 -> message: 2,26,38,24,24,29,0 -> output: 747
input: 748 -> message: 16,34,31,24,0 -> output: 748
input: 749 -> message: 7,28,30,0 -> output: 749
input: 750 -> message: 6,2,2,2,26,13,13,0 -> output: 750
input: 751 -> message: 2,2,2,34,31,13,0 -> output: 751
input: 752 -> message: 14,2,2,2,2,2,2,2,2,2,6,37,14,0 -> output: 752
input: 753 -> message: 2,2,20,20,28,0 -> output: 753
input: 754 -> message: 24,9,9,30,30,30,30,30,30,30,30,30,30,30,30,30,30,30,30,30,30,30,30,30,30,30,30,30,30,30 -> output: 754
input: 755 -> message: 35,31,38,0 -> output: 755
input: 756 -> message: 32,2,35,34,34,31,24,0 -> output: 756
input: 757 -> message: 35,2,37,37,37,37,0 -> output: 757
input: 758 -> message: 35,35,2,2,2,2,2,38,38,38,0 -> output: 758
input: 759 -> message: 35,26,31,13,17,36,0 -> output: 759
input: 760 -> message: 28,2,2,2,35,2,20,20,14,14,28,0 -> output: 760
input: 761 -> message: 6,13,29,0 -> output: 761
input: 762 -> message: 24,32,8,2,2,2,2,34,34,34,34,20,20,20,14,0 -> output: 762
input: 763 -> message: 10,11,2,2,2,26,17,13,13,36,0 -> output: 763
input: 764 -> message: 16,2,2,2,2,2,2,14,37,0 -> output: 764
input: 765 -> message: 33,27,27,35,2,2,26,26,4,0 -> output: 765
input: 766 -> message: 16,27,35,2,2,2,2,2,37,0 -> output: 766
input: 767 -> message: 8,35,35,2,26,34,13,13,0 -> output: 767
input: 768 -> message: 2,37,29,0 -> output: 768
input: 769 -> message: 26,28,2,30,30,30,30,30,30,30,30,30,30,30,30,30,30,30,30,30,30,30,30,30,30,30,30,30,30,30 -> output: 769
input: 770 -> message: 29,29,23,27,30,27,2,2,2,2,2,2,34,14,24,14,0 -> output: 770
input: 771 -> message: 31,29,29,23,3,23,2,2,2,2,2,30,30,30,30,30,30,30,30,30,30,30,30,30,30,30,30,30,30,30 -> output: 771
input: 772 -> message: 2,2,2,26,31,31,13,13,13,0 -> output: 772
input: 773 -> message: 10,36,0 -> output: 773
input: 774 -> message: 5,3,2,2,2,2,2,34,2,6,37,14,0 -> output: 774
input: 775 -> message: 28,0 -> output: 775
input: 776 -> message: 24,14,3,3,3,25,2,2,34,2,34,14,0 -> output: 776
input: 777 -> message: 27,20,38,38,0 -> output: 777
input: 778 -> message: 5,6,3,2,2,2,34,13,13,29,0 -> output: 778
input: 779 -> message: 16,26,38,13,13,36,0 -> output: 779
input: 780 -> message: 2,20,37,14,0 -> output: 780
input: 781 -> message: 2,2,4,0 -> output: 781
input: 782 -> message: 8,35,2,2,34,38,13,13,36,0 -> output: 782
input: 783 -> message: 35,35,2,2,2,26,6,38,13,14,0 -> output: 783
input: 784 -> message: 28,14,28,14,30,30,30,30,30,30,30,30,30,30,30,30,30,30,30,30,30,30,30,30,30,30,30,30,30,30 -> output: 784
input: 785 -> message: 26,38,13,29,0 -> output: 785
input: 786 -> message: 35,26,13,17,36,36,0 -> output: 413
input: 787 -> message: 5,14,2,2,2,2,34,34,13,13,0 -> output: 787
input: 788 -> message: 2,2,2,26,17,29,0 -> output: 788
input: 789 -> message: 35,2,24,0 -> output: 789
input: 790 -> message: 35,2,2,38,13,13,13,0 -> output: 790
input: 791 -> message: 2,6,38,13,29,0 -> output: 791
input: 792 -> message: 35,2,2,20,26,38,38,13,0 -> output: 792
input: 793 -> message: 3,20,31,34,0 -> output: 793
input: 794 -> message: 35,2,2,38,24,0 -> output: 794
input: 795 -> message: 8,27,27,11,35,35,2,2,26,34,2,13,13,13,0 -> output: 795
input: 796 -> message: 2,2,31,17,36,0 -> output: 796
input: 797 -> message: 7,29,29,0 -> output: 797
input: 798 -> message: 27,26,20,38,24,28,0 -> output: 798
input: 799 -> message: 35,2,34,38,13,13,0 -> output: 799
input: 800 -> message: 27,6,38,37,0 -> output: 800
input: 801 -> message: 2,34,38,4,0 -> output: 801
input: 802 -> message: 16,27,35,26,31,31,13,24,0 -> output: 496
input: 803 -> message: 32,33,35,35,2,24,14,28,0 -> output: 803
input: 804 -> message: 27,35,11,2,2,38,13,13,0 -> output: 804
input: 805 -> message: 2,30,14,0 -> output: 805
input: 806 -> message: 5,2,2,2,2,35,2,2,6,26,13,13,0 -> output: 806
input: 807 -> message: 29,23,3,27,2,2,2,2,2,2,34,34,14,24,0 -> output: 807
input: 808 -> message: 2,2,2,20,20,14,0 -> output: 808
input: 809 -> message: 34,13,0 -> output: 809
input: 810 -> message: 26,10,24,9,30,0 -> output: 810
input: 811 -> message: 17,27,6,2,6,17,17,36,0 -> output: 811
input: 812 -> message: 27,35,26,31,31,31,13,29,0 -> output: 812
input: 813 -> message: 10,6,37,28,0 -> output: 813
input: 814 -> message: 2,26,13,0 -> output: 814
input: 815 -> message: 38,4,0 -> output: 815
input: 816 -> message: 8,11,16,11,35,2,2,2,34,34,34,13,0 -> output: 816
input: 817 -> message: 10,31,4,0 -> output: 817
input: 818 -> message: 10,2,37,37,37,14,0 -> output: 818
input: 819 -> message: 34,38,0 -> output: 819
input: 820 -> message: 16,11,35,2,31,31,31,17,0 -> output: 820
input: 821 -> message: 5,27,27,27,30,30,30,30,30,30,30,30,30,30,30,30,30,30,30,30,30,30,30,30,30,30,30,30,30,30 -> output: 821
input: 822 -> message: 2,18,14,28,25,30,30,30,30,30,30,30,30,30,30,30,30,30,30,30,30,30,30,30,30,30,30,30,30,30 -> output: 822
input: 823 -> message: 35,2,13,29,0 -> output: 823
input: 824 -> message: 6,34,4,0 -> output: 824
input: 825 -> message: 1,27,2,2,35,35,35,26,34,13,0 -> output: 825
input: 826 -> message: 6,4,0 -> output: 826
input: 827 -> message: 10,14,2,2,2,2,37,37,37,0 -> output: 827
input: 828 -> message: 3,15,2,2,2,35,34,2,31,13,0 -> output: 828
input: 829 -> message: 2,2,2,34,38,38,29,29,0 -> output: 829
input: 830 -> message: 27,17,17,17,36,14,36,0 -> output: 830
input: 831 -> message: 27,2,31,31,17,36,36,36,0 -> output: 831
input: 832 -> message: 19,19,19,35,26,37,14,28,0 -> output: 832
input: 833 -> message: 2,2,34,38,13,29,0 -> output: 833
input: 834 -> message: 10,26,0 -> output: 834
input: 835 -> message: 16,35,2,2,13,13,29,0 -> output: 835
input: 836 -> message: 35,35,35,2,26,13,17,13,0 -> output: 836
input: 837 -> message: 2,20,20,28,0 -> output: 837
input: 838 -> message: 10,31,31,24,24,30,0 -> output: 838
input: 839 -> message: 6,14,14,28,14,0 -> output: 839
input: 840 -> message: 6,6,29,0 -> output: 840
input: 841 -> message: 29,15,11,16,16,2,2,34,2,13,0 -> output: 841
input: 842 -> message: 10,14,27,27,11,35,2,2,38,37,14,0 -> output: 842
input: 843 -> message: 26,34,0 -> output: 843
input: 844 -> message: 24,9,30,30,30,30,30,30,30,30,30,30,30,30,30,30,30,30,30,30,30,30,30,30,30,30,30,30,30,30 -> output: 844
input: 845 -> message: 35,2,2,14,14,14,0 -> output: 845
input: 846 -> message: 10,34,14,28,28,23,30,30,30,30,30,30,30,30,30,30,30,30,30,30,30,30,30,30,30,30,30,30,30,30 -> output: 846
input: 847 -> message: 37,14,14,14,28,14,0 -> output: 847
input: 848 -> message: 24,28,30,30,30,30,30,30,30,30,30,30,30,30,30,30,30,30,30,30,30,30,30,30,30,30,30,30,30,30 -> output: 848
input: 849 -> message: 24,14,8,3,3,2,2,2,2,2,2,34,34,20,14,24,0 -> output: 849
input: 850 -> message: 31,34,31,38,24,24,0 -> output: 850
input: 851 -> message: 32,8,16,11,2,2,2,34,13,13,13,0 -> output: 851
input: 852 -> message: 2,14,28,30,30,30,30,30,30,30,30,30,30,30,30,30,30,30,30,30,30,30,30,30,30,30,30,30,30,30 -> output: 852
input: 853 -> message: 5,33,8,2,2,2,35,34,34,34,2,6,14,28,14,28,23,30,28,0 -> output: 853
input: 854 -> message: 8,8,27,2,2,2,2,35,2,34,34,34,14,24,14,0 -> output: 854
input: 855 -> message: 27,31,31,13,36,0 -> output: 855
input: 856 -> message: 10,6,17,29,0 -> output: 856
input: 857 -> message: 27,6,2,37,37,29,0 -> output: 857
input: 858 -> message: 34,31,24,9,20,30,30,30,30,30,30,30,30,30,30,30,30,30,30,30,30,30,30,30,30,30,30,30,30,30 -> output: 858
input: 859 -> message: 35,35,35,2,2,2,2,38,13,13,0 -> output: 758
input: 860 -> message: 34,4,0 -> output: 860
input: 861 -> message: 2,2,13,13,29,0 -> output: 861
input: 862 -> message: 16,35,31,31,31,31,17,17,36,0 -> output: 862
input: 863 -> message: 37,28,0 -> output: 863
input: 864 -> message: 20,38,38,13,29,29,23,16,27,36,0 -> output: 864
input: 865 -> message: 5,1,2,2,2,35,35,26,20,13,13,13,0 -> output: 865
input: 866 -> message: 35,2,2,35,2,20,2,14,14,0 -> output: 866
input: 867 -> message: 24,27,35,2,35,35,2,34,2,34,14,0 -> output: 867
input: 868 -> message: 8,11,27,2,2,34,34,34,34,2,7,0 -> output: 868
input: 869 -> message: 10,20,14,0 -> output: 869
input: 870 -> message: 31,34,20,0 -> output: 870
input: 871 -> message: 14,25,27,27,35,35,24,35,20,24,28,0 -> output: 871
input: 872 -> message: 2,2,35,26,31,13,36,0 -> output: 872
input: 873 -> message: 34,38,4,0 -> output: 873
input: 874 -> message: 2,20,28,28,0 -> output: 874
input: 875 -> message: 19,19,30,14,30,30,30,30,30,30,30,30,30,30,30,30,30,30,30,30,30,30,30,30,30,30,30,30,30,30 -> output: 875
input: 876 -> message: 35,35,2,34,38,13,13,0 -> output: 876
input: 877 -> message: 8,35,35,2,20,34,20,0 -> output: 877
input: 878 -> message: 3,2,2,20,34,34,20,0 -> output: 878
input: 879 -> message: 31,31,29,0 -> output: 879
input: 880 -> message: 14,27,27,35,2,2,2,38,13,13,36,0 -> output: 880
input: 881 -> message: 14,27,35,31,13,36,36,0 -> output: 881
input: 882 -> message: 16,35,2,38,13,13,0 -> output: 882
input: 883 -> message: 16,27,27,27,35,26,26,26,13,0 -> output: 883
input: 884 -> message: 12,14,22,3,24,9,20,28,30,0 -> output: 884
input: 885 -> message: 16,35,35,31,38,24,0 -> output: 885
input: 886 -> message: 16,35,2,31,31,38,13,0 -> output: 442
input: 887 -> message: 19,2,35,14,14,37,14,14,0 -> output: 887
input: 888 -> message: 7,14,28,23,23,23,23,23,30,28,30,30,30,30,30,30,30,30,30,30,30,30,30,30,30,30,30,30,30,30 -> output: 888
input: 889 -> message: 32,2,2,2,2,2,2,38,13,13,13,0 -> output: 889
input: 890 -> message: 32,8,11,2,2,2,34,34,13,13,13,0 -> output: 890
input: 891 -> message: 7,20,37,28,28,23,30,30,30,30,30,30,30,30,30,30,30,30,30,30,30,30,30,30,30,30,30,30,30,30 -> output: 891
input: 892 -> message: 2,26,38,29,29,0 -> output: 892
input: 893 -> message: 2,2,2,35,2,2,2,6,14,0 -> output: 893
input: 894 -> message: 10,29,14,35,2,2,2,34,13,0 -> output: 894
input: 895 -> message: 10,34,31,38,24,0 -> output: 895
input: 896 -> message: 2,2,2,2,2,2,2,2,2,2,37,14,0 -> output: 896
input: 897 -> message: 1,14,2,2,2,2,2,2,38,38,37,0 -> output: 897
input: 898 -> message: 19,14,28,14,28,30,30,30,30,30,30,30,30,30,30,30,30,30,30,30,30,30,30,30,30,30,30,30,30,30 -> output: 898
input: 899 -> message: 5,27,27,27,11,2,2,2,2,6,6,6,38,13,29,0 -> output: 899
input: 900 -> message: 37,14,0 -> output: 900
input: 901 -> message: 2,2,35,26,37,38,37,0 -> output: 901
input: 902 -> message: 35,31,31,13,36,36,0 -> output: 902
input: 903 -> message: 35,27,35,31,31,17,17,36,0 -> output: 903
input: 904 -> message: 27,31,31,31,17,17,36,36,21,0 -> output: 904
input: 905 -> message: 1,2,2,34,34,34,31,7,0 -> output: 905
input: 906 -> message: 37,37,37,37,29,0 -> output: 906
input: 907 -> message: 2,20,4,29,0 -> output: 907
input: 908 -> message: 37,29,0 -> output: 908
input: 909 -> message: 6,14,25,33,24,24,30,0 -> output: 909
input: 910 -> message: 26,34,29,0 -> output: 910
input: 911 -> message: 35,16,35,2,2,38,13,13,0 -> output: 911
input: 912 -> message: 35,26,38,24,0 -> output: 912
input: 913 -> message: 6,14,22,22,38,38,24,29,30,0 -> output: 913
input: 914 -> message: 27,27,27,2,2,2,2,2,4,0 -> output: 914
input: 915 -> message: 6,14,16,2,2,2,2,20,14,14,0 -> output: 915
input: 916 -> message: 6,31,31,13,36,0 -> output: 916
input: 917 -> message: 2,35,35,35,2,26,6,14,0 -> output: 917
input: 918 -> message: 26,31,13,29,36,0 -> output: 918
input: 919 -> message: 14,8,11,2,2,2,2,2,34,34,6,13,13,13,0 -> output: 919
input: 920 -> message: 27,27,11,2,2,2,2,34,2,38,13,13,0 -> output: 920
input: 921 -> message: 35,2,26,34,31,38,29,29,0 -> output: 921
input: 922 -> message: 35,2,2,37,29,0 -> output: 922
input: 923 -> message: 2,2,2,6,38,13,29,0 -> output: 923
input: 924 -> message: 35,14,14,14,28,14,0 -> output: 924
input: 925 -> message: 26,28,28,23,30,30,30,30,30,30,30,30,30,30,30,30,30,30,30,30,30,30,30,30,30,30,30,30,30,30 -> output: 925
input: 926 -> message: 5,2,2,35,2,26,20,14,0 -> output: 926
input: 927 -> message: 8,2,2,2,2,2,6,20,14,0 -> output: 927
input: 928 -> message: 24,15,27,35,35,2,2,2,20,14,0 -> output: 928
input: 929 -> message: 14,8,8,27,2,2,2,11,34,34,34,34,34,34,2,34,34,14,34,14,24,14,13,0 -> output: 929
input: 930 -> message: 10,34,34,34,30,0 -> output: 930
input: 931 -> message: 16,35,35,31,31,13,29,0 -> output: 931
input: 932 -> message: 31,13,29,0 -> output: 932
input: 933 -> message: 37,37,14,0 -> output: 933
input: 934 -> message: 16,16,35,2,2,2,24,0 -> output: 934
input: 935 -> message: 2,35,35,35,26,31,13,13,36,36,0 -> output: 935
input: 936 -> message: 16,34,31,31,31,17,17,24,14,0 -> output: 936
input: 937 -> message: 2,2,2,2,14,14,28,0 -> output: 937
input: 938 -> message: 7,30,14,37,14,28,0 -> output: 938
input: 939 -> message: 27,2,2,2,2,37,0 -> output: 939
input: 940 -> message: 10,29,14,23,23,23,23,23,23,23,23,23,23,30,30,30,30,30,30,30,30,30,30,30,30,30,30,30,30,30 -> output: 940
input: 941 -> message: 10,31,31,17,17,17,36,14,0 -> output: 941
input: 942 -> message: 17,17,17,36,14,36,21,21,21,0 -> output: 942
input: 943 -> message: 2,2,24,14,0 -> output: 943
input: 944 -> message: 16,3,27,2,31,13,13,36,36,0 -> output: 944
input: 945 -> message: 2,26,34,0 -> output: 945
input: 946 -> message: 32,2,2,2,2,2,2,37,14,0 -> output: 946
input: 947 -> message: 6,14,14,28,23,14,23,30,30,30,30,30,30,30,30,30,30,30,30,30,30,30,30,30,30,30,30,30,30,30 -> output: 704
input: 948 -> message: 31,17,17,36,0 -> output: 948
input: 949 -> message: 9,31,31,13,36,0 -> output: 949
input: 950 -> message: 35,2,2,6,31,13,13,0 -> output: 950
input: 951 -> message: 2,2,2,37,14,0 -> output: 951
input: 952 -> message: 7,14,33,23,30,18,4,0 -> output: 952
input: 953 -> message: 26,34,4,0 -> output: 953
input: 954 -> message: 14,11,35,2,2,34,34,13,13,0 -> output: 954
input: 955 -> message: 2,20,14,0 -> output: 955
input: 956 -> message: 2,26,4,0 -> output: 956
input: 957 -> message: 8,11,27,11,35,2,31,31,31,13,13,0 -> output: 957
input: 958 -> message: 35,35,34,13,13,0 -> output: 958
input: 959 -> message: 34,31,0 -> output: 959
input: 960 -> message: 2,20,38,38,13,0 -> output: 960
input: 961 -> message: 8,8,27,27,11,27,2,2,35,34,34,2,34,6,7,14,0 -> output: 961
input: 962 -> message: 10,4,24,9,30,30,30,30,30,30,30,30,30,30,30,30,30,30,30,30,30,30,30,30,30,30,30,30,30,30 -> output: 962
input: 963 -> message: 2,2,2,35,35,34,34,34,14,28,14,28,30,0 -> output: 963
input: 964 -> message: 35,2,2,37,0 -> output: 964
input: 965 -> message: 2,37,37,0 -> output: 965
input: 966 -> message: 31,34,29,0 -> output: 966
input: 967 -> message: 6,37,0 -> output: 967
input: 968 -> message: 17,14,3,22,2,2,20,13,13,13,0 -> output: 968
input: 969 -> message: 21,8,11,16,11,35,2,13,13,13,13,0 -> output: 969
input: 970 -> message: 6,28,18,0 -> output: 970
input: 971 -> message: 7,23,23,23,23,23,23,23,23,30,30,30,30,30,30,30,30,30,30,30,30,30,30,30,30,30,30,30,30,30 -> output: 364
input: 972 -> message: 34,34,31,24,20,0 -> output: 972
input: 973 -> message: 2,35,35,2,34,34,13,0 -> output: 973
input: 974 -> message: 6,20,20,20,0 -> output: 974
input: 975 -> message: 35,2,35,34,34,13,13,0 -> output: 975
input: 976 -> message: 16,2,17,29,0 -> output: 976
input: 977 -> message: 2,2,34,38,38,38,4,0 -> output: 977
input: 978 -> message: 35,35,31,31,31,31,17,17,36,24,0 -> output: 978
input: 979 -> message: 16,2,2,2,37,0 -> output: 979
input: 980 -> message: 10,4,0 -> output: 980
input: 981 -> message: 24,32,16,2,2,20,2,24,30,0 -> output: 981
input: 982 -> message: 2,20,4,28,0 -> output: 982
input: 983 -> message: 14,27,27,11,35,2,2,2,13,13,13,0 -> output: 983
input: 984 -> message: 6,14,28,2,37,14,0 -> output: 704
input: 985 -> message: 3,35,2,38,13,36,0 -> output: 985
input: 986 -> message: 28,14,22,11,2,2,38,13,36,0 -> output: 986
input: 987 -> message: 7,29,23,23,23,30,30,23,30,30,30,30,30,30,30,30,30,30,30,30,30,30,30,30,30,30,30,30,30,30 -> output: 987
input: 988 -> message: 2,2,20,38,13,0 -> output: 988
input: 989 -> message: 19,2,2,2,35,2,26,31,13,13,13,36,36,0 -> output: 989
input: 990 -> message: 16,2,26,17,17,0 -> output: 990
input: 991 -> message: 34,31,4,0 -> output: 991
input: 992 -> message: 16,2,2,17,17,0 -> output: 992
input: 993 -> message: 19,14,22,25,25,5,23,23,30,28,30,30,30,30,30,30,30,30,30,30,30,30,30,30,30,30,30,30,30,30 -> output: 993
input: 994 -> message: 16,2,34,31,31,13,0 -> output: 994
input: 995 -> message: 24,30,0 -> output: 995
input: 996 -> message: 6,25,23,23,16,9,30,28,30,30,30,30,30,30,30,30,30,30,30,30,30,30,30,30,30,30,30,30,30,30 -> output: 996
input: 997 -> message: 20,20,4,0 -> output: 997
input: 998 -> message: 26,37,0 -> output: 998
input: 999 -> message: 31,24,29,0 -> output: 999
{"powerlaw": 0.9983008503913879, "unif": 0.99}
Epoch: 451
{"powerlaw": 0.99326092004776, "unif": 0.983}
Epoch: 452
{"powerlaw": 0.9898186326026917, "unif": 0.953}
Epoch: 453
{"powerlaw": 0.9913377165794373, "unif": 0.958}
Epoch: 454
{"powerlaw": 0.9882316589355469, "unif": 0.947}
Epoch: 455
{"powerlaw": 0.9921016097068787, "unif": 0.963}
Epoch: 456
{"powerlaw": 0.9941663146018982, "unif": 0.978}
Epoch: 457
{"powerlaw": 0.9914607405662537, "unif": 0.956}
Epoch: 458
{"powerlaw": 0.9944740533828735, "unif": 0.973}
Epoch: 459
{"powerlaw": 0.9936795234680176, "unif": 0.976}
Epoch: 460
{"powerlaw": 0.9883016347885132, "unif": 0.954}
Epoch: 461
{"powerlaw": 0.9942837357521057, "unif": 0.972}
Epoch: 462
{"powerlaw": 0.9921270608901978, "unif": 0.966}
Epoch: 463
{"powerlaw": 0.9863232970237732, "unif": 0.935}
Epoch: 464
{"powerlaw": 0.9918025135993958, "unif": 0.959}
Epoch: 465
{"powerlaw": 0.9900734424591064, "unif": 0.957}
Epoch: 466
{"powerlaw": 0.9911068677902222, "unif": 0.958}
Epoch: 467
{"powerlaw": 0.9899406433105469, "unif": 0.957}
Epoch: 468
{"powerlaw": 0.9581100940704346, "unif": 0.869}
Epoch: 469
{"powerlaw": 0.9821309447288513, "unif": 0.912}
Epoch: 470
{"powerlaw": 0.9814814925193787, "unif": 0.911}
Epoch: 471
{"powerlaw": 0.9491547346115112, "unif": 0.811}
Epoch: 472
{"powerlaw": 0.9532309770584106, "unif": 0.842}
Epoch: 473
{"powerlaw": 0.967397153377533, "unif": 0.868}
Epoch: 474
{"powerlaw": 0.9707648158073425, "unif": 0.886}
Epoch: 475
{"powerlaw": 0.9850031137466431, "unif": 0.932}
Epoch: 476
{"powerlaw": 0.9861257076263428, "unif": 0.938}
Epoch: 477
{"powerlaw": 0.9872226715087891, "unif": 0.941}
Epoch: 478
{"powerlaw": 0.9713059663772583, "unif": 0.873}
Epoch: 479
{"powerlaw": 0.9848169088363647, "unif": 0.927}
Epoch: 480
{"powerlaw": 0.9840469360351562, "unif": 0.923}
Epoch: 481
{"powerlaw": 0.982345461845398, "unif": 0.921}
Epoch: 482
{"powerlaw": 0.9874697327613831, "unif": 0.942}
Epoch: 483
{"powerlaw": 0.9796276688575745, "unif": 0.903}
Epoch: 484
{"powerlaw": 0.9679407477378845, "unif": 0.862}
Epoch: 485
{"powerlaw": 0.9806118011474609, "unif": 0.903}
Epoch: 486
{"powerlaw": 0.9816518425941467, "unif": 0.912}
Epoch: 487
{"powerlaw": 0.9696659445762634, "unif": 0.878}
Epoch: 488
{"powerlaw": 0.9837521910667419, "unif": 0.924}
Epoch: 489
{"powerlaw": 0.983624279499054, "unif": 0.921}
Epoch: 490
{"powerlaw": 0.9762248992919922, "unif": 0.891}
Epoch: 491
{"powerlaw": 0.9414247274398804, "unif": 0.782}
Epoch: 492
{"powerlaw": 0.9657354950904846, "unif": 0.861}
Epoch: 493
{"powerlaw": 0.9725911021232605, "unif": 0.878}
Epoch: 494
{"powerlaw": 0.9755226969718933, "unif": 0.893}
Epoch: 495
{"powerlaw": 0.9788216352462769, "unif": 0.897}
Epoch: 496
{"powerlaw": 0.9713817238807678, "unif": 0.887}
Epoch: 497
{"powerlaw": 0.9773206114768982, "unif": 0.897}
Epoch: 498
{"powerlaw": 0.9627929329872131, "unif": 0.853}
Epoch: 499
{"powerlaw": 0.9741497039794922, "unif": 0.886}

========================================================================
Task 1 (lstm_baseline seed 42) finished at Tue Mar 24 11:12:44 PM EDT 2026
========================================================================
========================================================================
LAZIMPA EXPERIMENT (NOTEBOOK) - Task 1 of 8
========================================================================
Job ID: 732461.1
Started on qa-a10-023.crc.nd.edu at Wed Mar 25 02:09:59 AM EDT 2026
Python: /software/c/conda/25.9.1/bin/python
CUDA available: True
========================================================================

Running: lstm_baseline with seed 42

True
Namespace(n_features=100, batches_per_epoch=100, dim_dataset=10240, force_eos=0, sender_hidden=250, receiver_hidden=600, receiver_num_layers=1, sender_num_layers=1, receiver_num_heads=8, sender_num_heads=8, sender_embedding=10, receiver_embedding=100, causal_sender=False, causal_receiver=False, sender_generate_style='in-place', sender_cell='lstm', receiver_cell='lstm', sender_entropy_coeff=0.1, receiver_entropy_coeff=0.1, probs='powerlaw', length_cost=0.0, name='lstm_baseline_seed42', early_stopping_thr=0.99, dir_save='results/lstm_baseline/seed_42', unigram_pen=0.0, impatient=False, print_message=False, reg=False, random_seed=42, checkpoint_dir=None, preemptable=False, checkpoint_freq=0, validation_freq=1, n_epochs=200, load_from_checkpoint=None, no_cuda=False, batch_size=512, optimizer='adam', lr=0.001, vocab_size=40, max_len=30, tensorboard=False, tensorboard_dir='runs/', cuda=True, device='cuda')
the probs are:  [0.1927756  0.0963878  0.06425854 0.0481939  0.03855512 0.03212927
 0.02753937 0.02409695 0.02141951 0.01927756 0.01752505 0.01606463
 0.01482889 0.01376969 0.01285171 0.01204848 0.01133974 0.01070976
 0.01014608 0.00963878 0.00917979 0.00876253 0.00838155 0.00803232
 0.00771102 0.00741445 0.00713984 0.00688484 0.00664743 0.00642585
 0.00621857 0.00602424 0.00584168 0.00566987 0.00550787 0.00535488
 0.00521015 0.00507304 0.00494296 0.00481939 0.00470184 0.0045899
 0.00448315 0.00438126 0.0042839  0.00419077 0.00410161 0.00401616
 0.0039342  0.00385551 0.00377991 0.00370722 0.00363728 0.00356992
 0.00350501 0.00344242 0.00338203 0.00332372 0.00326738 0.00321293
 0.00316026 0.00310928 0.00305993 0.00301212 0.00296578 0.00292084
 0.00287725 0.00283494 0.00279385 0.00275394 0.00271515 0.00267744
 0.00264076 0.00260508 0.00257034 0.00253652 0.00250358 0.00247148
 0.0024402  0.0024097  0.00237995 0.00235092 0.0023226  0.00229495
 0.00226795 0.00224158 0.00221581 0.00219063 0.00216602 0.00214195
 0.00211841 0.00209539 0.00207286 0.0020508  0.00202922 0.00200808
 0.00198738 0.0019671  0.00194723 0.00192776]
Epoch: 0
input: 0 -> message: 17,17,17,17,17,17,17,17,17,17,17,17,23,17,17,17,17,17,17,17,17,17,17,17,17,17,23,17,17,17 -> output: 0
input: 1 -> message: 17,17,17,17,17,17,17,17,17,17,17,17,23,17,17,17,17,17,17,17,17,17,17,17,17,17,23,17,17,17 -> output: 0
input: 2 -> message: 17,17,17,17,17,17,17,17,17,17,17,17,23,17,17,17,17,17,17,17,17,17,17,17,17,17,23,17,17,17 -> output: 0
input: 3 -> message: 17,17,17,17,17,17,17,17,17,17,17,17,23,17,17,17,17,17,17,17,17,17,17,17,17,17,23,17,17,17 -> output: 0
input: 4 -> message: 17,17,17,17,17,17,17,17,17,17,17,17,23,17,17,17,17,17,17,17,17,17,17,17,17,17,23,17,17,17 -> output: 0
input: 5 -> message: 17,17,17,17,17,17,17,17,17,17,17,17,23,17,17,17,17,17,17,17,17,17,17,17,17,17,23,17,17,17 -> output: 0
input: 6 -> message: 24,24,24,24,17,17,17,17,17,17,17,17,17,17,17,17,23,17,17,17,17,17,17,17,17,17,17,17,17,17 -> output: 0
input: 7 -> message: 17,17,17,17,17,17,17,17,17,17,17,17,23,17,17,17,17,17,17,17,17,17,17,17,17,17,23,17,17,17 -> output: 0
input: 8 -> message: 17,17,17,17,17,17,17,17,17,17,17,17,23,17,17,17,17,17,17,17,17,17,17,17,17,17,23,17,17,17 -> output: 0
input: 9 -> message: 17,17,17,17,17,17,17,17,17,17,17,17,23,17,17,17,17,17,17,17,17,17,17,17,17,17,23,17,17,17 -> output: 0
input: 10 -> message: 17,17,17,17,17,17,17,17,17,17,17,17,23,17,17,17,17,17,17,17,17,17,17,17,17,17,23,17,17,17 -> output: 0
input: 11 -> message: 17,17,17,17,17,17,17,17,17,17,17,17,23,17,17,17,17,17,17,17,17,17,17,17,17,17,23,17,17,17 -> output: 0
input: 12 -> message: 17,17,17,17,17,17,17,17,17,17,17,17,23,17,17,17,17,17,17,17,17,17,17,17,17,17,23,17,17,17 -> output: 0
input: 13 -> message: 17,17,17,17,17,17,17,17,17,17,17,17,23,17,17,17,17,17,17,17,17,17,17,17,17,17,17,23,17,17 -> output: 0
input: 14 -> message: 17,17,17,17,17,17,17,17,17,17,17,17,23,17,17,17,17,17,17,17,17,17,17,17,17,17,23,17,17,17 -> output: 0
input: 15 -> message: 17,17,17,17,17,17,17,17,17,17,17,17,23,17,17,17,17,17,17,17,17,17,17,17,17,17,23,17,17,17 -> output: 0
input: 16 -> message: 24,24,24,24,17,17,17,17,17,17,17,17,17,17,17,17,23,17,17,17,17,17,17,17,17,17,17,17,17,17 -> output: 0
input: 17 -> message: 17,17,17,17,17,17,17,17,17,17,17,17,23,17,17,17,17,17,17,17,17,17,17,17,17,17,23,17,17,17 -> output: 0
input: 18 -> message: 17,17,17,17,17,17,17,17,17,17,17,17,23,17,17,17,17,17,17,17,17,17,17,17,17,17,23,17,17,17 -> output: 0
input: 19 -> message: 17,17,17,17,17,17,17,17,17,17,17,17,23,17,17,17,17,17,17,17,17,17,17,17,17,17,23,17,17,17 -> output: 0
input: 20 -> message: 17,17,17,17,17,17,17,17,17,17,17,17,23,17,17,17,17,17,17,17,17,17,17,17,17,17,23,17,17,17 -> output: 0
input: 21 -> message: 17,17,17,17,17,17,17,17,17,17,17,17,23,17,17,17,17,17,17,17,17,17,17,17,17,17,23,17,17,17 -> output: 0
input: 22 -> message: 17,17,17,17,17,17,17,17,17,17,17,17,23,17,17,17,17,17,17,17,17,17,17,17,17,17,23,17,17,17 -> output: 0
input: 23 -> message: 24,24,24,24,17,17,17,17,17,17,17,17,17,17,17,17,23,17,17,17,17,17,17,17,17,17,17,17,17,17 -> output: 0
input: 24 -> message: 17,17,17,17,17,17,17,17,17,17,17,17,23,17,17,17,17,17,17,17,17,17,17,17,17,17,23,17,17,17 -> output: 0
input: 25 -> message: 17,17,17,17,17,17,17,17,17,17,17,17,23,17,17,17,17,17,17,17,17,17,17,17,17,17,23,17,17,17 -> output: 0
input: 26 -> message: 17,17,17,17,17,17,17,17,17,17,17,17,23,17,17,17,17,17,17,17,17,17,17,17,17,17,23,17,17,17 -> output: 0
input: 27 -> message: 24,24,24,24,17,17,17,17,17,17,17,17,17,17,17,23,17,17,17,17,17,17,17,17,17,17,17,17,17,23 -> output: 0
input: 28 -> message: 24,24,24,24,17,17,17,17,17,17,17,17,17,17,17,17,23,17,17,17,17,17,17,17,17,17,17,17,17,17 -> output: 0
input: 29 -> message: 17,17,17,17,17,17,17,17,17,17,17,17,23,17,17,17,17,17,17,17,17,17,17,17,17,17,23,17,17,17 -> output: 0
input: 30 -> message: 17,17,17,17,17,17,17,17,17,17,17,17,23,17,17,17,17,17,17,17,17,17,17,17,17,17,23,17,17,17 -> output: 0
input: 31 -> message: 17,17,17,17,17,17,17,17,17,17,17,17,23,17,17,17,17,17,17,17,17,17,17,17,17,17,23,17,17,17 -> output: 0
input: 32 -> message: 5,17,17,17,17,17,17,17,17,17,17,17,23,17,17,17,17,17,17,17,17,17,17,17,17,17,23,17,17,17 -> output: 0
input: 33 -> message: 24,24,24,24,17,17,17,17,17,17,17,17,17,17,17,17,23,17,17,17,17,17,17,17,17,17,17,17,17,17 -> output: 0
input: 34 -> message: 17,17,17,17,17,17,17,17,17,17,17,17,23,17,17,17,17,17,17,17,17,17,17,17,17,17,23,17,17,17 -> output: 0
input: 35 -> message: 17,17,17,17,17,17,17,17,17,17,17,17,23,17,17,17,17,17,17,17,17,17,17,17,17,17,23,17,17,17 -> output: 0
input: 36 -> message: 24,24,24,24,17,17,17,17,17,17,17,17,17,17,17,23,17,17,17,17,17,17,17,17,17,17,17,17,17,23 -> output: 0
input: 37 -> message: 17,17,17,17,17,17,17,17,17,17,17,17,23,17,17,17,17,17,17,17,17,17,17,17,17,17,23,17,17,17 -> output: 0
input: 38 -> message: 17,17,17,17,17,17,17,17,17,17,17,17,23,17,17,17,17,17,17,17,17,17,17,17,17,17,23,17,17,17 -> output: 0
input: 39 -> message: 17,17,17,17,17,17,17,17,17,17,17,17,23,17,17,17,17,17,17,17,17,17,17,17,17,17,23,17,17,17 -> output: 0
input: 40 -> message: 17,17,17,17,17,17,17,17,17,17,17,17,23,17,17,17,17,17,17,17,17,17,17,17,17,17,23,17,17,17 -> output: 0
input: 41 -> message: 17,17,17,17,17,17,17,17,17,17,17,17,23,17,17,17,17,17,17,17,17,17,17,17,17,17,23,17,17,17 -> output: 0
input: 42 -> message: 17,17,17,17,17,17,17,17,17,17,17,17,23,17,17,17,17,17,17,17,17,17,17,17,17,17,23,17,17,17 -> output: 0
input: 43 -> message: 17,17,17,17,17,17,17,17,17,17,17,17,23,17,17,17,17,17,17,17,17,17,17,17,17,17,23,17,17,17 -> output: 0
input: 44 -> message: 5,17,17,17,17,17,17,17,17,17,17,17,17,23,17,17,17,17,17,17,17,17,17,17,17,17,17,17,23,17 -> output: 0
input: 45 -> message: 17,17,17,17,17,17,17,17,17,17,17,17,23,17,17,17,17,17,17,17,17,17,17,17,17,17,23,17,17,17 -> output: 0
input: 46 -> message: 17,17,17,17,17,17,17,17,17,17,17,17,23,17,17,17,17,17,17,17,17,17,17,17,17,17,23,17,17,17 -> output: 0
input: 47 -> message: 17,17,17,17,17,17,17,17,17,17,17,17,23,17,17,17,17,17,17,17,17,17,17,17,17,17,23,17,17,17 -> output: 0
input: 48 -> message: 17,17,17,17,17,17,17,17,17,17,17,17,23,17,17,17,17,17,17,17,17,17,17,17,17,17,23,17,17,17 -> output: 0
input: 49 -> message: 17,17,17,17,17,17,17,17,17,17,17,17,23,17,17,17,17,17,17,17,17,17,17,17,17,17,23,17,17,17 -> output: 0
input: 50 -> message: 17,17,17,17,17,17,17,17,17,17,17,17,23,17,17,17,17,17,17,17,17,17,17,17,17,17,23,17,17,17 -> output: 0
input: 51 -> message: 5,17,17,17,17,17,17,17,17,17,17,17,23,17,17,17,17,17,17,17,17,17,17,17,17,17,23,17,17,17 -> output: 0
input: 52 -> message: 17,17,17,17,17,17,17,17,17,17,17,17,23,17,17,17,17,17,17,17,17,17,17,17,17,17,23,17,17,17 -> output: 0
input: 53 -> message: 17,17,17,17,17,17,17,17,17,17,17,17,23,17,17,17,17,17,17,17,17,17,17,17,17,17,23,17,17,17 -> output: 0
input: 54 -> message: 17,17,17,17,17,17,17,17,17,17,17,17,23,17,17,17,17,17,17,17,17,17,17,17,17,17,23,17,17,17 -> output: 0
input: 55 -> message: 17,17,17,17,17,17,17,17,17,17,17,17,23,17,17,17,17,17,17,17,17,17,17,17,17,17,23,17,17,17 -> output: 0
input: 56 -> message: 24,24,24,24,17,17,17,17,17,17,17,17,17,17,17,17,23,17,17,17,17,17,17,17,17,17,17,17,17,17 -> output: 0
input: 57 -> message: 17,17,17,17,17,17,17,17,17,17,17,17,23,17,17,17,17,17,17,17,17,17,17,17,17,17,23,17,17,17 -> output: 0
input: 58 -> message: 17,17,17,17,17,17,17,17,17,17,17,17,23,17,17,17,17,17,17,17,17,17,17,17,17,17,23,17,17,17 -> output: 0
input: 59 -> message: 17,17,17,17,17,17,17,17,17,17,17,17,23,17,17,17,17,17,17,17,17,17,17,17,17,17,23,17,17,17 -> output: 0
input: 60 -> message: 17,17,17,17,17,17,17,17,17,17,17,17,23,17,17,17,17,17,17,17,17,17,17,17,17,17,23,17,17,17 -> output: 0
input: 61 -> message: 24,24,24,24,17,17,17,17,17,17,17,17,17,17,17,17,23,17,17,17,17,17,17,17,17,17,17,17,17,17 -> output: 0
input: 62 -> message: 17,17,17,17,17,17,17,17,17,17,17,17,23,17,17,17,17,17,17,17,17,17,17,17,17,17,23,17,17,17 -> output: 0
input: 63 -> message: 17,17,17,17,17,17,17,17,17,17,17,17,23,17,17,17,17,17,17,17,17,17,17,17,17,17,23,17,17,17 -> output: 0
input: 64 -> message: 17,17,17,17,17,17,17,17,17,17,17,17,23,17,17,17,17,17,17,17,17,17,17,17,17,17,23,17,17,17 -> output: 0
input: 65 -> message: 17,17,17,17,17,17,17,17,17,17,17,17,23,17,17,17,17,17,17,17,17,17,17,17,17,17,23,17,17,17 -> output: 0
input: 66 -> message: 17,17,17,17,17,17,17,17,17,17,17,17,23,17,17,17,17,17,17,17,17,17,17,17,17,17,23,17,17,17 -> output: 0
input: 67 -> message: 17,17,17,17,17,17,17,17,17,17,17,17,23,17,17,17,17,17,17,17,17,17,17,17,17,17,23,17,17,17 -> output: 0
input: 68 -> message: 17,17,17,17,17,17,17,17,17,17,17,17,23,17,17,17,17,17,17,17,17,17,17,17,17,17,17,23,17,17 -> output: 0
input: 69 -> message: 24,24,24,24,17,17,17,17,17,17,17,17,17,17,17,17,23,17,17,17,17,17,17,17,17,17,17,17,17,17 -> output: 0
input: 70 -> message: 17,17,17,17,17,17,17,17,17,17,17,17,23,17,17,17,17,17,17,17,17,17,17,17,17,17,23,17,17,17 -> output: 0
input: 71 -> message: 17,17,17,17,17,17,17,17,17,17,17,17,23,17,17,17,17,17,17,17,17,17,17,17,17,17,23,17,17,17 -> output: 0
input: 72 -> message: 17,17,17,17,17,17,17,17,17,17,17,17,23,17,17,17,17,17,17,17,17,17,17,17,17,17,23,17,17,17 -> output: 0
input: 73 -> message: 17,17,17,17,17,17,17,17,17,17,17,17,23,17,17,17,17,17,17,17,17,17,17,17,17,17,23,17,17,17 -> output: 0
input: 74 -> message: 17,17,17,17,17,17,17,17,17,17,17,17,23,17,17,17,17,17,17,17,17,17,17,17,17,17,23,17,17,17 -> output: 0
input: 75 -> message: 17,17,17,17,17,17,17,17,17,17,17,17,23,17,17,17,17,17,17,17,17,17,17,17,17,17,23,17,17,17 -> output: 0
input: 76 -> message: 17,17,17,17,17,17,17,17,17,17,17,17,23,17,17,17,17,17,17,17,17,17,17,17,17,17,23,17,17,17 -> output: 0
input: 77 -> message: 17,17,17,17,17,17,17,17,17,17,17,17,23,17,17,17,17,17,17,17,17,17,17,17,17,17,23,17,17,17 -> output: 0
input: 78 -> message: 17,17,17,17,17,17,17,17,17,17,17,17,23,17,17,17,17,17,17,17,17,17,17,17,17,17,23,17,17,17 -> output: 0
input: 79 -> message: 24,24,24,24,17,17,17,17,17,17,17,17,17,17,17,23,17,17,17,17,17,17,17,17,17,17,17,17,17,23 -> output: 0
input: 80 -> message: 24,24,24,24,17,17,17,17,17,17,17,17,17,17,17,17,23,17,17,17,17,17,17,17,17,17,17,17,17,17 -> output: 0
input: 81 -> message: 24,24,24,24,17,17,17,17,17,17,17,17,17,17,17,17,23,17,17,17,17,17,17,17,17,17,17,17,17,17 -> output: 0
input: 82 -> message: 5,17,17,17,17,17,17,17,17,17,17,17,23,17,17,17,17,17,17,17,17,17,17,17,17,17,23,17,17,17 -> output: 0
input: 83 -> message: 24,24,24,24,17,17,17,17,17,17,17,17,17,17,17,17,23,17,17,17,17,17,17,17,17,17,17,17,17,17 -> output: 0
input: 84 -> message: 17,17,17,17,17,17,17,17,17,17,17,17,23,17,17,17,17,17,17,17,17,17,17,17,17,17,17,23,17,17 -> output: 0
input: 85 -> message: 5,17,17,17,17,17,17,17,17,17,17,17,17,23,17,17,17,17,17,17,17,17,17,17,17,17,17,17,23,17 -> output: 0
input: 86 -> message: 17,17,17,17,17,17,17,17,17,17,17,17,23,17,17,17,17,17,17,17,17,17,17,17,17,17,17,23,17,17 -> output: 0
input: 87 -> message: 17,17,17,17,17,17,17,17,17,17,17,17,23,17,17,17,17,17,17,17,17,17,17,17,17,17,23,17,17,17 -> output: 0
input: 88 -> message: 17,17,17,17,17,17,17,17,17,17,17,17,23,17,17,17,17,17,17,17,17,17,17,17,17,17,23,17,17,17 -> output: 0
input: 89 -> message: 17,17,17,17,17,17,17,17,17,17,17,17,23,17,17,17,17,17,17,17,17,17,17,17,17,17,23,17,17,17 -> output: 0
input: 90 -> message: 17,17,17,17,17,17,17,17,17,17,17,17,23,17,17,17,17,17,17,17,17,17,17,17,17,17,23,17,17,17 -> output: 0
input: 91 -> message: 17,17,17,17,17,17,17,17,17,17,17,17,23,17,17,17,17,17,17,17,17,17,17,17,17,17,23,17,17,17 -> output: 0
input: 92 -> message: 24,24,24,24,17,17,17,17,17,17,17,17,17,17,17,17,23,17,17,17,17,17,17,17,17,17,17,17,17,17 -> output: 0
input: 93 -> message: 17,17,17,17,17,17,17,17,17,17,17,17,23,17,17,17,17,17,17,17,17,17,17,17,17,17,23,17,17,17 -> output: 0
input: 94 -> message: 17,17,17,17,17,17,17,17,17,17,17,17,23,17,17,17,17,17,17,17,17,17,17,17,17,17,23,17,17,17 -> output: 0
input: 95 -> message: 17,17,17,17,17,17,17,17,17,17,17,17,23,17,17,17,17,17,17,17,17,17,17,17,17,17,23,17,17,17 -> output: 0
input: 96 -> message: 17,17,17,17,17,17,17,17,17,17,17,17,23,17,17,17,17,17,17,17,17,17,17,17,17,17,23,17,17,17 -> output: 0
input: 97 -> message: 24,24,24,24,17,17,17,17,17,17,17,17,17,17,17,17,23,17,17,17,17,17,17,17,17,17,17,17,17,17 -> output: 0
input: 98 -> message: 17,17,17,17,17,17,17,17,17,17,17,17,23,17,17,17,17,17,17,17,17,17,17,17,17,17,23,17,17,17 -> output: 0
input: 99 -> message: 17,17,17,17,17,17,17,17,17,17,17,17,23,17,17,17,17,17,17,17,17,17,17,17,17,17,23,17,17,17 -> output: 0
{"powerlaw": 0.19277560710906982, "unif": 0.01}
Epoch: 1
{"powerlaw": 0.19277560710906982, "unif": 0.01}
Epoch: 2
{"powerlaw": 0.19277560710906982, "unif": 0.01}
Epoch: 3
{"powerlaw": 0.19277560710906982, "unif": 0.01}
Epoch: 4
{"powerlaw": 0.19277560710906982, "unif": 0.01}
Epoch: 5
{"powerlaw": 0.19277560710906982, "unif": 0.01}
Epoch: 6
{"powerlaw": 0.19277560710906982, "unif": 0.01}
Epoch: 7
{"powerlaw": 0.19277560710906982, "unif": 0.01}
Epoch: 8
{"powerlaw": 0.19277560710906982, "unif": 0.01}
Epoch: 9
{"powerlaw": 0.28916341066360474, "unif": 0.02}
Epoch: 10
{"powerlaw": 0.28916341066360474, "unif": 0.02}
Epoch: 11
{"powerlaw": 0.28916341066360474, "unif": 0.02}
Epoch: 12
{"powerlaw": 0.28916341066360474, "unif": 0.02}
Epoch: 13
{"powerlaw": 0.28916341066360474, "unif": 0.02}
Epoch: 14
{"powerlaw": 0.28916341066360474, "unif": 0.02}
Epoch: 15
{"powerlaw": 0.28916341066360474, "unif": 0.02}
Epoch: 16
{"powerlaw": 0.22031497955322266, "unif": 0.02}
Epoch: 17
{"powerlaw": 0.31670278310775757, "unif": 0.03}
Epoch: 18
{"powerlaw": 0.31670278310775757, "unif": 0.03}
Epoch: 19
{"powerlaw": 0.31670278310775757, "unif": 0.03}
Epoch: 20
{"powerlaw": 0.31670278310775757, "unif": 0.03}
Epoch: 21
{"powerlaw": 0.31670278310775757, "unif": 0.03}
Epoch: 22
{"powerlaw": 0.31670278310775757, "unif": 0.03}
Epoch: 23
{"powerlaw": 0.31670278310775757, "unif": 0.03}
Epoch: 24
{"powerlaw": 0.33276742696762085, "unif": 0.04}
Epoch: 25
{"powerlaw": 0.42915523052215576, "unif": 0.05}
Epoch: 26
{"powerlaw": 0.42915523052215576, "unif": 0.05}
Epoch: 27
{"powerlaw": 0.46771034598350525, "unif": 0.06}
Epoch: 28
{"powerlaw": 0.4393013119697571, "unif": 0.06}
Epoch: 29
{"powerlaw": 0.4641532003879547, "unif": 0.08}
Epoch: 30
{"powerlaw": 0.4953644871711731, "unif": 0.09}
Epoch: 31
{"powerlaw": 0.5107405781745911, "unif": 0.1}
Epoch: 32
{"powerlaw": 0.5167839527130127, "unif": 0.1}
Epoch: 33
{"powerlaw": 0.520379364490509, "unif": 0.1}
Epoch: 34
{"powerlaw": 0.5098226070404053, "unif": 0.1}
Epoch: 35
{"powerlaw": 0.5107405781745911, "unif": 0.1}
Epoch: 36
{"powerlaw": 0.5242807865142822, "unif": 0.11}
Epoch: 37
{"powerlaw": 0.5354978442192078, "unif": 0.12}
Epoch: 38
{"powerlaw": 0.5557640194892883, "unif": 0.14}
Epoch: 39
{"powerlaw": 0.5518625974655151, "unif": 0.14}
Epoch: 40
{"powerlaw": 0.5658219456672668, "unif": 0.15}
Epoch: 41
{"powerlaw": 0.5738742351531982, "unif": 0.16}
Epoch: 42
{"powerlaw": 0.5741692781448364, "unif": 0.16}
Epoch: 43
{"powerlaw": 0.5794621706008911, "unif": 0.18}
Epoch: 44
{"powerlaw": 0.5916182398796082, "unif": 0.2}
Epoch: 45
{"powerlaw": 0.5916476249694824, "unif": 0.2}
Epoch: 46
{"powerlaw": 0.5920650362968445, "unif": 0.21}
Epoch: 47
{"powerlaw": 0.6122560501098633, "unif": 0.24}
Epoch: 48
{"powerlaw": 0.6045688390731812, "unif": 0.22}
Epoch: 49
{"powerlaw": 0.6003553867340088, "unif": 0.25}
Epoch: 50
input: 0 -> message: 13,13,13,13,13,13,13,13,13,13,13,13,13,13,13,13,13,13,13,13,13,13,13,13,13,13,13,13,13,13 -> output: 0
input: 1 -> message: 33,28,21,21,21,21,21,21,21,21,21,21,21,21,21,21,21,21,21,21,21,21,21,21,21,21,21,21,21,21 -> output: 1
input: 2 -> message: 33,33,28,23,21,21,21,21,21,21,21,21,21,21,21,21,21,21,21,21,21,21,21,21,21,21,21,21,21,21 -> output: 2
input: 3 -> message: 34,0 -> output: 3
input: 4 -> message: 34,0 -> output: 3
input: 5 -> message: 28,0 -> output: 5
input: 6 -> message: 0 -> output: 6
input: 7 -> message: 33,33,33,28,1,21,21,21,21,21,21,21,21,21,21,21,21,21,21,21,21,21,21,21,21,21,21,21,21,21 -> output: 7
input: 8 -> message: 33,33,33,28,1,21,21,21,21,21,21,21,21,21,21,21,21,21,21,21,21,21,21,21,21,21,21,21,21,21 -> output: 7
input: 9 -> message: 33,33,33,28,1,21,21,21,21,21,21,21,21,21,21,21,21,21,21,21,21,21,21,21,21,21,21,21,21,21 -> output: 7
input: 10 -> message: 33,33,28,23,21,21,21,21,21,21,21,21,21,21,21,21,21,21,21,21,21,21,21,21,21,21,21,21,21,21 -> output: 2
input: 11 -> message: 33,28,21,21,21,21,21,21,21,21,21,21,21,21,21,21,21,21,21,21,21,21,21,21,21,21,21,21,21,21 -> output: 1
input: 12 -> message: 33,28,23,21,21,21,21,21,21,21,21,21,21,21,21,21,21,21,21,21,21,21,21,21,21,21,21,21,21,21 -> output: 1
input: 13 -> message: 5,5,0 -> output: 13
input: 14 -> message: 33,28,0 -> output: 14
input: 15 -> message: 28,28,21,21,21,21,21,21,21,21,21,21,21,21,21,21,21,21,21,21,21,21,21,21,21,21,21,21,21,21 -> output: 15
input: 16 -> message: 33,28,23,21,21,21,21,21,21,21,21,21,21,21,21,21,21,21,21,21,21,21,21,21,21,21,21,21,21,21 -> output: 1
input: 17 -> message: 5,0 -> output: 17
input: 18 -> message: 28,28,0 -> output: 18
input: 19 -> message: 28,28,0 -> output: 18
input: 20 -> message: 13,0 -> output: 20
input: 21 -> message: 30,0 -> output: 21
input: 22 -> message: 28,28,0 -> output: 18
input: 23 -> message: 30,30,21,21,21,21,21,21,21,21,21,21,21,21,21,21,21,21,21,21,21,21,21,21,21,21,21,21,21,21 -> output: 23
input: 24 -> message: 27,5,0 -> output: 24
input: 25 -> message: 30,22,5,0 -> output: 25
input: 26 -> message: 30,0 -> output: 21
input: 27 -> message: 23,27,0 -> output: 35
input: 28 -> message: 28,28,21,21,21,21,21,21,21,21,21,21,21,21,21,21,21,21,21,21,21,21,21,21,21,21,21,21,21,21 -> output: 15
input: 29 -> message: 28,21,21,21,21,21,21,21,21,21,21,21,21,21,21,21,21,21,21,21,21,21,21,21,21,21,21,21,21,21 -> output: 29
input: 30 -> message: 30,30,21,21,21,21,21,21,21,21,21,21,21,21,21,21,21,21,21,21,21,21,21,21,21,21,21,21,21,21 -> output: 23
input: 31 -> message: 30,5,5,0 -> output: 25
input: 32 -> message: 28,21,21,21,21,21,21,21,21,21,21,21,21,21,21,21,21,21,21,21,21,21,21,21,21,21,21,21,21,21 -> output: 29
input: 33 -> message: 28,13,0 -> output: 33
input: 34 -> message: 1,21,21,21,21,21,21,21,21,21,21,21,21,21,21,21,21,21,21,21,21,21,21,21,21,21,21,21,21,21 -> output: 43
input: 35 -> message: 23,27,0 -> output: 35
input: 36 -> message: 27,0 -> output: 36
input: 37 -> message: 5,0 -> output: 17
input: 38 -> message: 27,0 -> output: 36
input: 39 -> message: 30,0 -> output: 21
input: 40 -> message: 28,21,21,21,21,21,21,21,21,21,21,21,21,21,21,21,21,21,21,21,21,21,21,21,21,21,21,21,21,21 -> output: 29
input: 41 -> message: 28,21,21,21,21,21,21,21,21,21,21,21,21,21,21,21,21,21,21,21,21,21,21,21,21,21,21,21,21,21 -> output: 29
input: 42 -> message: 27,13,0 -> output: 42
input: 43 -> message: 27,21,21,21,21,21,21,21,21,21,21,21,21,21,21,21,21,21,21,21,21,21,21,21,21,21,21,21,21,21 -> output: 43
input: 44 -> message: 1,21,21,21,21,21,21,21,21,21,21,21,21,21,21,21,21,21,21,21,21,21,21,21,21,21,21,21,21,21 -> output: 43
input: 45 -> message: 27,0 -> output: 36
input: 46 -> message: 23,27,0 -> output: 35
input: 47 -> message: 28,21,21,21,21,21,21,21,21,21,21,21,21,21,21,21,21,21,21,21,21,21,21,21,21,21,21,21,21,21 -> output: 29
input: 48 -> message: 28,21,21,21,21,21,21,21,21,21,21,21,21,21,21,21,21,21,21,21,21,21,21,21,21,21,21,21,21,21 -> output: 29
input: 49 -> message: 27,27,0 -> output: 35
input: 50 -> message: 30,0 -> output: 21
input: 51 -> message: 27,13,0 -> output: 42
input: 52 -> message: 28,0 -> output: 5
input: 53 -> message: 27,13,0 -> output: 42
input: 54 -> message: 1,21,21,21,21,21,21,21,21,21,21,21,21,21,21,21,21,21,21,21,21,21,21,21,21,21,21,21,21,21 -> output: 43
input: 55 -> message: 1,21,21,21,21,21,21,21,21,21,21,21,21,21,21,21,21,21,21,21,21,21,21,21,21,21,21,21,21,21 -> output: 43
input: 56 -> message: 28,21,21,21,21,21,21,21,21,21,21,21,21,21,21,21,21,21,21,21,21,21,21,21,21,21,21,21,21,21 -> output: 29
input: 57 -> message: 28,21,21,21,21,21,21,21,21,21,21,21,21,21,21,21,21,21,21,21,21,21,21,21,21,21,21,21,21,21 -> output: 29
input: 58 -> message: 27,27,0 -> output: 35
input: 59 -> message: 1,21,21,21,21,21,21,21,21,21,21,21,21,21,21,21,21,21,21,21,21,21,21,21,21,21,21,21,21,21 -> output: 43
input: 60 -> message: 28,21,21,21,21,21,21,21,21,21,21,21,21,21,21,21,21,21,21,21,21,21,21,21,21,21,21,21,21,21 -> output: 29
input: 61 -> message: 1,21,21,21,21,21,21,21,21,21,21,21,21,21,21,21,21,21,21,21,21,21,21,21,21,21,21,21,21,21 -> output: 43
input: 62 -> message: 30,22,5,0 -> output: 25
input: 63 -> message: 28,21,21,21,21,21,21,21,21,21,21,21,21,21,21,21,21,21,21,21,21,21,21,21,21,21,21,21,21,21 -> output: 29
input: 64 -> message: 30,30,21,21,21,21,21,21,21,21,21,21,21,21,21,21,21,21,21,21,21,21,21,21,21,21,21,21,21,21 -> output: 23
input: 65 -> message: 1,21,21,21,21,21,21,21,21,21,21,21,21,21,21,21,21,21,21,21,21,21,21,21,21,21,21,21,21,21 -> output: 43
input: 66 -> message: 1,21,21,21,21,21,21,21,21,21,21,21,21,21,21,21,21,21,21,21,21,21,21,21,21,21,21,21,21,21 -> output: 43
input: 67 -> message: 28,21,21,21,21,21,21,21,21,21,21,21,21,21,21,21,21,21,21,21,21,21,21,21,21,21,21,21,21,21 -> output: 29
input: 68 -> message: 28,21,21,21,21,21,21,21,21,21,21,21,21,21,21,21,21,21,21,21,21,21,21,21,21,21,21,21,21,21 -> output: 29
input: 69 -> message: 27,0 -> output: 36
input: 70 -> message: 30,30,21,21,21,21,21,21,21,21,21,21,21,21,21,21,21,21,21,21,21,21,21,21,21,21,21,21,21,21 -> output: 23
input: 71 -> message: 1,21,21,21,21,21,21,21,21,21,21,21,21,21,21,21,21,21,21,21,21,21,21,21,21,21,21,21,21,21 -> output: 43
input: 72 -> message: 30,21,21,21,21,21,21,21,21,21,21,21,21,21,21,21,21,21,21,21,21,21,21,21,21,21,21,21,21,21 -> output: 23
input: 73 -> message: 27,0 -> output: 36
input: 74 -> message: 28,0 -> output: 5
input: 75 -> message: 28,0 -> output: 5
input: 76 -> message: 28,27,0 -> output: 76
input: 77 -> message: 28,21,21,21,21,21,21,21,21,21,21,21,21,21,21,21,21,21,21,21,21,21,21,21,21,21,21,21,21,21 -> output: 29
input: 78 -> message: 28,21,21,21,21,21,21,21,21,21,21,21,21,21,21,21,21,21,21,21,21,21,21,21,21,21,21,21,21,21 -> output: 29
input: 79 -> message: 30,30,21,21,21,21,21,21,21,21,21,21,21,21,21,21,21,21,21,21,21,21,21,21,21,21,21,21,21,21 -> output: 23
input: 80 -> message: 30,30,21,21,21,21,21,21,21,21,21,21,21,21,21,21,21,21,21,21,21,21,21,21,21,21,21,21,21,21 -> output: 23
input: 81 -> message: 28,21,21,21,21,21,21,21,21,21,21,21,21,21,21,21,21,21,21,21,21,21,21,21,21,21,21,21,21,21 -> output: 29
input: 82 -> message: 30,30,21,21,21,21,21,21,21,21,21,21,21,21,21,21,21,21,21,21,21,21,21,21,21,21,21,21,21,21 -> output: 23
input: 83 -> message: 5,0 -> output: 17
input: 84 -> message: 30,30,21,21,21,21,21,21,21,21,21,21,21,21,21,21,21,21,21,21,21,21,21,21,21,21,21,21,21,21 -> output: 23
input: 85 -> message: 27,0 -> output: 36
input: 86 -> message: 28,21,21,21,21,21,21,21,21,21,21,21,21,21,21,21,21,21,21,21,21,21,21,21,21,21,21,21,21,21 -> output: 29
input: 87 -> message: 27,28,0 -> output: 87
input: 88 -> message: 1,21,21,21,21,21,21,21,21,21,21,21,21,21,21,21,21,21,21,21,21,21,21,21,21,21,21,21,21,21 -> output: 43
input: 89 -> message: 28,21,21,21,21,21,21,21,21,21,21,21,21,21,21,21,21,21,21,21,21,21,21,21,21,21,21,21,21,21 -> output: 29
input: 90 -> message: 28,21,21,21,21,21,21,21,21,21,21,21,21,21,21,21,21,21,21,21,21,21,21,21,21,21,21,21,21,21 -> output: 29
input: 91 -> message: 28,21,21,21,21,21,21,21,21,21,21,21,21,21,21,21,21,21,21,21,21,21,21,21,21,21,21,21,21,21 -> output: 29
input: 92 -> message: 30,21,21,21,21,21,21,21,21,21,21,21,21,21,21,21,21,21,21,21,21,21,21,21,21,21,21,21,21,21 -> output: 23
input: 93 -> message: 28,21,21,21,21,21,21,21,21,21,21,21,21,21,21,21,21,21,21,21,21,21,21,21,21,21,21,21,21,21 -> output: 29
input: 94 -> message: 30,30,21,21,21,21,21,21,21,21,21,21,21,21,21,21,21,21,21,21,21,21,21,21,21,21,21,21,21,21 -> output: 23
input: 95 -> message: 28,21,21,21,21,21,21,21,21,21,21,21,21,21,21,21,21,21,21,21,21,21,21,21,21,21,21,21,21,21 -> output: 29
input: 96 -> message: 28,23,21,21,21,21,21,21,21,21,21,21,21,21,21,21,21,21,21,21,21,21,21,21,21,21,21,21,21,21 -> output: 29
input: 97 -> message: 30,21,21,21,21,21,21,21,21,21,21,21,21,21,21,21,21,21,21,21,21,21,21,21,21,21,21,21,21,21 -> output: 23
input: 98 -> message: 28,21,21,21,21,21,21,21,21,21,21,21,21,21,21,21,21,21,21,21,21,21,21,21,21,21,21,21,21,21 -> output: 29
input: 99 -> message: 27,27,0 -> output: 35
{"powerlaw": 0.6222267150878906, "unif": 0.25}
Epoch: 51
{"powerlaw": 0.6282104253768921, "unif": 0.26}
Epoch: 52
{"powerlaw": 0.6333220601081848, "unif": 0.27}
Epoch: 53
{"powerlaw": 0.6598021984100342, "unif": 0.3}
Epoch: 54
{"powerlaw": 0.6665984988212585, "unif": 0.31}
Epoch: 55
{"powerlaw": 0.6746682524681091, "unif": 0.34}
Epoch: 56
{"powerlaw": 0.677470862865448, "unif": 0.33}
Epoch: 57
{"powerlaw": 0.685082197189331, "unif": 0.35}
Epoch: 58
{"powerlaw": 0.6837209463119507, "unif": 0.36}
Epoch: 59
{"powerlaw": 0.6894193291664124, "unif": 0.4}
Epoch: 60
{"powerlaw": 0.7043105363845825, "unif": 0.42}
Epoch: 61
{"powerlaw": 0.707141101360321, "unif": 0.44}
Epoch: 62
{"powerlaw": 0.7034766674041748, "unif": 0.44}
Epoch: 63
{"powerlaw": 0.7038618326187134, "unif": 0.43}
Epoch: 64
{"powerlaw": 0.705636203289032, "unif": 0.43}
Epoch: 65
{"powerlaw": 0.718912661075592, "unif": 0.48}
Epoch: 66
{"powerlaw": 0.725829541683197, "unif": 0.49}
Epoch: 67
{"powerlaw": 0.7396677136421204, "unif": 0.52}
Epoch: 68
{"powerlaw": 0.7349675893783569, "unif": 0.52}
Epoch: 69
{"powerlaw": 0.7473759055137634, "unif": 0.55}
Epoch: 70
{"powerlaw": 0.7675645351409912, "unif": 0.57}
Epoch: 71
{"powerlaw": 0.7658910751342773, "unif": 0.57}
Epoch: 72
{"powerlaw": 0.7683945298194885, "unif": 0.58}
Epoch: 73
{"powerlaw": 0.7721951007843018, "unif": 0.6}
Epoch: 74
{"powerlaw": 0.7701428532600403, "unif": 0.61}
Epoch: 75
{"powerlaw": 0.7757300138473511, "unif": 0.61}
Epoch: 76
{"powerlaw": 0.7793991565704346, "unif": 0.6}
Epoch: 77
{"powerlaw": 0.7797462344169617, "unif": 0.61}
Epoch: 78
{"powerlaw": 0.7830514311790466, "unif": 0.61}
Epoch: 79
{"powerlaw": 0.7787233591079712, "unif": 0.63}
Epoch: 80
{"powerlaw": 0.7892383337020874, "unif": 0.63}
Epoch: 81
{"powerlaw": 0.7949237823486328, "unif": 0.65}
Epoch: 82
{"powerlaw": 0.792032778263092, "unif": 0.64}
Epoch: 83
{"powerlaw": 0.6802568435668945, "unif": 0.37}
Epoch: 84
{"powerlaw": 0.669321596622467, "unif": 0.37}
Epoch: 85
{"powerlaw": 0.7000015377998352, "unif": 0.39}
Epoch: 86
{"powerlaw": 0.7201498746871948, "unif": 0.43}
Epoch: 87
{"powerlaw": 0.7108007669448853, "unif": 0.44}
Epoch: 88
{"powerlaw": 0.7151607871055603, "unif": 0.44}
Epoch: 89
{"powerlaw": 0.7199276685714722, "unif": 0.44}
Epoch: 90
{"powerlaw": 0.7254679203033447, "unif": 0.44}
Epoch: 91
{"powerlaw": 0.7346662878990173, "unif": 0.46}
Epoch: 92
{"powerlaw": 0.73678058385849, "unif": 0.47}
Epoch: 93
{"powerlaw": 0.7309596538543701, "unif": 0.46}
Epoch: 94
{"powerlaw": 0.720096230506897, "unif": 0.44}
Epoch: 95
{"powerlaw": 0.7261726260185242, "unif": 0.45}
Epoch: 96
{"powerlaw": 0.7259423136711121, "unif": 0.45}
Epoch: 97
{"powerlaw": 0.7413168549537659, "unif": 0.47}
Epoch: 98
{"powerlaw": 0.7218183875083923, "unif": 0.44}
Epoch: 99
{"powerlaw": 0.7290892601013184, "unif": 0.47}
Epoch: 100
input: 0 -> message: 13,13,13,13,13,13,13,13,13,13,13,13,13,13,13,13,13,13,13,13,13,13,13,13,13,13,13,13,13,13 -> output: 0
input: 1 -> message: 33,28,1,10,10,33,33,28,0 -> output: 1
input: 2 -> message: 33,33,28,32,10,5,33,38,28,0 -> output: 2
input: 3 -> message: 34,0 -> output: 3
input: 4 -> message: 34,0 -> output: 3
input: 5 -> message: 28,0 -> output: 5
input: 6 -> message: 0 -> output: 6
input: 7 -> message: 33,33,33,28,32,21,30,30,33,28,0 -> output: 7
input: 8 -> message: 33,33,33,28,32,21,30,30,33,28,0 -> output: 7
input: 9 -> message: 33,33,33,28,32,21,30,30,33,28,0 -> output: 7
input: 10 -> message: 33,33,28,28,16,5,30,30,33,28,0 -> output: 10
input: 11 -> message: 33,28,0 -> output: 11
input: 12 -> message: 33,28,28,0 -> output: 12
input: 13 -> message: 5,26,0 -> output: 13
input: 14 -> message: 33,28,0 -> output: 11
input: 15 -> message: 28,28,32,5,30,30,33,28,0 -> output: 15
input: 16 -> message: 33,2,13,0 -> output: 16
input: 17 -> message: 5,0 -> output: 17
input: 18 -> message: 28,28,0 -> output: 18
input: 19 -> message: 28,28,0 -> output: 18
input: 20 -> message: 13,0 -> output: 20
input: 21 -> message: 30,0 -> output: 21
input: 22 -> message: 28,28,0 -> output: 18
input: 23 -> message: 30,1,1,1,10,10,33,33,18,5,0 -> output: 30
input: 24 -> message: 21,5,0 -> output: 24
input: 25 -> message: 30,21,26,0 -> output: 25
input: 26 -> message: 30,0 -> output: 21
input: 27 -> message: 21,30,0 -> output: 27
input: 28 -> message: 28,28,1,5,5,5,5,38,5,30,33,28,0 -> output: 28
input: 29 -> message: 28,32,21,21,10,5,33,38,28,0 -> output: 29
input: 30 -> message: 30,1,1,1,1,1,1,10,10,33,33,2,0 -> output: 30
input: 31 -> message: 30,2,5,0 -> output: 31
input: 32 -> message: 28,1,1,1,10,10,33,33,2,0 -> output: 32
input: 33 -> message: 28,13,0 -> output: 33
input: 34 -> message: 1,10,10,33,33,28,0 -> output: 34
input: 35 -> message: 21,2,0 -> output: 35
input: 36 -> message: 4,0 -> output: 36
input: 37 -> message: 5,0 -> output: 17
input: 38 -> message: 23,0 -> output: 38
input: 39 -> message: 30,0 -> output: 21
input: 40 -> message: 28,32,21,21,5,5,5,33,38,5,0 -> output: 29
input: 41 -> message: 28,32,21,21,30,30,5,38,18,0 -> output: 29
input: 42 -> message: 33,13,0 -> output: 42
input: 43 -> message: 21,30,30,30,33,28,0 -> output: 43
input: 44 -> message: 23,33,1,32,32,10,5,33,38,5,0 -> output: 44
input: 45 -> message: 4,0 -> output: 36
input: 46 -> message: 34,21,0 -> output: 46
input: 47 -> message: 28,32,21,10,5,33,38,35,0 -> output: 29
input: 48 -> message: 28,32,21,21,30,30,5,5,18,5,33,38,28,0 -> output: 41
input: 49 -> message: 21,21,10,10,5,33,38,13,0 -> output: 54
input: 50 -> message: 30,0 -> output: 21
input: 51 -> message: 21,13,0 -> output: 51
input: 52 -> message: 28,0 -> output: 5
input: 53 -> message: 38,13,0 -> output: 53
input: 54 -> message: 21,21,10,10,5,33,33,28,0 -> output: 54
input: 55 -> message: 21,2,5,0 -> output: 55
input: 56 -> message: 28,1,1,1,1,10,10,33,33,18,5,0 -> output: 32
input: 57 -> message: 28,1,1,1,1,1,10,10,33,33,2,0 -> output: 32
input: 58 -> message: 38,4,0 -> output: 58
input: 59 -> message: 23,1,1,10,10,33,33,38,5,0 -> output: 61
input: 60 -> message: 28,32,10,5,33,38,35,0 -> output: 29
input: 61 -> message: 23,1,1,10,10,33,33,38,5,0 -> output: 61
input: 62 -> message: 30,38,13,0 -> output: 62
input: 63 -> message: 28,1,10,10,33,33,18,5,30,33,28,0 -> output: 32
input: 64 -> message: 30,0 -> output: 21
input: 65 -> message: 23,1,10,10,33,33,38,5,0 -> output: 61
input: 66 -> message: 21,21,30,0 -> output: 66
input: 67 -> message: 28,30,1,5,5,5,33,28,0 -> output: 67
input: 68 -> message: 28,32,10,5,33,38,5,0 -> output: 29
input: 69 -> message: 16,0 -> output: 69
input: 70 -> message: 30,1,1,10,10,33,33,18,5,0 -> output: 30
input: 71 -> message: 23,1,10,10,33,33,18,5,33,33,28,0 -> output: 61
input: 72 -> message: 30,1,1,1,10,10,25,33,33,2,0 -> output: 30
input: 73 -> message: 4,0 -> output: 36
input: 74 -> message: 28,32,21,5,5,5,5,33,28,0 -> output: 40
input: 75 -> message: 28,0 -> output: 5
input: 76 -> message: 28,4,0 -> output: 76
input: 77 -> message: 28,1,1,10,10,33,33,38,0 -> output: 32
input: 78 -> message: 28,32,32,5,30,30,33,28,0 -> output: 40
input: 79 -> message: 30,1,1,10,32,10,5,33,33,28,0 -> output: 30
input: 80 -> message: 30,21,10,10,32,5,5,33,38,13,0 -> output: 23
input: 81 -> message: 28,32,21,21,5,5,5,33,38,5,0 -> output: 29
input: 82 -> message: 30,1,1,1,1,1,10,10,33,33,18,5,5,33,28,0 -> output: 30
input: 83 -> message: 5,0 -> output: 17
input: 84 -> message: 30,33,28,0 -> output: 84
input: 85 -> message: 17,0 -> output: 85
input: 86 -> message: 28,32,21,21,32,5,30,33,38,5,0 -> output: 29
input: 87 -> message: 38,28,0 -> output: 87
input: 88 -> message: 21,21,13,0 -> output: 88
input: 89 -> message: 28,32,21,21,30,30,33,28,0 -> output: 41
input: 90 -> message: 28,0 -> output: 5
input: 91 -> message: 28,32,21,21,30,30,5,38,18,0 -> output: 29
input: 92 -> message: 23,1,1,1,1,10,10,33,33,38,13,0 -> output: 61
input: 93 -> message: 28,32,21,21,5,5,5,33,38,5,0 -> output: 29
input: 94 -> message: 30,1,1,1,1,10,10,33,33,18,5,33,33,28,0 -> output: 30
input: 95 -> message: 28,32,10,5,33,38,13,0 -> output: 29
input: 96 -> message: 28,1,10,10,33,33,28,0 -> output: 78
input: 97 -> message: 30,1,1,10,32,10,5,33,33,28,0 -> output: 30
input: 98 -> message: 28,32,10,5,33,38,35,0 -> output: 29
input: 99 -> message: 30,28,0 -> output: 99
{"powerlaw": 0.752284586429596, "unif": 0.5}
Epoch: 101
{"powerlaw": 0.7579180002212524, "unif": 0.52}
Epoch: 102
{"powerlaw": 0.7681230902671814, "unif": 0.53}
Epoch: 103
{"powerlaw": 0.7774437665939331, "unif": 0.56}
Epoch: 104
{"powerlaw": 0.7988507151603699, "unif": 0.59}
Epoch: 105
{"powerlaw": 0.8185507655143738, "unif": 0.6}
Epoch: 106
{"powerlaw": 0.806244432926178, "unif": 0.57}
Epoch: 107
{"powerlaw": 0.8029616475105286, "unif": 0.57}
Epoch: 108
{"powerlaw": 0.7894629240036011, "unif": 0.54}
Epoch: 109
{"powerlaw": 0.807137131690979, "unif": 0.58}
Epoch: 110
{"powerlaw": 0.8159074783325195, "unif": 0.61}
Epoch: 111
{"powerlaw": 0.8047361969947815, "unif": 0.59}
Epoch: 112
{"powerlaw": 0.8379268050193787, "unif": 0.67}
Epoch: 113
{"powerlaw": 0.8547604084014893, "unif": 0.74}
Epoch: 114
{"powerlaw": 0.8727877140045166, "unif": 0.78}
Epoch: 115
{"powerlaw": 0.8559852838516235, "unif": 0.75}
Epoch: 116
{"powerlaw": 0.8561298251152039, "unif": 0.78}
Epoch: 117
{"powerlaw": 0.8755900859832764, "unif": 0.8}
Epoch: 118
{"powerlaw": 0.8698100447654724, "unif": 0.8}
Epoch: 119
{"powerlaw": 0.8742802739143372, "unif": 0.8}
Epoch: 120
{"powerlaw": 0.8739699721336365, "unif": 0.79}
Epoch: 121
{"powerlaw": 0.8792021870613098, "unif": 0.8}
Epoch: 122
{"powerlaw": 0.8839297890663147, "unif": 0.82}
Epoch: 123
{"powerlaw": 0.890576183795929, "unif": 0.84}
Epoch: 124
{"powerlaw": 0.8871201872825623, "unif": 0.82}
Epoch: 125
{"powerlaw": 0.8906353712081909, "unif": 0.84}
Epoch: 126
{"powerlaw": 0.8861881494522095, "unif": 0.82}
Epoch: 127
{"powerlaw": 0.8855854272842407, "unif": 0.82}
Epoch: 128
{"powerlaw": 0.8962358236312866, "unif": 0.86}
Epoch: 129
{"powerlaw": 0.8922842741012573, "unif": 0.84}
Epoch: 130
{"powerlaw": 0.8943632245063782, "unif": 0.85}
Epoch: 131
{"powerlaw": 0.8946477770805359, "unif": 0.85}
Epoch: 132
{"powerlaw": 0.8897877335548401, "unif": 0.85}
Epoch: 133
{"powerlaw": 0.8952164649963379, "unif": 0.86}
Epoch: 134
{"powerlaw": 0.8967431783676147, "unif": 0.86}
Epoch: 135
{"powerlaw": 0.8951205015182495, "unif": 0.86}
Epoch: 136
{"powerlaw": 0.8951205015182495, "unif": 0.86}
Epoch: 137
{"powerlaw": 0.8935302495956421, "unif": 0.86}
Epoch: 138
{"powerlaw": 0.8967431783676147, "unif": 0.86}
Epoch: 139
{"powerlaw": 0.8967431783676147, "unif": 0.86}
Epoch: 140
{"powerlaw": 0.8951205015182495, "unif": 0.86}
Epoch: 141
{"powerlaw": 0.8962358236312866, "unif": 0.86}
Epoch: 142
{"powerlaw": 0.8962358236312866, "unif": 0.86}
Epoch: 143
{"powerlaw": 0.893022894859314, "unif": 0.86}
Epoch: 144
{"powerlaw": 0.8868390917778015, "unif": 0.83}
Epoch: 145
{"powerlaw": 0.8908092975616455, "unif": 0.84}
Epoch: 146
{"powerlaw": 0.8906451463699341, "unif": 0.84}
Epoch: 147
{"powerlaw": 0.8922678232192993, "unif": 0.84}
Epoch: 148
{"powerlaw": 0.89385586977005, "unif": 0.85}
Epoch: 149
{"powerlaw": 0.8927405476570129, "unif": 0.85}
Epoch: 150
input: 0 -> message: 13,13,13,13,13,13,13,13,13,13,13,13,13,13,13,13,13,13,13,13,13,13,13,13,13,13,13,13,13,13 -> output: 0
input: 1 -> message: 33,28,20,20,15,15,7,38,15,7,38,15,7,38,15,7,38,15,7,38,15,7,38,15,7,38,15,7,38,15 -> output: 1
input: 2 -> message: 33,33,28,15,38,15,38,15,7,38,15,7,38,15,7,38,15,7,38,15,7,38,15,7,38,15,7,38,15,7 -> output: 2
input: 3 -> message: 34,0 -> output: 3
input: 4 -> message: 34,0 -> output: 3
input: 5 -> message: 28,0 -> output: 5
input: 6 -> message: 0 -> output: 6
input: 7 -> message: 33,33,33,28,32,39,35,30,30,19,28,0 -> output: 7
input: 8 -> message: 33,33,33,28,37,20,15,38,15,38,7,38,15,7,38,15,7,38,15,7,38,15,7,38,15,7,38,15,7,38 -> output: 8
input: 9 -> message: 33,13,13,13,13,13,13,13,13,13,13,13,13,13,13,13,13,13,13,13,13,13,13,13,13,13,13,13,13,13 -> output: 9
input: 10 -> message: 33,33,28,28,30,20,30,30,30,33,28,0 -> output: 10
input: 11 -> message: 33,28,0 -> output: 11
input: 12 -> message: 33,28,28,28,30,20,30,30,30,33,28,0 -> output: 12
input: 13 -> message: 5,24,0 -> output: 13
input: 14 -> message: 33,28,0 -> output: 11
input: 15 -> message: 28,28,12,20,30,30,30,28,28,30,19,28,0 -> output: 15
input: 16 -> message: 33,35,13,0 -> output: 16
input: 17 -> message: 5,0 -> output: 17
input: 18 -> message: 28,28,0 -> output: 19
input: 19 -> message: 28,28,0 -> output: 19
input: 20 -> message: 13,0 -> output: 20
input: 21 -> message: 30,0 -> output: 21
input: 22 -> message: 28,28,5,5,30,30,30,33,28,0 -> output: 22
input: 23 -> message: 30,20,15,7,7,34,7,7,34,7,7,34,7,38,21,21,21,21,21,21,21,21,21,21,21,21,21,21,21,21 -> output: 23
input: 24 -> message: 23,5,0 -> output: 24
input: 25 -> message: 30,19,28,0 -> output: 25
input: 26 -> message: 30,0 -> output: 21
input: 27 -> message: 24,30,0 -> output: 27
input: 28 -> message: 28,28,20,35,30,0 -> output: 28
input: 29 -> message: 28,32,20,21,15,7,38,15,7,38,15,7,38,15,7,38,15,7,38,15,7,38,15,7,38,15,7,38,15,7 -> output: 29
input: 30 -> message: 30,30,19,30,30,30,33,28,0 -> output: 30
input: 31 -> message: 30,19,5,0 -> output: 31
input: 32 -> message: 28,19,30,30,19,28,0 -> output: 32
input: 33 -> message: 28,13,0 -> output: 33
input: 34 -> message: 1,1,1,1,7,7,21,21,21,21,21,21,21,21,21,21,21,21,21,21,21,21,21,21,21,21,21,21,21,21 -> output: 34
input: 35 -> message: 23,1,5,5,19,28,0 -> output: 35
input: 36 -> message: 4,0 -> output: 36
input: 37 -> message: 5,0 -> output: 17
input: 38 -> message: 23,0 -> output: 38
input: 39 -> message: 30,0 -> output: 21
input: 40 -> message: 28,32,20,35,30,30,28,28,30,19,28,0 -> output: 40
input: 41 -> message: 28,32,0 -> output: 41
input: 42 -> message: 33,13,0 -> output: 42
input: 43 -> message: 21,30,30,30,33,28,0 -> output: 43
input: 44 -> message: 23,1,30,30,30,19,28,0 -> output: 44
input: 45 -> message: 4,0 -> output: 36
input: 46 -> message: 34,37,0 -> output: 46
input: 47 -> message: 28,0 -> output: 5
input: 48 -> message: 28,32,5,30,30,30,19,28,0 -> output: 48
input: 49 -> message: 1,30,30,30,28,28,30,19,28,0 -> output: 49
input: 50 -> message: 30,0 -> output: 21
input: 51 -> message: 21,13,0 -> output: 51
input: 52 -> message: 28,0 -> output: 5
input: 53 -> message: 38,13,0 -> output: 53
input: 54 -> message: 1,1,30,30,28,28,30,19,28,0 -> output: 54
input: 55 -> message: 1,1,5,0 -> output: 55
input: 56 -> message: 28,30,20,35,0 -> output: 56
input: 57 -> message: 28,30,5,30,30,30,33,28,0 -> output: 57
input: 58 -> message: 35,4,0 -> output: 58
input: 59 -> message: 23,32,20,30,30,30,28,28,30,30,19,5,0 -> output: 59
input: 60 -> message: 28,20,20,21,15,7,38,15,7,38,15,7,38,15,7,38,15,7,38,15,7,38,15,7,38,15,7,38,15,7 -> output: 60
input: 61 -> message: 23,1,30,30,30,28,30,30,19,28,0 -> output: 61
input: 62 -> message: 30,19,13,0 -> output: 62
input: 63 -> message: 28,1,30,0 -> output: 63
input: 64 -> message: 30,30,30,28,28,30,5,24,13,0 -> output: 64
input: 65 -> message: 23,20,21,15,7,38,15,7,38,15,7,38,15,7,38,15,7,38,15,7,38,15,7,38,15,7,38,15,7,38 -> output: 65
input: 66 -> message: 1,20,35,0 -> output: 66
input: 67 -> message: 28,30,30,19,28,0 -> output: 67
input: 68 -> message: 28,32,1,30,30,30,30,30,30,28,28,30,19,28,0 -> output: 68
input: 69 -> message: 16,0 -> output: 69
input: 70 -> message: 30,1,30,0 -> output: 70
input: 71 -> message: 23,1,1,1,1,1,1,7,7,21,21,21,21,21,21,21,21,21,21,21,21,21,21,21,21,21,21,21,21,21 -> output: 71
input: 72 -> message: 30,19,30,0 -> output: 72
input: 73 -> message: 4,0 -> output: 36
input: 74 -> message: 28,5,5,19,28,0 -> output: 74
input: 75 -> message: 28,0 -> output: 5
input: 76 -> message: 28,4,0 -> output: 76
input: 77 -> message: 28,1,1,30,30,30,30,30,19,28,0 -> output: 77
input: 78 -> message: 28,32,20,30,30,30,28,28,30,19,24,0 -> output: 78
input: 79 -> message: 30,1,1,1,1,1,1,1,7,7,21,21,21,21,21,21,21,21,21,21,21,21,21,21,21,21,21,21,21,21 -> output: 79
input: 80 -> message: 30,1,1,1,1,7,7,7,34,7,7,34,7,7,34,7,38,21,7,7,7,34,7,7,34,7,38,21,21,21 -> output: 80
input: 81 -> message: 28,32,33,35,30,0 -> output: 81
input: 82 -> message: 30,30,30,33,28,0 -> output: 82
input: 83 -> message: 5,0 -> output: 17
input: 84 -> message: 30,33,28,0 -> output: 84
input: 85 -> message: 32,0 -> output: 85
input: 86 -> message: 28,32,12,35,30,30,19,28,0 -> output: 86
input: 87 -> message: 20,28,0 -> output: 87
input: 88 -> message: 23,19,13,0 -> output: 88
input: 89 -> message: 28,32,5,5,33,28,0 -> output: 89
input: 90 -> message: 28,0 -> output: 5
input: 91 -> message: 28,32,20,30,30,30,28,28,0 -> output: 91
input: 92 -> message: 23,32,5,30,30,30,19,28,0 -> output: 92
input: 93 -> message: 28,32,5,20,30,30,30,33,28,0 -> output: 93
input: 94 -> message: 30,30,19,35,0 -> output: 94
input: 95 -> message: 28,32,1,30,30,30,30,30,30,19,28,0 -> output: 95
input: 96 -> message: 28,1,1,1,1,7,7,21,21,21,21,21,21,21,21,21,21,21,21,21,21,21,21,21,21,21,21,21,21,21 -> output: 96
input: 97 -> message: 30,1,30,30,30,28,28,0 -> output: 97
input: 98 -> message: 28,1,30,30,30,19,30,0 -> output: 98
input: 99 -> message: 30,28,30,30,19,28,0 -> output: 99
{"powerlaw": 0.8962358236312866, "unif": 0.86}
Epoch: 151
{"powerlaw": 0.8951205015182495, "unif": 0.86}
Epoch: 152
{"powerlaw": 0.8939493298530579, "unif": 0.85}
Epoch: 153
{"powerlaw": 0.8879900574684143, "unif": 0.84}
Epoch: 154
{"powerlaw": 0.892422616481781, "unif": 0.85}
Epoch: 155
{"powerlaw": 0.8887490034103394, "unif": 0.84}
Epoch: 156
{"powerlaw": 0.8733362555503845, "unif": 0.84}
Epoch: 157
{"powerlaw": 0.8939493298530579, "unif": 0.85}
Epoch: 158
{"powerlaw": 0.8939493298530579, "unif": 0.85}
Epoch: 159
{"powerlaw": 0.8967431783676147, "unif": 0.86}
Epoch: 160
{"powerlaw": 0.8897684812545776, "unif": 0.84}
Epoch: 161
{"powerlaw": 0.8893608450889587, "unif": 0.84}
Epoch: 162
{"powerlaw": 0.8919602632522583, "unif": 0.85}
Epoch: 163
{"powerlaw": 0.8925108909606934, "unif": 0.86}
Epoch: 164
{"powerlaw": 0.8935829401016235, "unif": 0.85}
Epoch: 165
{"powerlaw": 0.8935302495956421, "unif": 0.86}
Epoch: 166
{"powerlaw": 0.8864617943763733, "unif": 0.83}
Epoch: 167
{"powerlaw": 0.8749384880065918, "unif": 0.77}
Epoch: 168
{"powerlaw": 0.8857686519622803, "unif": 0.82}
Epoch: 169
{"powerlaw": 0.8725255131721497, "unif": 0.81}
Epoch: 170
{"powerlaw": 0.8873646259307861, "unif": 0.82}
Epoch: 171
{"powerlaw": 0.8903121948242188, "unif": 0.83}
Epoch: 172
{"powerlaw": 0.8883041143417358, "unif": 0.82}
Epoch: 173
{"powerlaw": 0.8860867619514465, "unif": 0.82}
Epoch: 174
{"powerlaw": 0.8886895179748535, "unif": 0.83}
Epoch: 175
{"powerlaw": 0.8774604797363281, "unif": 0.83}
Epoch: 176
{"powerlaw": 0.8903121948242188, "unif": 0.83}
Epoch: 177
{"powerlaw": 0.8903121948242188, "unif": 0.83}
Epoch: 178
{"powerlaw": 0.8898048400878906, "unif": 0.83}
Epoch: 179
{"powerlaw": 0.8898048400878906, "unif": 0.83}
Epoch: 180
{"powerlaw": 0.88929283618927, "unif": 0.83}
Epoch: 181
{"powerlaw": 0.8903121948242188, "unif": 0.83}
Epoch: 182
{"powerlaw": 0.886591911315918, "unif": 0.83}
Epoch: 183
{"powerlaw": 0.8887854814529419, "unif": 0.83}
Epoch: 184
{"powerlaw": 0.8875183463096619, "unif": 0.82}
Epoch: 185
{"powerlaw": 0.8854607343673706, "unif": 0.81}
Epoch: 186
{"powerlaw": 0.8813883662223816, "unif": 0.81}
Epoch: 187
{"powerlaw": 0.8871519565582275, "unif": 0.82}
Epoch: 188
{"powerlaw": 0.885991632938385, "unif": 0.82}
Epoch: 189
{"powerlaw": 0.8843054175376892, "unif": 0.82}
Epoch: 190
{"powerlaw": 0.8875183463096619, "unif": 0.82}
Epoch: 191
{"powerlaw": 0.8866446018218994, "unif": 0.82}
Epoch: 192
{"powerlaw": 0.8866446018218994, "unif": 0.82}
Epoch: 193
{"powerlaw": 0.8875183463096619, "unif": 0.82}
Epoch: 194
{"powerlaw": 0.8837980628013611, "unif": 0.82}
Epoch: 195
{"powerlaw": 0.8853883147239685, "unif": 0.82}
Epoch: 196
{"powerlaw": 0.8856252431869507, "unif": 0.82}
Epoch: 197
{"powerlaw": 0.8998627066612244, "unif": 0.83}
Epoch: 198
{"powerlaw": 0.9000036716461182, "unif": 0.83}
Epoch: 199
{"powerlaw": 0.9000036716461182, "unif": 0.83}

========================================================================
Task 1 (lstm_baseline seed 42) finished at Wed Mar 25 02:26:37 AM EDT 2026
========================================================================
