========================================================================
LAZIMPA LSTM FIXED - Task 2 of 20
========================================================================
Job ID: 738215.2
Started on qa-rtx6k-002.crc.nd.edu at Thu Mar 26 10:14:58 AM EDT 2026
Python: /software/c/conda/25.9.1/bin/python
CUDA available: True
========================================================================

Running: lstm_baseline with seed 123

True
Namespace(n_features=1000, batches_per_epoch=1000, dim_dataset=10240, force_eos=0, sender_hidden=250, receiver_hidden=600, receiver_num_layers=1, sender_num_layers=1, receiver_num_heads=8, sender_num_heads=8, sender_embedding=10, receiver_embedding=100, causal_sender=False, causal_receiver=False, sender_generate_style='in-place', sender_cell='lstm', receiver_cell='lstm', sender_entropy_coeff=2.0, receiver_entropy_coeff=0.1, probs='powerlaw', length_cost=0.0, name='lstm_baseline_seed123', early_stopping_thr=0.99, dir_save='results/lstm_baseline/seed_123', unigram_pen=0.0, impatient=False, print_message=False, reg=False, random_seed=123, checkpoint_dir=None, preemptable=False, checkpoint_freq=0, validation_freq=1, n_epochs=500, load_from_checkpoint=None, no_cuda=False, batch_size=512, optimizer='adam', lr=0.001, vocab_size=40, max_len=30, tensorboard=False, tensorboard_dir='runs/', cuda=True, device='cuda')
the probs are:  [0.13359211 0.06679606 0.0445307  0.03339803 0.02671842 0.02226535
 0.01908459 0.01669901 0.01484357 0.01335921 0.01214474 0.01113268
 0.01027632 0.00954229 0.00890614 0.00834951 0.00785836 0.00742178
 0.00703116 0.00667961 0.00636153 0.00607237 0.00580835 0.00556634
 0.00534368 0.00513816 0.00494786 0.00477115 0.00460662 0.00445307
 0.00430942 0.00417475 0.00404825 0.00392918 0.00381692 0.00371089
 0.0036106  0.00351558 0.00342544 0.0033398  0.00325834 0.00318076
 0.00310679 0.00303618 0.00296871 0.00290418 0.00284239 0.00278317
 0.00272637 0.00267184 0.00261945 0.00256908 0.00252061 0.00247393
 0.00242895 0.00238557 0.00234372 0.00230331 0.00226427 0.00222654
 0.00219003 0.00215471 0.00212051 0.00208738 0.00205526 0.00202412
 0.00199391 0.00196459 0.00193612 0.00190846 0.00188158 0.00185545
 0.00183003 0.0018053  0.00178123 0.00175779 0.00173496 0.00171272
 0.00169104 0.0016699  0.00164929 0.00162917 0.00160954 0.00159038
 0.00157167 0.0015534  0.00153554 0.00151809 0.00150104 0.00148436
 0.00146805 0.00145209 0.00143647 0.00142119 0.00140623 0.00139158
 0.00137724 0.00136318 0.00134942 0.00133592 0.00132269 0.00130973
 0.00129701 0.00128454 0.00127231 0.0012603  0.00124852 0.00123696
 0.00122562 0.00121447 0.00120353 0.00119279 0.00118223 0.00117186
 0.00116167 0.00115166 0.00114181 0.00113214 0.00112262 0.00111327
 0.00110407 0.00109502 0.00108611 0.00107736 0.00106874 0.00106025
 0.00105191 0.00104369 0.0010356  0.00102763 0.00101979 0.00101206
 0.00100445 0.00099696 0.00098957 0.0009823  0.00097512 0.00096806
 0.00096109 0.00095423 0.00094746 0.00094079 0.00093421 0.00092772
 0.00092132 0.00091501 0.00090879 0.00090265 0.00089659 0.00089061
 0.00088472 0.0008789  0.00087315 0.00086748 0.00086188 0.00085636
 0.00085091 0.00084552 0.0008402  0.00083495 0.00082976 0.00082464
 0.00081958 0.00081459 0.00080965 0.00080477 0.00079995 0.00079519
 0.00079049 0.00078584 0.00078124 0.0007767  0.00077221 0.00076777
 0.00076338 0.00075905 0.00075476 0.00075052 0.00074632 0.00074218
 0.00073808 0.00073402 0.00073001 0.00072604 0.00072212 0.00071824
 0.0007144  0.0007106  0.00070684 0.00070312 0.00069944 0.00069579
 0.00069219 0.00068862 0.00068509 0.00068159 0.00067813 0.00067471
 0.00067132 0.00066796 0.00066464 0.00066135 0.00065809 0.00065486
 0.00065167 0.00064851 0.00064537 0.00064227 0.0006392  0.00063615
 0.00063314 0.00063015 0.00062719 0.00062426 0.00062136 0.00061848
 0.00061563 0.00061281 0.00061001 0.00060724 0.00060449 0.00060177
 0.00059907 0.00059639 0.00059374 0.00059112 0.00058851 0.00058593
 0.00058337 0.00058084 0.00057832 0.00057583 0.00057336 0.00057091
 0.00056848 0.00056607 0.00056368 0.00056131 0.00055896 0.00055663
 0.00055432 0.00055203 0.00054976 0.00054751 0.00054527 0.00054306
 0.00054086 0.00053868 0.00053651 0.00053437 0.00053224 0.00053013
 0.00052803 0.00052595 0.00052389 0.00052184 0.00051981 0.0005178
 0.0005158  0.00051382 0.00051185 0.00050989 0.00050795 0.00050603
 0.00050412 0.00050223 0.00050035 0.00049848 0.00049662 0.00049479
 0.00049296 0.00049115 0.00048935 0.00048756 0.00048579 0.00048403
 0.00048228 0.00048055 0.00047882 0.00047711 0.00047542 0.00047373
 0.00047206 0.00047039 0.00046874 0.00046711 0.00046548 0.00046386
 0.00046226 0.00046066 0.00045908 0.00045751 0.00045595 0.00045439
 0.00045285 0.00045132 0.00044981 0.0004483  0.0004468  0.00044531
 0.00044383 0.00044236 0.0004409  0.00043945 0.00043801 0.00043658
 0.00043515 0.00043374 0.00043234 0.00043094 0.00042956 0.00042818
 0.00042681 0.00042545 0.0004241  0.00042276 0.00042143 0.0004201
 0.00041878 0.00041748 0.00041617 0.00041488 0.0004136  0.00041232
 0.00041105 0.00040979 0.00040854 0.00040729 0.00040606 0.00040482
 0.0004036  0.00040239 0.00040118 0.00039998 0.00039878 0.0003976
 0.00039642 0.00039524 0.00039408 0.00039292 0.00039177 0.00039062
 0.00038948 0.00038835 0.00038722 0.0003861  0.00038499 0.00038389
 0.00038279 0.00038169 0.0003806  0.00037952 0.00037845 0.00037738
 0.00037632 0.00037526 0.00037421 0.00037316 0.00037212 0.00037109
 0.00037006 0.00036904 0.00036802 0.00036701 0.00036601 0.00036501
 0.00036401 0.00036302 0.00036204 0.00036106 0.00036009 0.00035912
 0.00035816 0.0003572  0.00035625 0.0003553  0.00035436 0.00035342
 0.00035249 0.00035156 0.00035064 0.00034972 0.0003488  0.0003479
 0.00034699 0.00034609 0.0003452  0.00034431 0.00034342 0.00034254
 0.00034167 0.0003408  0.00033993 0.00033907 0.00033821 0.00033735
 0.0003365  0.00033566 0.00033482 0.00033398 0.00033315 0.00033232
 0.00033149 0.00033067 0.00032986 0.00032904 0.00032824 0.00032743
 0.00032663 0.00032583 0.00032504 0.00032425 0.00032347 0.00032269
 0.00032191 0.00032113 0.00032036 0.0003196  0.00031884 0.00031808
 0.00031732 0.00031657 0.00031582 0.00031508 0.00031433 0.0003136
 0.00031286 0.00031213 0.0003114  0.00031068 0.00030996 0.00030924
 0.00030853 0.00030782 0.00030711 0.0003064  0.0003057  0.000305
 0.00030431 0.00030362 0.00030293 0.00030224 0.00030156 0.00030088
 0.00030021 0.00029953 0.00029886 0.0002982  0.00029753 0.00029687
 0.00029621 0.00029556 0.00029491 0.00029426 0.00029361 0.00029297
 0.00029232 0.00029169 0.00029105 0.00029042 0.00028979 0.00028916
 0.00028854 0.00028791 0.00028729 0.00028668 0.00028606 0.00028545
 0.00028484 0.00028424 0.00028364 0.00028303 0.00028244 0.00028184
 0.00028125 0.00028066 0.00028007 0.00027948 0.0002789  0.00027832
 0.00027774 0.00027716 0.00027659 0.00027602 0.00027545 0.00027488
 0.00027432 0.00027375 0.00027319 0.00027264 0.00027208 0.00027153
 0.00027098 0.00027043 0.00026988 0.00026934 0.0002688  0.00026826
 0.00026772 0.00026718 0.00026665 0.00026612 0.00026559 0.00026506
 0.00026454 0.00026402 0.0002635  0.00026298 0.00026246 0.00026195
 0.00026143 0.00026092 0.00026041 0.00025991 0.0002594  0.0002589
 0.0002584  0.0002579  0.0002574  0.00025691 0.00025641 0.00025592
 0.00025543 0.00025495 0.00025446 0.00025398 0.0002535  0.00025302
 0.00025254 0.00025206 0.00025159 0.00025111 0.00025064 0.00025017
 0.0002497  0.00024924 0.00024877 0.00024831 0.00024785 0.00024739
 0.00024694 0.00024648 0.00024603 0.00024557 0.00024512 0.00024467
 0.00024423 0.00024378 0.00024334 0.00024289 0.00024245 0.00024201
 0.00024158 0.00024114 0.00024071 0.00024027 0.00023984 0.00023941
 0.00023898 0.00023856 0.00023813 0.00023771 0.00023729 0.00023687
 0.00023645 0.00023603 0.00023561 0.0002352  0.00023478 0.00023437
 0.00023396 0.00023355 0.00023315 0.00023274 0.00023233 0.00023193
 0.00023153 0.00023113 0.00023073 0.00023033 0.00022993 0.00022954
 0.00022915 0.00022875 0.00022836 0.00022797 0.00022758 0.0002272
 0.00022681 0.00022643 0.00022604 0.00022566 0.00022528 0.0002249
 0.00022452 0.00022415 0.00022377 0.0002234  0.00022303 0.00022265
 0.00022228 0.00022191 0.00022155 0.00022118 0.00022081 0.00022045
 0.00022009 0.00021972 0.00021936 0.000219   0.00021865 0.00021829
 0.00021793 0.00021758 0.00021722 0.00021687 0.00021652 0.00021617
 0.00021582 0.00021547 0.00021512 0.00021478 0.00021443 0.00021409
 0.00021375 0.00021341 0.00021307 0.00021273 0.00021239 0.00021205
 0.00021171 0.00021138 0.00021105 0.00021071 0.00021038 0.00021005
 0.00020972 0.00020939 0.00020906 0.00020874 0.00020841 0.00020809
 0.00020776 0.00020744 0.00020712 0.0002068  0.00020648 0.00020616
 0.00020584 0.00020553 0.00020521 0.0002049  0.00020458 0.00020427
 0.00020396 0.00020365 0.00020334 0.00020303 0.00020272 0.00020241
 0.00020211 0.0002018  0.0002015  0.00020119 0.00020089 0.00020059
 0.00020029 0.00019999 0.00019969 0.00019939 0.00019909 0.0001988
 0.0001985  0.00019821 0.00019791 0.00019762 0.00019733 0.00019704
 0.00019675 0.00019646 0.00019617 0.00019588 0.0001956  0.00019531
 0.00019502 0.00019474 0.00019446 0.00019417 0.00019389 0.00019361
 0.00019333 0.00019305 0.00019277 0.0001925  0.00019222 0.00019194
 0.00019167 0.00019139 0.00019112 0.00019085 0.00019057 0.0001903
 0.00019003 0.00018976 0.00018949 0.00018922 0.00018896 0.00018869
 0.00018842 0.00018816 0.00018789 0.00018763 0.00018737 0.0001871
 0.00018684 0.00018658 0.00018632 0.00018606 0.0001858  0.00018554
 0.00018529 0.00018503 0.00018477 0.00018452 0.00018426 0.00018401
 0.00018376 0.00018351 0.00018325 0.000183   0.00018275 0.0001825
 0.00018225 0.00018201 0.00018176 0.00018151 0.00018126 0.00018102
 0.00018077 0.00018053 0.00018029 0.00018004 0.0001798  0.00017956
 0.00017932 0.00017908 0.00017884 0.0001786  0.00017836 0.00017812
 0.00017789 0.00017765 0.00017741 0.00017718 0.00017694 0.00017671
 0.00017648 0.00017624 0.00017601 0.00017578 0.00017555 0.00017532
 0.00017509 0.00017486 0.00017463 0.0001744  0.00017417 0.00017395
 0.00017372 0.0001735  0.00017327 0.00017305 0.00017282 0.0001726
 0.00017238 0.00017215 0.00017193 0.00017171 0.00017149 0.00017127
 0.00017105 0.00017083 0.00017062 0.0001704  0.00017018 0.00016996
 0.00016975 0.00016953 0.00016932 0.0001691  0.00016889 0.00016868
 0.00016846 0.00016825 0.00016804 0.00016783 0.00016762 0.00016741
 0.0001672  0.00016699 0.00016678 0.00016657 0.00016637 0.00016616
 0.00016595 0.00016575 0.00016554 0.00016534 0.00016513 0.00016493
 0.00016473 0.00016452 0.00016432 0.00016412 0.00016392 0.00016372
 0.00016352 0.00016332 0.00016312 0.00016292 0.00016272 0.00016252
 0.00016232 0.00016213 0.00016193 0.00016173 0.00016154 0.00016134
 0.00016115 0.00016095 0.00016076 0.00016057 0.00016037 0.00016018
 0.00015999 0.0001598  0.00015961 0.00015942 0.00015923 0.00015904
 0.00015885 0.00015866 0.00015847 0.00015828 0.0001581  0.00015791
 0.00015772 0.00015754 0.00015735 0.00015717 0.00015698 0.0001568
 0.00015661 0.00015643 0.00015625 0.00015607 0.00015588 0.0001557
 0.00015552 0.00015534 0.00015516 0.00015498 0.0001548  0.00015462
 0.00015444 0.00015426 0.00015409 0.00015391 0.00015373 0.00015355
 0.00015338 0.0001532  0.00015303 0.00015285 0.00015268 0.0001525
 0.00015233 0.00015216 0.00015198 0.00015181 0.00015164 0.00015146
 0.00015129 0.00015112 0.00015095 0.00015078 0.00015061 0.00015044
 0.00015027 0.0001501  0.00014994 0.00014977 0.0001496  0.00014943
 0.00014926 0.0001491  0.00014893 0.00014877 0.0001486  0.00014844
 0.00014827 0.00014811 0.00014794 0.00014778 0.00014762 0.00014745
 0.00014729 0.00014713 0.00014697 0.0001468  0.00014664 0.00014648
 0.00014632 0.00014616 0.000146   0.00014584 0.00014568 0.00014553
 0.00014537 0.00014521 0.00014505 0.00014489 0.00014474 0.00014458
 0.00014442 0.00014427 0.00014411 0.00014396 0.0001438  0.00014365
 0.00014349 0.00014334 0.00014319 0.00014303 0.00014288 0.00014273
 0.00014257 0.00014242 0.00014227 0.00014212 0.00014197 0.00014182
 0.00014167 0.00014152 0.00014137 0.00014122 0.00014107 0.00014092
 0.00014077 0.00014062 0.00014048 0.00014033 0.00014018 0.00014003
 0.00013989 0.00013974 0.00013959 0.00013945 0.0001393  0.00013916
 0.00013901 0.00013887 0.00013872 0.00013858 0.00013844 0.00013829
 0.00013815 0.00013801 0.00013787 0.00013772 0.00013758 0.00013744
 0.0001373  0.00013716 0.00013702 0.00013688 0.00013674 0.0001366
 0.00013646 0.00013632 0.00013618 0.00013604 0.0001359  0.00013576
 0.00013563 0.00013549 0.00013535 0.00013521 0.00013508 0.00013494
 0.00013481 0.00013467 0.00013453 0.0001344  0.00013426 0.00013413
 0.00013399 0.00013386 0.00013373 0.00013359]
========================================================================
LAZIMPA LSTM FIXED - Task 2 of 2
========================================================================
Job ID: 738225.2
Started on qa-a10-024.crc.nd.edu at Thu Mar 26 10:16:43 AM EDT 2026
Python: /software/c/conda/25.9.1/bin/python
CUDA available: True
========================================================================

Running: lstm_lazimpa with seed 42

True
Namespace(n_features=1000, batches_per_epoch=1000, dim_dataset=10240, force_eos=0, sender_hidden=250, receiver_hidden=600, receiver_num_layers=1, sender_num_layers=1, receiver_num_heads=8, sender_num_heads=8, sender_embedding=10, receiver_embedding=100, causal_sender=False, causal_receiver=False, sender_generate_style='in-place', sender_cell='lstm', receiver_cell='lstm', sender_entropy_coeff=2.0, receiver_entropy_coeff=0.1, probs='powerlaw', length_cost=0.0, name='lstm_lazimpa_seed42', early_stopping_thr=0.99, dir_save='results/lstm_lazimpa/seed_42', unigram_pen=0.0, impatient=True, print_message=False, reg=True, random_seed=42, checkpoint_dir=None, preemptable=False, checkpoint_freq=0, validation_freq=1, n_epochs=500, load_from_checkpoint=None, no_cuda=False, batch_size=512, optimizer='adam', lr=0.001, vocab_size=40, max_len=30, tensorboard=False, tensorboard_dir='runs/', cuda=True, device='cuda')
the probs are:  [0.13359211 0.06679606 0.0445307  0.03339803 0.02671842 0.02226535
 0.01908459 0.01669901 0.01484357 0.01335921 0.01214474 0.01113268
 0.01027632 0.00954229 0.00890614 0.00834951 0.00785836 0.00742178
 0.00703116 0.00667961 0.00636153 0.00607237 0.00580835 0.00556634
 0.00534368 0.00513816 0.00494786 0.00477115 0.00460662 0.00445307
 0.00430942 0.00417475 0.00404825 0.00392918 0.00381692 0.00371089
 0.0036106  0.00351558 0.00342544 0.0033398  0.00325834 0.00318076
 0.00310679 0.00303618 0.00296871 0.00290418 0.00284239 0.00278317
 0.00272637 0.00267184 0.00261945 0.00256908 0.00252061 0.00247393
 0.00242895 0.00238557 0.00234372 0.00230331 0.00226427 0.00222654
 0.00219003 0.00215471 0.00212051 0.00208738 0.00205526 0.00202412
 0.00199391 0.00196459 0.00193612 0.00190846 0.00188158 0.00185545
 0.00183003 0.0018053  0.00178123 0.00175779 0.00173496 0.00171272
 0.00169104 0.0016699  0.00164929 0.00162917 0.00160954 0.00159038
 0.00157167 0.0015534  0.00153554 0.00151809 0.00150104 0.00148436
 0.00146805 0.00145209 0.00143647 0.00142119 0.00140623 0.00139158
 0.00137724 0.00136318 0.00134942 0.00133592 0.00132269 0.00130973
 0.00129701 0.00128454 0.00127231 0.0012603  0.00124852 0.00123696
 0.00122562 0.00121447 0.00120353 0.00119279 0.00118223 0.00117186
 0.00116167 0.00115166 0.00114181 0.00113214 0.00112262 0.00111327
 0.00110407 0.00109502 0.00108611 0.00107736 0.00106874 0.00106025
 0.00105191 0.00104369 0.0010356  0.00102763 0.00101979 0.00101206
 0.00100445 0.00099696 0.00098957 0.0009823  0.00097512 0.00096806
 0.00096109 0.00095423 0.00094746 0.00094079 0.00093421 0.00092772
 0.00092132 0.00091501 0.00090879 0.00090265 0.00089659 0.00089061
 0.00088472 0.0008789  0.00087315 0.00086748 0.00086188 0.00085636
 0.00085091 0.00084552 0.0008402  0.00083495 0.00082976 0.00082464
 0.00081958 0.00081459 0.00080965 0.00080477 0.00079995 0.00079519
 0.00079049 0.00078584 0.00078124 0.0007767  0.00077221 0.00076777
 0.00076338 0.00075905 0.00075476 0.00075052 0.00074632 0.00074218
 0.00073808 0.00073402 0.00073001 0.00072604 0.00072212 0.00071824
 0.0007144  0.0007106  0.00070684 0.00070312 0.00069944 0.00069579
 0.00069219 0.00068862 0.00068509 0.00068159 0.00067813 0.00067471
 0.00067132 0.00066796 0.00066464 0.00066135 0.00065809 0.00065486
 0.00065167 0.00064851 0.00064537 0.00064227 0.0006392  0.00063615
 0.00063314 0.00063015 0.00062719 0.00062426 0.00062136 0.00061848
 0.00061563 0.00061281 0.00061001 0.00060724 0.00060449 0.00060177
 0.00059907 0.00059639 0.00059374 0.00059112 0.00058851 0.00058593
 0.00058337 0.00058084 0.00057832 0.00057583 0.00057336 0.00057091
 0.00056848 0.00056607 0.00056368 0.00056131 0.00055896 0.00055663
 0.00055432 0.00055203 0.00054976 0.00054751 0.00054527 0.00054306
 0.00054086 0.00053868 0.00053651 0.00053437 0.00053224 0.00053013
 0.00052803 0.00052595 0.00052389 0.00052184 0.00051981 0.0005178
 0.0005158  0.00051382 0.00051185 0.00050989 0.00050795 0.00050603
 0.00050412 0.00050223 0.00050035 0.00049848 0.00049662 0.00049479
 0.00049296 0.00049115 0.00048935 0.00048756 0.00048579 0.00048403
 0.00048228 0.00048055 0.00047882 0.00047711 0.00047542 0.00047373
 0.00047206 0.00047039 0.00046874 0.00046711 0.00046548 0.00046386
 0.00046226 0.00046066 0.00045908 0.00045751 0.00045595 0.00045439
 0.00045285 0.00045132 0.00044981 0.0004483  0.0004468  0.00044531
 0.00044383 0.00044236 0.0004409  0.00043945 0.00043801 0.00043658
 0.00043515 0.00043374 0.00043234 0.00043094 0.00042956 0.00042818
 0.00042681 0.00042545 0.0004241  0.00042276 0.00042143 0.0004201
 0.00041878 0.00041748 0.00041617 0.00041488 0.0004136  0.00041232
 0.00041105 0.00040979 0.00040854 0.00040729 0.00040606 0.00040482
 0.0004036  0.00040239 0.00040118 0.00039998 0.00039878 0.0003976
 0.00039642 0.00039524 0.00039408 0.00039292 0.00039177 0.00039062
 0.00038948 0.00038835 0.00038722 0.0003861  0.00038499 0.00038389
 0.00038279 0.00038169 0.0003806  0.00037952 0.00037845 0.00037738
 0.00037632 0.00037526 0.00037421 0.00037316 0.00037212 0.00037109
 0.00037006 0.00036904 0.00036802 0.00036701 0.00036601 0.00036501
 0.00036401 0.00036302 0.00036204 0.00036106 0.00036009 0.00035912
 0.00035816 0.0003572  0.00035625 0.0003553  0.00035436 0.00035342
 0.00035249 0.00035156 0.00035064 0.00034972 0.0003488  0.0003479
 0.00034699 0.00034609 0.0003452  0.00034431 0.00034342 0.00034254
 0.00034167 0.0003408  0.00033993 0.00033907 0.00033821 0.00033735
 0.0003365  0.00033566 0.00033482 0.00033398 0.00033315 0.00033232
 0.00033149 0.00033067 0.00032986 0.00032904 0.00032824 0.00032743
 0.00032663 0.00032583 0.00032504 0.00032425 0.00032347 0.00032269
 0.00032191 0.00032113 0.00032036 0.0003196  0.00031884 0.00031808
 0.00031732 0.00031657 0.00031582 0.00031508 0.00031433 0.0003136
 0.00031286 0.00031213 0.0003114  0.00031068 0.00030996 0.00030924
 0.00030853 0.00030782 0.00030711 0.0003064  0.0003057  0.000305
 0.00030431 0.00030362 0.00030293 0.00030224 0.00030156 0.00030088
 0.00030021 0.00029953 0.00029886 0.0002982  0.00029753 0.00029687
 0.00029621 0.00029556 0.00029491 0.00029426 0.00029361 0.00029297
 0.00029232 0.00029169 0.00029105 0.00029042 0.00028979 0.00028916
 0.00028854 0.00028791 0.00028729 0.00028668 0.00028606 0.00028545
 0.00028484 0.00028424 0.00028364 0.00028303 0.00028244 0.00028184
 0.00028125 0.00028066 0.00028007 0.00027948 0.0002789  0.00027832
 0.00027774 0.00027716 0.00027659 0.00027602 0.00027545 0.00027488
 0.00027432 0.00027375 0.00027319 0.00027264 0.00027208 0.00027153
 0.00027098 0.00027043 0.00026988 0.00026934 0.0002688  0.00026826
 0.00026772 0.00026718 0.00026665 0.00026612 0.00026559 0.00026506
 0.00026454 0.00026402 0.0002635  0.00026298 0.00026246 0.00026195
 0.00026143 0.00026092 0.00026041 0.00025991 0.0002594  0.0002589
 0.0002584  0.0002579  0.0002574  0.00025691 0.00025641 0.00025592
 0.00025543 0.00025495 0.00025446 0.00025398 0.0002535  0.00025302
 0.00025254 0.00025206 0.00025159 0.00025111 0.00025064 0.00025017
 0.0002497  0.00024924 0.00024877 0.00024831 0.00024785 0.00024739
 0.00024694 0.00024648 0.00024603 0.00024557 0.00024512 0.00024467
 0.00024423 0.00024378 0.00024334 0.00024289 0.00024245 0.00024201
 0.00024158 0.00024114 0.00024071 0.00024027 0.00023984 0.00023941
 0.00023898 0.00023856 0.00023813 0.00023771 0.00023729 0.00023687
 0.00023645 0.00023603 0.00023561 0.0002352  0.00023478 0.00023437
 0.00023396 0.00023355 0.00023315 0.00023274 0.00023233 0.00023193
 0.00023153 0.00023113 0.00023073 0.00023033 0.00022993 0.00022954
 0.00022915 0.00022875 0.00022836 0.00022797 0.00022758 0.0002272
 0.00022681 0.00022643 0.00022604 0.00022566 0.00022528 0.0002249
 0.00022452 0.00022415 0.00022377 0.0002234  0.00022303 0.00022265
 0.00022228 0.00022191 0.00022155 0.00022118 0.00022081 0.00022045
 0.00022009 0.00021972 0.00021936 0.000219   0.00021865 0.00021829
 0.00021793 0.00021758 0.00021722 0.00021687 0.00021652 0.00021617
 0.00021582 0.00021547 0.00021512 0.00021478 0.00021443 0.00021409
 0.00021375 0.00021341 0.00021307 0.00021273 0.00021239 0.00021205
 0.00021171 0.00021138 0.00021105 0.00021071 0.00021038 0.00021005
 0.00020972 0.00020939 0.00020906 0.00020874 0.00020841 0.00020809
 0.00020776 0.00020744 0.00020712 0.0002068  0.00020648 0.00020616
 0.00020584 0.00020553 0.00020521 0.0002049  0.00020458 0.00020427
 0.00020396 0.00020365 0.00020334 0.00020303 0.00020272 0.00020241
 0.00020211 0.0002018  0.0002015  0.00020119 0.00020089 0.00020059
 0.00020029 0.00019999 0.00019969 0.00019939 0.00019909 0.0001988
 0.0001985  0.00019821 0.00019791 0.00019762 0.00019733 0.00019704
 0.00019675 0.00019646 0.00019617 0.00019588 0.0001956  0.00019531
 0.00019502 0.00019474 0.00019446 0.00019417 0.00019389 0.00019361
 0.00019333 0.00019305 0.00019277 0.0001925  0.00019222 0.00019194
 0.00019167 0.00019139 0.00019112 0.00019085 0.00019057 0.0001903
 0.00019003 0.00018976 0.00018949 0.00018922 0.00018896 0.00018869
 0.00018842 0.00018816 0.00018789 0.00018763 0.00018737 0.0001871
 0.00018684 0.00018658 0.00018632 0.00018606 0.0001858  0.00018554
 0.00018529 0.00018503 0.00018477 0.00018452 0.00018426 0.00018401
 0.00018376 0.00018351 0.00018325 0.000183   0.00018275 0.0001825
 0.00018225 0.00018201 0.00018176 0.00018151 0.00018126 0.00018102
 0.00018077 0.00018053 0.00018029 0.00018004 0.0001798  0.00017956
 0.00017932 0.00017908 0.00017884 0.0001786  0.00017836 0.00017812
 0.00017789 0.00017765 0.00017741 0.00017718 0.00017694 0.00017671
 0.00017648 0.00017624 0.00017601 0.00017578 0.00017555 0.00017532
 0.00017509 0.00017486 0.00017463 0.0001744  0.00017417 0.00017395
 0.00017372 0.0001735  0.00017327 0.00017305 0.00017282 0.0001726
 0.00017238 0.00017215 0.00017193 0.00017171 0.00017149 0.00017127
 0.00017105 0.00017083 0.00017062 0.0001704  0.00017018 0.00016996
 0.00016975 0.00016953 0.00016932 0.0001691  0.00016889 0.00016868
 0.00016846 0.00016825 0.00016804 0.00016783 0.00016762 0.00016741
 0.0001672  0.00016699 0.00016678 0.00016657 0.00016637 0.00016616
 0.00016595 0.00016575 0.00016554 0.00016534 0.00016513 0.00016493
 0.00016473 0.00016452 0.00016432 0.00016412 0.00016392 0.00016372
 0.00016352 0.00016332 0.00016312 0.00016292 0.00016272 0.00016252
 0.00016232 0.00016213 0.00016193 0.00016173 0.00016154 0.00016134
 0.00016115 0.00016095 0.00016076 0.00016057 0.00016037 0.00016018
 0.00015999 0.0001598  0.00015961 0.00015942 0.00015923 0.00015904
 0.00015885 0.00015866 0.00015847 0.00015828 0.0001581  0.00015791
 0.00015772 0.00015754 0.00015735 0.00015717 0.00015698 0.0001568
 0.00015661 0.00015643 0.00015625 0.00015607 0.00015588 0.0001557
 0.00015552 0.00015534 0.00015516 0.00015498 0.0001548  0.00015462
 0.00015444 0.00015426 0.00015409 0.00015391 0.00015373 0.00015355
 0.00015338 0.0001532  0.00015303 0.00015285 0.00015268 0.0001525
 0.00015233 0.00015216 0.00015198 0.00015181 0.00015164 0.00015146
 0.00015129 0.00015112 0.00015095 0.00015078 0.00015061 0.00015044
 0.00015027 0.0001501  0.00014994 0.00014977 0.0001496  0.00014943
 0.00014926 0.0001491  0.00014893 0.00014877 0.0001486  0.00014844
 0.00014827 0.00014811 0.00014794 0.00014778 0.00014762 0.00014745
 0.00014729 0.00014713 0.00014697 0.0001468  0.00014664 0.00014648
 0.00014632 0.00014616 0.000146   0.00014584 0.00014568 0.00014553
 0.00014537 0.00014521 0.00014505 0.00014489 0.00014474 0.00014458
 0.00014442 0.00014427 0.00014411 0.00014396 0.0001438  0.00014365
 0.00014349 0.00014334 0.00014319 0.00014303 0.00014288 0.00014273
 0.00014257 0.00014242 0.00014227 0.00014212 0.00014197 0.00014182
 0.00014167 0.00014152 0.00014137 0.00014122 0.00014107 0.00014092
 0.00014077 0.00014062 0.00014048 0.00014033 0.00014018 0.00014003
 0.00013989 0.00013974 0.00013959 0.00013945 0.0001393  0.00013916
 0.00013901 0.00013887 0.00013872 0.00013858 0.00013844 0.00013829
 0.00013815 0.00013801 0.00013787 0.00013772 0.00013758 0.00013744
 0.0001373  0.00013716 0.00013702 0.00013688 0.00013674 0.0001366
 0.00013646 0.00013632 0.00013618 0.00013604 0.0001359  0.00013576
 0.00013563 0.00013549 0.00013535 0.00013521 0.00013508 0.00013494
 0.00013481 0.00013467 0.00013453 0.0001344  0.00013426 0.00013413
 0.00013399 0.00013386 0.00013373 0.00013359]
Epoch: 0
Impatient score=59
input: 0 -> message: 27,21,21,29,5,5,33,17,5,5,33,29,5,5,33,17,5,5,33,29,5,5,33,17,5,5,33,29,5,5 -> output: 0
input: 1 -> message: 17,5,5,33,29,5,5,33,17,5,5,33,29,5,5,33,17,5,5,33,29,5,5,33,17,5,5,33,29,5 -> output: 0
input: 2 -> message: 0 -> output: 0
input: 3 -> message: 29,5,33,17,5,5,33,29,5,5,33,17,5,5,33,29,5,5,33,17,5,5,33,29,5,5,33,17,5,5 -> output: 0
input: 4 -> message: 17,5,5,33,29,5,5,33,17,5,5,33,29,5,5,33,17,5,5,33,29,5,5,33,17,5,5,33,29,5 -> output: 0
input: 5 -> message: 17,5,5,33,29,5,5,33,17,5,5,33,29,5,5,33,17,5,5,33,29,5,5,33,17,5,5,33,29,5 -> output: 0
input: 6 -> message: 17,16,6,5,5,33,28,21,21,29,5,5,33,17,5,5,33,29,5,5,33,17,5,5,33,29,5,5,33,17 -> output: 0
input: 7 -> message: 0 -> output: 0
input: 8 -> message: 28,21,21,29,5,5,33,17,5,5,33,29,5,5,33,17,5,5,33,29,5,5,33,17,5,5,33,29,5,5 -> output: 0
input: 9 -> message: 17,16,27,29,5,5,33,17,5,5,33,29,5,5,33,17,5,5,33,29,5,5,33,17,5,5,33,29,5,5 -> output: 0
input: 10 -> message: 17,5,5,33,29,5,5,33,17,5,5,33,29,5,5,33,17,5,5,33,29,5,5,33,17,5,5,33,29,5 -> output: 0
input: 11 -> message: 29,5,33,17,5,5,33,29,5,5,33,17,5,5,33,29,5,5,33,17,5,5,33,29,5,5,33,17,5,5 -> output: 0
input: 12 -> message: 0 -> output: 0
input: 13 -> message: 0 -> output: 0
input: 14 -> message: 0 -> output: 0
input: 15 -> message: 17,16,6,5,5,33,28,21,21,29,5,5,33,17,5,5,33,29,5,5,33,17,5,5,33,29,5,5,33,17 -> output: 0
input: 16 -> message: 17,16,6,5,33,29,5,33,17,5,5,33,29,5,5,33,17,5,5,33,29,5,5,33,17,5,5,33,29,5 -> output: 0
input: 17 -> message: 17,16,6,5,5,33,28,21,21,29,5,5,33,17,5,5,33,29,5,5,33,17,5,5,33,29,5,5,33,17 -> output: 0
input: 18 -> message: 0 -> output: 0
input: 19 -> message: 29,5,33,17,5,5,33,29,5,5,33,17,5,5,33,29,5,5,33,17,5,5,33,29,5,5,33,17,5,5 -> output: 0
input: 20 -> message: 17,16,6,5,5,33,28,21,21,29,5,5,33,17,5,5,33,29,5,5,33,17,5,5,33,29,5,5,33,17 -> output: 0
input: 21 -> message: 0 -> output: 0
input: 22 -> message: 17,16,6,5,5,33,28,21,21,29,5,5,33,17,5,5,33,29,5,5,33,17,5,5,33,29,5,5,33,17 -> output: 0
input: 23 -> message: 17,16,6,5,5,33,28,21,21,29,5,5,33,17,5,5,33,29,5,5,33,17,5,5,33,29,5,5,33,17 -> output: 0
input: 24 -> message: 17,16,6,5,33,29,5,33,17,5,5,33,29,5,5,33,17,5,5,33,29,5,5,33,17,5,5,33,29,5 -> output: 0
input: 25 -> message: 17,29,5,33,29,5,33,17,5,5,33,29,5,5,33,17,5,5,33,29,5,5,33,17,5,5,33,29,5,5 -> output: 0
input: 26 -> message: 17,16,6,5,5,33,28,21,21,29,5,5,33,17,5,5,33,29,5,5,33,17,5,5,33,29,5,5,33,17 -> output: 0
input: 27 -> message: 17,16,6,5,5,33,28,21,21,29,5,5,33,17,5,5,33,29,5,5,33,17,5,5,33,29,5,5,33,17 -> output: 0
input: 28 -> message: 17,16,6,5,5,33,28,21,21,29,5,5,33,17,5,5,33,29,5,5,33,17,5,5,33,29,5,5,33,17 -> output: 0
input: 29 -> message: 17,16,6,5,5,33,28,21,21,29,5,5,33,17,5,5,33,29,5,5,33,17,5,5,33,29,5,5,33,17 -> output: 0
input: 30 -> message: 0 -> output: 0
input: 31 -> message: 27,21,21,29,5,5,33,17,5,5,33,29,5,5,33,17,5,5,33,29,5,5,33,17,5,5,33,29,5,5 -> output: 0
input: 32 -> message: 17,29,5,33,5,5,33,28,21,21,29,5,5,33,17,5,5,33,29,5,5,33,17,5,5,33,29,5,5,33 -> output: 0
input: 33 -> message: 11,33,25,5,5,27,17,29,5,5,33,17,5,5,33,29,5,5,33,17,5,5,33,29,5,5,33,17,5,5 -> output: 0
input: 34 -> message: 27,21,21,29,5,5,33,17,5,5,33,29,5,5,33,17,5,5,33,29,5,5,33,17,5,5,33,29,5,5 -> output: 0
input: 35 -> message: 17,16,6,5,5,33,28,21,21,29,5,5,33,17,5,5,33,29,5,5,33,17,5,5,33,29,5,5,33,17 -> output: 0
input: 36 -> message: 17,16,6,5,5,33,28,29,5,5,33,17,5,5,33,29,5,5,33,17,5,5,33,29,5,5,33,17,5,5 -> output: 0
input: 37 -> message: 0 -> output: 0
input: 38 -> message: 17,16,6,5,5,33,28,21,21,29,5,5,33,17,5,5,33,29,5,5,33,17,5,5,33,29,5,5,33,17 -> output: 0
input: 39 -> message: 17,16,6,5,5,33,28,21,21,29,5,5,33,17,5,5,33,29,5,5,33,17,5,5,33,29,5,5,33,17 -> output: 0
input: 40 -> message: 27,17,16,5,5,27,17,16,6,5,5,33,28,21,21,29,5,5,33,17,5,5,33,29,5,5,33,17,5,5 -> output: 0
input: 41 -> message: 33,28,21,21,29,5,5,33,17,5,5,33,29,5,5,33,17,5,5,33,29,5,5,33,17,5,5,33,29,5 -> output: 0
input: 42 -> message: 17,16,6,5,5,33,28,21,21,29,5,5,33,17,5,5,33,29,5,5,33,17,5,5,33,29,5,5,33,17 -> output: 0
input: 43 -> message: 17,16,6,5,5,33,28,21,21,29,5,5,33,17,5,5,33,29,5,5,33,17,5,5,33,29,5,5,33,17 -> output: 0
input: 44 -> message: 17,16,6,5,33,29,5,33,17,5,5,33,29,5,5,33,17,5,5,33,29,5,5,33,17,5,5,33,29,5 -> output: 0
input: 45 -> message: 29,5,33,29,5,33,17,5,5,33,29,5,5,33,17,5,5,33,29,5,5,33,17,5,5,33,29,5,5,33 -> output: 0
input: 46 -> message: 17,16,6,5,5,33,28,21,21,29,5,5,33,17,5,5,33,29,5,5,33,17,5,5,33,29,5,5,33,17 -> output: 0
input: 47 -> message: 17,29,5,5,33,17,5,5,33,29,5,5,33,17,5,5,33,29,5,5,33,17,5,5,33,29,5,5,33,17 -> output: 0
input: 48 -> message: 17,5,5,33,29,5,5,33,17,5,5,33,29,5,5,33,17,5,5,33,29,5,5,33,17,5,5,33,29,5 -> output: 0
input: 49 -> message: 17,16,6,5,33,29,5,33,17,5,5,33,29,5,5,33,17,5,5,33,29,5,5,33,17,5,5,33,29,5 -> output: 0
input: 50 -> message: 17,16,6,5,5,33,28,21,21,29,5,5,33,17,5,5,33,29,5,5,33,17,5,5,33,29,5,5,33,17 -> output: 0
input: 51 -> message: 17,16,6,5,5,33,28,21,21,29,5,5,33,17,5,5,33,29,5,5,33,17,5,5,33,29,5,5,33,17 -> output: 0
input: 52 -> message: 17,16,6,5,5,33,28,21,21,29,5,5,33,17,5,5,33,29,5,5,33,17,5,5,33,29,5,5,33,17 -> output: 0
input: 53 -> message: 29,5,33,29,5,5,33,17,5,5,33,29,5,5,33,17,5,5,33,29,5,5,33,17,5,5,33,29,5,5 -> output: 0
input: 54 -> message: 17,16,6,5,5,33,28,21,21,29,5,5,33,17,5,5,33,29,5,5,33,17,5,5,33,29,5,5,33,17 -> output: 0
input: 55 -> message: 17,16,6,5,5,33,28,21,21,29,5,5,33,17,5,5,33,29,5,5,33,17,5,5,33,29,5,5,33,17 -> output: 0
input: 56 -> message: 21,21,29,5,5,33,17,5,5,33,29,5,5,33,17,5,5,33,29,5,5,33,17,5,5,33,29,5,5,33 -> output: 0
input: 57 -> message: 17,16,6,5,5,33,28,21,21,29,5,5,33,17,5,5,33,29,5,5,33,17,5,5,33,29,5,5,33,17 -> output: 0
input: 58 -> message: 17,16,6,5,5,33,28,21,21,29,5,5,33,17,5,5,33,29,5,5,33,17,5,5,33,29,5,5,33,17 -> output: 0
input: 59 -> message: 17,5,5,33,29,5,5,33,17,5,5,33,29,5,5,33,17,5,5,33,29,5,5,33,17,5,5,33,29,5 -> output: 0
input: 60 -> message: 5,27,17,16,5,5,27,17,16,6,5,5,33,28,21,21,29,5,5,33,17,5,5,33,29,5,5,33,17,5 -> output: 0
input: 61 -> message: 17,29,5,33,5,5,33,28,21,21,29,5,5,33,17,5,5,33,29,5,5,33,17,5,5,33,29,5,5,33 -> output: 0
input: 62 -> message: 17,16,6,5,5,33,28,21,21,29,5,5,33,17,5,5,33,29,5,5,33,17,5,5,33,29,5,5,33,17 -> output: 0
input: 63 -> message: 27,21,21,29,5,5,33,17,5,5,33,29,5,5,33,17,5,5,33,29,5,5,33,17,5,5,33,29,5,5 -> output: 0
input: 64 -> message: 21,21,29,5,33,29,5,33,17,5,5,33,29,5,5,33,17,5,5,33,29,5,5,33,17,5,5,33,29,5 -> output: 0
input: 65 -> message: 33,28,21,21,29,5,5,33,17,5,5,33,29,5,5,33,17,5,5,33,29,5,5,33,17,5,5,33,29,5 -> output: 0
input: 66 -> message: 27,21,21,29,5,5,33,17,5,5,33,29,5,5,33,17,5,5,33,29,5,5,33,17,5,5,33,29,5,5 -> output: 0
input: 67 -> message: 2,17,16,6,5,5,33,28,21,21,29,5,5,33,17,5,5,33,29,5,5,33,17,5,5,33,29,5,5,33 -> output: 0
input: 68 -> message: 17,16,6,5,5,33,28,21,21,29,5,5,33,17,5,5,33,29,5,5,33,17,5,5,33,29,5,5,33,17 -> output: 0
input: 69 -> message: 17,16,6,5,5,33,28,21,21,29,5,5,33,17,5,5,33,29,5,5,33,17,5,5,33,29,5,5,33,17 -> output: 0
input: 70 -> message: 17,16,6,5,5,33,28,21,21,29,5,5,33,17,5,5,33,29,5,5,33,17,5,5,33,29,5,5,33,17 -> output: 0
input: 71 -> message: 29,2,17,5,5,27,17,16,6,5,5,33,28,21,21,29,5,5,33,17,5,5,33,29,5,5,33,17,5,5 -> output: 0
input: 72 -> message: 27,21,21,29,5,5,33,17,5,5,33,29,5,5,33,17,5,5,33,29,5,5,33,17,5,5,33,29,5,5 -> output: 0
input: 73 -> message: 29,5,33,29,5,5,33,17,5,5,33,29,5,5,33,17,5,5,33,29,5,5,33,17,5,5,33,29,5,5 -> output: 0
input: 74 -> message: 29,5,5,33,17,5,5,33,29,5,5,33,17,5,5,33,29,5,5,33,17,5,5,33,29,5,5,33,17,5 -> output: 0
input: 75 -> message: 17,5,5,33,29,5,5,33,17,5,5,33,29,5,5,33,17,5,5,33,29,5,5,33,17,5,5,33,29,5 -> output: 0
input: 76 -> message: 21,21,29,5,33,29,5,33,17,5,5,33,29,5,5,33,17,5,5,33,29,5,5,33,17,5,5,33,29,5 -> output: 0
input: 77 -> message: 17,5,5,33,29,5,5,33,17,5,5,33,29,5,5,33,17,5,5,33,29,5,5,33,17,5,5,33,29,5 -> output: 0
input: 78 -> message: 17,16,6,5,33,29,5,33,17,5,5,33,29,5,5,33,17,5,5,33,29,5,5,33,17,5,5,33,29,5 -> output: 0
input: 79 -> message: 29,5,33,17,5,5,33,29,5,5,33,17,5,5,33,29,5,5,33,17,5,5,33,29,5,5,33,17,5,5 -> output: 0
input: 80 -> message: 17,16,6,5,5,33,28,21,21,29,5,5,33,17,5,5,33,29,5,5,33,17,5,5,33,29,5,5,33,17 -> output: 0
input: 81 -> message: 17,16,6,5,5,33,28,21,21,29,5,5,33,17,5,5,33,29,5,5,33,17,5,5,33,29,5,5,33,17 -> output: 0
input: 82 -> message: 17,16,6,5,5,33,28,21,21,29,5,5,33,17,5,5,33,29,5,5,33,17,5,5,33,29,5,5,33,17 -> output: 0
input: 83 -> message: 17,16,6,5,5,33,28,21,21,29,5,5,33,17,5,5,33,29,5,5,33,17,5,5,33,29,5,5,33,17 -> output: 0
input: 84 -> message: 17,5,5,33,29,5,5,33,17,5,5,33,29,5,5,33,17,5,5,33,29,5,5,33,17,5,5,33,29,5 -> output: 0
input: 85 -> message: 2,17,16,6,5,5,33,28,21,21,29,5,5,33,17,5,5,33,29,5,5,33,17,5,5,33,29,5,5,33 -> output: 0
input: 86 -> message: 2,17,16,6,5,5,33,28,21,21,29,5,5,33,17,5,5,33,29,5,5,33,17,5,5,33,29,5,5,33 -> output: 0
input: 87 -> message: 17,16,6,5,5,33,28,21,21,29,5,5,33,17,5,5,33,29,5,5,33,17,5,5,33,29,5,5,33,17 -> output: 0
input: 88 -> message: 17,16,6,5,5,33,28,21,21,29,5,5,33,17,5,5,33,29,5,5,33,17,5,5,33,29,5,5,33,17 -> output: 0
input: 89 -> message: 17,16,6,5,5,33,28,21,21,29,5,5,33,17,5,5,33,29,5,5,33,17,5,5,33,29,5,5,33,17 -> output: 0
input: 90 -> message: 17,29,5,33,29,5,33,17,5,5,33,29,5,5,33,17,5,5,33,29,5,5,33,17,5,5,33,29,5,5 -> output: 0
input: 91 -> message: 17,16,6,5,5,33,28,21,21,29,5,5,33,17,5,5,33,29,5,5,33,17,5,5,33,29,5,5,33,17 -> output: 0
input: 92 -> message: 17,16,6,5,5,33,28,21,21,29,5,5,33,17,5,5,33,29,5,5,33,17,5,5,33,29,5,5,33,17 -> output: 0
input: 93 -> message: 0 -> output: 0
input: 94 -> message: 28,21,21,29,5,5,33,17,5,5,33,29,5,5,33,17,5,5,33,29,5,5,33,17,5,5,33,29,5,5 -> output: 0
input: 95 -> message: 17,16,6,5,5,33,28,21,21,29,5,5,33,17,5,5,33,29,5,5,33,17,5,5,33,29,5,5,33,17 -> output: 0
input: 96 -> message: 17,16,6,5,5,33,28,21,21,29,5,5,33,17,5,5,33,29,5,5,33,17,5,5,33,29,5,5,33,17 -> output: 0
input: 97 -> message: 17,16,6,5,33,29,5,33,17,5,5,33,29,5,5,33,17,5,5,33,29,5,5,33,17,5,5,33,29,5 -> output: 0
input: 98 -> message: 17,16,6,5,5,33,28,21,21,29,5,5,33,17,5,5,33,29,5,5,33,17,5,5,33,29,5,5,33,17 -> output: 0
input: 99 -> message: 17,16,6,5,5,33,28,29,5,5,33,17,5,5,33,29,5,5,33,17,5,5,33,29,5,5,33,17,5,5 -> output: 0
input: 100 -> message: 17,16,6,5,5,33,28,21,21,29,5,5,33,17,5,5,33,29,5,5,33,17,5,5,33,29,5,5,33,17 -> output: 0
input: 101 -> message: 17,16,6,5,5,33,28,21,21,29,5,5,33,17,5,5,33,29,5,5,33,17,5,5,33,29,5,5,33,17 -> output: 0
input: 102 -> message: 17,16,6,5,5,33,28,21,21,29,5,5,33,17,5,5,33,29,5,5,33,17,5,5,33,29,5,5,33,17 -> output: 0
input: 103 -> message: 17,16,6,5,5,33,28,29,5,5,33,17,5,5,33,29,5,5,33,17,5,5,33,29,5,5,33,17,5,5 -> output: 0
input: 104 -> message: 27,21,21,29,5,5,33,17,5,5,33,29,5,5,33,17,5,5,33,29,5,5,33,17,5,5,33,29,5,5 -> output: 0
input: 105 -> message: 29,5,33,17,5,5,33,29,5,5,33,17,5,5,33,29,5,5,33,17,5,5,33,29,5,5,33,17,5,5 -> output: 0
input: 106 -> message: 21,21,21,29,5,33,29,5,5,33,17,5,5,33,29,5,5,33,17,5,5,33,29,5,5,33,17,5,5,33 -> output: 0
input: 107 -> message: 17,16,6,5,5,33,28,21,21,29,5,5,33,17,5,5,33,29,5,5,33,17,5,5,33,29,5,5,33,17 -> output: 0
input: 108 -> message: 2,17,16,6,5,5,33,28,21,21,29,5,5,33,17,5,5,33,29,5,5,33,17,5,5,33,29,5,5,33 -> output: 0
input: 109 -> message: 17,16,6,5,5,33,28,21,21,29,5,5,33,17,5,5,33,29,5,5,33,17,5,5,33,29,5,5,33,17 -> output: 0
input: 110 -> message: 17,16,6,5,5,33,28,21,21,29,5,5,33,17,5,5,33,29,5,5,33,17,5,5,33,29,5,5,33,17 -> output: 0
input: 111 -> message: 17,5,5,33,29,5,5,33,17,5,5,33,29,5,5,33,17,5,5,33,29,5,5,33,17,5,5,33,29,5 -> output: 0
input: 112 -> message: 21,29,5,33,29,5,33,17,5,5,33,29,5,5,33,17,5,5,33,29,5,5,33,17,5,5,33,29,5,5 -> output: 0
input: 113 -> message: 29,5,33,29,5,33,17,5,5,33,29,5,5,33,17,5,5,33,29,5,5,33,17,5,5,33,29,5,5,33 -> output: 0
input: 114 -> message: 27,21,21,29,5,5,33,17,5,5,33,29,5,5,33,17,5,5,33,29,5,5,33,17,5,5,33,29,5,5 -> output: 0
input: 115 -> message: 29,5,33,29,5,33,17,5,5,33,29,5,5,33,17,5,5,33,29,5,5,33,17,5,5,33,29,5,5,33 -> output: 0
input: 116 -> message: 39,17,16,6,5,5,33,28,21,21,29,5,5,33,17,5,5,33,29,5,5,33,17,5,5,33,29,5,5,33 -> output: 0
input: 117 -> message: 17,16,6,5,5,33,28,21,21,29,5,5,33,17,5,5,33,29,5,5,33,17,5,5,33,29,5,5,33,17 -> output: 0
input: 118 -> message: 11,5,33,28,21,21,29,5,5,33,17,5,5,33,29,5,5,33,17,5,5,33,29,5,5,33,17,5,5,33 -> output: 0
input: 119 -> message: 17,16,6,5,5,33,28,21,21,29,5,5,33,17,5,5,33,29,5,5,33,17,5,5,33,29,5,5,33,17 -> output: 0
input: 120 -> message: 17,16,6,5,5,33,28,29,5,5,33,17,5,5,33,29,5,5,33,17,5,5,33,29,5,5,33,17,5,5 -> output: 0
input: 121 -> message: 0 -> output: 0
input: 122 -> message: 17,16,6,5,5,33,28,21,21,29,5,5,33,17,5,5,33,29,5,5,33,17,5,5,33,29,5,5,33,17 -> output: 0
input: 123 -> message: 17,16,6,5,5,33,28,21,21,29,5,5,33,17,5,5,33,29,5,5,33,17,5,5,33,29,5,5,33,17 -> output: 0
input: 124 -> message: 17,16,6,5,5,33,28,21,21,29,5,5,33,17,5,5,33,29,5,5,33,17,5,5,33,29,5,5,33,17 -> output: 0
input: 125 -> message: 17,16,6,5,5,33,28,29,5,5,33,17,5,5,33,29,5,5,33,17,5,5,33,29,5,5,33,17,5,5 -> output: 0
input: 126 -> message: 21,21,29,5,33,29,5,5,33,17,5,5,33,29,5,5,33,17,5,5,33,29,5,5,33,17,5,5,33,29 -> output: 0
input: 127 -> message: 17,16,6,5,5,33,28,21,21,29,5,5,33,17,5,5,33,29,5,5,33,17,5,5,33,29,5,5,33,17 -> output: 0
input: 128 -> message: 17,16,6,5,5,33,28,21,21,29,5,5,33,17,5,5,33,29,5,5,33,17,5,5,33,29,5,5,33,17 -> output: 0
input: 129 -> message: 27,21,21,29,5,33,29,5,5,33,17,5,5,33,29,5,5,33,17,5,5,33,29,5,5,33,17,5,5,33 -> output: 0
input: 130 -> message: 17,16,6,5,5,33,28,29,5,5,33,17,5,5,33,29,5,5,33,17,5,5,33,29,5,5,33,17,5,5 -> output: 0
input: 131 -> message: 27,21,21,29,5,5,33,17,5,5,33,29,5,5,33,17,5,5,33,29,5,5,33,17,5,5,33,29,5,5 -> output: 0
input: 132 -> message: 11,5,33,29,5,5,33,17,5,5,33,29,5,5,33,17,5,5,33,29,5,5,33,17,5,5,33,29,5,5 -> output: 0
input: 133 -> message: 17,16,6,5,33,29,5,33,17,5,5,33,29,5,5,33,17,5,5,33,29,5,5,33,17,5,5,33,29,5 -> output: 0
input: 134 -> message: 11,5,33,29,5,5,33,17,5,5,33,29,5,5,33,17,5,5,33,29,5,5,33,17,5,5,33,29,5,5 -> output: 0
input: 135 -> message: 17,16,6,5,5,33,28,21,21,29,5,5,33,17,5,5,33,29,5,5,33,17,5,5,33,29,5,5,33,17 -> output: 0
input: 136 -> message: 29,5,33,17,5,5,33,29,5,5,33,17,5,5,33,29,5,5,33,17,5,5,33,29,5,5,33,17,5,5 -> output: 0
input: 137 -> message: 17,16,6,5,5,33,28,21,21,29,5,5,33,17,5,5,33,29,5,5,33,17,5,5,33,29,5,5,33,17 -> output: 0
input: 138 -> message: 17,16,6,5,5,33,28,21,21,29,5,5,33,17,5,5,33,29,5,5,33,17,5,5,33,29,5,5,33,17 -> output: 0
input: 139 -> message: 17,16,6,5,5,33,28,21,21,29,5,5,33,17,5,5,33,29,5,5,33,17,5,5,33,29,5,5,33,17 -> output: 0
input: 140 -> message: 21,21,29,5,33,29,5,5,33,17,5,5,33,29,5,5,33,17,5,5,33,29,5,5,33,17,5,5,33,29 -> output: 0
input: 141 -> message: 5,27,29,5,5,33,17,5,5,33,29,5,5,33,17,5,5,33,29,5,5,33,17,5,5,33,29,5,5,33 -> output: 0
input: 142 -> message: 17,16,6,5,5,33,28,21,21,29,5,5,33,17,5,5,33,29,5,5,33,17,5,5,33,29,5,5,33,17 -> output: 0
input: 143 -> message: 17,16,6,5,5,33,28,21,21,29,5,5,33,17,5,5,33,29,5,5,33,17,5,5,33,29,5,5,33,17 -> output: 0
input: 144 -> message: 17,16,6,5,5,33,28,21,21,29,5,5,33,17,5,5,33,29,5,5,33,17,5,5,33,29,5,5,33,17 -> output: 0
input: 145 -> message: 17,16,6,5,5,33,28,29,5,5,33,17,5,5,33,29,5,5,33,17,5,5,33,29,5,5,33,17,5,5 -> output: 0
input: 146 -> message: 29,5,33,29,5,5,33,17,5,5,33,29,5,5,33,17,5,5,33,29,5,5,33,17,5,5,33,29,5,5 -> output: 0
input: 147 -> message: 17,5,5,33,29,5,5,33,17,5,5,33,29,5,5,33,17,5,5,33,29,5,5,33,17,5,5,33,29,5 -> output: 0
input: 148 -> message: 11,5,33,29,5,5,33,17,5,5,33,29,5,5,33,17,5,5,33,29,5,5,33,17,5,5,33,29,5,5 -> output: 0
input: 149 -> message: 17,5,5,33,29,5,5,33,17,5,5,33,29,5,5,33,17,5,5,33,29,5,5,33,17,5,5,33,29,5 -> output: 0
input: 150 -> message: 29,5,33,17,5,5,33,29,5,5,33,17,5,5,33,29,5,5,33,17,5,5,33,29,5,5,33,17,5,5 -> output: 0
input: 151 -> message: 28,21,21,29,5,5,33,17,5,5,33,29,5,5,33,17,5,5,33,29,5,5,33,17,5,5,33,29,5,5 -> output: 0
input: 152 -> message: 17,16,6,5,5,33,28,21,21,29,5,5,33,17,5,5,33,29,5,5,33,17,5,5,33,29,5,5,33,17 -> output: 0
input: 153 -> message: 11,5,33,29,5,5,33,17,5,5,33,29,5,5,33,17,5,5,33,29,5,5,33,17,5,5,33,29,5,5 -> output: 0
input: 154 -> message: 17,16,6,5,5,33,28,21,21,29,5,5,33,17,5,5,33,29,5,5,33,17,5,5,33,29,5,5,33,17 -> output: 0
input: 155 -> message: 4,11,5,33,29,5,33,17,5,5,33,29,5,5,33,17,5,5,33,29,5,5,33,17,5,5,33,29,5,5 -> output: 0
input: 156 -> message: 17,16,6,5,5,33,28,29,5,5,33,17,5,5,33,29,5,5,33,17,5,5,33,29,5,5,33,17,5,5 -> output: 0
input: 157 -> message: 21,21,29,5,33,29,5,5,33,17,5,5,33,29,5,5,33,17,5,5,33,29,5,5,33,17,5,5,33,29 -> output: 0
input: 158 -> message: 21,21,21,29,5,33,29,5,5,33,17,5,5,33,29,5,5,33,17,5,5,33,29,5,5,33,17,5,5,33 -> output: 0
input: 159 -> message: 17,16,6,5,5,33,28,21,21,29,5,5,33,17,5,5,33,29,5,5,33,17,5,5,33,29,5,5,33,17 -> output: 0
input: 160 -> message: 17,16,6,5,5,33,28,21,21,29,5,5,33,17,5,5,33,29,5,5,33,17,5,5,33,29,5,5,33,17 -> output: 0
input: 161 -> message: 17,16,6,5,33,29,5,33,17,5,5,33,29,5,5,33,17,5,5,33,29,5,5,33,17,5,5,33,29,5 -> output: 0
input: 162 -> message: 27,21,21,29,5,5,33,17,5,5,33,29,5,5,33,17,5,5,33,29,5,5,33,17,5,5,33,29,5,5 -> output: 0
input: 163 -> message: 17,16,6,5,5,33,28,21,21,29,5,5,33,17,5,5,33,29,5,5,33,17,5,5,33,29,5,5,33,17 -> output: 0
input: 164 -> message: 29,5,33,29,5,5,33,17,5,5,33,29,5,5,33,17,5,5,33,29,5,5,33,17,5,5,33,29,5,5 -> output: 0
input: 165 -> message: 17,16,6,5,5,33,28,29,5,5,33,17,5,5,33,29,5,5,33,17,5,5,33,29,5,5,33,17,5,5 -> output: 0
input: 166 -> message: 17,16,6,5,33,29,5,33,17,5,5,33,29,5,5,33,17,5,5,33,29,5,5,33,17,5,5,33,29,5 -> output: 0
input: 167 -> message: 17,16,6,5,5,33,28,21,21,29,5,5,33,17,5,5,33,29,5,5,33,17,5,5,33,29,5,5,33,17 -> output: 0
input: 168 -> message: 17,16,6,5,5,33,28,21,21,29,5,5,33,17,5,5,33,29,5,5,33,17,5,5,33,29,5,5,33,17 -> output: 0
input: 169 -> message: 0 -> output: 0
input: 170 -> message: 11,5,33,29,5,5,33,17,5,5,33,29,5,5,33,17,5,5,33,29,5,5,33,17,5,5,33,29,5,5 -> output: 0
input: 171 -> message: 17,16,6,5,5,33,28,21,21,29,5,5,33,17,5,5,33,29,5,5,33,17,5,5,33,29,5,5,33,17 -> output: 0
input: 172 -> message: 11,5,33,29,5,5,33,17,5,5,33,29,5,5,33,17,5,5,33,29,5,5,33,17,5,5,33,29,5,5 -> output: 0
input: 173 -> message: 17,16,6,5,33,29,5,33,17,5,5,33,29,5,5,33,17,5,5,33,29,5,5,33,17,5,5,33,29,5 -> output: 0
input: 174 -> message: 17,16,6,5,5,33,28,21,21,29,5,5,33,17,5,5,33,29,5,5,33,17,5,5,33,29,5,5,33,17 -> output: 0
input: 175 -> message: 29,5,33,29,5,5,33,17,5,5,33,29,5,5,33,17,5,5,33,29,5,5,33,17,5,5,33,29,5,5 -> output: 0
input: 176 -> message: 29,5,33,17,5,5,33,29,5,5,33,17,5,5,33,29,5,5,33,17,5,5,33,29,5,5,33,17,5,5 -> output: 0
input: 177 -> message: 17,16,6,5,33,29,5,33,17,5,5,33,29,5,5,33,17,5,5,33,29,5,5,33,17,5,5,33,29,5 -> output: 0
input: 178 -> message: 29,5,33,29,5,33,17,5,5,33,29,5,5,33,17,5,5,33,29,5,5,33,17,5,5,33,29,5,5,33 -> output: 0
input: 179 -> message: 17,16,6,5,5,33,28,29,5,5,33,17,5,5,33,29,5,5,33,17,5,5,33,29,5,5,33,17,5,5 -> output: 0
input: 180 -> message: 17,16,6,5,5,33,28,21,21,29,5,5,33,17,5,5,33,29,5,5,33,17,5,5,33,29,5,5,33,17 -> output: 0
input: 181 -> message: 17,16,6,5,5,33,28,29,5,5,33,17,5,5,33,29,5,5,33,17,5,5,33,29,5,5,33,17,5,5 -> output: 0
input: 182 -> message: 17,5,5,33,29,5,5,33,17,5,5,33,29,5,5,33,17,5,5,33,29,5,5,33,17,5,5,33,29,5 -> output: 0
input: 183 -> message: 29,5,5,33,17,5,5,33,29,5,5,33,17,5,5,33,29,5,5,33,17,5,5,33,29,5,5,33,17,5 -> output: 0
input: 184 -> message: 17,16,6,5,5,33,28,21,21,29,5,5,33,17,5,5,33,29,5,5,33,17,5,5,33,29,5,5,33,17 -> output: 0
input: 185 -> message: 17,16,6,5,5,33,28,29,5,5,33,17,5,5,33,29,5,5,33,17,5,5,33,29,5,5,33,17,5,5 -> output: 0
input: 186 -> message: 29,5,5,33,17,5,5,33,29,5,5,33,17,5,5,33,29,5,5,33,17,5,5,33,29,5,5,33,17,5 -> output: 0
input: 187 -> message: 27,17,16,5,5,27,17,16,6,5,5,33,28,21,21,29,5,5,33,17,5,5,33,29,5,5,33,17,5,5 -> output: 0
input: 188 -> message: 29,5,33,29,5,5,33,17,5,5,33,29,5,5,33,17,5,5,33,29,5,5,33,17,5,5,33,29,5,5 -> output: 0
input: 189 -> message: 11,5,33,29,5,5,33,17,5,5,33,29,5,5,33,17,5,5,33,29,5,5,33,17,5,5,33,29,5,5 -> output: 0
input: 190 -> message: 27,21,21,29,5,5,33,17,5,5,33,29,5,5,33,17,5,5,33,29,5,5,33,17,5,5,33,29,5,5 -> output: 0
input: 191 -> message: 17,29,5,33,17,5,5,33,29,5,5,33,17,5,5,33,29,5,5,33,17,5,5,33,29,5,5,33,17,5 -> output: 0
input: 192 -> message: 0 -> output: 0
input: 193 -> message: 27,21,21,29,5,5,33,17,5,5,33,29,5,5,33,17,5,5,33,29,5,5,33,17,5,5,33,29,5,5 -> output: 0
input: 194 -> message: 17,16,6,5,5,33,28,21,21,29,5,5,33,17,5,5,33,29,5,5,33,17,5,5,33,29,5,5,33,17 -> output: 0
input: 195 -> message: 17,16,6,5,5,33,28,21,21,29,5,5,33,17,5,5,33,29,5,5,33,17,5,5,33,29,5,5,33,17 -> output: 0
input: 196 -> message: 17,16,6,5,5,33,28,21,21,29,5,5,33,17,5,5,33,29,5,5,33,17,5,5,33,29,5,5,33,17 -> output: 0
input: 197 -> message: 17,16,6,5,5,33,28,29,5,5,33,17,5,5,33,29,5,5,33,17,5,5,33,29,5,5,33,17,5,5 -> output: 0
input: 198 -> message: 21,21,29,5,33,29,5,5,33,17,5,5,33,29,5,5,33,17,5,5,33,29,5,5,33,17,5,5,33,29 -> output: 0
input: 199 -> message: 17,16,6,5,5,33,28,21,21,29,5,5,33,17,5,5,33,29,5,5,33,17,5,5,33,29,5,5,33,17 -> output: 0
input: 200 -> message: 17,16,6,5,33,29,5,33,17,5,5,33,29,5,5,33,17,5,5,33,29,5,5,33,17,5,5,33,29,5 -> output: 0
input: 201 -> message: 17,16,6,5,5,33,28,21,21,29,5,5,33,17,5,5,33,29,5,5,33,17,5,5,33,29,5,5,33,17 -> output: 0
input: 202 -> message: 17,16,6,5,5,33,28,29,5,5,33,17,5,5,33,29,5,5,33,17,5,5,33,29,5,5,33,17,5,5 -> output: 0
input: 203 -> message: 17,16,6,5,5,33,28,21,21,29,5,5,33,17,5,5,33,29,5,5,33,17,5,5,33,29,5,5,33,17 -> output: 0
input: 204 -> message: 27,21,21,29,5,5,33,17,5,5,33,29,5,5,33,17,5,5,33,29,5,5,33,17,5,5,33,29,5,5 -> output: 0
input: 205 -> message: 17,16,6,5,5,33,28,29,5,5,33,17,5,5,33,29,5,5,33,17,5,5,33,29,5,5,33,17,5,5 -> output: 0
input: 206 -> message: 17,16,6,5,5,33,28,21,21,29,5,5,33,17,5,5,33,29,5,5,33,17,5,5,33,29,5,5,33,17 -> output: 0
input: 207 -> message: 17,16,6,5,5,33,28,21,21,29,5,5,33,17,5,5,33,29,5,5,33,17,5,5,33,29,5,5,33,17 -> output: 0
input: 208 -> message: 17,5,5,33,29,5,5,33,17,5,5,33,29,5,5,33,17,5,5,33,29,5,5,33,17,5,5,33,29,5 -> output: 0
input: 209 -> message: 17,5,5,33,29,5,5,33,17,5,5,33,29,5,5,33,17,5,5,33,29,5,5,33,17,5,5,33,29,5 -> output: 0
input: 210 -> message: 17,5,5,33,28,21,21,29,5,5,33,17,5,5,33,29,5,5,33,17,5,5,33,29,5,5,33,17,5,5 -> output: 0
input: 211 -> message: 17,16,6,5,5,33,28,21,21,29,5,5,33,17,5,5,33,29,5,5,33,17,5,5,33,29,5,5,33,17 -> output: 0
input: 212 -> message: 2,17,16,6,5,5,33,28,21,21,29,5,5,33,17,5,5,33,29,5,5,33,17,5,5,33,29,5,5,33 -> output: 0
input: 213 -> message: 33,28,21,21,29,5,5,33,17,5,5,33,29,5,5,33,17,5,5,33,29,5,5,33,17,5,5,33,29,5 -> output: 0
input: 214 -> message: 17,16,6,5,5,33,28,21,21,29,5,5,33,17,5,5,33,29,5,5,33,17,5,5,33,29,5,5,33,17 -> output: 0
input: 215 -> message: 17,16,6,5,5,33,28,21,21,29,5,5,33,17,5,5,33,29,5,5,33,17,5,5,33,29,5,5,33,17 -> output: 0
input: 216 -> message: 29,5,5,33,17,5,5,33,29,5,5,33,17,5,5,33,29,5,5,33,17,5,5,33,29,5,5,33,17,5 -> output: 0
input: 217 -> message: 17,16,6,5,33,29,5,33,17,5,5,33,29,5,5,33,17,5,5,33,29,5,5,33,17,5,5,33,29,5 -> output: 0
input: 218 -> message: 17,5,5,33,29,5,5,33,17,5,5,33,29,5,5,33,17,5,5,33,29,5,5,33,17,5,5,33,29,5 -> output: 0
input: 219 -> message: 21,21,29,5,5,33,17,5,5,33,29,5,5,33,17,5,5,33,29,5,5,33,17,5,5,33,29,5,5,33 -> output: 0
input: 220 -> message: 17,29,5,33,5,5,33,28,21,21,29,5,5,33,17,5,5,33,29,5,5,33,17,5,5,33,29,5,5,33 -> output: 0
input: 221 -> message: 17,16,6,5,5,33,28,21,21,29,5,5,33,17,5,5,33,29,5,5,33,17,5,5,33,29,5,5,33,17 -> output: 0
input: 222 -> message: 0 -> output: 0
input: 223 -> message: 17,16,6,5,5,33,28,21,21,29,5,5,33,17,5,5,33,29,5,5,33,17,5,5,33,29,5,5,33,17 -> output: 0
input: 224 -> message: 17,29,5,33,5,5,33,28,21,21,29,5,5,33,17,5,5,33,29,5,5,33,17,5,5,33,29,5,5,33 -> output: 0
input: 225 -> message: 17,16,6,5,33,29,5,33,17,5,5,33,29,5,5,33,17,5,5,33,29,5,5,33,17,5,5,33,29,5 -> output: 0
input: 226 -> message: 0 -> output: 0
input: 227 -> message: 21,21,21,29,5,33,29,5,5,33,17,5,5,33,29,5,5,33,17,5,5,33,29,5,5,33,17,5,5,33 -> output: 0
input: 228 -> message: 29,5,33,29,5,5,33,17,5,5,33,29,5,5,33,17,5,5,33,29,5,5,33,17,5,5,33,29,5,5 -> output: 0
input: 229 -> message: 17,5,5,33,29,5,5,33,17,5,5,33,29,5,5,33,17,5,5,33,29,5,5,33,17,5,5,33,29,5 -> output: 0
input: 230 -> message: 17,16,6,5,5,33,28,21,21,29,5,5,33,17,5,5,33,29,5,5,33,17,5,5,33,29,5,5,33,17 -> output: 0
input: 231 -> message: 17,16,6,5,5,33,28,29,5,5,33,17,5,5,33,29,5,5,33,17,5,5,33,29,5,5,33,17,5,5 -> output: 0
input: 232 -> message: 29,5,5,33,17,5,5,33,29,5,5,33,17,5,5,33,29,5,5,33,17,5,5,33,29,5,5,33,17,5 -> output: 0
input: 233 -> message: 21,21,21,29,5,33,29,5,5,33,17,5,5,33,29,5,5,33,17,5,5,33,29,5,5,33,17,5,5,33 -> output: 0
input: 234 -> message: 17,16,6,5,5,33,28,21,21,29,5,5,33,17,5,5,33,29,5,5,33,17,5,5,33,29,5,5,33,17 -> output: 0
input: 235 -> message: 17,16,6,5,33,29,5,33,17,5,5,33,29,5,5,33,17,5,5,33,29,5,5,33,17,5,5,33,29,5 -> output: 0
input: 236 -> message: 17,16,6,5,33,29,5,33,17,5,5,33,29,5,5,33,17,5,5,33,29,5,5,33,17,5,5,33,29,5 -> output: 0
input: 237 -> message: 17,16,6,5,5,33,28,21,21,29,5,5,33,17,5,5,33,29,5,5,33,17,5,5,33,29,5,5,33,17 -> output: 0
input: 238 -> message: 17,16,6,5,5,33,28,21,21,29,5,5,33,17,5,5,33,29,5,5,33,17,5,5,33,29,5,5,33,17 -> output: 0
input: 239 -> message: 32,17,5,5,33,29,5,5,33,17,5,5,33,29,5,5,33,17,5,5,33,29,5,5,33,17,5,5,33,29 -> output: 0
input: 240 -> message: 29,5,33,29,5,5,33,17,5,5,33,29,5,5,33,17,5,5,33,29,5,5,33,17,5,5,33,29,5,5 -> output: 0
input: 241 -> message: 11,33,17,16,5,5,27,17,16,6,5,5,33,28,21,21,29,5,5,33,17,5,5,33,29,5,5,33,17,5 -> output: 0
input: 242 -> message: 17,16,6,5,5,33,28,21,21,29,5,5,33,17,5,5,33,29,5,5,33,17,5,5,33,29,5,5,33,17 -> output: 0
input: 243 -> message: 0 -> output: 0
input: 244 -> message: 21,21,21,29,5,33,29,5,5,33,17,5,5,33,29,5,5,33,17,5,5,33,29,5,5,33,17,5,5,33 -> output: 0
input: 245 -> message: 33,28,21,21,29,5,5,33,17,5,5,33,29,5,5,33,17,5,5,33,29,5,5,33,17,5,5,33,29,5 -> output: 0
input: 246 -> message: 17,16,6,5,5,33,28,21,21,29,5,5,33,17,5,5,33,29,5,5,33,17,5,5,33,29,5,5,33,17 -> output: 0
input: 247 -> message: 27,21,21,29,5,5,33,17,5,5,33,29,5,5,33,17,5,5,33,29,5,5,33,17,5,5,33,29,5,5 -> output: 0
input: 248 -> message: 17,16,6,5,5,33,28,21,21,29,5,5,33,17,5,5,33,29,5,5,33,17,5,5,33,29,5,5,33,17 -> output: 0
input: 249 -> message: 17,16,6,5,5,33,28,21,21,29,5,5,33,17,5,5,33,29,5,5,33,17,5,5,33,29,5,5,33,17 -> output: 0
input: 250 -> message: 2,17,16,6,5,5,33,28,21,21,29,5,5,33,17,5,5,33,29,5,5,33,17,5,5,33,29,5,5,33 -> output: 0
input: 251 -> message: 17,16,6,5,5,33,28,29,5,5,33,17,5,5,33,29,5,5,33,17,5,5,33,29,5,5,33,17,5,5 -> output: 0
input: 252 -> message: 21,21,29,5,33,29,5,5,33,17,5,5,33,29,5,5,33,17,5,5,33,29,5,5,33,17,5,5,33,29 -> output: 0
input: 253 -> message: 17,29,5,33,29,5,33,17,5,5,33,29,5,5,33,17,5,5,33,29,5,5,33,17,5,5,33,29,5,5 -> output: 0
input: 254 -> message: 17,16,6,5,5,33,28,21,21,29,5,5,33,17,5,5,33,29,5,5,33,17,5,5,33,29,5,5,33,17 -> output: 0
input: 255 -> message: 17,16,6,5,5,33,28,21,21,29,5,5,33,17,5,5,33,29,5,5,33,17,5,5,33,29,5,5,33,17 -> output: 0
input: 256 -> message: 17,29,5,5,33,17,5,5,33,29,5,5,33,17,5,5,33,29,5,5,33,17,5,5,33,29,5,5,33,17 -> output: 0
input: 257 -> message: 17,16,6,5,5,33,28,21,21,29,5,5,33,17,5,5,33,29,5,5,33,17,5,5,33,29,5,5,33,17 -> output: 0
input: 258 -> message: 17,16,6,5,5,33,28,21,21,29,5,5,33,17,5,5,33,29,5,5,33,17,5,5,33,29,5,5,33,17 -> output: 0
input: 259 -> message: 27,21,21,29,5,5,33,17,5,5,33,29,5,5,33,17,5,5,33,29,5,5,33,17,5,5,33,29,5,5 -> output: 0
input: 260 -> message: 0 -> output: 0
input: 261 -> message: 17,16,6,5,5,33,28,21,21,29,5,5,33,17,5,5,33,29,5,5,33,17,5,5,33,29,5,5,33,17 -> output: 0
input: 262 -> message: 5,27,17,16,5,5,27,17,16,6,5,5,33,28,21,21,29,5,5,33,17,5,5,33,29,5,5,33,17,5 -> output: 0
input: 263 -> message: 28,21,21,29,5,5,33,17,5,5,33,29,5,5,33,17,5,5,33,29,5,5,33,17,5,5,33,29,5,5 -> output: 0
input: 264 -> message: 27,17,16,5,5,27,17,16,6,5,5,33,28,21,21,29,5,5,33,17,5,5,33,29,5,5,33,17,5,5 -> output: 0
input: 265 -> message: 2,17,16,6,5,5,33,28,21,21,29,5,5,33,17,5,5,33,29,5,5,33,17,5,5,33,29,5,5,33 -> output: 0
input: 266 -> message: 0 -> output: 0
input: 267 -> message: 21,21,21,29,5,33,29,5,5,33,17,5,5,33,29,5,5,33,17,5,5,33,29,5,5,33,17,5,5,33 -> output: 0
input: 268 -> message: 17,16,6,5,5,33,28,29,5,5,33,17,5,5,33,29,5,5,33,17,5,5,33,29,5,5,33,17,5,5 -> output: 0
input: 269 -> message: 0 -> output: 0
input: 270 -> message: 17,5,5,33,29,5,5,33,17,5,5,33,29,5,5,33,17,5,5,33,29,5,5,33,17,5,5,33,29,5 -> output: 0
input: 271 -> message: 17,16,6,5,5,33,28,21,21,29,5,5,33,17,5,5,33,29,5,5,33,17,5,5,33,29,5,5,33,17 -> output: 0
input: 272 -> message: 17,16,6,5,33,29,5,33,17,5,5,33,29,5,5,33,17,5,5,33,29,5,5,33,17,5,5,33,29,5 -> output: 0
input: 273 -> message: 21,21,29,5,33,29,5,5,33,17,5,5,33,29,5,5,33,17,5,5,33,29,5,5,33,17,5,5,33,29 -> output: 0
input: 274 -> message: 17,16,6,5,5,33,28,21,21,29,5,5,33,17,5,5,33,29,5,5,33,17,5,5,33,29,5,5,33,17 -> output: 0
input: 275 -> message: 17,16,6,5,5,33,28,21,21,29,5,5,33,17,5,5,33,29,5,5,33,17,5,5,33,29,5,5,33,17 -> output: 0
input: 276 -> message: 17,16,6,5,5,33,28,21,21,29,5,5,33,17,5,5,33,29,5,5,33,17,5,5,33,29,5,5,33,17 -> output: 0
input: 277 -> message: 17,16,6,5,5,33,28,21,21,29,5,5,33,17,5,5,33,29,5,5,33,17,5,5,33,29,5,5,33,17 -> output: 0
input: 278 -> message: 11,5,33,29,5,5,33,17,5,5,33,29,5,5,33,17,5,5,33,29,5,5,33,17,5,5,33,29,5,5 -> output: 0
input: 279 -> message: 17,16,6,5,5,33,28,21,21,29,5,5,33,17,5,5,33,29,5,5,33,17,5,5,33,29,5,5,33,17 -> output: 0
input: 280 -> message: 17,16,6,5,33,29,5,33,17,5,5,33,29,5,5,33,17,5,5,33,29,5,5,33,17,5,5,33,29,5 -> output: 0
input: 281 -> message: 17,5,5,33,29,5,5,33,17,5,5,33,29,5,5,33,17,5,5,33,29,5,5,33,17,5,5,33,29,5 -> output: 0
input: 282 -> message: 17,29,5,33,29,5,33,17,5,5,33,29,5,5,33,17,5,5,33,29,5,5,33,17,5,5,33,29,5,5 -> output: 0
input: 283 -> message: 17,16,6,5,5,33,28,21,21,29,5,5,33,17,5,5,33,29,5,5,33,17,5,5,33,29,5,5,33,17 -> output: 0
input: 284 -> message: 27,21,21,29,5,5,33,17,5,5,33,29,5,5,33,17,5,5,33,29,5,5,33,17,5,5,33,29,5,5 -> output: 0
input: 285 -> message: 17,16,6,5,33,29,5,33,17,5,5,33,29,5,5,33,17,5,5,33,29,5,5,33,17,5,5,33,29,5 -> output: 0
input: 286 -> message: 17,16,6,5,5,33,28,21,21,29,5,5,33,17,5,5,33,29,5,5,33,17,5,5,33,29,5,5,33,17 -> output: 0
input: 287 -> message: 27,21,21,29,5,5,33,17,5,5,33,29,5,5,33,17,5,5,33,29,5,5,33,17,5,5,33,29,5,5 -> output: 0
input: 288 -> message: 0 -> output: 0
input: 289 -> message: 17,16,6,5,5,33,28,21,21,29,5,5,33,17,5,5,33,29,5,5,33,17,5,5,33,29,5,5,33,17 -> output: 0
input: 290 -> message: 29,5,33,17,5,5,33,29,5,5,33,17,5,5,33,29,5,5,33,17,5,5,33,29,5,5,33,17,5,5 -> output: 0
input: 291 -> message: 27,21,21,29,5,33,29,5,5,33,17,5,5,33,29,5,5,33,17,5,5,33,29,5,5,33,17,5,5,33 -> output: 0
input: 292 -> message: 17,16,6,5,5,33,28,21,21,29,5,5,33,17,5,5,33,29,5,5,33,17,5,5,33,29,5,5,33,17 -> output: 0
input: 293 -> message: 17,16,6,5,5,33,28,21,21,29,5,5,33,17,5,5,33,29,5,5,33,17,5,5,33,29,5,5,33,17 -> output: 0
input: 294 -> message: 27,21,21,29,5,33,29,5,5,33,17,5,5,33,29,5,5,33,17,5,5,33,29,5,5,33,17,5,5,33 -> output: 0
input: 295 -> message: 17,16,6,5,5,33,28,29,5,5,33,17,5,5,33,29,5,5,33,17,5,5,33,29,5,5,33,17,5,5 -> output: 0
input: 296 -> message: 17,16,6,5,5,33,28,21,21,29,5,5,33,17,5,5,33,29,5,5,33,17,5,5,33,29,5,5,33,17 -> output: 0
input: 297 -> message: 17,29,5,5,33,17,5,5,33,29,5,5,33,17,5,5,33,29,5,5,33,17,5,5,33,29,5,5,33,17 -> output: 0
input: 298 -> message: 17,16,6,5,5,33,28,21,21,29,5,5,33,17,5,5,33,29,5,5,33,17,5,5,33,29,5,5,33,17 -> output: 0
input: 299 -> message: 17,16,6,5,5,33,28,21,21,29,5,5,33,17,5,5,33,29,5,5,33,17,5,5,33,29,5,5,33,17 -> output: 0
input: 300 -> message: 33,29,5,5,33,17,5,5,33,29,5,5,33,17,5,5,33,29,5,5,33,17,5,5,33,29,5,5,33,17 -> output: 0
input: 301 -> message: 11,5,33,29,5,5,33,17,5,5,33,29,5,5,33,17,5,5,33,29,5,5,33,17,5,5,33,29,5,5 -> output: 0
input: 302 -> message: 28,21,21,29,5,33,29,5,5,33,17,5,5,33,29,5,5,33,17,5,5,33,29,5,5,33,17,5,5,33 -> output: 0
input: 303 -> message: 17,16,6,5,5,33,28,21,21,29,5,5,33,17,5,5,33,29,5,5,33,17,5,5,33,29,5,5,33,17 -> output: 0
input: 304 -> message: 17,16,6,5,5,33,28,21,21,29,5,5,33,17,5,5,33,29,5,5,33,17,5,5,33,29,5,5,33,17 -> output: 0
input: 305 -> message: 17,16,6,5,5,33,28,21,21,29,5,5,33,17,5,5,33,29,5,5,33,17,5,5,33,29,5,5,33,17 -> output: 0
input: 306 -> message: 11,5,33,29,5,5,33,17,5,5,33,29,5,5,33,17,5,5,33,29,5,5,33,17,5,5,33,29,5,5 -> output: 0
input: 307 -> message: 29,5,33,17,5,5,33,29,5,5,33,17,5,5,33,29,5,5,33,17,5,5,33,29,5,5,33,17,5,5 -> output: 0
input: 308 -> message: 17,16,6,5,5,33,28,29,5,5,33,17,5,5,33,29,5,5,33,17,5,5,33,29,5,5,33,17,5,5 -> output: 0
input: 309 -> message: 17,16,6,5,5,33,28,21,21,29,5,5,33,17,5,5,33,29,5,5,33,17,5,5,33,29,5,5,33,17 -> output: 0
input: 310 -> message: 17,16,6,5,33,29,5,33,17,5,5,33,29,5,5,33,17,5,5,33,29,5,5,33,17,5,5,33,29,5 -> output: 0
input: 311 -> message: 17,16,6,5,5,33,28,21,21,29,5,5,33,17,5,5,33,29,5,5,33,17,5,5,33,29,5,5,33,17 -> output: 0
input: 312 -> message: 33,28,21,21,29,5,5,33,17,5,5,33,29,5,5,33,17,5,5,33,29,5,5,33,17,5,5,33,29,5 -> output: 0
input: 313 -> message: 17,16,6,5,5,33,28,29,5,5,33,17,5,5,33,29,5,5,33,17,5,5,33,29,5,5,33,17,5,5 -> output: 0
input: 314 -> message: 17,16,6,5,5,33,28,29,5,5,33,17,5,5,33,29,5,5,33,17,5,5,33,29,5,5,33,17,5,5 -> output: 0
input: 315 -> message: 17,16,6,5,5,33,28,21,21,29,5,5,33,17,5,5,33,29,5,5,33,17,5,5,33,29,5,5,33,17 -> output: 0
input: 316 -> message: 11,5,33,29,5,5,33,17,5,5,33,29,5,5,33,17,5,5,33,29,5,5,33,17,5,5,33,29,5,5 -> output: 0
input: 317 -> message: 29,5,33,29,5,33,17,5,5,33,29,5,5,33,17,5,5,33,29,5,5,33,17,5,5,33,29,5,5,33 -> output: 0
input: 318 -> message: 39,17,5,5,33,29,5,5,33,17,5,5,33,29,5,5,33,17,5,5,33,29,5,5,33,17,5,5,33,29 -> output: 0
input: 319 -> message: 17,16,6,5,5,33,28,29,5,5,33,17,5,5,33,29,5,5,33,17,5,5,33,29,5,5,33,17,5,5 -> output: 0
input: 320 -> message: 29,5,33,17,5,5,33,29,5,5,33,17,5,5,33,29,5,5,33,17,5,5,33,29,5,5,33,17,5,5 -> output: 0
input: 321 -> message: 21,21,29,5,33,29,5,5,33,17,5,5,33,29,5,5,33,17,5,5,33,29,5,5,33,17,5,5,33,29 -> output: 0
input: 322 -> message: 28,21,21,29,5,33,29,5,5,33,17,5,5,33,29,5,5,33,17,5,5,33,29,5,5,33,17,5,5,33 -> output: 0
input: 323 -> message: 21,21,29,5,5,33,17,5,5,33,29,5,5,33,17,5,5,33,29,5,5,33,17,5,5,33,29,5,5,33 -> output: 0
input: 324 -> message: 17,16,6,5,5,33,28,21,21,29,5,5,33,17,5,5,33,29,5,5,33,17,5,5,33,29,5,5,33,17 -> output: 0
input: 325 -> message: 17,16,6,5,5,33,28,21,21,29,5,5,33,17,5,5,33,29,5,5,33,17,5,5,33,29,5,5,33,17 -> output: 0
input: 326 -> message: 17,16,6,5,5,33,28,21,21,29,5,5,33,17,5,5,33,29,5,5,33,17,5,5,33,29,5,5,33,17 -> output: 0
input: 327 -> message: 17,29,5,33,5,5,33,28,21,21,29,5,5,33,17,5,5,33,29,5,5,33,17,5,5,33,29,5,5,33 -> output: 0
input: 328 -> message: 17,16,6,5,5,33,28,21,21,29,5,5,33,17,5,5,33,29,5,5,33,17,5,5,33,29,5,5,33,17 -> output: 0
input: 329 -> message: 29,5,5,33,17,5,5,33,29,5,5,33,17,5,5,33,29,5,5,33,17,5,5,33,29,5,5,33,17,5 -> output: 0
input: 330 -> message: 27,21,21,29,5,5,33,17,5,5,33,29,5,5,33,17,5,5,33,29,5,5,33,17,5,5,33,29,5,5 -> output: 0
input: 331 -> message: 17,21,21,29,5,33,29,5,5,33,17,16,5,5,27,17,16,6,5,5,33,28,21,21,29,5,5,33,17,5 -> output: 0
input: 332 -> message: 17,16,6,5,5,33,28,21,21,29,5,5,33,17,5,5,33,29,5,5,33,17,5,5,33,29,5,5,33,17 -> output: 0
input: 333 -> message: 17,29,5,5,33,17,5,5,33,29,5,5,33,17,5,5,33,29,5,5,33,17,5,5,33,29,5,5,33,17 -> output: 0
input: 334 -> message: 17,29,5,33,29,5,33,17,5,5,33,29,5,5,33,17,5,5,33,29,5,5,33,17,5,5,33,29,5,5 -> output: 0
input: 335 -> message: 17,16,6,5,33,5,5,33,28,21,21,29,5,5,33,17,5,5,33,29,5,5,33,17,5,5,33,29,5,5 -> output: 0
input: 336 -> message: 17,5,5,33,29,5,5,33,17,5,5,33,29,5,5,33,17,5,5,33,29,5,5,33,17,5,5,33,29,5 -> output: 0
input: 337 -> message: 29,5,33,17,5,5,33,29,5,5,33,17,5,5,33,29,5,5,33,17,5,5,33,29,5,5,33,17,5,5 -> output: 0
input: 338 -> message: 0 -> output: 0
input: 339 -> message: 17,16,6,5,5,33,28,21,21,29,5,5,33,17,5,5,33,29,5,5,33,17,5,5,33,29,5,5,33,17 -> output: 0
input: 340 -> message: 17,16,6,5,5,33,28,21,21,29,5,5,33,17,5,5,33,29,5,5,33,17,5,5,33,29,5,5,33,17 -> output: 0
input: 341 -> message: 11,5,33,29,5,5,33,17,5,5,33,29,5,5,33,17,5,5,33,29,5,5,33,17,5,5,33,29,5,5 -> output: 0
input: 342 -> message: 21,21,29,5,33,29,5,33,17,5,5,33,29,5,5,33,17,5,5,33,29,5,5,33,17,5,5,33,29,5 -> output: 0
input: 343 -> message: 17,16,6,5,5,33,28,21,21,29,5,5,33,17,5,5,33,29,5,5,33,17,5,5,33,29,5,5,33,17 -> output: 0
input: 344 -> message: 21,29,5,33,29,5,5,33,17,5,5,33,29,5,5,33,17,5,5,33,29,5,5,33,17,5,5,33,29,5 -> output: 0
input: 345 -> message: 17,16,6,5,5,33,28,21,21,29,5,5,33,17,5,5,33,29,5,5,33,17,5,5,33,29,5,5,33,17 -> output: 0
input: 346 -> message: 28,21,21,29,5,33,29,5,5,33,17,5,5,33,29,5,5,33,17,5,5,33,29,5,5,33,17,5,5,33 -> output: 0
input: 347 -> message: 29,2,17,5,5,27,17,16,6,5,5,33,28,21,21,29,5,5,33,17,5,5,33,29,5,5,33,17,5,5 -> output: 0
input: 348 -> message: 17,16,6,5,33,29,5,33,17,5,5,33,29,5,5,33,17,5,5,33,29,5,5,33,17,5,5,33,29,5 -> output: 0
input: 349 -> message: 17,16,6,5,5,33,28,21,21,29,5,5,33,17,5,5,33,29,5,5,33,17,5,5,33,29,5,5,33,17 -> output: 0
input: 350 -> message: 17,16,6,5,5,33,28,21,21,29,5,5,33,17,5,5,33,29,5,5,33,17,5,5,33,29,5,5,33,17 -> output: 0
input: 351 -> message: 21,21,29,5,33,29,5,5,33,17,5,5,33,29,5,5,33,17,5,5,33,29,5,5,33,17,5,5,33,29 -> output: 0
input: 352 -> message: 17,16,6,5,5,33,28,21,21,29,5,5,33,17,5,5,33,29,5,5,33,17,5,5,33,29,5,5,33,17 -> output: 0
input: 353 -> message: 28,21,21,29,5,33,29,5,5,33,17,5,5,33,29,5,5,33,17,5,5,33,29,5,5,33,17,5,5,33 -> output: 0
input: 354 -> message: 27,17,16,5,5,27,17,16,6,5,5,33,28,21,21,29,5,5,33,17,5,5,33,29,5,5,33,17,5,5 -> output: 0
input: 355 -> message: 17,16,6,5,5,33,28,21,21,29,5,5,33,17,5,5,33,29,5,5,33,17,5,5,33,29,5,5,33,17 -> output: 0
input: 356 -> message: 28,21,21,29,5,5,33,17,5,5,33,29,5,5,33,17,5,5,33,29,5,5,33,17,5,5,33,29,5,5 -> output: 0
input: 357 -> message: 17,16,6,5,5,33,28,21,21,29,5,5,33,17,5,5,33,29,5,5,33,17,5,5,33,29,5,5,33,17 -> output: 0
input: 358 -> message: 2,17,16,6,5,5,33,28,21,21,29,5,5,33,17,5,5,33,29,5,5,33,17,5,5,33,29,5,5,33 -> output: 0
input: 359 -> message: 28,21,21,29,5,5,33,17,5,5,33,29,5,5,33,17,5,5,33,29,5,5,33,17,5,5,33,29,5,5 -> output: 0
input: 360 -> message: 17,29,5,33,29,5,33,17,5,5,33,29,5,5,33,17,5,5,33,29,5,5,33,17,5,5,33,29,5,5 -> output: 0
input: 361 -> message: 17,16,6,5,5,33,28,21,21,29,5,5,33,17,5,5,33,29,5,5,33,17,5,5,33,29,5,5,33,17 -> output: 0
input: 362 -> message: 2,17,5,5,27,17,16,5,5,27,17,16,6,5,5,33,28,21,21,29,5,5,33,17,5,5,33,29,5,5 -> output: 0
input: 363 -> message: 0 -> output: 0
input: 364 -> message: 17,16,6,5,5,33,28,21,21,29,5,5,33,17,5,5,33,29,5,5,33,17,5,5,33,29,5,5,33,17 -> output: 0
input: 365 -> message: 17,16,6,5,5,33,28,21,21,29,5,5,33,17,5,5,33,29,5,5,33,17,5,5,33,29,5,5,33,17 -> output: 0
input: 366 -> message: 17,16,6,5,5,33,28,29,5,5,33,17,5,5,33,29,5,5,33,17,5,5,33,29,5,5,33,17,5,5 -> output: 0
input: 367 -> message: 27,21,21,29,5,33,29,5,5,33,17,5,5,33,29,5,5,33,17,5,5,33,29,5,5,33,17,5,5,33 -> output: 0
input: 368 -> message: 29,2,17,5,5,27,17,16,6,5,5,33,28,21,21,29,5,5,33,17,5,5,33,29,5,5,33,17,5,5 -> output: 0
input: 369 -> message: 17,16,6,5,5,33,28,21,21,29,5,5,33,17,5,5,33,29,5,5,33,17,5,5,33,29,5,5,33,17 -> output: 0
input: 370 -> message: 17,5,5,33,29,5,5,33,17,5,5,33,29,5,5,33,17,5,5,33,29,5,5,33,17,5,5,33,29,5 -> output: 0
input: 371 -> message: 21,21,29,5,33,29,5,5,33,17,5,5,33,29,5,5,33,17,5,5,33,29,5,5,33,17,5,5,33,29 -> output: 0
input: 372 -> message: 21,21,29,5,5,33,17,5,5,33,29,5,5,33,17,5,5,33,29,5,5,33,17,5,5,33,29,5,5,33 -> output: 0
input: 373 -> message: 33,28,21,21,29,5,5,33,17,5,5,33,29,5,5,33,17,5,5,33,29,5,5,33,17,5,5,33,29,5 -> output: 0
input: 374 -> message: 35,5,33,29,2,17,5,5,27,17,16,6,5,5,33,28,21,21,29,5,5,33,17,5,5,33,29,5,5,33 -> output: 0
input: 375 -> message: 17,16,6,5,5,33,28,21,21,29,5,5,33,17,5,5,33,29,5,5,33,17,5,5,33,29,5,5,33,17 -> output: 0
input: 376 -> message: 17,16,6,5,33,5,5,33,28,21,21,29,5,5,33,17,5,5,33,29,5,5,33,17,5,5,33,29,5,5 -> output: 0
input: 377 -> message: 17,16,6,5,5,33,28,21,21,29,5,5,33,17,5,5,33,29,5,5,33,17,5,5,33,29,5,5,33,17 -> output: 0
input: 378 -> message: 17,16,6,5,5,33,28,21,21,29,5,5,33,17,5,5,33,29,5,5,33,17,5,5,33,29,5,5,33,17 -> output: 0
input: 379 -> message: 17,16,6,5,5,33,28,21,21,29,5,5,33,17,5,5,33,29,5,5,33,17,5,5,33,29,5,5,33,17 -> output: 0
input: 380 -> message: 0 -> output: 0
input: 381 -> message: 17,16,6,5,5,33,28,21,21,29,5,5,33,17,5,5,33,29,5,5,33,17,5,5,33,29,5,5,33,17 -> output: 0
input: 382 -> message: 17,16,6,5,5,33,28,21,21,29,5,5,33,17,5,5,33,29,5,5,33,17,5,5,33,29,5,5,33,17 -> output: 0
input: 383 -> message: 17,16,6,5,5,33,28,21,21,29,5,5,33,17,5,5,33,29,5,5,33,17,5,5,33,29,5,5,33,17 -> output: 0
input: 384 -> message: 11,5,33,28,21,21,29,5,5,33,17,5,5,33,29,5,5,33,17,5,5,33,29,5,5,33,17,5,5,33 -> output: 0
input: 385 -> message: 0 -> output: 0
input: 386 -> message: 29,5,33,29,5,33,17,5,5,33,29,5,5,33,17,5,5,33,29,5,5,33,17,5,5,33,29,5,5,33 -> output: 0
input: 387 -> message: 29,2,17,5,5,27,17,16,6,5,5,33,28,21,21,29,5,5,33,17,5,5,33,29,5,5,33,17,5,5 -> output: 0
input: 388 -> message: 27,21,21,29,5,5,33,17,5,5,33,29,5,5,33,17,5,5,33,29,5,5,33,17,5,5,33,29,5,5 -> output: 0
input: 389 -> message: 21,21,29,5,33,29,5,33,17,5,5,33,29,5,5,33,17,5,5,33,29,5,5,33,17,5,5,33,29,5 -> output: 0
input: 390 -> message: 17,16,6,5,5,33,28,21,21,29,5,5,33,17,5,5,33,29,5,5,33,17,5,5,33,29,5,5,33,17 -> output: 0
input: 391 -> message: 17,5,5,33,29,5,5,33,17,5,5,33,29,5,5,33,17,5,5,33,29,5,5,33,17,5,5,33,29,5 -> output: 0
input: 392 -> message: 17,16,6,5,5,33,28,21,21,29,5,5,33,17,5,5,33,29,5,5,33,17,5,5,33,29,5,5,33,17 -> output: 0
input: 393 -> message: 17,16,6,5,5,33,28,29,5,5,33,17,5,5,33,29,5,5,33,17,5,5,33,29,5,5,33,17,5,5 -> output: 0
input: 394 -> message: 17,16,6,5,33,29,5,33,17,5,5,33,29,5,5,33,17,5,5,33,29,5,5,33,17,5,5,33,29,5 -> output: 0
input: 395 -> message: 17,16,6,5,33,29,5,33,17,5,5,33,29,5,5,33,17,5,5,33,29,5,5,33,17,5,5,33,29,5 -> output: 0
input: 396 -> message: 5,33,29,5,5,33,17,5,5,33,29,5,5,33,17,5,5,33,29,5,5,33,17,5,5,33,29,5,5,33 -> output: 0
input: 397 -> message: 29,5,33,29,5,5,33,17,5,5,33,29,5,5,33,17,5,5,33,29,5,5,33,17,5,5,33,29,5,5 -> output: 0
input: 398 -> message: 17,5,5,33,29,5,5,33,17,5,5,33,29,5,5,33,17,5,5,33,29,5,5,33,17,5,5,33,29,5 -> output: 0
input: 399 -> message: 17,16,6,5,5,33,28,21,21,29,5,5,33,17,5,5,33,29,5,5,33,17,5,5,33,29,5,5,33,17 -> output: 0
input: 400 -> message: 17,16,6,5,5,33,28,21,21,29,5,5,33,17,5,5,33,29,5,5,33,17,5,5,33,29,5,5,33,17 -> output: 0
input: 401 -> message: 17,16,6,5,5,33,28,21,21,29,5,5,33,17,5,5,33,29,5,5,33,17,5,5,33,29,5,5,33,17 -> output: 0
input: 402 -> message: 29,5,33,29,5,33,17,5,5,33,29,5,5,33,17,5,5,33,29,5,5,33,17,5,5,33,29,5,5,33 -> output: 0
input: 403 -> message: 11,5,33,29,5,5,33,17,5,5,33,29,5,5,33,17,5,5,33,29,5,5,33,17,5,5,33,29,5,5 -> output: 0
input: 404 -> message: 39,17,5,5,33,29,5,5,33,17,5,5,33,29,5,5,33,17,5,5,33,29,5,5,33,17,5,5,33,29 -> output: 0
input: 405 -> message: 0 -> output: 0
input: 406 -> message: 27,21,21,29,5,5,33,17,5,5,33,29,5,5,33,17,5,5,33,29,5,5,33,17,5,5,33,29,5,5 -> output: 0
input: 407 -> message: 17,5,5,33,29,5,5,33,17,5,5,33,29,5,5,33,17,5,5,33,29,5,5,33,17,5,5,33,29,5 -> output: 0
input: 408 -> message: 27,17,16,5,5,27,17,16,6,5,5,33,28,21,21,29,5,5,33,17,5,5,33,29,5,5,33,17,5,5 -> output: 0
input: 409 -> message: 17,16,6,5,33,29,5,33,17,5,5,33,29,5,5,33,17,5,5,33,29,5,5,33,17,5,5,33,29,5 -> output: 0
input: 410 -> message: 0 -> output: 0
input: 411 -> message: 27,17,16,5,5,27,17,16,6,5,5,33,28,21,21,29,5,5,33,17,5,5,33,29,5,5,33,17,5,5 -> output: 0
input: 412 -> message: 17,16,6,5,5,33,28,21,21,29,5,5,33,17,5,5,33,29,5,5,33,17,5,5,33,29,5,5,33,17 -> output: 0
input: 413 -> message: 17,16,6,5,5,33,28,21,21,29,5,5,33,17,5,5,33,29,5,5,33,17,5,5,33,29,5,5,33,17 -> output: 0
input: 414 -> message: 29,5,33,17,5,5,33,29,5,5,33,17,5,5,33,29,5,5,33,17,5,5,33,29,5,5,33,17,5,5 -> output: 0
input: 415 -> message: 0 -> output: 0
input: 416 -> message: 17,16,6,5,5,33,28,21,21,29,5,5,33,17,5,5,33,29,5,5,33,17,5,5,33,29,5,5,33,17 -> output: 0
input: 417 -> message: 0 -> output: 0
input: 418 -> message: 17,5,5,33,29,5,5,33,17,5,5,33,29,5,5,33,17,5,5,33,29,5,5,33,17,5,5,33,29,5 -> output: 0
input: 419 -> message: 17,16,6,5,5,33,28,21,21,29,5,5,33,17,5,5,33,29,5,5,33,17,5,5,33,29,5,5,33,17 -> output: 0
input: 420 -> message: 5,27,17,16,5,5,27,17,16,6,5,5,33,28,21,21,29,5,5,33,17,5,5,33,29,5,5,33,17,5 -> output: 0
input: 421 -> message: 17,16,6,5,5,33,28,29,5,5,33,17,5,5,33,29,5,5,33,17,5,5,33,29,5,5,33,17,5,5 -> output: 0
input: 422 -> message: 21,21,29,5,33,29,5,5,33,17,5,5,33,29,5,5,33,17,5,5,33,29,5,5,33,17,5,5,33,29 -> output: 0
input: 423 -> message: 29,5,5,33,17,5,5,33,29,5,5,33,17,5,5,33,29,5,5,33,17,5,5,33,29,5,5,33,17,5 -> output: 0
input: 424 -> message: 29,5,33,29,5,5,33,17,5,5,33,29,5,5,33,17,5,5,33,29,5,5,33,17,5,5,33,29,5,5 -> output: 0
input: 425 -> message: 29,2,17,5,5,27,17,16,6,5,5,33,28,21,21,29,5,5,33,17,5,5,33,29,5,5,33,17,5,5 -> output: 0
input: 426 -> message: 11,5,33,29,5,5,33,17,5,5,33,29,5,5,33,17,5,5,33,29,5,5,33,17,5,5,33,29,5,5 -> output: 0
input: 427 -> message: 21,21,29,5,33,29,5,5,33,17,5,5,33,29,5,5,33,17,5,5,33,29,5,5,33,17,5,5,33,29 -> output: 0
input: 428 -> message: 27,21,21,29,5,5,33,17,5,5,33,29,5,5,33,17,5,5,33,29,5,5,33,17,5,5,33,29,5,5 -> output: 0
input: 429 -> message: 11,5,33,28,21,21,29,5,5,33,17,5,5,33,29,5,5,33,17,5,5,33,29,5,5,33,17,5,5,33 -> output: 0
input: 430 -> message: 17,16,6,5,5,33,28,29,5,5,33,17,5,5,33,29,5,5,33,17,5,5,33,29,5,5,33,17,5,5 -> output: 0
input: 431 -> message: 4,21,29,5,33,29,5,33,17,5,5,33,29,5,5,33,17,5,5,33,29,5,5,33,17,5,5,33,29,5 -> output: 0
input: 432 -> message: 29,5,5,33,17,5,5,33,29,5,5,33,17,5,5,33,29,5,5,33,17,5,5,33,29,5,5,33,17,5 -> output: 0
input: 433 -> message: 29,5,33,17,5,5,33,29,5,5,33,17,5,5,33,29,5,5,33,17,5,5,33,29,5,5,33,17,5,5 -> output: 0
input: 434 -> message: 28,21,21,29,5,5,33,17,5,5,33,29,5,5,33,17,5,5,33,29,5,5,33,17,5,5,33,29,5,5 -> output: 0
input: 435 -> message: 21,21,29,5,33,29,5,5,33,17,5,5,33,29,5,5,33,17,5,5,33,29,5,5,33,17,5,5,33,29 -> output: 0
input: 436 -> message: 17,16,6,5,5,33,28,17,29,5,5,33,17,5,5,33,29,5,5,33,17,5,5,33,29,5,5,33,17,5 -> output: 0
input: 437 -> message: 17,16,6,5,5,33,28,21,21,29,5,5,33,17,5,5,33,29,5,5,33,17,5,5,33,29,5,5,33,17 -> output: 0
input: 438 -> message: 27,29,5,5,33,17,5,5,33,29,5,5,33,17,5,5,33,29,5,5,33,17,5,5,33,29,5,5,33,17 -> output: 0
input: 439 -> message: 17,16,6,5,5,33,28,21,21,29,5,5,33,17,5,5,33,29,5,5,33,17,5,5,33,29,5,5,33,17 -> output: 0
input: 440 -> message: 21,21,29,5,33,29,5,5,33,17,5,5,33,29,5,5,33,17,5,5,33,29,5,5,33,17,5,5,33,29 -> output: 0
input: 441 -> message: 17,16,6,5,5,33,28,21,21,29,5,5,33,17,5,5,33,29,5,5,33,17,5,5,33,29,5,5,33,17 -> output: 0
input: 442 -> message: 0 -> output: 0
input: 443 -> message: 17,16,6,5,5,33,28,21,21,29,5,5,33,17,5,5,33,29,5,5,33,17,5,5,33,29,5,5,33,17 -> output: 0
input: 444 -> message: 27,21,21,29,5,5,33,17,5,5,33,29,5,5,33,17,5,5,33,29,5,5,33,17,5,5,33,29,5,5 -> output: 0
input: 445 -> message: 11,5,33,29,5,5,33,17,5,5,33,29,5,5,33,17,5,5,33,29,5,5,33,17,5,5,33,29,5,5 -> output: 0
input: 446 -> message: 21,21,29,5,33,29,5,5,33,17,5,5,33,29,5,5,33,17,5,5,33,29,5,5,33,17,5,5,33,29 -> output: 0
input: 447 -> message: 17,16,6,5,5,33,28,21,21,29,5,5,33,17,5,5,33,29,5,5,33,17,5,5,33,29,5,5,33,17 -> output: 0
input: 448 -> message: 29,5,5,33,17,5,5,33,29,5,5,33,17,5,5,33,29,5,5,33,17,5,5,33,29,5,5,33,17,5 -> output: 0
input: 449 -> message: 0 -> output: 0
input: 450 -> message: 11,5,33,29,5,5,33,17,5,5,33,29,5,5,33,17,5,5,33,29,5,5,33,17,5,5,33,29,5,5 -> output: 0
input: 451 -> message: 21,21,29,5,33,29,5,5,33,17,5,5,33,29,5,5,33,17,5,5,33,29,5,5,33,17,5,5,33,29 -> output: 0
input: 452 -> message: 17,16,6,5,33,29,5,33,17,5,5,33,29,5,5,33,17,5,5,33,29,5,5,33,17,5,5,33,29,5 -> output: 0
input: 453 -> message: 17,5,5,33,29,5,5,33,17,5,5,33,29,5,5,33,17,5,5,33,29,5,5,33,17,5,5,33,29,5 -> output: 0
input: 454 -> message: 17,16,6,5,5,33,28,21,21,29,5,5,33,17,5,5,33,29,5,5,33,17,5,5,33,29,5,5,33,17 -> output: 0
input: 455 -> message: 17,16,6,5,5,33,28,21,21,29,5,5,33,17,5,5,33,29,5,5,33,17,5,5,33,29,5,5,33,17 -> output: 0
input: 456 -> message: 0 -> output: 0
input: 457 -> message: 21,21,29,5,33,29,5,5,33,17,5,5,33,29,5,5,33,17,5,5,33,29,5,5,33,17,5,5,33,29 -> output: 0
input: 458 -> message: 21,29,5,33,29,5,5,33,17,5,5,33,29,5,5,33,17,5,5,33,29,5,5,33,17,5,5,33,29,5 -> output: 0
input: 459 -> message: 11,5,33,29,5,5,33,17,5,5,33,29,5,5,33,17,5,5,33,29,5,5,33,17,5,5,33,29,5,5 -> output: 0
input: 460 -> message: 17,16,6,5,5,33,28,21,21,29,5,5,33,17,5,5,33,29,5,5,33,17,5,5,33,29,5,5,33,17 -> output: 0
input: 461 -> message: 17,16,6,5,33,29,5,33,17,5,5,33,29,5,5,33,17,5,5,33,29,5,5,33,17,5,5,33,29,5 -> output: 0
input: 462 -> message: 29,5,33,17,5,5,33,29,5,5,33,17,5,5,33,29,5,5,33,17,5,5,33,29,5,5,33,17,5,5 -> output: 0
input: 463 -> message: 29,5,33,29,5,5,33,17,5,5,33,29,5,5,33,17,5,5,33,29,5,5,33,17,5,5,33,29,5,5 -> output: 0
input: 464 -> message: 21,21,21,29,5,33,29,5,5,33,17,5,5,33,29,5,5,33,17,5,5,33,29,5,5,33,17,5,5,33 -> output: 0
input: 465 -> message: 29,2,17,5,5,27,17,16,6,5,5,33,28,21,21,29,5,5,33,17,5,5,33,29,5,5,33,17,5,5 -> output: 0
input: 466 -> message: 39,17,16,6,5,5,33,28,21,21,29,5,5,33,17,5,5,33,29,5,5,33,17,5,5,33,29,5,5,33 -> output: 0
input: 467 -> message: 17,16,6,5,5,33,28,21,21,29,5,5,33,17,5,5,33,29,5,5,33,17,5,5,33,29,5,5,33,17 -> output: 0
input: 468 -> message: 27,21,21,29,5,5,33,17,5,5,33,29,5,5,33,17,5,5,33,29,5,5,33,17,5,5,33,29,5,5 -> output: 0
input: 469 -> message: 17,16,6,5,5,33,28,21,21,29,5,5,33,17,5,5,33,29,5,5,33,17,5,5,33,29,5,5,33,17 -> output: 0
input: 470 -> message: 29,5,33,29,5,33,17,5,5,33,29,5,5,33,17,5,5,33,29,5,5,33,17,5,5,33,29,5,5,33 -> output: 0
input: 471 -> message: 17,16,6,5,33,29,5,33,17,5,5,33,29,5,5,33,17,5,5,33,29,5,5,33,17,5,5,33,29,5 -> output: 0
input: 472 -> message: 21,21,29,5,33,29,5,5,33,17,5,5,33,29,5,5,33,17,5,5,33,29,5,5,33,17,5,5,33,29 -> output: 0
input: 473 -> message: 17,16,6,5,5,33,28,21,21,29,5,5,33,17,5,5,33,29,5,5,33,17,5,5,33,29,5,5,33,17 -> output: 0
input: 474 -> message: 17,16,6,5,33,29,5,33,17,5,5,33,29,5,5,33,17,5,5,33,29,5,5,33,17,5,5,33,29,5 -> output: 0
input: 475 -> message: 0 -> output: 0
input: 476 -> message: 0 -> output: 0
input: 477 -> message: 17,29,5,33,29,5,33,17,5,5,33,29,5,5,33,17,5,5,33,29,5,5,33,17,5,5,33,29,5,5 -> output: 0
input: 478 -> message: 39,17,5,5,33,29,5,5,33,17,5,5,33,29,5,5,33,17,5,5,33,29,5,5,33,17,5,5,33,29 -> output: 0
input: 479 -> message: 11,5,33,29,5,5,33,17,5,5,33,29,5,5,33,17,5,5,33,29,5,5,33,17,5,5,33,29,5,5 -> output: 0
input: 480 -> message: 17,16,6,5,5,33,28,21,21,29,5,5,33,17,5,5,33,29,5,5,33,17,5,5,33,29,5,5,33,17 -> output: 0
input: 481 -> message: 29,5,33,17,5,5,33,29,5,5,33,17,5,5,33,29,5,5,33,17,5,5,33,29,5,5,33,17,5,5 -> output: 0
input: 482 -> message: 17,16,6,5,33,29,5,33,17,5,5,33,29,5,5,33,17,5,5,33,29,5,5,33,17,5,5,33,29,5 -> output: 0
input: 483 -> message: 29,5,33,29,5,33,17,5,5,33,29,5,5,33,17,5,5,33,29,5,5,33,17,5,5,33,29,5,5,33 -> output: 0
input: 484 -> message: 17,16,6,5,5,33,28,29,5,5,33,17,5,5,33,29,5,5,33,17,5,5,33,29,5,5,33,17,5,5 -> output: 0
input: 485 -> message: 39,17,16,6,5,5,33,28,21,21,29,5,5,33,17,5,5,33,29,5,5,33,17,5,5,33,29,5,5,33 -> output: 0
input: 486 -> message: 21,21,29,5,5,33,17,5,5,33,29,5,5,33,17,5,5,33,29,5,5,33,17,5,5,33,29,5,5,33 -> output: 0
input: 487 -> message: 17,16,6,5,5,33,28,21,21,29,5,5,33,17,5,5,33,29,5,5,33,17,5,5,33,29,5,5,33,17 -> output: 0
input: 488 -> message: 17,5,5,33,29,5,5,33,17,5,5,33,29,5,5,33,17,5,5,33,29,5,5,33,17,5,5,33,29,5 -> output: 0
input: 489 -> message: 11,5,33,29,5,5,33,17,5,5,33,29,5,5,33,17,5,5,33,29,5,5,33,17,5,5,33,29,5,5 -> output: 0
input: 490 -> message: 21,21,29,5,33,29,5,5,33,17,5,5,33,29,5,5,33,17,5,5,33,29,5,5,33,17,5,5,33,29 -> output: 0
input: 491 -> message: 17,16,6,5,33,29,5,33,17,5,5,33,29,5,5,33,17,5,5,33,29,5,5,33,17,5,5,33,29,5 -> output: 0
input: 492 -> message: 17,16,6,5,5,33,28,21,21,29,5,5,33,17,5,5,33,29,5,5,33,17,5,5,33,29,5,5,33,17 -> output: 0
input: 493 -> message: 0 -> output: 0
input: 494 -> message: 27,21,21,29,5,5,33,17,5,5,33,29,5,5,33,17,5,5,33,29,5,5,33,17,5,5,33,29,5,5 -> output: 0
input: 495 -> message: 29,5,5,33,17,5,5,33,29,5,5,33,17,5,5,33,29,5,5,33,17,5,5,33,29,5,5,33,17,5 -> output: 0
input: 496 -> message: 11,5,33,29,5,5,33,17,5,5,33,29,5,5,33,17,5,5,33,29,5,5,33,17,5,5,33,29,5,5 -> output: 0
input: 497 -> message: 17,16,6,5,5,33,28,21,21,29,5,5,33,17,5,5,33,29,5,5,33,17,5,5,33,29,5,5,33,17 -> output: 0
input: 498 -> message: 39,17,16,6,5,5,33,17,5,5,33,29,5,5,33,17,5,5,33,29,5,5,33,17,5,5,33,29,5,5 -> output: 0
input: 499 -> message: 17,16,6,5,5,33,28,21,21,29,5,5,33,17,5,5,33,29,5,5,33,17,5,5,33,29,5,5,33,17 -> output: 0
input: 500 -> message: 17,16,6,5,5,33,28,21,21,29,5,5,33,17,5,5,33,29,5,5,33,17,5,5,33,29,5,5,33,17 -> output: 0
input: 501 -> message: 17,16,6,5,5,33,28,21,21,29,5,5,33,17,5,5,33,29,5,5,33,17,5,5,33,29,5,5,33,17 -> output: 0
input: 502 -> message: 5,27,17,16,5,5,27,17,16,6,5,5,33,28,21,21,29,5,5,33,17,5,5,33,29,5,5,33,17,5 -> output: 0
input: 503 -> message: 17,16,6,5,5,33,28,21,21,29,5,5,33,17,5,5,33,29,5,5,33,17,5,5,33,29,5,5,33,17 -> output: 0
input: 504 -> message: 27,21,21,29,5,33,29,5,5,33,17,5,5,33,29,5,5,33,17,5,5,33,29,5,5,33,17,5,5,33 -> output: 0
input: 505 -> message: 17,16,6,5,5,33,28,21,21,29,5,5,33,17,5,5,33,29,5,5,33,17,5,5,33,29,5,5,33,17 -> output: 0
input: 506 -> message: 17,16,6,5,5,33,28,21,21,29,5,5,33,17,5,5,33,29,5,5,33,17,5,5,33,29,5,5,33,17 -> output: 0
input: 507 -> message: 29,5,33,29,5,5,33,17,5,5,33,29,5,5,33,17,5,5,33,29,5,5,33,17,5,5,33,29,5,5 -> output: 0
input: 508 -> message: 17,16,6,5,5,33,28,29,5,5,33,17,5,5,33,29,5,5,33,17,5,5,33,29,5,5,33,17,5,5 -> output: 0
input: 509 -> message: 17,16,6,5,5,33,28,21,21,29,5,5,33,17,5,5,33,29,5,5,33,17,5,5,33,29,5,5,33,17 -> output: 0
input: 510 -> message: 0 -> output: 0
input: 511 -> message: 17,16,6,5,5,33,28,29,5,5,33,17,5,5,33,29,5,5,33,17,5,5,33,29,5,5,33,17,5,5 -> output: 0
input: 512 -> message: 28,21,21,29,5,5,33,17,5,5,33,29,5,5,33,17,5,5,33,29,5,5,33,17,5,5,33,29,5,5 -> output: 0
input: 513 -> message: 27,21,21,29,5,5,33,17,5,5,33,29,5,5,33,17,5,5,33,29,5,5,33,17,5,5,33,29,5,5 -> output: 0
input: 514 -> message: 17,16,6,5,5,33,28,21,21,29,5,5,33,17,5,5,33,29,5,5,33,17,5,5,33,29,5,5,33,17 -> output: 0
input: 515 -> message: 33,28,21,21,29,5,5,33,17,5,5,33,29,5,5,33,17,5,5,33,29,5,5,33,17,5,5,33,29,5 -> output: 0
input: 516 -> message: 29,5,5,33,17,5,5,33,29,5,5,33,17,5,5,33,29,5,5,33,17,5,5,33,29,5,5,33,17,5 -> output: 0
input: 517 -> message: 21,21,29,5,33,29,5,5,33,17,5,5,33,29,5,5,33,17,5,5,33,29,5,5,33,17,5,5,33,29 -> output: 0
input: 518 -> message: 17,16,6,5,33,29,5,33,17,5,5,33,29,5,5,33,17,5,5,33,29,5,5,33,17,5,5,33,29,5 -> output: 0
input: 519 -> message: 17,16,6,5,33,29,5,33,17,5,5,33,29,5,5,33,17,5,5,33,29,5,5,33,17,5,5,33,29,5 -> output: 0
input: 520 -> message: 17,16,6,5,5,33,28,21,21,29,5,5,33,17,5,5,33,29,5,5,33,17,5,5,33,29,5,5,33,17 -> output: 0
input: 521 -> message: 17,16,6,5,5,33,28,21,21,29,5,5,33,17,5,5,33,29,5,5,33,17,5,5,33,29,5,5,33,17 -> output: 0
input: 522 -> message: 0 -> output: 0
input: 523 -> message: 17,16,6,5,5,33,28,21,21,29,5,5,33,17,5,5,33,29,5,5,33,17,5,5,33,29,5,5,33,17 -> output: 0
input: 524 -> message: 29,5,33,17,5,5,33,29,5,5,33,17,5,5,33,29,5,5,33,17,5,5,33,29,5,5,33,17,5,5 -> output: 0
input: 525 -> message: 21,21,29,5,33,29,5,5,33,17,5,5,33,29,5,5,33,17,5,5,33,29,5,5,33,17,5,5,33,29 -> output: 0
input: 526 -> message: 5,27,17,16,5,5,27,17,16,6,5,5,33,28,21,21,29,5,5,33,17,5,5,33,29,5,5,33,17,5 -> output: 0
input: 527 -> message: 17,5,5,33,29,5,5,33,17,5,5,33,29,5,5,33,17,5,5,33,29,5,5,33,17,5,5,33,29,5 -> output: 0
input: 528 -> message: 17,16,6,5,5,33,28,21,21,29,5,5,33,17,5,5,33,29,5,5,33,17,5,5,33,29,5,5,33,17 -> output: 0
input: 529 -> message: 17,16,6,5,5,33,28,29,5,5,33,17,5,5,33,29,5,5,33,17,5,5,33,29,5,5,33,17,5,5 -> output: 0
input: 530 -> message: 17,16,6,5,5,33,28,21,21,29,5,5,33,17,5,5,33,29,5,5,33,17,5,5,33,29,5,5,33,17 -> output: 0
input: 531 -> message: 0 -> output: 0
input: 532 -> message: 21,21,29,5,33,29,5,5,33,17,5,5,33,29,5,5,33,17,5,5,33,29,5,5,33,17,5,5,33,29 -> output: 0
input: 533 -> message: 17,16,6,5,5,33,28,29,5,5,33,17,5,5,33,29,5,5,33,17,5,5,33,29,5,5,33,17,5,5 -> output: 0
input: 534 -> message: 29,5,5,33,17,5,5,33,29,5,5,33,17,5,5,33,29,5,5,33,17,5,5,33,29,5,5,33,17,5 -> output: 0
input: 535 -> message: 17,16,6,5,5,33,28,29,5,5,33,17,5,5,33,29,5,5,33,17,5,5,33,29,5,5,33,17,5,5 -> output: 0
input: 536 -> message: 0 -> output: 0
input: 537 -> message: 11,5,33,28,21,21,29,5,5,33,17,5,5,33,29,5,5,33,17,5,5,33,29,5,5,33,17,5,5,33 -> output: 0
input: 538 -> message: 29,5,33,17,5,5,33,29,5,5,33,17,5,5,33,29,5,5,33,17,5,5,33,29,5,5,33,17,5,5 -> output: 0
input: 539 -> message: 17,16,6,5,5,33,28,21,21,29,5,5,33,17,5,5,33,29,5,5,33,17,5,5,33,29,5,5,33,17 -> output: 0
input: 540 -> message: 11,5,33,29,5,5,33,17,5,5,33,29,5,5,33,17,5,5,33,29,5,5,33,17,5,5,33,29,5,5 -> output: 0
input: 541 -> message: 0 -> output: 0
input: 542 -> message: 11,5,33,29,5,5,33,17,5,5,33,29,5,5,33,17,5,5,33,29,5,5,33,17,5,5,33,29,5,5 -> output: 0
input: 543 -> message: 17,16,6,5,5,33,28,21,21,29,5,5,33,17,5,5,33,29,5,5,33,17,5,5,33,29,5,5,33,17 -> output: 0
input: 544 -> message: 28,21,21,29,5,5,33,17,5,5,33,29,5,5,33,17,5,5,33,29,5,5,33,17,5,5,33,29,5,5 -> output: 0
input: 545 -> message: 39,17,5,5,33,29,5,5,33,17,5,5,33,29,5,5,33,17,5,5,33,29,5,5,33,17,5,5,33,29 -> output: 0
input: 546 -> message: 11,5,33,29,5,5,33,17,5,5,33,29,5,5,33,17,5,5,33,29,5,5,33,17,5,5,33,29,5,5 -> output: 0
input: 547 -> message: 28,21,21,29,5,5,33,17,5,5,33,29,5,5,33,17,5,5,33,29,5,5,33,17,5,5,33,29,5,5 -> output: 0
input: 548 -> message: 29,5,33,29,5,33,17,5,5,33,29,5,5,33,17,5,5,33,29,5,5,33,17,5,5,33,29,5,5,33 -> output: 0
input: 549 -> message: 33,29,5,5,33,17,5,5,33,29,5,5,33,17,5,5,33,29,5,5,33,17,5,5,33,29,5,5,33,17 -> output: 0
input: 550 -> message: 17,5,5,33,29,5,5,33,17,5,5,33,29,5,5,33,17,5,5,33,29,5,5,33,17,5,5,33,29,5 -> output: 0
input: 551 -> message: 17,16,6,5,5,33,28,21,21,29,5,5,33,17,5,5,33,29,5,5,33,17,5,5,33,29,5,5,33,17 -> output: 0
input: 552 -> message: 29,5,33,17,5,5,33,29,5,5,33,17,5,5,33,29,5,5,33,17,5,5,33,29,5,5,33,17,5,5 -> output: 0
input: 553 -> message: 17,16,6,5,33,29,5,33,17,5,5,33,29,5,5,33,17,5,5,33,29,5,5,33,17,5,5,33,29,5 -> output: 0
input: 554 -> message: 0 -> output: 0
input: 555 -> message: 33,28,21,21,29,5,5,33,17,5,5,33,29,5,5,33,17,5,5,33,29,5,5,33,17,5,5,33,29,5 -> output: 0
input: 556 -> message: 17,5,5,33,29,5,5,33,17,5,5,33,29,5,5,33,17,5,5,33,29,5,5,33,17,5,5,33,29,5 -> output: 0
input: 557 -> message: 33,28,21,21,29,5,5,33,17,5,5,33,29,5,5,33,17,5,5,33,29,5,5,33,17,5,5,33,29,5 -> output: 0
input: 558 -> message: 17,16,6,5,5,33,28,21,21,29,5,5,33,17,5,5,33,29,5,5,33,17,5,5,33,29,5,5,33,17 -> output: 0
input: 559 -> message: 17,16,6,5,5,33,28,21,21,29,5,5,33,17,5,5,33,29,5,5,33,17,5,5,33,29,5,5,33,17 -> output: 0
input: 560 -> message: 17,16,6,5,5,33,28,21,21,29,5,5,33,17,5,5,33,29,5,5,33,17,5,5,33,29,5,5,33,17 -> output: 0
input: 561 -> message: 17,5,5,33,29,5,5,33,17,5,5,33,29,5,5,33,17,5,5,33,29,5,5,33,17,5,5,33,29,5 -> output: 0
input: 562 -> message: 17,16,6,5,5,33,28,21,21,29,5,5,33,17,5,5,33,29,5,5,33,17,5,5,33,29,5,5,33,17 -> output: 0
input: 563 -> message: 17,16,6,5,5,33,28,21,21,29,5,5,33,17,5,5,33,29,5,5,33,17,5,5,33,29,5,5,33,17 -> output: 0
input: 564 -> message: 27,21,21,29,5,5,33,17,5,5,33,29,5,5,33,17,5,5,33,29,5,5,33,17,5,5,33,29,5,5 -> output: 0
input: 565 -> message: 0 -> output: 0
input: 566 -> message: 17,16,6,5,5,33,28,21,21,29,5,5,33,17,5,5,33,29,5,5,33,17,5,5,33,29,5,5,33,17 -> output: 0
input: 567 -> message: 21,21,29,5,33,29,5,5,33,17,5,5,33,29,5,5,33,17,5,5,33,29,5,5,33,17,5,5,33,29 -> output: 0
input: 568 -> message: 17,16,6,5,5,33,28,29,5,5,33,17,5,5,33,29,5,5,33,17,5,5,33,29,5,5,33,17,5,5 -> output: 0
input: 569 -> message: 0 -> output: 0
input: 570 -> message: 17,16,6,5,33,29,5,33,17,5,5,33,29,5,5,33,17,5,5,33,29,5,5,33,17,5,5,33,29,5 -> output: 0
input: 571 -> message: 17,16,6,5,5,33,28,21,21,29,5,5,33,17,5,5,33,29,5,5,33,17,5,5,33,29,5,5,33,17 -> output: 0
input: 572 -> message: 17,16,6,5,5,33,28,21,21,29,5,5,33,17,5,5,33,29,5,5,33,17,5,5,33,29,5,5,33,17 -> output: 0
input: 573 -> message: 17,16,6,5,5,33,28,21,21,29,5,5,33,17,5,5,33,29,5,5,33,17,5,5,33,29,5,5,33,17 -> output: 0
input: 574 -> message: 32,5,5,27,17,16,5,5,27,17,16,6,5,5,33,28,21,21,29,5,5,33,17,5,5,33,29,5,5,33 -> output: 0
input: 575 -> message: 17,16,6,5,5,33,28,21,21,29,5,5,33,17,5,5,33,29,5,5,33,17,5,5,33,29,5,5,33,17 -> output: 0
input: 576 -> message: 11,5,33,29,5,5,33,17,5,5,33,29,5,5,33,17,5,5,33,29,5,5,33,17,5,5,33,29,5,5 -> output: 0
input: 577 -> message: 17,16,6,5,5,33,28,21,21,29,5,5,33,17,5,5,33,29,5,5,33,17,5,5,33,29,5,5,33,17 -> output: 0
input: 578 -> message: 5,27,17,16,5,5,27,17,16,6,5,5,33,28,21,21,29,5,5,33,17,5,5,33,29,5,5,33,17,5 -> output: 0
input: 579 -> message: 17,5,5,33,29,5,5,33,17,5,5,33,29,5,5,33,17,5,5,33,29,5,5,33,17,5,5,33,29,5 -> output: 0
input: 580 -> message: 29,5,33,29,5,5,33,17,5,5,33,29,5,5,33,17,5,5,33,29,5,5,33,17,5,5,33,29,5,5 -> output: 0
input: 581 -> message: 27,21,21,29,5,5,33,17,5,5,33,29,5,5,33,17,5,5,33,29,5,5,33,17,5,5,33,29,5,5 -> output: 0
input: 582 -> message: 28,21,21,29,5,5,33,17,5,5,33,29,5,5,33,17,5,5,33,29,5,5,33,17,5,5,33,29,5,5 -> output: 0
input: 583 -> message: 17,5,5,33,29,5,5,33,17,5,5,33,29,5,5,33,17,5,5,33,29,5,5,33,17,5,5,33,29,5 -> output: 0
input: 584 -> message: 27,21,21,29,5,5,33,17,5,5,33,29,5,5,33,17,5,5,33,29,5,5,33,17,5,5,33,29,5,5 -> output: 0
input: 585 -> message: 17,16,6,5,5,33,28,21,21,29,5,5,33,17,5,5,33,29,5,5,33,17,5,5,33,29,5,5,33,17 -> output: 0
input: 586 -> message: 28,21,29,5,5,33,17,5,5,33,29,5,5,33,17,5,5,33,29,5,5,33,17,5,5,33,29,5,5,33 -> output: 0
input: 587 -> message: 0 -> output: 0
input: 588 -> message: 17,16,6,5,5,33,28,21,21,29,5,5,33,17,5,5,33,29,5,5,33,17,5,5,33,29,5,5,33,17 -> output: 0
input: 589 -> message: 17,5,5,33,29,5,5,33,17,5,5,33,29,5,5,33,17,5,5,33,29,5,5,33,17,5,5,33,29,5 -> output: 0
input: 590 -> message: 17,16,6,5,5,33,28,21,21,29,5,5,33,17,5,5,33,29,5,5,33,17,5,5,33,29,5,5,33,17 -> output: 0
input: 591 -> message: 17,16,6,5,5,33,28,21,21,29,5,5,33,17,5,5,33,29,5,5,33,17,5,5,33,29,5,5,33,17 -> output: 0
input: 592 -> message: 17,16,6,5,5,33,28,21,21,29,5,5,33,17,5,5,33,29,5,5,33,17,5,5,33,29,5,5,33,17 -> output: 0
input: 593 -> message: 17,16,6,5,5,33,28,21,21,29,5,5,33,17,5,5,33,29,5,5,33,17,5,5,33,29,5,5,33,17 -> output: 0
input: 594 -> message: 17,16,6,5,5,33,28,21,21,29,5,5,33,17,5,5,33,29,5,5,33,17,5,5,33,29,5,5,33,17 -> output: 0
input: 595 -> message: 17,16,6,5,5,33,28,29,5,5,33,17,5,5,33,29,5,5,33,17,5,5,33,29,5,5,33,17,5,5 -> output: 0
input: 596 -> message: 17,16,6,5,5,33,28,29,5,5,33,17,5,5,33,29,5,5,33,17,5,5,33,29,5,5,33,17,5,5 -> output: 0
input: 597 -> message: 29,5,33,29,5,33,17,5,5,33,29,5,5,33,17,5,5,33,29,5,5,33,17,5,5,33,29,5,5,33 -> output: 0
input: 598 -> message: 17,5,5,33,29,5,5,33,17,5,5,33,29,5,5,33,17,5,5,33,29,5,5,33,17,5,5,33,29,5 -> output: 0
input: 599 -> message: 5,27,17,16,5,5,27,17,16,6,5,5,33,28,21,21,29,5,5,33,17,5,5,33,29,5,5,33,17,5 -> output: 0
input: 600 -> message: 2,2,17,5,5,27,17,16,5,5,27,17,16,6,5,5,33,28,21,21,29,5,5,33,17,5,5,33,29,5 -> output: 0
input: 601 -> message: 17,16,6,5,5,33,28,21,21,29,5,5,33,17,5,5,33,29,5,5,33,17,5,5,33,29,5,5,33,17 -> output: 0
input: 602 -> message: 17,16,6,5,5,33,28,21,21,29,5,5,33,17,5,5,33,29,5,5,33,17,5,5,33,29,5,5,33,17 -> output: 0
input: 603 -> message: 0 -> output: 0
input: 604 -> message: 17,16,6,5,5,33,28,21,21,29,5,5,33,17,5,5,33,29,5,5,33,17,5,5,33,29,5,5,33,17 -> output: 0
input: 605 -> message: 17,16,6,5,5,33,28,29,5,5,33,17,5,5,33,29,5,5,33,17,5,5,33,29,5,5,33,17,5,5 -> output: 0
input: 606 -> message: 17,5,5,33,29,5,5,33,17,5,5,33,29,5,5,33,17,5,5,33,29,5,5,33,17,5,5,33,29,5 -> output: 0
input: 607 -> message: 0 -> output: 0
input: 608 -> message: 17,16,6,5,5,33,28,21,21,29,5,5,33,17,5,5,33,29,5,5,33,17,5,5,33,29,5,5,33,17 -> output: 0
input: 609 -> message: 21,21,29,5,5,33,17,5,5,33,29,5,5,33,17,5,5,33,29,5,5,33,17,5,5,33,29,5,5,33 -> output: 0
input: 610 -> message: 27,17,16,5,5,27,17,16,6,5,5,33,28,21,21,29,5,5,33,17,5,5,33,29,5,5,33,17,5,5 -> output: 0
input: 611 -> message: 29,5,33,29,5,5,33,17,5,5,33,29,5,5,33,17,5,5,33,29,5,5,33,17,5,5,33,29,5,5 -> output: 0
input: 612 -> message: 11,5,33,29,5,5,33,17,5,5,33,29,5,5,33,17,5,5,33,29,5,5,33,17,5,5,33,29,5,5 -> output: 0
input: 613 -> message: 17,16,6,5,5,33,28,21,21,29,5,5,33,17,5,5,33,29,5,5,33,17,5,5,33,29,5,5,33,17 -> output: 0
input: 614 -> message: 21,21,29,5,33,29,5,5,33,17,5,5,33,29,5,5,33,17,5,5,33,29,5,5,33,17,5,5,33,29 -> output: 0
input: 615 -> message: 17,16,6,5,5,33,28,21,21,29,5,5,33,17,5,5,33,29,5,5,33,17,5,5,33,29,5,5,33,17 -> output: 0
input: 616 -> message: 17,16,6,5,5,33,28,21,21,29,5,5,33,17,5,5,33,29,5,5,33,17,5,5,33,29,5,5,33,17 -> output: 0
input: 617 -> message: 39,17,16,6,5,5,33,28,21,21,29,5,5,33,17,5,5,33,29,5,5,33,17,5,5,33,29,5,5,33 -> output: 0
input: 618 -> message: 27,21,21,29,5,5,33,17,5,5,33,29,5,5,33,17,5,5,33,29,5,5,33,17,5,5,33,29,5,5 -> output: 0
input: 619 -> message: 17,16,6,5,5,33,28,21,21,29,5,5,33,17,5,5,33,29,5,5,33,17,5,5,33,29,5,5,33,17 -> output: 0
input: 620 -> message: 21,21,29,5,33,29,5,5,33,17,5,5,33,29,5,5,33,17,5,5,33,29,5,5,33,17,5,5,33,29 -> output: 0
input: 621 -> message: 17,16,6,5,5,33,28,21,21,29,5,5,33,17,5,5,33,29,5,5,33,17,5,5,33,29,5,5,33,17 -> output: 0
input: 622 -> message: 29,5,33,29,5,33,17,5,5,33,29,5,5,33,17,5,5,33,29,5,5,33,17,5,5,33,29,5,5,33 -> output: 0
input: 623 -> message: 11,5,33,29,5,5,33,17,5,5,33,29,5,5,33,17,5,5,33,29,5,5,33,17,5,5,33,29,5,5 -> output: 0
input: 624 -> message: 17,16,6,5,5,33,28,21,21,29,5,5,33,17,5,5,33,29,5,5,33,17,5,5,33,29,5,5,33,17 -> output: 0
input: 625 -> message: 27,21,21,29,5,33,29,5,5,33,17,5,5,33,29,5,5,33,17,5,5,33,29,5,5,33,17,5,5,33 -> output: 0
input: 626 -> message: 17,5,5,33,29,5,5,33,17,5,5,33,29,5,5,33,17,5,5,33,29,5,5,33,17,5,5,33,29,5 -> output: 0
input: 627 -> message: 17,16,6,5,5,33,28,21,21,29,5,5,33,17,5,5,33,29,5,5,33,17,5,5,33,29,5,5,33,17 -> output: 0
input: 628 -> message: 39,17,16,6,5,5,33,28,29,5,5,33,17,5,5,33,29,5,5,33,17,5,5,33,29,5,5,33,17,5 -> output: 0
input: 629 -> message: 17,16,6,5,5,33,28,21,21,29,5,5,33,17,5,5,33,29,5,5,33,17,5,5,33,29,5,5,33,17 -> output: 0
input: 630 -> message: 17,16,6,5,5,33,28,17,29,5,5,33,17,5,5,33,29,5,5,33,17,5,5,33,29,5,5,33,17,5 -> output: 0
input: 631 -> message: 33,28,21,21,29,5,5,33,17,5,5,33,29,5,5,33,17,5,5,33,29,5,5,33,17,5,5,33,29,5 -> output: 0
input: 632 -> message: 27,21,21,29,5,5,33,17,5,5,33,29,5,5,33,17,5,5,33,29,5,5,33,17,5,5,33,29,5,5 -> output: 0
input: 633 -> message: 29,5,33,17,5,5,33,29,5,5,33,17,5,5,33,29,5,5,33,17,5,5,33,29,5,5,33,17,5,5 -> output: 0
input: 634 -> message: 17,5,5,33,29,5,5,33,17,5,5,33,29,5,5,33,17,5,5,33,29,5,5,33,17,5,5,33,29,5 -> output: 0
input: 635 -> message: 29,5,33,29,5,5,33,17,5,5,33,29,5,5,33,17,5,5,33,29,5,5,33,17,5,5,33,29,5,5 -> output: 0
input: 636 -> message: 17,16,6,5,5,33,28,21,21,29,5,5,33,17,5,5,33,29,5,5,33,17,5,5,33,29,5,5,33,17 -> output: 0
input: 637 -> message: 17,16,6,5,5,33,28,21,21,29,5,5,33,17,5,5,33,29,5,5,33,17,5,5,33,29,5,5,33,17 -> output: 0
input: 638 -> message: 27,21,21,29,5,5,33,17,5,5,33,29,5,5,33,17,5,5,33,29,5,5,33,17,5,5,33,29,5,5 -> output: 0
input: 639 -> message: 17,16,6,5,33,29,5,33,17,5,5,33,29,5,5,33,17,5,5,33,29,5,5,33,17,5,5,33,29,5 -> output: 0
input: 640 -> message: 17,5,5,33,29,5,5,33,17,5,5,33,29,5,5,33,17,5,5,33,29,5,5,33,17,5,5,33,29,5 -> output: 0
input: 641 -> message: 17,16,6,5,5,33,28,21,21,29,5,5,33,17,5,5,33,29,5,5,33,17,5,5,33,29,5,5,33,17 -> output: 0
input: 642 -> message: 33,28,21,21,29,5,5,33,17,5,5,33,29,5,5,33,17,5,5,33,29,5,5,33,17,5,5,33,29,5 -> output: 0
input: 643 -> message: 17,16,6,5,5,33,28,29,5,5,33,17,5,5,33,29,5,5,33,17,5,5,33,29,5,5,33,17,5,5 -> output: 0
input: 644 -> message: 11,5,33,28,21,21,29,5,5,33,17,5,5,33,29,5,5,33,17,5,5,33,29,5,5,33,17,5,5,33 -> output: 0
input: 645 -> message: 21,29,5,33,29,5,5,33,17,5,5,33,29,5,5,33,17,5,5,33,29,5,5,33,17,5,5,33,29,5 -> output: 0
input: 646 -> message: 17,16,6,5,5,33,28,21,21,29,5,5,33,17,5,5,33,29,5,5,33,17,5,5,33,29,5,5,33,17 -> output: 0
input: 647 -> message: 17,16,6,5,5,33,28,21,21,29,5,5,33,17,5,5,33,29,5,5,33,17,5,5,33,29,5,5,33,17 -> output: 0
input: 648 -> message: 17,16,6,5,5,33,28,21,21,29,5,5,33,17,5,5,33,29,5,5,33,17,5,5,33,29,5,5,33,17 -> output: 0
input: 649 -> message: 17,16,6,5,5,33,28,21,21,29,5,5,33,17,5,5,33,29,5,5,33,17,5,5,33,29,5,5,33,17 -> output: 0
input: 650 -> message: 29,5,5,33,17,5,5,33,29,5,5,33,17,5,5,33,29,5,5,33,17,5,5,33,29,5,5,33,17,5 -> output: 0
input: 651 -> message: 17,5,5,33,29,5,5,33,17,5,5,33,29,5,5,33,17,5,5,33,29,5,5,33,17,5,5,33,29,5 -> output: 0
input: 652 -> message: 5,27,17,16,5,5,27,17,16,6,5,5,33,28,21,21,29,5,5,33,17,5,5,33,29,5,5,33,17,5 -> output: 0
input: 653 -> message: 2,17,16,6,5,5,33,28,21,21,29,5,5,33,17,5,5,33,29,5,5,33,17,5,5,33,29,5,5,33 -> output: 0
input: 654 -> message: 17,16,6,5,33,29,5,33,17,5,5,33,29,5,5,33,17,5,5,33,29,5,5,33,17,5,5,33,29,5 -> output: 0
input: 655 -> message: 17,16,6,5,5,33,28,21,21,29,5,5,33,17,5,5,33,29,5,5,33,17,5,5,33,29,5,5,33,17 -> output: 0
input: 656 -> message: 17,16,6,5,5,33,28,21,21,29,5,5,33,17,5,5,33,29,5,5,33,17,5,5,33,29,5,5,33,17 -> output: 0
input: 657 -> message: 27,21,21,29,5,5,33,17,5,5,33,29,5,5,33,17,5,5,33,29,5,5,33,17,5,5,33,29,5,5 -> output: 0
input: 658 -> message: 17,16,6,5,5,33,28,21,21,29,5,5,33,17,5,5,33,29,5,5,33,17,5,5,33,29,5,5,33,17 -> output: 0
input: 659 -> message: 17,16,6,5,5,33,28,21,21,29,5,5,33,17,5,5,33,29,5,5,33,17,5,5,33,29,5,5,33,17 -> output: 0
input: 660 -> message: 17,16,6,5,5,33,28,21,21,29,5,5,33,17,5,5,33,29,5,5,33,17,5,5,33,29,5,5,33,17 -> output: 0
input: 661 -> message: 27,21,21,29,5,5,33,17,5,5,33,29,5,5,33,17,5,5,33,29,5,5,33,17,5,5,33,29,5,5 -> output: 0
input: 662 -> message: 29,5,33,17,5,5,33,29,5,5,33,17,5,5,33,29,5,5,33,17,5,5,33,29,5,5,33,17,5,5 -> output: 0
input: 663 -> message: 17,5,5,33,29,5,5,33,17,5,5,33,29,5,5,33,17,5,5,33,29,5,5,33,17,5,5,33,29,5 -> output: 0
input: 664 -> message: 21,21,29,5,33,29,5,5,33,17,5,5,33,29,5,5,33,17,5,5,33,29,5,5,33,17,5,5,33,29 -> output: 0
input: 665 -> message: 28,21,21,29,5,33,29,5,5,33,17,5,5,33,29,5,5,33,17,5,5,33,29,5,5,33,17,5,5,33 -> output: 0
input: 666 -> message: 17,16,6,5,5,33,28,29,5,5,33,17,5,5,33,29,5,5,33,17,5,5,33,29,5,5,33,17,5,5 -> output: 0
input: 667 -> message: 0 -> output: 0
input: 668 -> message: 11,33,25,5,5,27,17,29,5,5,33,17,5,5,33,29,5,5,33,17,5,5,33,29,5,5,33,17,5,5 -> output: 0
input: 669 -> message: 17,16,6,5,5,33,28,21,21,29,5,5,33,17,5,5,33,29,5,5,33,17,5,5,33,29,5,5,33,17 -> output: 0
input: 670 -> message: 17,16,6,5,5,33,28,21,21,29,5,5,33,17,5,5,33,29,5,5,33,17,5,5,33,29,5,5,33,17 -> output: 0
input: 671 -> message: 17,5,5,33,29,5,5,33,17,5,5,33,29,5,5,33,17,5,5,33,29,5,5,33,17,5,5,33,29,5 -> output: 0
input: 672 -> message: 21,21,21,29,5,33,29,5,5,33,17,5,5,33,29,5,5,33,17,5,5,33,29,5,5,33,17,5,5,33 -> output: 0
input: 673 -> message: 0 -> output: 0
input: 674 -> message: 29,5,33,17,5,5,33,29,5,5,33,17,5,5,33,29,5,5,33,17,5,5,33,29,5,5,33,17,5,5 -> output: 0
input: 675 -> message: 29,5,33,29,5,33,17,5,5,33,29,5,5,33,17,5,5,33,29,5,5,33,17,5,5,33,29,5,5,33 -> output: 0
input: 676 -> message: 21,21,21,29,5,33,29,5,5,33,17,5,5,33,29,5,5,33,17,5,5,33,29,5,5,33,17,5,5,33 -> output: 0
input: 677 -> message: 27,21,21,29,5,5,33,17,5,5,33,29,5,5,33,17,5,5,33,29,5,5,33,17,5,5,33,29,5,5 -> output: 0
input: 678 -> message: 17,16,6,5,5,33,28,21,21,29,5,5,33,17,5,5,33,29,5,5,33,17,5,5,33,29,5,5,33,17 -> output: 0
input: 679 -> message: 27,21,21,29,5,5,33,17,5,5,33,29,5,5,33,17,5,5,33,29,5,5,33,17,5,5,33,29,5,5 -> output: 0
input: 680 -> message: 11,33,25,5,5,33,29,5,5,33,17,5,5,33,29,5,5,33,17,5,5,33,29,5,5,33,17,5,5,33 -> output: 0
input: 681 -> message: 29,5,33,17,5,5,33,29,5,5,33,17,5,5,33,29,5,5,33,17,5,5,33,29,5,5,33,17,5,5 -> output: 0
input: 682 -> message: 21,21,29,5,33,29,5,5,33,17,5,5,33,29,5,5,33,17,5,5,33,29,5,5,33,17,5,5,33,29 -> output: 0
input: 683 -> message: 11,5,33,28,21,21,29,5,5,33,17,5,5,33,29,5,5,33,17,5,5,33,29,5,5,33,17,5,5,33 -> output: 0
input: 684 -> message: 17,29,5,33,29,5,33,17,5,5,33,29,5,5,33,17,5,5,33,29,5,5,33,17,5,5,33,29,5,5 -> output: 0
input: 685 -> message: 17,16,6,5,5,33,28,21,21,29,5,5,33,17,5,5,33,29,5,5,33,17,5,5,33,29,5,5,33,17 -> output: 0
input: 686 -> message: 17,16,6,5,5,33,28,21,21,29,5,5,33,17,5,5,33,29,5,5,33,17,5,5,33,29,5,5,33,17 -> output: 0
input: 687 -> message: 0 -> output: 0
input: 688 -> message: 17,16,6,5,5,33,28,29,5,5,33,17,5,5,33,29,5,5,33,17,5,5,33,29,5,5,33,17,5,5 -> output: 0
input: 689 -> message: 17,16,6,5,33,29,5,33,17,5,5,33,29,5,5,33,17,5,5,33,29,5,5,33,17,5,5,33,29,5 -> output: 0
input: 690 -> message: 27,21,21,29,5,5,33,17,5,5,33,29,5,5,33,17,5,5,33,29,5,5,33,17,5,5,33,29,5,5 -> output: 0
input: 691 -> message: 17,16,6,5,5,33,28,21,21,29,5,5,33,17,5,5,33,29,5,5,33,17,5,5,33,29,5,5,33,17 -> output: 0
input: 692 -> message: 33,28,21,21,29,5,5,33,17,5,5,33,29,5,5,33,17,5,5,33,29,5,5,33,17,5,5,33,29,5 -> output: 0
input: 693 -> message: 29,5,33,29,5,5,33,17,5,5,33,29,5,5,33,17,5,5,33,29,5,5,33,17,5,5,33,29,5,5 -> output: 0
input: 694 -> message: 17,16,6,5,5,33,28,21,21,29,5,5,33,17,5,5,33,29,5,5,33,17,5,5,33,29,5,5,33,17 -> output: 0
input: 695 -> message: 17,16,6,5,33,29,5,33,17,5,5,33,29,5,5,33,17,5,5,33,29,5,5,33,17,5,5,33,29,5 -> output: 0
input: 696 -> message: 17,16,6,5,5,33,28,29,5,5,33,17,5,5,33,29,5,5,33,17,5,5,33,29,5,5,33,17,5,5 -> output: 0
input: 697 -> message: 11,5,33,29,5,5,33,17,5,5,33,29,5,5,33,17,5,5,33,29,5,5,33,17,5,5,33,29,5,5 -> output: 0
input: 698 -> message: 17,16,6,5,33,29,5,33,17,5,5,33,29,5,5,33,17,5,5,33,29,5,5,33,17,5,5,33,29,5 -> output: 0
input: 699 -> message: 17,16,6,5,5,33,28,21,21,29,5,5,33,17,5,5,33,29,5,5,33,17,5,5,33,29,5,5,33,17 -> output: 0
input: 700 -> message: 17,16,6,5,5,33,28,21,21,29,5,5,33,17,5,5,33,29,5,5,33,17,5,5,33,29,5,5,33,17 -> output: 0
input: 701 -> message: 17,16,6,5,5,33,28,21,21,29,5,5,33,17,5,5,33,29,5,5,33,17,5,5,33,29,5,5,33,17 -> output: 0
input: 702 -> message: 17,16,6,5,5,33,28,21,21,29,5,5,33,17,5,5,33,29,5,5,33,17,5,5,33,29,5,5,33,17 -> output: 0
input: 703 -> message: 0 -> output: 0
input: 704 -> message: 0 -> output: 0
input: 705 -> message: 27,21,21,29,5,5,33,17,5,5,33,29,5,5,33,17,5,5,33,29,5,5,33,17,5,5,33,29,5,5 -> output: 0
input: 706 -> message: 29,5,33,17,5,5,33,29,5,5,33,17,5,5,33,29,5,5,33,17,5,5,33,29,5,5,33,17,5,5 -> output: 0
input: 707 -> message: 27,21,21,29,5,5,33,17,5,5,33,29,5,5,33,17,5,5,33,29,5,5,33,17,5,5,33,29,5,5 -> output: 0
input: 708 -> message: 21,21,29,5,33,29,5,5,33,17,5,5,33,29,5,5,33,17,5,5,33,29,5,5,33,17,5,5,33,29 -> output: 0
input: 709 -> message: 17,16,6,5,5,33,28,21,21,29,5,5,33,17,5,5,33,29,5,5,33,17,5,5,33,29,5,5,33,17 -> output: 0
input: 710 -> message: 11,5,33,29,5,5,33,17,5,5,33,29,5,5,33,17,5,5,33,29,5,5,33,17,5,5,33,29,5,5 -> output: 0
input: 711 -> message: 17,16,6,5,5,33,28,21,21,29,5,5,33,17,5,5,33,29,5,5,33,17,5,5,33,29,5,5,33,17 -> output: 0
input: 712 -> message: 0 -> output: 0
input: 713 -> message: 11,5,33,29,5,5,33,17,5,5,33,29,5,5,33,17,5,5,33,29,5,5,33,17,5,5,33,29,5,5 -> output: 0
input: 714 -> message: 28,21,21,29,5,33,29,5,5,33,17,5,5,33,29,5,5,33,17,5,5,33,29,5,5,33,17,5,5,33 -> output: 0
input: 715 -> message: 17,16,6,5,5,33,28,21,21,29,5,5,33,17,5,5,33,29,5,5,33,17,5,5,33,29,5,5,33,17 -> output: 0
input: 716 -> message: 27,21,21,29,5,5,33,17,5,5,33,29,5,5,33,17,5,5,33,29,5,5,33,17,5,5,33,29,5,5 -> output: 0
input: 717 -> message: 27,21,21,29,5,5,33,17,5,5,33,29,5,5,33,17,5,5,33,29,5,5,33,17,5,5,33,29,5,5 -> output: 0
input: 718 -> message: 17,16,6,5,5,33,28,21,21,29,5,5,33,17,5,5,33,29,5,5,33,17,5,5,33,29,5,5,33,17 -> output: 0
input: 719 -> message: 21,29,5,33,29,5,5,33,17,5,5,33,29,5,5,33,17,5,5,33,29,5,5,33,17,5,5,33,29,5 -> output: 0
input: 720 -> message: 17,16,6,5,5,33,28,21,21,29,5,5,33,17,5,5,33,29,5,5,33,17,5,5,33,29,5,5,33,17 -> output: 0
input: 721 -> message: 27,21,21,29,5,5,33,17,5,5,33,29,5,5,33,17,5,5,33,29,5,5,33,17,5,5,33,29,5,5 -> output: 0
input: 722 -> message: 17,16,6,5,5,33,28,21,21,29,5,5,33,17,5,5,33,29,5,5,33,17,5,5,33,29,5,5,33,17 -> output: 0
input: 723 -> message: 21,21,29,5,33,29,5,5,33,17,5,5,33,29,5,5,33,17,5,5,33,29,5,5,33,17,5,5,33,29 -> output: 0
input: 724 -> message: 17,16,6,5,5,33,28,29,5,5,33,17,5,5,33,29,5,5,33,17,5,5,33,29,5,5,33,17,5,5 -> output: 0
input: 725 -> message: 17,16,6,5,5,33,28,21,21,29,5,5,33,17,5,5,33,29,5,5,33,17,5,5,33,29,5,5,33,17 -> output: 0
input: 726 -> message: 0 -> output: 0
input: 727 -> message: 17,16,6,5,5,33,28,29,5,5,33,17,5,5,33,29,5,5,33,17,5,5,33,29,5,5,33,17,5,5 -> output: 0
input: 728 -> message: 17,5,5,33,29,5,5,33,17,5,5,33,29,5,5,33,17,5,5,33,29,5,5,33,17,5,5,33,29,5 -> output: 0
input: 729 -> message: 17,16,6,5,33,29,5,33,17,5,5,33,29,5,5,33,17,5,5,33,29,5,5,33,17,5,5,33,29,5 -> output: 0
input: 730 -> message: 29,5,33,29,5,5,33,17,5,5,33,29,5,5,33,17,5,5,33,29,5,5,33,17,5,5,33,29,5,5 -> output: 0
input: 731 -> message: 17,16,6,5,5,33,28,21,21,29,5,5,33,17,5,5,33,29,5,5,33,17,5,5,33,29,5,5,33,17 -> output: 0
input: 732 -> message: 21,29,5,33,29,5,5,33,17,5,5,33,29,5,5,33,17,5,5,33,29,5,5,33,17,5,5,33,29,5 -> output: 0
input: 733 -> message: 21,21,29,5,33,29,5,5,33,17,5,5,33,29,5,5,33,17,5,5,33,29,5,5,33,17,5,5,33,29 -> output: 0
input: 734 -> message: 17,16,6,5,5,33,28,29,5,5,33,17,5,5,33,29,5,5,33,17,5,5,33,29,5,5,33,17,5,5 -> output: 0
input: 735 -> message: 21,29,5,33,29,5,5,33,17,5,5,33,29,5,5,33,17,5,5,33,29,5,5,33,17,5,5,33,29,5 -> output: 0
input: 736 -> message: 17,16,6,5,5,33,28,21,21,29,5,5,33,17,5,5,33,29,5,5,33,17,5,5,33,29,5,5,33,17 -> output: 0
input: 737 -> message: 21,21,29,5,33,29,5,5,33,17,5,5,33,29,5,5,33,17,5,5,33,29,5,5,33,17,5,5,33,29 -> output: 0
input: 738 -> message: 0 -> output: 0
input: 739 -> message: 17,16,6,5,33,29,5,33,17,5,5,33,29,5,5,33,17,5,5,33,29,5,5,33,17,5,5,33,29,5 -> output: 0
input: 740 -> message: 17,16,6,5,5,33,28,21,21,29,5,5,33,17,5,5,33,29,5,5,33,17,5,5,33,29,5,5,33,17 -> output: 0
input: 741 -> message: 17,16,6,5,33,29,5,33,17,5,5,33,29,5,5,33,17,5,5,33,29,5,5,33,17,5,5,33,29,5 -> output: 0
input: 742 -> message: 27,21,21,29,5,5,33,17,5,5,33,29,5,5,33,17,5,5,33,29,5,5,33,17,5,5,33,29,5,5 -> output: 0
input: 743 -> message: 27,17,16,5,5,27,17,16,6,5,5,33,28,21,21,29,5,5,33,17,5,5,33,29,5,5,33,17,5,5 -> output: 0
input: 744 -> message: 27,21,21,29,5,5,33,17,5,5,33,29,5,5,33,17,5,5,33,29,5,5,33,17,5,5,33,29,5,5 -> output: 0
input: 745 -> message: 29,5,33,29,5,5,33,17,5,5,33,29,5,5,33,17,5,5,33,29,5,5,33,17,5,5,33,29,5,5 -> output: 0
input: 746 -> message: 17,16,6,5,5,33,28,21,21,29,5,5,33,17,5,5,33,29,5,5,33,17,5,5,33,29,5,5,33,17 -> output: 0
input: 747 -> message: 17,16,6,5,5,33,28,21,21,29,5,5,33,17,5,5,33,29,5,5,33,17,5,5,33,29,5,5,33,17 -> output: 0
input: 748 -> message: 21,29,5,33,29,5,5,33,17,5,5,33,29,5,5,33,17,5,5,33,29,5,5,33,17,5,5,33,29,5 -> output: 0
input: 749 -> message: 17,16,6,5,33,29,5,33,17,5,5,33,29,5,5,33,17,5,5,33,29,5,5,33,17,5,5,33,29,5 -> output: 0
input: 750 -> message: 17,16,6,5,5,33,28,21,21,29,5,5,33,17,5,5,33,29,5,5,33,17,5,5,33,29,5,5,33,17 -> output: 0
input: 751 -> message: 27,21,21,29,5,5,33,17,5,5,33,29,5,5,33,17,5,5,33,29,5,5,33,17,5,5,33,29,5,5 -> output: 0
input: 752 -> message: 17,16,6,5,5,33,28,21,21,29,5,5,33,17,5,5,33,29,5,5,33,17,5,5,33,29,5,5,33,17 -> output: 0
input: 753 -> message: 29,5,33,29,5,5,33,17,5,5,33,29,5,5,33,17,5,5,33,29,5,5,33,17,5,5,33,29,5,5 -> output: 0
input: 754 -> message: 2,17,16,6,5,5,33,28,21,21,29,5,5,33,17,5,5,33,29,5,5,33,17,5,5,33,29,5,5,33 -> output: 0
input: 755 -> message: 11,5,33,29,5,5,33,17,5,5,33,29,5,5,33,17,5,5,33,29,5,5,33,17,5,5,33,29,5,5 -> output: 0
input: 756 -> message: 28,21,21,29,5,5,33,17,5,5,33,29,5,5,33,17,5,5,33,29,5,5,33,17,5,5,33,29,5,5 -> output: 0
input: 757 -> message: 17,16,6,5,5,33,28,21,21,29,5,5,33,17,5,5,33,29,5,5,33,17,5,5,33,29,5,5,33,17 -> output: 0
input: 758 -> message: 21,21,29,5,33,29,5,33,17,5,5,33,29,5,5,33,17,5,5,33,29,5,5,33,17,5,5,33,29,5 -> output: 0
input: 759 -> message: 29,33,5,5,33,29,5,5,33,17,5,5,33,29,5,5,33,17,5,5,33,29,5,5,33,17,5,5,33,29 -> output: 0
input: 760 -> message: 0 -> output: 0
input: 761 -> message: 21,21,29,5,5,33,17,5,5,33,29,5,5,33,17,5,5,33,29,5,5,33,17,5,5,33,29,5,5,33 -> output: 0
input: 762 -> message: 29,5,33,29,5,5,33,17,5,5,33,29,5,5,33,17,5,5,33,29,5,5,33,17,5,5,33,29,5,5 -> output: 0
input: 763 -> message: 5,27,17,16,5,5,27,17,16,6,5,5,33,28,21,21,29,5,5,33,17,5,5,33,29,5,5,33,17,5 -> output: 0
input: 764 -> message: 11,5,33,29,5,5,33,17,5,5,33,29,5,5,33,17,5,5,33,29,5,5,33,17,5,5,33,29,5,5 -> output: 0
input: 765 -> message: 28,21,21,29,5,33,29,5,5,33,17,5,5,33,29,5,5,33,17,5,5,33,29,5,5,33,17,5,5,33 -> output: 0
input: 766 -> message: 17,16,6,5,33,5,5,33,28,21,21,29,5,5,33,17,5,5,33,29,5,5,33,17,5,5,33,29,5,5 -> output: 0
input: 767 -> message: 39,17,16,6,5,5,33,17,5,5,33,29,5,5,33,17,5,5,33,29,5,5,33,17,5,5,33,29,5,5 -> output: 0
input: 768 -> message: 17,16,6,5,5,33,28,21,21,29,5,5,33,17,5,5,33,29,5,5,33,17,5,5,33,29,5,5,33,17 -> output: 0
input: 769 -> message: 17,29,5,33,29,5,33,17,5,5,33,29,5,5,33,17,5,5,33,29,5,5,33,17,5,5,33,29,5,5 -> output: 0
input: 770 -> message: 17,5,5,33,29,5,5,33,17,5,5,33,29,5,5,33,17,5,5,33,29,5,5,33,17,5,5,33,29,5 -> output: 0
input: 771 -> message: 21,21,29,5,5,33,17,5,5,33,29,5,5,33,17,5,5,33,29,5,5,33,17,5,5,33,29,5,5,33 -> output: 0
input: 772 -> message: 17,16,6,5,5,33,28,29,5,5,33,17,5,5,33,29,5,5,33,17,5,5,33,29,5,5,33,17,5,5 -> output: 0
input: 773 -> message: 28,21,21,29,5,5,33,17,5,5,33,29,5,5,33,17,5,5,33,29,5,5,33,17,5,5,33,29,5,5 -> output: 0
input: 774 -> message: 21,21,29,5,33,29,5,5,33,17,5,5,33,29,5,5,33,17,5,5,33,29,5,5,33,17,5,5,33,29 -> output: 0
input: 775 -> message: 17,16,6,5,5,33,28,21,21,29,5,5,33,17,5,5,33,29,5,5,33,17,5,5,33,29,5,5,33,17 -> output: 0
input: 776 -> message: 17,5,5,33,29,5,5,33,17,5,5,33,29,5,5,33,17,5,5,33,29,5,5,33,17,5,5,33,29,5 -> output: 0
input: 777 -> message: 27,21,21,29,5,5,33,17,5,5,33,29,5,5,33,17,5,5,33,29,5,5,33,17,5,5,33,29,5,5 -> output: 0
input: 778 -> message: 17,16,6,5,5,33,28,21,21,29,5,5,33,17,5,5,33,29,5,5,33,17,5,5,33,29,5,5,33,17 -> output: 0
input: 779 -> message: 17,16,6,5,5,33,28,21,21,29,5,5,33,17,5,5,33,29,5,5,33,17,5,5,33,29,5,5,33,17 -> output: 0
input: 780 -> message: 17,16,6,5,5,33,28,29,5,5,33,17,5,5,33,29,5,5,33,17,5,5,33,29,5,5,33,17,5,5 -> output: 0
input: 781 -> message: 17,16,6,5,5,33,28,21,21,29,5,5,33,17,5,5,33,29,5,5,33,17,5,5,33,29,5,5,33,17 -> output: 0
input: 782 -> message: 0 -> output: 0
input: 783 -> message: 17,29,5,33,5,5,33,28,21,21,29,5,5,33,17,5,5,33,29,5,5,33,17,5,5,33,29,5,5,33 -> output: 0
input: 784 -> message: 29,5,33,17,5,5,33,29,5,5,33,17,5,5,33,29,5,5,33,17,5,5,33,29,5,5,33,17,5,5 -> output: 0
input: 785 -> message: 17,16,6,5,5,33,28,21,21,29,5,5,33,17,5,5,33,29,5,5,33,17,5,5,33,29,5,5,33,17 -> output: 0
input: 786 -> message: 27,17,16,5,5,27,17,16,6,5,5,33,28,21,21,29,5,5,33,17,5,5,33,29,5,5,33,17,5,5 -> output: 0
input: 787 -> message: 17,16,6,5,5,33,28,21,21,29,5,5,33,17,5,5,33,29,5,5,33,17,5,5,33,29,5,5,33,17 -> output: 0
input: 788 -> message: 17,16,6,5,5,33,28,21,21,29,5,5,33,17,5,5,33,29,5,5,33,17,5,5,33,29,5,5,33,17 -> output: 0
input: 789 -> message: 17,16,6,5,5,33,28,21,21,29,5,5,33,17,5,5,33,29,5,5,33,17,5,5,33,29,5,5,33,17 -> output: 0
input: 790 -> message: 17,16,6,5,5,33,28,21,21,29,5,5,33,17,5,5,33,29,5,5,33,17,5,5,33,29,5,5,33,17 -> output: 0
input: 791 -> message: 17,5,5,33,29,5,5,33,17,5,5,33,29,5,5,33,17,5,5,33,29,5,5,33,17,5,5,33,29,5 -> output: 0
input: 792 -> message: 2,17,16,6,5,5,33,28,21,21,29,5,5,33,17,5,5,33,29,5,5,33,17,5,5,33,29,5,5,33 -> output: 0
input: 793 -> message: 17,16,6,5,5,33,28,21,21,29,5,5,33,17,5,5,33,29,5,5,33,17,5,5,33,29,5,5,33,17 -> output: 0
input: 794 -> message: 17,5,5,33,29,5,5,33,17,5,5,33,29,5,5,33,17,5,5,33,29,5,5,33,17,5,5,33,29,5 -> output: 0
input: 795 -> message: 17,29,5,33,29,5,33,17,5,5,33,29,5,5,33,17,5,5,33,29,5,5,33,17,5,5,33,29,5,5 -> output: 0
input: 796 -> message: 21,21,29,5,33,29,5,5,33,17,5,5,33,29,5,5,33,17,5,5,33,29,5,5,33,17,5,5,33,29 -> output: 0
input: 797 -> message: 0 -> output: 0
input: 798 -> message: 0 -> output: 0
input: 799 -> message: 17,16,6,5,5,33,28,21,21,29,5,5,33,17,5,5,33,29,5,5,33,17,5,5,33,29,5,5,33,17 -> output: 0
input: 800 -> message: 0 -> output: 0
input: 801 -> message: 17,16,6,5,5,33,28,21,21,29,5,5,33,17,5,5,33,29,5,5,33,17,5,5,33,29,5,5,33,17 -> output: 0
input: 802 -> message: 28,21,29,5,5,33,17,5,5,33,29,5,5,33,17,5,5,33,29,5,5,33,17,5,5,33,29,5,5,33 -> output: 0
input: 803 -> message: 17,16,6,5,5,33,28,21,21,29,5,5,33,17,5,5,33,29,5,5,33,17,5,5,33,29,5,5,33,17 -> output: 0
input: 804 -> message: 17,16,6,5,33,29,5,33,17,5,5,33,29,5,5,33,17,5,5,33,29,5,5,33,17,5,5,33,29,5 -> output: 0
input: 805 -> message: 17,16,6,5,5,33,28,21,21,29,5,5,33,17,5,5,33,29,5,5,33,17,5,5,33,29,5,5,33,17 -> output: 0
input: 806 -> message: 0 -> output: 0
input: 807 -> message: 21,21,29,5,33,29,5,5,33,17,5,5,33,29,5,5,33,17,5,5,33,29,5,5,33,17,5,5,33,29 -> output: 0
input: 808 -> message: 17,29,5,33,5,5,33,28,21,21,29,5,5,33,17,5,5,33,29,5,5,33,17,5,5,33,29,5,5,33 -> output: 0
input: 809 -> message: 17,5,5,33,29,5,5,33,17,5,5,33,29,5,5,33,17,5,5,33,29,5,5,33,17,5,5,33,29,5 -> output: 0
input: 810 -> message: 11,5,33,29,5,5,33,17,5,5,33,29,5,5,33,17,5,5,33,29,5,5,33,17,5,5,33,29,5,5 -> output: 0
input: 811 -> message: 17,16,6,5,5,33,28,21,21,29,5,5,33,17,5,5,33,29,5,5,33,17,5,5,33,29,5,5,33,17 -> output: 0
input: 812 -> message: 17,16,6,5,5,33,28,21,21,29,5,5,33,17,5,5,33,29,5,5,33,17,5,5,33,29,5,5,33,17 -> output: 0
input: 813 -> message: 27,21,21,29,5,5,33,17,5,5,33,29,5,5,33,17,5,5,33,29,5,5,33,17,5,5,33,29,5,5 -> output: 0
input: 814 -> message: 27,17,16,5,5,27,17,16,6,5,5,33,28,21,21,29,5,5,33,17,5,5,33,29,5,5,33,17,5,5 -> output: 0
input: 815 -> message: 17,5,5,33,28,21,21,29,5,5,33,17,5,5,33,29,5,5,33,17,5,5,33,29,5,5,33,17,5,5 -> output: 0
input: 816 -> message: 17,16,6,5,5,33,28,21,21,29,5,5,33,17,5,5,33,29,5,5,33,17,5,5,33,29,5,5,33,17 -> output: 0
input: 817 -> message: 29,5,33,29,5,5,33,17,5,5,33,29,5,5,33,17,5,5,33,29,5,5,33,17,5,5,33,29,5,5 -> output: 0
input: 818 -> message: 17,16,6,5,5,33,28,21,21,29,5,5,33,17,5,5,33,29,5,5,33,17,5,5,33,29,5,5,33,17 -> output: 0
input: 819 -> message: 39,17,16,6,5,5,33,28,21,21,29,5,5,33,17,5,5,33,29,5,5,33,17,5,5,33,29,5,5,33 -> output: 0
input: 820 -> message: 5,27,17,16,5,5,27,17,16,6,5,5,33,28,21,21,29,5,5,33,17,5,5,33,29,5,5,33,17,5 -> output: 0
input: 821 -> message: 29,33,17,5,5,33,29,5,5,33,17,5,5,33,29,5,5,33,17,5,5,33,29,5,5,33,17,5,5,33 -> output: 0
input: 822 -> message: 17,16,6,5,5,33,28,21,21,29,5,5,33,17,5,5,33,29,5,5,33,17,5,5,33,29,5,5,33,17 -> output: 0
input: 823 -> message: 29,5,33,29,5,5,33,17,5,5,33,29,5,5,33,17,5,5,33,29,5,5,33,17,5,5,33,29,5,5 -> output: 0
input: 824 -> message: 29,5,5,33,17,5,5,33,29,5,5,33,17,5,5,33,29,5,5,33,17,5,5,33,29,5,5,33,17,5 -> output: 0
input: 825 -> message: 29,5,33,29,5,5,33,17,5,5,33,29,5,5,33,17,5,5,33,29,5,5,33,17,5,5,33,29,5,5 -> output: 0
input: 826 -> message: 29,5,33,17,5,5,33,29,5,5,33,17,5,5,33,29,5,5,33,17,5,5,33,29,5,5,33,17,5,5 -> output: 0
input: 827 -> message: 17,16,6,5,5,33,28,21,21,29,5,5,33,17,5,5,33,29,5,5,33,17,5,5,33,29,5,5,33,17 -> output: 0
input: 828 -> message: 17,16,6,5,5,33,28,29,5,5,33,17,5,5,33,29,5,5,33,17,5,5,33,29,5,5,33,17,5,5 -> output: 0
input: 829 -> message: 17,5,5,33,29,5,5,33,17,5,5,33,29,5,5,33,17,5,5,33,29,5,5,33,17,5,5,33,29,5 -> output: 0
input: 830 -> message: 11,5,33,29,5,5,33,17,5,5,33,29,5,5,33,17,5,5,33,29,5,5,33,17,5,5,33,29,5,5 -> output: 0
input: 831 -> message: 21,21,29,5,33,29,5,5,33,17,5,5,33,29,5,5,33,17,5,5,33,29,5,5,33,17,5,5,33,29 -> output: 0
input: 832 -> message: 17,16,6,5,5,33,28,21,21,29,5,5,33,17,5,5,33,29,5,5,33,17,5,5,33,29,5,5,33,17 -> output: 0
input: 833 -> message: 17,16,6,5,5,33,28,21,21,29,5,5,33,17,5,5,33,29,5,5,33,17,5,5,33,29,5,5,33,17 -> output: 0
input: 834 -> message: 17,16,6,5,5,33,28,21,21,29,5,5,33,17,5,5,33,29,5,5,33,17,5,5,33,29,5,5,33,17 -> output: 0
input: 835 -> message: 21,21,29,5,33,29,5,5,33,17,5,5,33,29,5,5,33,17,5,5,33,29,5,5,33,17,5,5,33,29 -> output: 0
input: 836 -> message: 17,16,6,5,5,33,28,21,21,29,5,5,33,17,5,5,33,29,5,5,33,17,5,5,33,29,5,5,33,17 -> output: 0
input: 837 -> message: 17,16,6,5,5,33,28,21,21,29,5,5,33,17,5,5,33,29,5,5,33,17,5,5,33,29,5,5,33,17 -> output: 0
input: 838 -> message: 17,16,6,5,5,33,28,21,21,29,5,5,33,17,5,5,33,29,5,5,33,17,5,5,33,29,5,5,33,17 -> output: 0
input: 839 -> message: 17,16,6,5,5,33,28,21,21,29,5,5,33,17,5,5,33,29,5,5,33,17,5,5,33,29,5,5,33,17 -> output: 0
input: 840 -> message: 21,21,29,5,5,33,17,5,5,33,29,5,5,33,17,5,5,33,29,5,5,33,17,5,5,33,29,5,5,33 -> output: 0
input: 841 -> message: 11,5,33,29,5,5,33,17,5,5,33,29,5,5,33,17,5,5,33,29,5,5,33,17,5,5,33,29,5,5 -> output: 0
input: 842 -> message: 29,5,33,29,5,33,17,5,5,33,29,5,5,33,17,5,5,33,29,5,5,33,17,5,5,33,29,5,5,33 -> output: 0
input: 843 -> message: 17,16,6,5,5,33,28,21,21,29,5,5,33,17,5,5,33,29,5,5,33,17,5,5,33,29,5,5,33,17 -> output: 0
input: 844 -> message: 2,17,16,6,5,5,33,28,21,21,29,5,5,33,17,5,5,33,29,5,5,33,17,5,5,33,29,5,5,33 -> output: 0
input: 845 -> message: 17,16,6,5,5,33,28,21,21,29,5,5,33,17,5,5,33,29,5,5,33,17,5,5,33,29,5,5,33,17 -> output: 0
input: 846 -> message: 17,16,6,5,5,33,28,21,21,29,5,5,33,17,5,5,33,29,5,5,33,17,5,5,33,29,5,5,33,17 -> output: 0
input: 847 -> message: 11,33,25,5,5,27,17,29,5,5,33,17,5,5,33,29,5,5,33,17,5,5,33,29,5,5,33,17,5,5 -> output: 0
input: 848 -> message: 17,16,6,5,5,33,28,21,21,29,5,5,33,17,5,5,33,29,5,5,33,17,5,5,33,29,5,5,33,17 -> output: 0
input: 849 -> message: 29,5,33,17,5,5,33,29,5,5,33,17,5,5,33,29,5,5,33,17,5,5,33,29,5,5,33,17,5,5 -> output: 0
input: 850 -> message: 17,16,6,5,5,33,28,21,21,29,5,5,33,17,5,5,33,29,5,5,33,17,5,5,33,29,5,5,33,17 -> output: 0
input: 851 -> message: 17,16,6,5,5,33,28,21,21,29,5,5,33,17,5,5,33,29,5,5,33,17,5,5,33,29,5,5,33,17 -> output: 0
input: 852 -> message: 29,5,5,33,17,5,5,33,29,5,5,33,17,5,5,33,29,5,5,33,17,5,5,33,29,5,5,33,17,5 -> output: 0
input: 853 -> message: 17,16,6,5,5,33,28,21,21,29,5,5,33,17,5,5,33,29,5,5,33,17,5,5,33,29,5,5,33,17 -> output: 0
input: 854 -> message: 17,16,6,5,5,33,28,21,21,29,5,5,33,17,5,5,33,29,5,5,33,17,5,5,33,29,5,5,33,17 -> output: 0
input: 855 -> message: 29,5,33,29,5,33,17,5,5,33,29,5,5,33,17,5,5,33,29,5,5,33,17,5,5,33,29,5,5,33 -> output: 0
input: 856 -> message: 33,29,5,5,33,17,5,5,33,29,5,5,33,17,5,5,33,29,5,5,33,17,5,5,33,29,5,5,33,17 -> output: 0
input: 857 -> message: 17,16,6,5,5,33,28,21,21,29,5,5,33,17,5,5,33,29,5,5,33,17,5,5,33,29,5,5,33,17 -> output: 0
input: 858 -> message: 17,16,6,5,5,33,28,21,21,29,5,5,33,17,5,5,33,29,5,5,33,17,5,5,33,29,5,5,33,17 -> output: 0
input: 859 -> message: 11,5,33,29,5,5,33,17,5,5,33,29,5,5,33,17,5,5,33,29,5,5,33,17,5,5,33,29,5,5 -> output: 0
input: 860 -> message: 17,16,6,5,5,33,28,21,21,29,5,5,33,17,5,5,33,29,5,5,33,17,5,5,33,29,5,5,33,17 -> output: 0
input: 861 -> message: 17,16,6,5,5,33,28,21,21,29,5,5,33,17,5,5,33,29,5,5,33,17,5,5,33,29,5,5,33,17 -> output: 0
input: 862 -> message: 17,16,6,5,5,33,28,21,21,29,5,5,33,17,5,5,33,29,5,5,33,17,5,5,33,29,5,5,33,17 -> output: 0
input: 863 -> message: 2,17,5,5,27,17,16,5,5,27,17,16,6,5,5,33,28,21,21,29,5,5,33,17,5,5,33,29,5,5 -> output: 0
input: 864 -> message: 21,29,5,33,29,5,33,17,5,5,33,29,5,5,33,17,5,5,33,29,5,5,33,17,5,5,33,29,5,5 -> output: 0
input: 865 -> message: 17,29,5,33,29,5,33,17,5,5,33,29,5,5,33,17,5,5,33,29,5,5,33,17,5,5,33,29,5,5 -> output: 0
input: 866 -> message: 17,16,6,5,5,33,28,21,21,29,5,5,33,17,5,5,33,29,5,5,33,17,5,5,33,29,5,5,33,17 -> output: 0
input: 867 -> message: 39,17,16,6,5,5,33,17,5,5,33,29,5,5,33,17,5,5,33,29,5,5,33,17,5,5,33,29,5,5 -> output: 0
input: 868 -> message: 27,21,21,29,5,5,33,17,5,5,33,29,5,5,33,17,5,5,33,29,5,5,33,17,5,5,33,29,5,5 -> output: 0
input: 869 -> message: 29,5,33,29,5,5,33,17,5,5,33,29,5,5,33,17,5,5,33,29,5,5,33,17,5,5,33,29,5,5 -> output: 0
input: 870 -> message: 29,5,33,29,5,5,33,17,5,5,33,29,5,5,33,17,5,5,33,29,5,5,33,17,5,5,33,29,5,5 -> output: 0
input: 871 -> message: 17,16,6,5,33,29,5,33,17,5,5,33,29,5,5,33,17,5,5,33,29,5,5,33,17,5,5,33,29,5 -> output: 0
input: 872 -> message: 0 -> output: 0
input: 873 -> message: 21,21,21,29,5,33,29,5,5,33,17,5,5,33,29,5,5,33,17,5,5,33,29,5,5,33,17,5,5,33 -> output: 0
input: 874 -> message: 29,5,33,17,5,5,33,29,5,5,33,17,5,5,33,29,5,5,33,17,5,5,33,29,5,5,33,17,5,5 -> output: 0
input: 875 -> message: 29,5,33,17,5,5,33,29,5,5,33,17,5,5,33,29,5,5,33,17,5,5,33,29,5,5,33,17,5,5 -> output: 0
input: 876 -> message: 17,16,6,5,5,33,28,21,21,29,5,5,33,17,5,5,33,29,5,5,33,17,5,5,33,29,5,5,33,17 -> output: 0
input: 877 -> message: 17,29,5,33,29,5,33,17,5,5,33,29,5,5,33,17,5,5,33,29,5,5,33,17,5,5,33,29,5,5 -> output: 0
input: 878 -> message: 0 -> output: 0
input: 879 -> message: 28,21,29,5,5,33,17,5,5,33,29,5,5,33,17,5,5,33,29,5,5,33,17,5,5,33,29,5,5,33 -> output: 0
input: 880 -> message: 17,29,5,33,5,5,33,28,21,21,29,5,5,33,17,5,5,33,29,5,5,33,17,5,5,33,29,5,5,33 -> output: 0
input: 881 -> message: 29,5,33,29,5,5,33,17,5,5,33,29,5,5,33,17,5,5,33,29,5,5,33,17,5,5,33,29,5,5 -> output: 0
input: 882 -> message: 17,16,6,5,5,33,28,21,21,29,5,5,33,17,5,5,33,29,5,5,33,17,5,5,33,29,5,5,33,17 -> output: 0
input: 883 -> message: 17,16,6,5,5,33,28,21,21,29,5,5,33,17,5,5,33,29,5,5,33,17,5,5,33,29,5,5,33,17 -> output: 0
input: 884 -> message: 27,21,21,29,5,5,33,17,5,5,33,29,5,5,33,17,5,5,33,29,5,5,33,17,5,5,33,29,5,5 -> output: 0
input: 885 -> message: 17,16,6,5,5,33,28,21,21,29,5,5,33,17,5,5,33,29,5,5,33,17,5,5,33,29,5,5,33,17 -> output: 0
input: 886 -> message: 17,16,6,5,5,33,28,21,21,29,5,5,33,17,5,5,33,29,5,5,33,17,5,5,33,29,5,5,33,17 -> output: 0
input: 887 -> message: 17,29,5,33,29,5,33,17,5,5,33,29,5,5,33,17,5,5,33,29,5,5,33,17,5,5,33,29,5,5 -> output: 0
input: 888 -> message: 17,16,6,5,5,33,28,21,21,29,5,5,33,17,5,5,33,29,5,5,33,17,5,5,33,29,5,5,33,17 -> output: 0
input: 889 -> message: 17,16,6,5,33,29,5,33,17,5,5,33,29,5,5,33,17,5,5,33,29,5,5,33,17,5,5,33,29,5 -> output: 0
input: 890 -> message: 17,16,6,5,5,33,28,21,21,29,5,5,33,17,5,5,33,29,5,5,33,17,5,5,33,29,5,5,33,17 -> output: 0
input: 891 -> message: 0 -> output: 0
input: 892 -> message: 17,16,6,5,33,29,5,33,17,5,5,33,29,5,5,33,17,5,5,33,29,5,5,33,17,5,5,33,29,5 -> output: 0
input: 893 -> message: 2,2,17,5,5,27,17,16,5,5,27,17,16,6,5,5,33,28,21,21,29,5,5,33,17,5,5,33,29,5 -> output: 0
input: 894 -> message: 17,16,6,5,5,33,28,21,21,29,5,5,33,17,5,5,33,29,5,5,33,17,5,5,33,29,5,5,33,17 -> output: 0
input: 895 -> message: 17,16,6,5,5,33,28,29,5,5,33,17,5,5,33,29,5,5,33,17,5,5,33,29,5,5,33,17,5,5 -> output: 0
input: 896 -> message: 17,29,5,33,5,5,33,28,21,21,29,5,5,33,17,5,5,33,29,5,5,33,17,5,5,33,29,5,5,33 -> output: 0
input: 897 -> message: 17,29,5,33,29,5,33,17,5,5,33,29,5,5,33,17,5,5,33,29,5,5,33,17,5,5,33,29,5,5 -> output: 0
input: 898 -> message: 17,29,5,33,5,5,33,28,21,21,29,5,5,33,17,5,5,33,29,5,5,33,17,5,5,33,29,5,5,33 -> output: 0
input: 899 -> message: 0 -> output: 0
input: 900 -> message: 17,16,6,5,5,33,28,21,21,29,5,5,33,17,5,5,33,29,5,5,33,17,5,5,33,29,5,5,33,17 -> output: 0
input: 901 -> message: 17,16,6,5,5,33,28,21,21,29,5,5,33,17,5,5,33,29,5,5,33,17,5,5,33,29,5,5,33,17 -> output: 0
input: 902 -> message: 0 -> output: 0
input: 903 -> message: 17,16,6,5,5,33,28,21,21,29,5,5,33,17,5,5,33,29,5,5,33,17,5,5,33,29,5,5,33,17 -> output: 0
input: 904 -> message: 0 -> output: 0
input: 905 -> message: 17,5,5,33,29,5,5,33,17,5,5,33,29,5,5,33,17,5,5,33,29,5,5,33,17,5,5,33,29,5 -> output: 0
input: 906 -> message: 2,17,16,6,5,5,33,28,21,21,29,5,5,33,17,5,5,33,29,5,5,33,17,5,5,33,29,5,5,33 -> output: 0
input: 907 -> message: 21,21,29,5,33,29,5,5,33,17,5,5,33,29,5,5,33,17,5,5,33,29,5,5,33,17,5,5,33,29 -> output: 0
input: 908 -> message: 21,21,29,5,33,29,5,5,33,17,5,5,33,29,5,5,33,17,5,5,33,29,5,5,33,17,5,5,33,29 -> output: 0
input: 909 -> message: 21,21,29,5,33,29,5,5,33,17,5,5,33,29,5,5,33,17,5,5,33,29,5,5,33,17,5,5,33,29 -> output: 0
input: 910 -> message: 17,16,6,5,5,33,28,21,21,29,5,5,33,17,5,5,33,29,5,5,33,17,5,5,33,29,5,5,33,17 -> output: 0
input: 911 -> message: 33,28,21,21,29,5,5,33,17,5,5,33,29,5,5,33,17,5,5,33,29,5,5,33,17,5,5,33,29,5 -> output: 0
input: 912 -> message: 17,5,5,33,29,5,33,17,5,5,33,29,5,5,33,17,5,5,33,29,5,5,33,17,5,5,33,29,5,5 -> output: 0
input: 913 -> message: 17,16,6,5,5,33,28,21,21,29,5,5,33,17,5,5,33,29,5,5,33,17,5,5,33,29,5,5,33,17 -> output: 0
input: 914 -> message: 17,5,5,33,29,5,5,33,17,5,5,33,29,5,5,33,17,5,5,33,29,5,5,33,17,5,5,33,29,5 -> output: 0
input: 915 -> message: 21,21,29,5,33,29,5,5,33,17,5,5,33,29,5,5,33,17,5,5,33,29,5,5,33,17,5,5,33,29 -> output: 0
input: 916 -> message: 17,16,6,5,5,33,28,21,21,29,5,5,33,17,5,5,33,29,5,5,33,17,5,5,33,29,5,5,33,17 -> output: 0
input: 917 -> message: 27,17,16,5,5,27,17,16,6,5,5,33,28,21,21,29,5,5,33,17,5,5,33,29,5,5,33,17,5,5 -> output: 0
input: 918 -> message: 33,29,5,5,33,17,5,5,33,29,5,5,33,17,5,5,33,29,5,5,33,17,5,5,33,29,5,5,33,17 -> output: 0
input: 919 -> message: 17,16,6,5,5,33,28,21,21,29,5,5,33,17,5,5,33,29,5,5,33,17,5,5,33,29,5,5,33,17 -> output: 0
input: 920 -> message: 17,16,6,5,5,33,28,21,21,29,5,5,33,17,5,5,33,29,5,5,33,17,5,5,33,29,5,5,33,17 -> output: 0
input: 921 -> message: 29,5,5,33,17,5,5,33,29,5,5,33,17,5,5,33,29,5,5,33,17,5,5,33,29,5,5,33,17,5 -> output: 0
input: 922 -> message: 21,21,29,5,33,29,5,5,33,17,5,5,33,29,5,5,33,17,5,5,33,29,5,5,33,17,5,5,33,29 -> output: 0
input: 923 -> message: 11,5,33,28,21,21,29,5,5,33,17,5,5,33,29,5,5,33,17,5,5,33,29,5,5,33,17,5,5,33 -> output: 0
input: 924 -> message: 17,16,6,5,33,29,5,33,17,5,5,33,29,5,5,33,17,5,5,33,29,5,5,33,17,5,5,33,29,5 -> output: 0
input: 925 -> message: 21,21,29,5,33,29,5,5,33,17,5,5,33,29,5,5,33,17,5,5,33,29,5,5,33,17,5,5,33,29 -> output: 0
input: 926 -> message: 27,21,21,29,5,5,33,17,5,5,33,29,5,5,33,17,5,5,33,29,5,5,33,17,5,5,33,29,5,5 -> output: 0
input: 927 -> message: 33,28,21,21,29,5,5,33,17,5,5,33,29,5,5,33,17,5,5,33,29,5,5,33,17,5,5,33,29,5 -> output: 0
input: 928 -> message: 17,16,6,5,5,33,28,21,21,29,5,5,33,17,5,5,33,29,5,5,33,17,5,5,33,29,5,5,33,17 -> output: 0
input: 929 -> message: 17,16,6,5,5,33,28,21,21,29,5,5,33,17,5,5,33,29,5,5,33,17,5,5,33,29,5,5,33,17 -> output: 0
input: 930 -> message: 17,16,6,5,33,29,5,33,17,5,5,33,29,5,5,33,17,5,5,33,29,5,5,33,17,5,5,33,29,5 -> output: 0
input: 931 -> message: 29,5,33,17,5,5,33,29,5,5,33,17,5,5,33,29,5,5,33,17,5,5,33,29,5,5,33,17,5,5 -> output: 0
input: 932 -> message: 0 -> output: 0
input: 933 -> message: 11,5,33,29,5,5,33,17,5,5,33,29,5,5,33,17,5,5,33,29,5,5,33,17,5,5,33,29,5,5 -> output: 0
input: 934 -> message: 0 -> output: 0
input: 935 -> message: 17,16,6,5,5,33,28,29,5,5,33,17,5,5,33,29,5,5,33,17,5,5,33,29,5,5,33,17,5,5 -> output: 0
input: 936 -> message: 17,16,6,5,5,33,28,21,21,29,5,5,33,17,5,5,33,29,5,5,33,17,5,5,33,29,5,5,33,17 -> output: 0
input: 937 -> message: 17,16,6,5,5,33,28,21,21,29,5,5,33,17,5,5,33,29,5,5,33,17,5,5,33,29,5,5,33,17 -> output: 0
input: 938 -> message: 21,21,29,5,33,29,5,5,33,17,5,5,33,29,5,5,33,17,5,5,33,29,5,5,33,17,5,5,33,29 -> output: 0
input: 939 -> message: 27,21,21,29,5,5,33,17,5,5,33,29,5,5,33,17,5,5,33,29,5,5,33,17,5,5,33,29,5,5 -> output: 0
input: 940 -> message: 17,16,6,5,33,29,5,33,17,5,5,33,29,5,5,33,17,5,5,33,29,5,5,33,17,5,5,33,29,5 -> output: 0
input: 941 -> message: 33,29,5,5,33,17,5,5,33,29,5,5,33,17,5,5,33,29,5,5,33,17,5,5,33,29,5,5,33,17 -> output: 0
input: 942 -> message: 0 -> output: 0
input: 943 -> message: 17,16,6,5,5,33,28,21,21,29,5,5,33,17,5,5,33,29,5,5,33,17,5,5,33,29,5,5,33,17 -> output: 0
input: 944 -> message: 17,5,5,33,29,5,5,33,17,5,5,33,29,5,5,33,17,5,5,33,29,5,5,33,17,5,5,33,29,5 -> output: 0
input: 945 -> message: 17,16,6,5,5,33,28,21,21,29,5,5,33,17,5,5,33,29,5,5,33,17,5,5,33,29,5,5,33,17 -> output: 0
input: 946 -> message: 17,16,6,5,5,33,28,21,21,29,5,5,33,17,5,5,33,29,5,5,33,17,5,5,33,29,5,5,33,17 -> output: 0
input: 947 -> message: 17,29,5,33,29,5,33,17,5,5,33,29,5,5,33,17,5,5,33,29,5,5,33,17,5,5,33,29,5,5 -> output: 0
input: 948 -> message: 29,5,5,33,28,21,21,29,5,5,33,17,5,5,33,29,5,5,33,17,5,5,33,29,5,5,33,17,5,5 -> output: 0
input: 949 -> message: 29,5,33,17,5,5,33,29,5,5,33,17,5,5,33,29,5,5,33,17,5,5,33,29,5,5,33,17,5,5 -> output: 0
input: 950 -> message: 29,5,33,29,5,33,17,5,5,33,29,5,5,33,17,5,5,33,29,5,5,33,17,5,5,33,29,5,5,33 -> output: 0
input: 951 -> message: 0 -> output: 0
input: 952 -> message: 39,17,16,6,5,5,33,17,5,5,33,29,5,5,33,17,5,5,33,29,5,5,33,17,5,5,33,29,5,5 -> output: 0
input: 953 -> message: 27,21,21,29,5,5,33,17,5,5,33,29,5,5,33,17,5,5,33,29,5,5,33,17,5,5,33,29,5,5 -> output: 0
input: 954 -> message: 0 -> output: 0
input: 955 -> message: 33,29,5,5,33,17,5,5,33,29,5,5,33,17,5,5,33,29,5,5,33,17,5,5,33,29,5,5,33,17 -> output: 0
input: 956 -> message: 21,21,29,5,33,29,5,5,33,17,5,5,33,29,5,5,33,17,5,5,33,29,5,5,33,17,5,5,33,29 -> output: 0
input: 957 -> message: 17,5,5,33,29,5,5,33,17,5,5,33,29,5,5,33,17,5,5,33,29,5,5,33,17,5,5,33,29,5 -> output: 0
input: 958 -> message: 17,16,6,5,5,33,28,21,21,29,5,5,33,17,5,5,33,29,5,5,33,17,5,5,33,29,5,5,33,17 -> output: 0
input: 959 -> message: 17,16,6,5,5,33,28,21,21,29,5,5,33,17,5,5,33,29,5,5,33,17,5,5,33,29,5,5,33,17 -> output: 0
input: 960 -> message: 17,16,6,5,5,33,28,29,5,5,33,17,5,5,33,29,5,5,33,17,5,5,33,29,5,5,33,17,5,5 -> output: 0
input: 961 -> message: 17,16,6,5,5,33,28,21,21,29,5,5,33,17,5,5,33,29,5,5,33,17,5,5,33,29,5,5,33,17 -> output: 0
input: 962 -> message: 17,16,6,5,5,33,28,21,21,29,5,5,33,17,5,5,33,29,5,5,33,17,5,5,33,29,5,5,33,17 -> output: 0
input: 963 -> message: 29,5,33,29,5,5,33,17,5,5,33,29,5,5,33,17,5,5,33,29,5,5,33,17,5,5,33,29,5,5 -> output: 0
input: 964 -> message: 17,16,6,5,5,33,28,21,21,29,5,5,33,17,5,5,33,29,5,5,33,17,5,5,33,29,5,5,33,17 -> output: 0
input: 965 -> message: 29,5,33,17,5,5,33,29,5,5,33,17,5,5,33,29,5,5,33,17,5,5,33,29,5,5,33,17,5,5 -> output: 0
input: 966 -> message: 17,16,6,5,5,33,28,21,21,29,5,5,33,17,5,5,33,29,5,5,33,17,5,5,33,29,5,5,33,17 -> output: 0
input: 967 -> message: 11,5,33,28,21,21,29,5,5,33,17,5,5,33,29,5,5,33,17,5,5,33,29,5,5,33,17,5,5,33 -> output: 0
input: 968 -> message: 17,16,6,5,5,33,28,21,21,29,5,5,33,17,5,5,33,29,5,5,33,17,5,5,33,29,5,5,33,17 -> output: 0
input: 969 -> message: 17,16,6,5,5,33,28,21,21,29,5,5,33,17,5,5,33,29,5,5,33,17,5,5,33,29,5,5,33,17 -> output: 0
input: 970 -> message: 17,16,6,5,5,33,28,29,5,5,33,17,5,5,33,29,5,5,33,17,5,5,33,29,5,5,33,17,5,5 -> output: 0
input: 971 -> message: 27,21,21,29,5,5,33,17,5,5,33,29,5,5,33,17,5,5,33,29,5,5,33,17,5,5,33,29,5,5 -> output: 0
input: 972 -> message: 17,16,6,5,5,33,28,21,21,29,5,5,33,17,5,5,33,29,5,5,33,17,5,5,33,29,5,5,33,17 -> output: 0
input: 973 -> message: 27,21,21,29,5,5,33,17,5,5,33,29,5,5,33,17,5,5,33,29,5,5,33,17,5,5,33,29,5,5 -> output: 0
input: 974 -> message: 17,16,6,5,5,33,28,21,21,29,5,5,33,17,5,5,33,29,5,5,33,17,5,5,33,29,5,5,33,17 -> output: 0
input: 975 -> message: 28,21,21,29,5,5,33,17,5,5,33,29,5,5,33,17,5,5,33,29,5,5,33,17,5,5,33,29,5,5 -> output: 0
input: 976 -> message: 0 -> output: 0
input: 977 -> message: 17,16,6,5,5,33,28,21,21,29,5,5,33,17,5,5,33,29,5,5,33,17,5,5,33,29,5,5,33,17 -> output: 0
input: 978 -> message: 17,16,6,5,5,33,28,21,21,29,5,5,33,17,5,5,33,29,5,5,33,17,5,5,33,29,5,5,33,17 -> output: 0
input: 979 -> message: 17,5,5,33,29,5,5,33,17,5,5,33,29,5,5,33,17,5,5,33,29,5,5,33,17,5,5,33,29,5 -> output: 0
input: 980 -> message: 17,5,5,33,29,5,5,33,17,5,5,33,29,5,5,33,17,5,5,33,29,5,5,33,17,5,5,33,29,5 -> output: 0
input: 981 -> message: 17,16,6,5,5,33,28,21,21,29,5,5,33,17,5,5,33,29,5,5,33,17,5,5,33,29,5,5,33,17 -> output: 0
input: 982 -> message: 17,16,6,5,5,33,28,21,21,29,5,5,33,17,5,5,33,29,5,5,33,17,5,5,33,29,5,5,33,17 -> output: 0
input: 983 -> message: 17,16,6,5,5,33,28,21,21,29,5,5,33,17,5,5,33,29,5,5,33,17,5,5,33,29,5,5,33,17 -> output: 0
input: 984 -> message: 17,16,6,5,5,33,28,21,21,29,5,5,33,17,5,5,33,29,5,5,33,17,5,5,33,29,5,5,33,17 -> output: 0
input: 985 -> message: 17,16,6,5,5,33,28,21,21,29,5,5,33,17,5,5,33,29,5,5,33,17,5,5,33,29,5,5,33,17 -> output: 0
input: 986 -> message: 11,5,33,28,21,21,29,5,5,33,17,5,5,33,29,5,5,33,17,5,5,33,29,5,5,33,17,5,5,33 -> output: 0
input: 987 -> message: 17,16,6,5,5,33,28,21,21,29,5,5,33,17,5,5,33,29,5,5,33,17,5,5,33,29,5,5,33,17 -> output: 0
input: 988 -> message: 27,17,16,5,5,27,17,16,6,5,5,33,28,21,21,29,5,5,33,17,5,5,33,29,5,5,33,17,5,5 -> output: 0
input: 989 -> message: 17,16,6,5,5,33,28,21,21,29,5,5,33,17,5,5,33,29,5,5,33,17,5,5,33,29,5,5,33,17 -> output: 0
input: 990 -> message: 21,21,29,5,33,29,5,5,33,17,5,5,33,29,5,5,33,17,5,5,33,29,5,5,33,17,5,5,33,29 -> output: 0
input: 991 -> message: 11,5,33,29,5,5,33,17,5,5,33,29,5,5,33,17,5,5,33,29,5,5,33,17,5,5,33,29,5,5 -> output: 0
input: 992 -> message: 29,5,33,29,5,33,17,5,5,33,29,5,5,33,17,5,5,33,29,5,5,33,17,5,5,33,29,5,5,33 -> output: 0
input: 993 -> message: 0 -> output: 0
input: 994 -> message: 17,16,6,5,5,33,28,21,21,29,5,5,33,17,5,5,33,29,5,5,33,17,5,5,33,29,5,5,33,17 -> output: 0
input: 995 -> message: 17,16,6,5,5,33,28,29,5,5,33,17,5,5,33,29,5,5,33,17,5,5,33,29,5,5,33,17,5,5 -> output: 0
input: 996 -> message: 17,5,5,33,29,5,5,33,17,5,5,33,29,5,5,33,17,5,5,33,29,5,5,33,17,5,5,33,29,5 -> output: 0
input: 997 -> message: 17,16,6,5,5,33,28,21,21,29,5,5,33,17,5,5,33,29,5,5,33,17,5,5,33,29,5,5,33,17 -> output: 0
input: 998 -> message: 29,2,17,5,5,27,17,16,6,5,5,33,28,21,21,29,5,5,33,17,5,5,33,29,5,5,33,17,5,5 -> output: 0
input: 999 -> message: 17,29,5,33,5,5,33,28,21,21,29,5,5,33,17,5,5,33,29,5,5,33,17,5,5,33,29,5,5,33 -> output: 0
{"powerlaw": 0.13359211385250092, "unif": 0.001}
Epoch: 1
Impatient score=60
Epoch: 2
Impatient score=237
Epoch: 3
Impatient score=297
Epoch: 4
Impatient score=588
Epoch: 5
Impatient score=844
Epoch: 6
Impatient score=1086
Epoch: 7
Impatient score=1405
Epoch: 8
Impatient score=1774
Epoch: 9
Impatient score=1994
Epoch: 10
Impatient score=2050
Epoch: 11
Impatient score=2789
Epoch: 12
Impatient score=3015
Epoch: 13
Impatient score=2657
Epoch: 14
Impatient score=3572
Epoch: 15
Impatient score=3397
Epoch: 16
Impatient score=2430
Epoch: 17
Impatient score=4251
Epoch: 18
Impatient score=3205
Epoch: 19
Impatient score=4519
Epoch: 20
Impatient score=4622
Epoch: 21
Impatient score=4718
Epoch: 22
Impatient score=4872
Epoch: 23
Impatient score=4829
Epoch: 24
Impatient score=4942
Epoch: 25
Impatient score=5162
{"powerlaw": 0.6259564757347107, "unif": 0.16}
Epoch: 26
Impatient score=5572
Epoch: 27
Impatient score=5963
Epoch: 28
Impatient score=6146
Epoch: 29
Impatient score=6169
Epoch: 30
Impatient score=6228
Epoch: 31
Impatient score=6335
Epoch: 32
Impatient score=6409
Epoch: 33
Impatient score=6615
Epoch: 34
Impatient score=6640
Epoch: 35
Impatient score=6719
Epoch: 36
Impatient score=6908
Epoch: 37
Impatient score=7128
Epoch: 38
Impatient score=7105
Epoch: 39
Impatient score=7132
Epoch: 40
Impatient score=7235
Epoch: 41
Impatient score=7202
Epoch: 42
Impatient score=7274
Epoch: 43
Impatient score=6597
Epoch: 44
Impatient score=7485
Epoch: 45
Impatient score=7561
Epoch: 46
Impatient score=7003
Epoch: 47
Impatient score=7748
Epoch: 48
Impatient score=8049
Epoch: 49
Impatient score=8234
Epoch: 50
Impatient score=8375
{"powerlaw": 0.7484613656997681, "unif": 0.292}
Epoch: 51
Impatient score=8728
Epoch: 52
Impatient score=9201
Epoch: 53
Impatient score=9590
Epoch: 54
Impatient score=10086
Epoch: 55
Impatient score=10570
Epoch: 56
Impatient score=10668
Epoch: 57
Impatient score=10971
Epoch: 58
Impatient score=11121
Epoch: 59
Impatient score=11377
Epoch: 60
Impatient score=11806
Epoch: 61
Impatient score=11894
Epoch: 62
Impatient score=12644
Epoch: 63
Impatient score=13033
Epoch: 64
Impatient score=13437
Epoch: 65
Impatient score=13881
Epoch: 66
Impatient score=14436
Epoch: 67
Impatient score=15195
Epoch: 68
Impatient score=16003
Epoch: 69
Impatient score=17116
Epoch: 70
Impatient score=17899
Epoch: 71
Impatient score=18900
Epoch: 72
Impatient score=16669
Epoch: 73
Impatient score=18313
Epoch: 74
Impatient score=16990
Epoch: 75
Impatient score=15247
{"powerlaw": 0.9415152072906494, "unif": 0.763}
Epoch: 76
Impatient score=11715
Epoch: 77
Impatient score=10013
Epoch: 78
Impatient score=8153
Epoch: 79
Impatient score=6847
Epoch: 80
Impatient score=7141
Epoch: 81
Impatient score=7272
Epoch: 82
Impatient score=6465
Epoch: 83
Impatient score=6237
Epoch: 84
Impatient score=6054
Epoch: 85
Impatient score=5768
Epoch: 86
Impatient score=5981
Epoch: 87
Impatient score=5368
Epoch: 88
Impatient score=5442
Epoch: 89
Impatient score=5351
Epoch: 90
Impatient score=5147
Epoch: 91
Impatient score=5268
Epoch: 92
Impatient score=5160
Epoch: 93
Impatient score=5321
Epoch: 94
Impatient score=5010
Epoch: 95
Impatient score=4862
Epoch: 96
Impatient score=4900
Epoch: 97
Impatient score=4541
Epoch: 98
Impatient score=4657
Epoch: 99
Impatient score=5166
Epoch: 100
Impatient score=4811
input: 0 -> message: 39,0 -> output: 0
input: 1 -> message: 33,0 -> output: 1
input: 2 -> message: 37,39,0 -> output: 2
input: 3 -> message: 27,33,0 -> output: 3
input: 4 -> message: 18,0 -> output: 4
input: 5 -> message: 14,14,37,36,0 -> output: 5
input: 6 -> message: 18,33,0 -> output: 6
input: 7 -> message: 39,39,36,36,0 -> output: 7
input: 8 -> message: 0 -> output: 8
input: 9 -> message: 14,14,13,9,0 -> output: 9
input: 10 -> message: 14,14,22,21,30,0 -> output: 10
input: 11 -> message: 39,9,28,9,0 -> output: 11
input: 12 -> message: 39,13,18,9,30,0 -> output: 12
input: 13 -> message: 30,33,33,0 -> output: 13
input: 14 -> message: 13,33,39,0 -> output: 14
input: 15 -> message: 14,30,27,14,0 -> output: 15
input: 16 -> message: 36,22,0 -> output: 16
input: 17 -> message: 14,14,38,21,27,30,0 -> output: 17
input: 18 -> message: 18,39,36,36,0 -> output: 18
input: 19 -> message: 3,33,0 -> output: 19
input: 20 -> message: 14,14,1,9,18,9,0 -> output: 20
input: 21 -> message: 39,22,9,30,0 -> output: 21
input: 22 -> message: 26,18,17,0 -> output: 22
input: 23 -> message: 14,14,16,17,9,30,0 -> output: 23
input: 24 -> message: 22,33,0 -> output: 24
input: 25 -> message: 30,33,19,0 -> output: 25
input: 26 -> message: 14,14,25,17,9,9,0 -> output: 26
input: 27 -> message: 37,33,33,25,9,0 -> output: 27
input: 28 -> message: 28,33,0 -> output: 28
input: 29 -> message: 14,14,12,17,9,9,0 -> output: 29
input: 30 -> message: 37,33,39,36,30,0 -> output: 30
input: 31 -> message: 37,33,33,1,9,18,0 -> output: 31
input: 32 -> message: 22,22,14,27,0 -> output: 32
input: 33 -> message: 27,18,9,0 -> output: 33
input: 34 -> message: 14,14,17,9,9,9,9,0 -> output: 34
input: 35 -> message: 36,14,38,0 -> output: 35
input: 36 -> message: 14,30,24,17,30,0 -> output: 36
input: 37 -> message: 22,22,38,38,0 -> output: 37
input: 38 -> message: 24,22,0 -> output: 38
input: 39 -> message: 30,22,38,0 -> output: 39
input: 40 -> message: 27,22,30,30,30,0 -> output: 40
input: 41 -> message: 22,18,36,0 -> output: 41
input: 42 -> message: 22,37,30,17,0 -> output: 42
input: 43 -> message: 9,22,9,0 -> output: 43
input: 44 -> message: 26,18,9,9,0 -> output: 44
input: 45 -> message: 37,14,11,9,0 -> output: 45
input: 46 -> message: 26,22,24,0 -> output: 46
input: 47 -> message: 22,22,17,17,30,0 -> output: 47
input: 48 -> message: 22,37,6,14,0 -> output: 48
input: 49 -> message: 13,22,6,0 -> output: 49
input: 50 -> message: 37,30,26,7,26,0 -> output: 50
input: 51 -> message: 27,22,17,30,0 -> output: 51
input: 52 -> message: 37,14,39,14,30,0 -> output: 52
input: 53 -> message: 38,38,0 -> output: 53
input: 54 -> message: 22,13,23,21,0 -> output: 54
input: 55 -> message: 22,22,3,9,30,0 -> output: 55
input: 56 -> message: 36,30,21,14,0 -> output: 56
input: 57 -> message: 21,33,14,6,0 -> output: 57
input: 58 -> message: 27,22,4,17,28,0 -> output: 58
input: 59 -> message: 13,18,0 -> output: 59
input: 60 -> message: 36,30,16,26,0 -> output: 60
input: 61 -> message: 37,25,9,14,36,0 -> output: 61
input: 62 -> message: 37,30,36,17,30,30,0 -> output: 62
input: 63 -> message: 14,10,7,9,14,0 -> output: 63
input: 64 -> message: 37,30,23,9,36,0 -> output: 64
input: 65 -> message: 21,22,22,9,0 -> output: 65
input: 66 -> message: 14,1,9,14,0 -> output: 66
input: 67 -> message: 38,22,0 -> output: 67
input: 68 -> message: 22,16,30,30,0 -> output: 68
input: 69 -> message: 36,37,6,9,0 -> output: 69
input: 70 -> message: 37,37,19,17,9,0 -> output: 70
input: 71 -> message: 22,14,36,28,0 -> output: 71
input: 72 -> message: 27,37,19,17,30,0 -> output: 72
input: 73 -> message: 37,18,6,21,36,36,0 -> output: 73
input: 74 -> message: 37,22,14,17,9,30,0 -> output: 74
input: 75 -> message: 28,39,30,0 -> output: 75
input: 76 -> message: 26,27,9,0 -> output: 76
input: 77 -> message: 36,37,21,14,0 -> output: 77
input: 78 -> message: 14,30,36,23,17,18,0 -> output: 78
input: 79 -> message: 30,14,39,0 -> output: 79
input: 80 -> message: 22,25,9,30,0 -> output: 80
input: 81 -> message: 22,37,38,14,17,14,0 -> output: 81
input: 82 -> message: 22,37,38,36,14,30,0 -> output: 82
input: 83 -> message: 37,37,36,14,30,30,0 -> output: 83
input: 84 -> message: 22,30,30,14,30,0 -> output: 84
input: 85 -> message: 21,22,19,9,0 -> output: 85
input: 86 -> message: 37,18,18,9,18,18,0 -> output: 86
input: 87 -> message: 22,14,1,30,0 -> output: 87
input: 88 -> message: 38,13,0 -> output: 88
input: 89 -> message: 14,38,30,17,9,30,30,0 -> output: 89
input: 90 -> message: 14,13,26,9,9,9,0 -> output: 90
input: 91 -> message: 37,22,26,9,9,30,30,0 -> output: 91
input: 92 -> message: 14,4,16,9,30,0 -> output: 92
input: 93 -> message: 37,18,30,9,9,23,30,0 -> output: 93
input: 94 -> message: 14,38,26,9,9,30,0 -> output: 94
input: 95 -> message: 37,22,18,9,18,30,30,0 -> output: 95
input: 96 -> message: 21,39,9,22,0 -> output: 96
input: 97 -> message: 14,18,30,17,30,30,30,0 -> output: 97
input: 98 -> message: 13,13,9,9,0 -> output: 98
input: 99 -> message: 37,30,24,9,17,18,0 -> output: 99
input: 100 -> message: 37,3,27,9,18,14,0 -> output: 100
input: 101 -> message: 26,37,16,17,0 -> output: 101
input: 102 -> message: 21,33,9,9,0 -> output: 102
input: 103 -> message: 14,19,38,9,14,30,0 -> output: 103
input: 104 -> message: 14,19,21,9,18,23,0 -> output: 104
input: 105 -> message: 14,38,6,39,9,9,0 -> output: 105
input: 106 -> message: 36,14,36,14,30,30,0 -> output: 106
input: 107 -> message: 23,10,17,17,0 -> output: 107
input: 108 -> message: 27,14,27,14,0 -> output: 108
input: 109 -> message: 22,13,26,9,18,0 -> output: 109
input: 110 -> message: 21,25,33,26,0 -> output: 110
input: 111 -> message: 27,13,9,9,0 -> output: 111
input: 112 -> message: 14,36,26,39,18,30,0 -> output: 112
input: 113 -> message: 26,13,38,39,13,0 -> output: 113
input: 114 -> message: 3,18,26,9,18,0 -> output: 114
input: 115 -> message: 14,30,12,17,9,30,30,0 -> output: 115
input: 116 -> message: 37,22,37,30,24,9,14,0 -> output: 116
input: 117 -> message: 14,27,14,9,14,30,30,0 -> output: 117
input: 118 -> message: 14,16,32,9,30,0 -> output: 118
input: 119 -> message: 13,22,30,9,30,30,0 -> output: 119
input: 120 -> message: 37,38,28,17,26,30,0 -> output: 120
input: 121 -> message: 26,38,18,36,28,0 -> output: 121
input: 122 -> message: 26,14,3,14,18,0 -> output: 122
input: 123 -> message: 21,14,5,17,28,0 -> output: 123
input: 124 -> message: 36,25,9,14,0 -> output: 124
input: 125 -> message: 36,32,9,14,0 -> output: 125
input: 126 -> message: 30,13,13,22,38,0 -> output: 126
input: 127 -> message: 26,14,36,3,28,0 -> output: 127
input: 128 -> message: 23,14,30,14,30,0 -> output: 128
input: 129 -> message: 14,19,8,9,18,0 -> output: 129
input: 130 -> message: 14,18,7,17,9,23,30,0 -> output: 130
input: 131 -> message: 21,14,38,33,28,0 -> output: 131
input: 132 -> message: 14,13,14,18,9,23,23,0 -> output: 132
input: 133 -> message: 37,18,14,7,9,23,0 -> output: 133
input: 134 -> message: 14,16,36,9,18,14,0 -> output: 134
input: 135 -> message: 14,27,26,9,30,30,30,0 -> output: 135
input: 136 -> message: 37,18,24,14,30,30,30,0 -> output: 136
input: 137 -> message: 22,17,26,30,0 -> output: 137
input: 138 -> message: 21,14,8,9,14,0 -> output: 138
input: 139 -> message: 14,36,28,17,17,30,0 -> output: 139
input: 140 -> message: 14,38,19,17,23,23,30,0 -> output: 140
input: 141 -> message: 37,26,39,9,9,23,0 -> output: 141
input: 142 -> message: 22,38,38,18,0 -> output: 142
input: 143 -> message: 36,37,38,9,18,14,0 -> output: 143
input: 144 -> message: 3,1,6,0 -> output: 144
input: 145 -> message: 36,10,9,36,0 -> output: 145
input: 146 -> message: 14,18,26,17,9,30,30,0 -> output: 146
input: 147 -> message: 37,13,8,9,14,33,9,0 -> output: 147
input: 148 -> message: 3,13,26,17,9,23,0 -> output: 148
input: 149 -> message: 14,30,30,39,9,30,30,0 -> output: 149
input: 150 -> message: 37,22,7,17,9,18,9,0 -> output: 150
input: 151 -> message: 37,13,38,11,33,3,3,3,0 -> output: 151
input: 152 -> message: 36,36,9,14,0 -> output: 152
input: 153 -> message: 23,13,26,9,0 -> output: 153
input: 154 -> message: 14,13,32,17,9,30,30,0 -> output: 154
input: 155 -> message: 26,24,10,30,0 -> output: 155
input: 156 -> message: 37,13,38,39,36,36,30,30,0 -> output: 156
input: 157 -> message: 26,14,5,17,9,0 -> output: 157
input: 158 -> message: 3,30,28,17,30,0 -> output: 158
input: 159 -> message: 27,38,18,23,28,0 -> output: 159
input: 160 -> message: 3,4,25,33,0 -> output: 160
input: 161 -> message: 37,13,7,37,27,9,30,0 -> output: 161
input: 162 -> message: 13,13,26,18,0 -> output: 162
input: 163 -> message: 37,3,7,21,36,36,0 -> output: 163
input: 164 -> message: 37,13,19,32,9,17,9,9,0 -> output: 164
input: 165 -> message: 36,27,18,14,30,30,0 -> output: 165
input: 166 -> message: 36,27,15,9,30,0 -> output: 166
input: 167 -> message: 21,38,6,9,9,0 -> output: 167
input: 168 -> message: 14,33,30,17,9,30,30,0 -> output: 168
input: 169 -> message: 37,30,22,17,9,14,30,0 -> output: 169
input: 170 -> message: 22,38,27,3,3,0 -> output: 170
input: 171 -> message: 37,7,37,21,30,30,0 -> output: 171
input: 172 -> message: 14,3,2,17,9,9,9,0 -> output: 172
input: 173 -> message: 37,13,28,17,9,18,9,0 -> output: 243
input: 174 -> message: 14,26,36,17,21,30,30,0 -> output: 174
input: 175 -> message: 14,22,21,21,30,30,30,0 -> output: 175
input: 176 -> message: 37,22,21,17,23,23,0 -> output: 176
input: 177 -> message: 26,38,5,23,3,30,0 -> output: 177
input: 178 -> message: 37,26,26,23,26,30,0 -> output: 178
input: 179 -> message: 14,38,38,9,18,9,9,0 -> output: 179
input: 180 -> message: 37,12,23,23,30,30,0 -> output: 180
input: 181 -> message: 14,27,7,10,9,9,9,9,0 -> output: 181
input: 182 -> message: 25,30,21,14,0 -> output: 182
input: 183 -> message: 14,3,24,17,9,9,0 -> output: 183
input: 184 -> message: 25,13,9,0 -> output: 184
input: 185 -> message: 14,18,19,17,9,18,9,0 -> output: 185
input: 186 -> message: 36,13,9,26,0 -> output: 186
input: 187 -> message: 14,13,8,26,9,9,9,9,0 -> output: 187
input: 188 -> message: 21,26,28,23,14,30,0 -> output: 188
input: 189 -> message: 37,36,38,9,18,30,0 -> output: 189
input: 190 -> message: 23,1,21,9,30,0 -> output: 190
input: 191 -> message: 13,17,4,9,0 -> output: 191
input: 192 -> message: 13,37,10,38,10,0 -> output: 192
input: 193 -> message: 37,13,4,9,14,30,30,0 -> output: 193
input: 194 -> message: 3,25,33,23,14,0 -> output: 194
input: 195 -> message: 3,36,26,39,17,9,0 -> output: 195
input: 196 -> message: 14,27,22,9,30,30,0 -> output: 196
input: 197 -> message: 14,25,6,23,9,9,9,0 -> output: 197
input: 198 -> message: 23,14,36,14,26,0 -> output: 198
input: 199 -> message: 37,14,30,23,17,30,30,0 -> output: 199
input: 200 -> message: 22,30,39,14,30,30,0 -> output: 200
input: 201 -> message: 21,14,26,9,17,23,0 -> output: 201
input: 202 -> message: 14,25,6,6,9,18,9,0 -> output: 202
input: 203 -> message: 14,3,2,21,9,9,0 -> output: 203
input: 204 -> message: 17,17,0 -> output: 204
input: 205 -> message: 3,26,10,9,9,0 -> output: 205
input: 206 -> message: 21,35,39,30,0 -> output: 206
input: 207 -> message: 14,22,26,9,9,30,30,0 -> output: 207
input: 208 -> message: 14,36,24,23,9,30,30,0 -> output: 208
input: 209 -> message: 23,30,11,9,30,30,0 -> output: 209
input: 210 -> message: 22,27,18,18,0 -> output: 210
input: 211 -> message: 14,27,6,32,17,18,30,0 -> output: 211
input: 212 -> message: 23,26,7,39,17,18,0 -> output: 212
input: 213 -> message: 14,27,30,39,9,30,30,0 -> output: 271
input: 214 -> message: 21,17,17,7,0 -> output: 214
input: 215 -> message: 37,26,28,9,23,23,30,0 -> output: 215
input: 216 -> message: 37,27,14,17,9,14,30,0 -> output: 216
input: 217 -> message: 27,27,9,9,36,0 -> output: 217
input: 218 -> message: 21,19,7,9,14,0 -> output: 218
input: 219 -> message: 21,36,4,9,30,0 -> output: 219
input: 220 -> message: 14,13,7,37,9,9,30,30,0 -> output: 220
input: 221 -> message: 37,33,7,25,9,9,9,9,0 -> output: 221
input: 222 -> message: 27,37,14,23,30,30,30,0 -> output: 222
input: 223 -> message: 21,27,30,30,30,30,0 -> output: 223
input: 224 -> message: 13,38,39,18,0 -> output: 224
input: 225 -> message: 10,14,3,0 -> output: 225
input: 226 -> message: 14,25,30,23,9,30,30,0 -> output: 226
input: 227 -> message: 23,33,32,17,28,30,30,0 -> output: 227
input: 228 -> message: 37,13,32,32,9,9,23,30,0 -> output: 228
input: 229 -> message: 23,33,37,22,30,30,30,0 -> output: 229
input: 230 -> message: 21,11,18,9,30,30,0 -> output: 230
input: 231 -> message: 23,16,26,33,36,36,0 -> output: 231
input: 232 -> message: 37,13,14,24,13,33,23,23,0 -> output: 232
input: 233 -> message: 37,18,14,18,14,18,9,9,0 -> output: 233
input: 234 -> message: 37,39,38,39,26,23,30,30,0 -> output: 528
input: 235 -> message: 14,26,6,17,9,30,30,0 -> output: 235
input: 236 -> message: 37,30,14,32,3,3,0 -> output: 236
input: 237 -> message: 25,10,25,14,0 -> output: 237
input: 238 -> message: 37,13,38,38,18,37,27,3,3,0 -> output: 238
input: 239 -> message: 38,7,9,0 -> output: 239
input: 240 -> message: 26,14,30,13,30,30,0 -> output: 240
input: 241 -> message: 37,13,38,39,36,33,3,3,3,0 -> output: 156
input: 242 -> message: 3,14,24,17,30,0 -> output: 242
input: 243 -> message: 37,13,28,32,9,9,9,0 -> output: 243
input: 244 -> message: 37,1,1,9,30,30,0 -> output: 244
input: 245 -> message: 26,37,39,22,3,0 -> output: 245
input: 246 -> message: 14,33,5,22,15,9,14,30,0 -> output: 246
input: 247 -> message: 14,13,22,39,30,30,30,0 -> output: 247
input: 248 -> message: 22,27,19,30,30,0 -> output: 248
input: 249 -> message: 23,9,14,26,0 -> output: 249
input: 250 -> message: 23,14,35,9,14,0 -> output: 250
input: 251 -> message: 14,36,7,17,9,23,30,0 -> output: 251
input: 252 -> message: 27,24,17,9,30,0 -> output: 252
input: 253 -> message: 23,39,3,9,3,30,0 -> output: 253
input: 254 -> message: 21,25,25,39,14,30,0 -> output: 254
input: 255 -> message: 37,18,12,17,18,9,23,0 -> output: 255
input: 256 -> message: 14,3,30,30,9,30,30,0 -> output: 256
input: 257 -> message: 3,13,28,9,9,9,0 -> output: 257
input: 258 -> message: 23,5,26,17,18,30,0 -> output: 258
input: 259 -> message: 25,37,18,14,0 -> output: 259
input: 260 -> message: 1,27,9,9,0 -> output: 260
input: 261 -> message: 25,26,21,23,30,0 -> output: 261
input: 262 -> message: 14,33,18,36,23,21,30,0 -> output: 262
input: 263 -> message: 27,39,14,30,26,30,30,0 -> output: 263
input: 264 -> message: 3,22,6,9,30,0 -> output: 264
input: 265 -> message: 21,23,23,23,30,0 -> output: 265
input: 266 -> message: 3,3,36,9,18,30,0 -> output: 266
input: 267 -> message: 37,13,18,13,9,23,23,30,0 -> output: 267
input: 268 -> message: 21,25,4,17,14,30,0 -> output: 268
input: 269 -> message: 23,39,8,37,9,9,9,0 -> output: 269
input: 270 -> message: 14,27,26,38,26,30,30,0 -> output: 135
input: 271 -> message: 14,27,30,38,30,30,30,0 -> output: 271
input: 272 -> message: 14,36,12,17,9,9,9,0 -> output: 272
input: 273 -> message: 21,26,7,17,9,30,0 -> output: 273
input: 274 -> message: 30,17,9,17,0 -> output: 274
input: 275 -> message: 1,37,17,9,0 -> output: 275
input: 276 -> message: 14,18,38,9,17,9,23,30,0 -> output: 276
input: 277 -> message: 21,16,26,9,18,0 -> output: 277
input: 278 -> message: 23,39,14,33,9,23,23,0 -> output: 278
input: 279 -> message: 3,37,30,14,30,0 -> output: 279
input: 280 -> message: 21,21,14,9,9,0 -> output: 280
input: 281 -> message: 24,17,28,0 -> output: 281
input: 282 -> message: 14,25,36,21,17,9,30,0 -> output: 282
input: 283 -> message: 23,22,18,9,18,23,0 -> output: 283
input: 284 -> message: 37,36,24,17,9,18,30,0 -> output: 284
input: 285 -> message: 23,24,20,9,36,9,0 -> output: 285
input: 286 -> message: 14,38,38,9,23,30,30,0 -> output: 286
input: 287 -> message: 3,25,6,9,30,0 -> output: 287
input: 288 -> message: 21,27,26,39,30,0 -> output: 288
input: 289 -> message: 8,30,9,30,0 -> output: 289
input: 290 -> message: 23,38,38,9,9,9,9,0 -> output: 290
input: 291 -> message: 30,37,36,37,37,0 -> output: 291
input: 292 -> message: 23,37,10,17,9,0 -> output: 292
input: 293 -> message: 14,25,7,17,9,9,9,0 -> output: 293
input: 294 -> message: 23,13,38,39,36,33,23,23,0 -> output: 294
input: 295 -> message: 25,14,21,14,0 -> output: 295
input: 296 -> message: 14,26,26,9,9,9,9,0 -> output: 296
input: 297 -> message: 3,22,21,24,30,30,30,0 -> output: 297
input: 298 -> message: 37,33,12,30,30,30,30,30,0 -> output: 298
input: 299 -> message: 14,27,38,9,14,30,30,0 -> output: 299
input: 300 -> message: 1,37,36,14,37,30,0 -> output: 300
input: 301 -> message: 14,22,5,9,17,9,30,0 -> output: 301
input: 302 -> message: 27,38,23,9,30,30,0 -> output: 302
input: 303 -> message: 23,26,17,39,17,18,0 -> output: 303
input: 304 -> message: 23,26,30,23,30,30,0 -> output: 304
input: 305 -> message: 10,37,10,0 -> output: 305
input: 306 -> message: 23,22,24,17,9,30,0 -> output: 306
input: 307 -> message: 1,26,15,9,30,0 -> output: 307
input: 308 -> message: 3,26,36,17,9,30,30,0 -> output: 308
input: 309 -> message: 37,18,37,9,18,23,0 -> output: 309
input: 310 -> message: 14,33,1,6,30,30,30,0 -> output: 310
input: 311 -> message: 14,3,23,14,30,30,0 -> output: 311
input: 312 -> message: 14,13,8,4,9,9,14,30,0 -> output: 312
input: 313 -> message: 25,37,32,14,28,0 -> output: 313
input: 314 -> message: 14,33,5,22,30,30,30,30,0 -> output: 246
input: 315 -> message: 16,14,38,0 -> output: 315
input: 316 -> message: 14,3,26,39,9,23,30,0 -> output: 316
input: 317 -> message: 23,38,30,17,18,14,30,0 -> output: 317
input: 318 -> message: 14,25,12,9,14,9,9,0 -> output: 318
input: 319 -> message: 37,27,30,7,9,30,30,30,0 -> output: 319
input: 320 -> message: 13,37,12,9,9,0 -> output: 320
input: 321 -> message: 14,18,26,17,9,30,30,0 -> output: 146
input: 322 -> message: 36,37,36,26,30,30,0 -> output: 322
input: 323 -> message: 14,13,30,17,30,30,30,0 -> output: 323
input: 324 -> message: 26,11,5,9,0 -> output: 324
input: 325 -> message: 25,37,6,14,0 -> output: 325
input: 326 -> message: 21,27,14,23,30,30,0 -> output: 326
input: 327 -> message: 14,13,34,33,9,9,23,30,0 -> output: 327
input: 328 -> message: 25,26,4,17,9,0 -> output: 328
input: 329 -> message: 23,7,28,9,9,30,0 -> output: 329
input: 330 -> message: 10,27,27,14,0 -> output: 330
input: 331 -> message: 21,16,4,9,18,30,0 -> output: 331
input: 332 -> message: 27,11,27,3,3,3,0 -> output: 332
input: 333 -> message: 14,33,22,9,14,30,30,0 -> output: 333
input: 334 -> message: 37,33,21,22,9,9,23,30,0 -> output: 334
input: 335 -> message: 23,28,9,9,30,30,0 -> output: 335
input: 336 -> message: 21,26,18,17,18,30,30,0 -> output: 336
input: 337 -> message: 3,13,26,9,18,9,0 -> output: 337
input: 338 -> message: 10,14,2,0 -> output: 338
input: 339 -> message: 23,7,37,21,30,30,0 -> output: 339
input: 340 -> message: 21,26,17,14,17,0 -> output: 340
input: 341 -> message: 13,32,9,30,0 -> output: 341
input: 342 -> message: 3,18,6,9,9,0 -> output: 342
input: 343 -> message: 37,10,14,17,9,14,30,0 -> output: 343
input: 344 -> message: 33,24,3,3,30,30,0 -> output: 344
input: 345 -> message: 23,39,32,9,9,9,9,0 -> output: 345
input: 346 -> message: 27,10,4,9,30,0 -> output: 346
input: 347 -> message: 27,21,14,9,9,0 -> output: 347
input: 348 -> message: 14,27,6,17,9,9,9,0 -> output: 348
input: 349 -> message: 24,11,24,9,0 -> output: 349
input: 350 -> message: 14,38,18,9,18,23,30,0 -> output: 350
input: 351 -> message: 23,37,5,9,9,23,30,0 -> output: 351
input: 352 -> message: 21,21,11,9,14,30,0 -> output: 352
input: 353 -> message: 21,30,1,9,30,0 -> output: 353
input: 354 -> message: 21,4,25,33,17,9,0 -> output: 354
input: 355 -> message: 14,13,19,37,9,9,9,9,0 -> output: 355
input: 356 -> message: 23,26,34,17,9,9,0 -> output: 356
input: 357 -> message: 21,10,14,9,14,0 -> output: 357
input: 358 -> message: 14,33,26,9,21,30,30,0 -> output: 945
input: 359 -> message: 16,5,9,0 -> output: 359
input: 360 -> message: 14,13,6,17,9,9,9,0 -> output: 360
input: 361 -> message: 21,21,17,9,30,30,0 -> output: 361
input: 362 -> message: 30,33,22,36,30,0 -> output: 362
input: 363 -> message: 3,18,12,17,9,9,0 -> output: 363
input: 364 -> message: 24,27,28,30,0 -> output: 364
input: 365 -> message: 37,18,12,17,9,23,30,0 -> output: 255
input: 366 -> message: 21,4,9,9,30,30,0 -> output: 366
input: 367 -> message: 26,13,14,23,14,30,0 -> output: 367
input: 368 -> message: 23,13,5,17,9,9,0 -> output: 368
input: 369 -> message: 3,28,27,14,30,0 -> output: 369
input: 370 -> message: 24,13,30,30,0 -> output: 370
input: 371 -> message: 23,38,26,23,17,18,30,0 -> output: 371
input: 372 -> message: 14,39,18,36,9,9,9,0 -> output: 372
input: 373 -> message: 23,13,13,23,30,30,0 -> output: 373
input: 374 -> message: 37,13,34,17,9,9,14,30,0 -> output: 374
input: 375 -> message: 13,16,9,9,30,0 -> output: 375
input: 376 -> message: 14,36,3,14,30,30,30,0 -> output: 376
input: 377 -> message: 21,17,35,9,14,0 -> output: 377
input: 378 -> message: 37,27,7,37,9,9,9,9,0 -> output: 378
input: 379 -> message: 10,13,9,0 -> output: 379
input: 380 -> message: 14,26,38,32,17,18,30,0 -> output: 380
input: 381 -> message: 23,26,36,9,21,30,30,0 -> output: 381
input: 382 -> message: 23,25,26,9,30,0 -> output: 382
input: 383 -> message: 23,17,18,17,18,30,0 -> output: 383
input: 384 -> message: 23,22,28,17,9,23,30,0 -> output: 410
input: 385 -> message: 23,37,35,9,23,30,0 -> output: 385
input: 386 -> message: 37,13,26,9,9,23,0 -> output: 386
input: 387 -> message: 37,13,29,17,9,9,9,0 -> output: 387
input: 388 -> message: 27,17,9,17,27,3,0 -> output: 388
input: 389 -> message: 14,19,19,9,14,36,30,0 -> output: 389
input: 390 -> message: 16,37,24,0 -> output: 390
input: 391 -> message: 27,23,4,3,30,0 -> output: 391
input: 392 -> message: 23,13,21,9,30,30,0 -> output: 392
input: 393 -> message: 3,38,6,9,9,9,0 -> output: 393
input: 394 -> message: 25,10,26,9,30,0 -> output: 394
input: 395 -> message: 37,3,24,17,9,23,30,0 -> output: 395
input: 396 -> message: 23,13,17,9,21,3,3,3,0 -> output: 396
input: 397 -> message: 37,13,26,33,9,14,30,0 -> output: 386
input: 398 -> message: 37,38,23,30,30,30,30,0 -> output: 398
input: 399 -> message: 30,36,21,14,30,0 -> output: 399
input: 400 -> message: 23,1,38,23,28,30,0 -> output: 400
input: 401 -> message: 37,38,14,7,9,23,30,0 -> output: 401
input: 402 -> message: 23,21,17,9,9,9,0 -> output: 402
input: 403 -> message: 21,17,30,17,9,30,30,0 -> output: 403
input: 404 -> message: 23,22,9,9,9,9,0 -> output: 404
input: 405 -> message: 25,25,9,36,0 -> output: 405
input: 406 -> message: 37,13,31,9,14,9,30,0 -> output: 406
input: 407 -> message: 14,33,6,22,30,30,30,30,0 -> output: 407
input: 408 -> message: 26,13,9,9,30,30,0 -> output: 408
input: 409 -> message: 37,13,28,13,33,9,23,0 -> output: 243
input: 410 -> message: 23,22,28,17,9,23,30,0 -> output: 410
input: 411 -> message: 1,14,39,14,0 -> output: 411
input: 412 -> message: 23,24,17,32,17,9,0 -> output: 412
input: 413 -> message: 23,37,7,23,9,23,23,0 -> output: 413
input: 414 -> message: 14,38,24,9,9,23,30,0 -> output: 414
input: 415 -> message: 23,13,14,19,37,13,0 -> output: 415
input: 416 -> message: 14,22,18,9,17,18,30,0 -> output: 416
input: 417 -> message: 37,7,28,17,9,30,30,0 -> output: 417
input: 418 -> message: 6,14,17,0 -> output: 418
input: 419 -> message: 37,26,30,7,9,30,30,0 -> output: 419
input: 420 -> message: 30,27,22,39,30,30,0 -> output: 420
input: 421 -> message: 3,38,14,9,14,30,0 -> output: 421
input: 422 -> message: 14,13,28,17,9,23,30,30,0 -> output: 422
input: 423 -> message: 14,22,36,9,9,9,9,0 -> output: 423
input: 424 -> message: 37,33,18,17,21,30,30,0 -> output: 424
input: 425 -> message: 3,36,18,9,17,18,0 -> output: 425
input: 426 -> message: 3,36,28,23,36,30,30,0 -> output: 426
input: 427 -> message: 25,26,14,17,23,30,0 -> output: 427
input: 428 -> message: 27,39,30,1,30,33,0 -> output: 428
input: 429 -> message: 23,13,36,37,36,9,30,0 -> output: 865
input: 430 -> message: 23,33,38,23,30,30,30,0 -> output: 430
input: 431 -> message: 14,33,7,25,9,9,9,9,0 -> output: 431
input: 432 -> message: 37,13,33,33,9,21,30,30,0 -> output: 432
input: 433 -> message: 21,38,26,37,17,23,30,0 -> output: 433
input: 434 -> message: 1,13,23,9,0 -> output: 434
input: 435 -> message: 27,39,38,6,9,30,30,0 -> output: 435
input: 436 -> message: 14,13,4,9,14,30,30,0 -> output: 436
input: 437 -> message: 10,7,9,0 -> output: 437
input: 438 -> message: 37,38,30,23,30,30,30,0 -> output: 438
input: 439 -> message: 3,28,4,9,30,0 -> output: 439
input: 440 -> message: 37,27,28,9,17,9,14,30,0 -> output: 440
input: 441 -> message: 3,26,30,17,30,30,30,0 -> output: 441
input: 442 -> message: 14,27,28,17,9,14,30,0 -> output: 442
input: 443 -> message: 13,14,3,14,30,0 -> output: 443
input: 444 -> message: 3,36,36,9,17,18,30,0 -> output: 444
input: 445 -> message: 14,39,6,9,30,30,0 -> output: 445
input: 446 -> message: 14,27,18,9,9,14,30,0 -> output: 446
input: 447 -> message: 23,5,9,9,30,0 -> output: 447
input: 448 -> message: 27,22,17,9,22,0 -> output: 51
input: 449 -> message: 3,18,28,23,17,9,30,0 -> output: 449
input: 450 -> message: 14,25,14,21,9,30,0 -> output: 535
input: 451 -> message: 23,39,39,6,21,30,30,0 -> output: 451
input: 452 -> message: 3,3,6,3,9,9,9,0 -> output: 452
input: 453 -> message: 14,38,7,9,23,23,23,30,0 -> output: 453
input: 454 -> message: 14,13,38,38,24,21,30,30,30,0 -> output: 454
input: 455 -> message: 1,29,28,0 -> output: 455
input: 456 -> message: 14,16,26,9,30,30,0 -> output: 661
input: 457 -> message: 14,33,8,37,30,30,30,0 -> output: 457
input: 458 -> message: 23,38,26,23,17,3,30,0 -> output: 371
input: 459 -> message: 23,38,26,39,17,18,30,0 -> output: 371
input: 460 -> message: 23,22,30,9,21,30,30,0 -> output: 460
input: 461 -> message: 23,7,18,13,21,30,30,0 -> output: 461
input: 462 -> message: 26,33,39,36,33,0 -> output: 462
input: 463 -> message: 25,37,10,9,37,0 -> output: 463
input: 464 -> message: 23,22,22,23,24,30,30,0 -> output: 464
input: 465 -> message: 27,10,23,22,3,3,0 -> output: 465
input: 466 -> message: 37,13,28,17,9,30,30,0 -> output: 173
input: 467 -> message: 14,3,30,2,9,30,30,0 -> output: 467
input: 468 -> message: 26,22,17,37,24,30,30,0 -> output: 468
input: 469 -> message: 14,38,38,32,26,30,30,0 -> output: 286
input: 470 -> message: 25,30,15,9,30,0 -> output: 470
input: 471 -> message: 14,26,18,9,9,23,23,0 -> output: 471
input: 472 -> message: 14,22,15,9,14,30,30,0 -> output: 301
input: 473 -> message: 23,5,36,17,9,30,0 -> output: 473
input: 474 -> message: 37,13,11,19,17,9,30,30,0 -> output: 474
input: 475 -> message: 38,37,30,23,0 -> output: 475
input: 476 -> message: 37,33,30,9,21,30,30,30,0 -> output: 476
input: 477 -> message: 14,39,38,38,9,30,30,30,30,0 -> output: 477
input: 478 -> message: 3,18,12,17,9,30,0 -> output: 363
input: 479 -> message: 21,37,38,9,14,30,0 -> output: 479
input: 480 -> message: 23,18,26,9,36,36,0 -> output: 480
input: 481 -> message: 23,39,38,1,30,30,30,0 -> output: 481
input: 482 -> message: 14,25,24,23,9,9,9,0 -> output: 482
input: 483 -> message: 3,14,38,37,28,30,0 -> output: 483
input: 484 -> message: 21,11,20,9,0 -> output: 484
input: 485 -> message: 23,36,30,30,30,30,0 -> output: 485
input: 486 -> message: 37,33,18,9,18,30,30,0 -> output: 424
input: 487 -> message: 3,3,12,9,9,9,0 -> output: 487
input: 488 -> message: 14,36,36,9,21,30,30,0 -> output: 488
input: 489 -> message: 13,27,23,9,30,0 -> output: 489
input: 490 -> message: 37,16,30,33,3,3,3,0 -> output: 490
input: 491 -> message: 14,39,8,22,9,30,30,0 -> output: 491
input: 492 -> message: 21,38,26,30,30,30,30,30,0 -> output: 492
input: 493 -> message: 21,10,21,9,0 -> output: 493
input: 494 -> message: 14,33,6,9,9,9,9,9,0 -> output: 407
input: 495 -> message: 14,27,26,17,9,30,30,0 -> output: 135
input: 496 -> message: 39,33,38,24,30,30,30,30,0 -> output: 496
input: 497 -> message: 21,27,30,30,30,30,0 -> output: 223
input: 498 -> message: 14,33,1,17,28,9,9,9,0 -> output: 310
input: 499 -> message: 23,33,39,37,36,30,30,0 -> output: 499
input: 500 -> message: 21,27,6,9,9,30,0 -> output: 500
input: 501 -> message: 13,27,5,9,30,0 -> output: 501
input: 502 -> message: 25,16,30,30,0 -> output: 502
input: 503 -> message: 14,4,38,9,30,30,30,0 -> output: 503
input: 504 -> message: 37,13,39,33,21,21,30,30,0 -> output: 504
input: 505 -> message: 21,25,14,7,9,23,3,0 -> output: 505
input: 506 -> message: 11,14,39,14,0 -> output: 506
input: 507 -> message: 14,36,18,23,21,30,30,0 -> output: 507
input: 508 -> message: 1,26,26,26,26,30,0 -> output: 508
input: 509 -> message: 14,26,18,9,9,23,30,0 -> output: 471
input: 510 -> message: 38,26,13,3,0 -> output: 510
input: 511 -> message: 14,27,22,10,30,0 -> output: 196
input: 512 -> message: 37,27,33,15,9,30,30,0 -> output: 512
input: 513 -> message: 37,13,21,24,9,30,30,0 -> output: 513
input: 514 -> message: 13,33,30,9,9,9,9,0 -> output: 514
input: 515 -> message: 37,33,28,30,30,30,30,0 -> output: 515
input: 516 -> message: 14,33,8,37,30,30,30,0 -> output: 457
input: 517 -> message: 1,26,36,23,30,30,0 -> output: 517
input: 518 -> message: 37,13,19,33,23,3,9,9,0 -> output: 164
input: 519 -> message: 14,33,24,21,24,9,9,0 -> output: 519
input: 520 -> message: 37,10,13,26,23,3,30,0 -> output: 520
input: 521 -> message: 13,37,36,22,3,0 -> output: 521
input: 522 -> message: 24,9,9,14,30,0 -> output: 522
input: 523 -> message: 23,16,10,17,9,23,30,0 -> output: 523
input: 524 -> message: 21,4,26,9,17,30,30,0 -> output: 524
input: 525 -> message: 14,13,14,12,9,30,30,0 -> output: 525
input: 526 -> message: 3,27,30,17,30,30,0 -> output: 526
input: 527 -> message: 14,4,31,9,30,30,30,0 -> output: 527
input: 528 -> message: 37,39,38,39,9,23,23,30,0 -> output: 528
input: 529 -> message: 14,26,7,9,21,23,23,30,0 -> output: 529
input: 530 -> message: 3,38,18,14,30,30,0 -> output: 530
input: 531 -> message: 13,39,39,30,36,36,0 -> output: 531
input: 532 -> message: 14,33,35,23,9,9,9,9,0 -> output: 532
input: 533 -> message: 14,13,38,28,17,23,23,30,30,0 -> output: 533
input: 534 -> message: 19,37,9,0 -> output: 534
input: 535 -> message: 14,25,14,3,9,14,30,0 -> output: 535
input: 536 -> message: 23,14,37,14,37,30,0 -> output: 536
input: 537 -> message: 21,14,25,39,17,18,30,0 -> output: 537
input: 538 -> message: 37,33,1,17,9,9,9,0 -> output: 635
input: 539 -> message: 21,38,25,14,30,30,0 -> output: 539
input: 540 -> message: 23,30,38,6,17,9,30,0 -> output: 540
input: 541 -> message: 38,30,10,30,0 -> output: 541
input: 542 -> message: 1,14,6,17,0 -> output: 542
input: 543 -> message: 37,13,14,2,17,9,9,9,0 -> output: 543
input: 544 -> message: 21,21,26,25,21,30,30,0 -> output: 544
input: 545 -> message: 14,18,12,17,9,23,30,0 -> output: 545
input: 546 -> message: 14,22,7,21,17,18,30,0 -> output: 546
input: 547 -> message: 30,13,4,22,27,9,14,0 -> output: 547
input: 548 -> message: 14,33,18,17,18,30,30,0 -> output: 262
input: 549 -> message: 14,22,28,17,9,30,30,0 -> output: 549
input: 550 -> message: 14,3,18,23,30,30,30,0 -> output: 956
input: 551 -> message: 13,8,9,9,14,3,0 -> output: 551
input: 552 -> message: 27,16,8,9,9,0 -> output: 552
input: 553 -> message: 37,22,28,17,9,30,30,0 -> output: 553
input: 554 -> message: 37,13,14,18,14,33,9,9,0 -> output: 554
input: 555 -> message: 27,21,21,21,30,30,0 -> output: 555
input: 556 -> message: 3,33,22,9,30,30,30,0 -> output: 556
input: 557 -> message: 37,33,26,17,26,30,30,0 -> output: 557
input: 558 -> message: 13,17,18,36,18,17,0 -> output: 558
input: 559 -> message: 21,38,7,17,9,9,0 -> output: 559
input: 560 -> message: 23,7,9,9,9,9,9,0 -> output: 560
input: 561 -> message: 1,13,18,17,9,0 -> output: 561
input: 562 -> message: 23,37,14,32,9,18,0 -> output: 562
input: 563 -> message: 23,18,12,17,9,23,0 -> output: 563
input: 564 -> message: 23,39,8,22,9,30,30,30,0 -> output: 564
input: 565 -> message: 24,14,9,9,30,0 -> output: 565
input: 566 -> message: 3,18,7,17,9,23,30,0 -> output: 566
input: 567 -> message: 14,33,16,17,9,14,30,30,0 -> output: 567
input: 568 -> message: 27,12,17,9,30,0 -> output: 568
input: 569 -> message: 13,26,13,3,0 -> output: 569
input: 570 -> message: 21,4,16,13,9,30,30,0 -> output: 570
input: 571 -> message: 37,18,12,17,18,9,9,0 -> output: 255
input: 572 -> message: 14,25,39,17,9,30,30,0 -> output: 572
input: 573 -> message: 3,30,30,17,17,30,0 -> output: 573
input: 574 -> message: 14,3,30,3,9,9,9,0 -> output: 256
input: 575 -> message: 24,14,38,14,30,0 -> output: 575
input: 576 -> message: 3,13,32,32,9,23,30,30,0 -> output: 576
input: 577 -> message: 10,27,6,9,0 -> output: 577
input: 578 -> message: 27,11,6,23,30,30,0 -> output: 578
input: 579 -> message: 39,1,38,24,30,30,30,0 -> output: 579
input: 580 -> message: 26,33,37,9,14,30,0 -> output: 580
input: 581 -> message: 23,25,14,9,9,30,0 -> output: 581
input: 582 -> message: 23,37,14,14,2,0 -> output: 582
input: 583 -> message: 25,23,6,4,9,9,0 -> output: 583
input: 584 -> message: 30,13,26,39,9,9,0 -> output: 584
input: 585 -> message: 3,11,17,9,30,0 -> output: 585
input: 586 -> message: 14,26,34,21,36,30,30,0 -> output: 586
input: 587 -> message: 30,26,25,14,18,0 -> output: 587
input: 588 -> message: 37,26,6,17,9,30,30,0 -> output: 588
input: 589 -> message: 23,17,37,3,30,30,0 -> output: 589
input: 590 -> message: 25,26,17,9,30,30,0 -> output: 590
input: 591 -> message: 14,18,12,17,9,30,30,0 -> output: 545
input: 592 -> message: 21,14,30,30,30,30,30,30,0 -> output: 592
input: 593 -> message: 23,17,7,23,17,9,0 -> output: 593
input: 594 -> message: 14,22,38,9,21,30,30,30,0 -> output: 594
input: 595 -> message: 14,33,37,13,9,30,30,0 -> output: 595
input: 596 -> message: 14,13,22,37,9,9,9,23,0 -> output: 247
input: 597 -> message: 37,36,2,17,9,30,30,0 -> output: 597
input: 598 -> message: 24,21,9,14,0 -> output: 598
input: 599 -> message: 14,4,36,21,36,30,30,0 -> output: 599
input: 600 -> message: 4,14,21,14,30,0 -> output: 600
input: 601 -> message: 21,14,14,38,5,0 -> output: 601
input: 602 -> message: 21,36,14,9,17,30,0 -> output: 602
input: 603 -> message: 21,27,38,9,18,14,0 -> output: 603
input: 604 -> message: 37,33,5,22,30,30,30,30,0 -> output: 604
input: 605 -> message: 23,22,36,9,14,30,30,30,0 -> output: 605
input: 606 -> message: 14,22,14,21,21,30,30,0 -> output: 606
input: 607 -> message: 23,25,19,17,9,9,9,0 -> output: 607
input: 608 -> message: 3,33,34,22,30,30,30,30,0 -> output: 608
input: 609 -> message: 23,7,17,13,30,30,30,0 -> output: 609
input: 610 -> message: 3,33,6,17,9,30,30,0 -> output: 610
input: 611 -> message: 33,14,14,30,30,30,0 -> output: 1
input: 612 -> message: 27,27,26,23,9,30,30,0 -> output: 612
input: 613 -> message: 3,13,7,32,9,30,30,30,0 -> output: 613
input: 614 -> message: 14,13,18,3,9,9,23,0 -> output: 750
input: 615 -> message: 3,38,7,17,17,9,0 -> output: 615
input: 616 -> message: 36,17,14,39,14,0 -> output: 616
input: 617 -> message: 14,33,26,17,26,18,30,0 -> output: 358
input: 618 -> message: 23,38,14,23,30,30,30,0 -> output: 618
input: 619 -> message: 3,37,14,24,9,14,0 -> output: 619
input: 620 -> message: 21,10,25,9,17,18,0 -> output: 620
input: 621 -> message: 14,13,31,9,21,21,30,30,0 -> output: 621
input: 622 -> message: 23,13,38,18,13,37,9,0 -> output: 622
input: 623 -> message: 18,7,18,17,18,14,0 -> output: 623
input: 624 -> message: 30,31,21,30,0 -> output: 624
input: 625 -> message: 14,13,7,24,9,9,9,9,0 -> output: 220
input: 626 -> message: 14,38,33,39,39,23,30,0 -> output: 626
input: 627 -> message: 14,13,8,18,21,30,30,30,30,0 -> output: 627
input: 628 -> message: 26,39,32,9,30,30,0 -> output: 628
input: 629 -> message: 14,18,19,17,9,18,9,0 -> output: 185
input: 630 -> message: 37,18,21,9,9,30,30,0 -> output: 630
input: 631 -> message: 39,30,22,39,9,9,0 -> output: 631
input: 632 -> message: 37,26,12,17,9,9,9,0 -> output: 632
input: 633 -> message: 27,22,14,9,30,30,0 -> output: 633
input: 634 -> message: 3,18,14,24,17,9,0 -> output: 634
input: 635 -> message: 37,33,1,25,14,30,30,0 -> output: 635
input: 636 -> message: 24,39,30,30,0 -> output: 636
input: 637 -> message: 14,38,28,17,9,30,30,0 -> output: 637
input: 638 -> message: 26,28,9,9,30,0 -> output: 638
input: 639 -> message: 26,13,18,39,17,0 -> output: 639
input: 640 -> message: 37,38,12,17,23,30,30,0 -> output: 640
input: 641 -> message: 21,13,18,36,30,0 -> output: 641
input: 642 -> message: 23,10,33,21,3,3,23,0 -> output: 642
input: 643 -> message: 3,19,3,14,14,0 -> output: 643
input: 644 -> message: 23,25,30,9,9,30,30,0 -> output: 644
input: 645 -> message: 4,37,24,14,0 -> output: 645
input: 646 -> message: 23,13,38,1,13,3,3,0 -> output: 646
input: 647 -> message: 23,7,38,21,30,30,30,0 -> output: 647
input: 648 -> message: 23,25,38,9,14,30,30,0 -> output: 648
input: 649 -> message: 3,38,32,17,18,30,0 -> output: 649
input: 650 -> message: 37,27,18,30,9,14,30,0 -> output: 650
input: 651 -> message: 1,37,14,24,9,14,30,0 -> output: 651
input: 652 -> message: 30,27,14,9,14,30,0 -> output: 652
input: 653 -> message: 21,38,28,9,23,30,0 -> output: 653
input: 654 -> message: 10,37,6,9,0 -> output: 654
input: 655 -> message: 27,14,12,15,9,30,30,0 -> output: 655
input: 656 -> message: 21,30,36,17,30,30,0 -> output: 656
input: 657 -> message: 4,14,16,0 -> output: 657
input: 658 -> message: 23,13,38,18,21,30,30,0 -> output: 622
input: 659 -> message: 3,33,30,17,9,30,30,0 -> output: 659
input: 660 -> message: 30,13,28,18,37,17,9,0 -> output: 660
input: 661 -> message: 14,16,26,4,18,9,14,30,0 -> output: 456
input: 662 -> message: 37,33,37,9,23,30,30,0 -> output: 662
input: 663 -> message: 14,26,30,38,9,23,30,30,0 -> output: 663
input: 664 -> message: 23,13,18,32,9,23,30,0 -> output: 664
input: 665 -> message: 23,13,8,18,9,9,9,9,0 -> output: 665
input: 666 -> message: 3,26,26,18,17,30,0 -> output: 666
input: 667 -> message: 24,14,30,14,30,30,0 -> output: 667
input: 668 -> message: 27,11,14,27,27,3,3,0 -> output: 668
input: 669 -> message: 19,19,9,18,0 -> output: 669
input: 670 -> message: 23,38,12,17,9,9,0 -> output: 670
input: 671 -> message: 3,22,38,32,21,30,30,0 -> output: 671
input: 672 -> message: 21,38,14,15,9,14,30,0 -> output: 672
input: 673 -> message: 14,18,32,9,18,9,23,0 -> output: 545
input: 674 -> message: 11,14,2,0 -> output: 674
input: 675 -> message: 13,37,26,17,14,0 -> output: 675
input: 676 -> message: 23,5,23,9,18,30,0 -> output: 676
input: 677 -> message: 3,30,36,39,17,30,0 -> output: 677
input: 678 -> message: 3,37,32,17,9,30,0 -> output: 678
input: 679 -> message: 23,30,18,9,18,30,0 -> output: 679
input: 680 -> message: 24,37,6,9,36,0 -> output: 680
input: 681 -> message: 24,38,18,9,37,30,0 -> output: 681
input: 682 -> message: 3,22,17,9,9,9,9,0 -> output: 682
input: 683 -> message: 21,26,27,9,23,30,0 -> output: 683
input: 684 -> message: 37,18,14,9,17,23,30,0 -> output: 133
input: 685 -> message: 14,3,7,17,9,9,9,0 -> output: 685
input: 686 -> message: 37,36,7,39,17,18,30,0 -> output: 686
input: 687 -> message: 37,13,33,12,9,18,9,9,0 -> output: 687
input: 688 -> message: 3,22,22,26,9,9,9,30,0 -> output: 688
input: 689 -> message: 27,26,28,23,30,30,0 -> output: 689
input: 690 -> message: 24,30,17,30,30,0 -> output: 690
input: 691 -> message: 1,27,23,14,30,0 -> output: 691
input: 692 -> message: 23,26,26,23,17,30,30,0 -> output: 692
input: 693 -> message: 21,28,25,17,28,0 -> output: 693
input: 694 -> message: 3,13,6,6,9,30,30,0 -> output: 694
input: 695 -> message: 14,22,22,22,28,9,14,30,0 -> output: 695
input: 696 -> message: 14,16,18,9,14,30,0 -> output: 696
input: 697 -> message: 27,39,33,27,38,9,9,0 -> output: 697
input: 698 -> message: 27,14,16,33,3,36,0 -> output: 698
input: 699 -> message: 3,22,37,9,9,30,30,0 -> output: 699
input: 700 -> message: 10,11,23,9,30,0 -> output: 700
input: 701 -> message: 3,25,4,17,9,9,9,0 -> output: 701
input: 702 -> message: 3,26,38,26,26,30,30,0 -> output: 702
input: 703 -> message: 3,36,7,17,17,18,30,0 -> output: 703
input: 704 -> message: 23,33,37,1,23,30,30,0 -> output: 229
input: 705 -> message: 14,18,24,23,9,9,9,0 -> output: 705
input: 706 -> message: 24,37,10,9,30,0 -> output: 706
input: 707 -> message: 23,33,22,9,30,30,30,0 -> output: 707
input: 708 -> message: 21,10,4,9,14,36,0 -> output: 708
input: 709 -> message: 21,16,30,9,30,30,30,0 -> output: 709
input: 710 -> message: 37,33,8,28,17,23,23,30,0 -> output: 710
input: 711 -> message: 3,3,24,17,9,23,30,0 -> output: 711
input: 712 -> message: 3,22,30,17,9,30,30,0 -> output: 712
input: 713 -> message: 24,37,26,22,0 -> output: 713
input: 714 -> message: 14,25,33,3,23,30,30,0 -> output: 714
input: 715 -> message: 21,26,14,6,9,30,30,30,0 -> output: 715
input: 716 -> message: 30,36,12,9,17,18,0 -> output: 716
input: 717 -> message: 14,4,28,23,14,30,30,30,0 -> output: 717
input: 718 -> message: 14,3,6,6,17,9,14,0 -> output: 718
input: 719 -> message: 13,11,24,37,3,0 -> output: 719
input: 720 -> message: 37,33,24,9,9,9,9,9,0 -> output: 720
input: 721 -> message: 14,25,26,3,9,23,30,30,0 -> output: 721
input: 722 -> message: 21,26,36,17,18,30,0 -> output: 722
input: 723 -> message: 37,27,24,9,9,9,9,0 -> output: 723
input: 724 -> message: 14,25,25,13,9,9,23,0 -> output: 724
input: 725 -> message: 38,27,23,30,30,0 -> output: 725
input: 726 -> message: 27,38,17,9,17,23,30,0 -> output: 726
input: 727 -> message: 39,30,22,39,9,30,30,30,0 -> output: 631
input: 728 -> message: 3,27,12,17,9,9,9,0 -> output: 728
input: 729 -> message: 27,37,23,33,3,0 -> output: 729
input: 730 -> message: 25,27,33,9,30,0 -> output: 730
input: 731 -> message: 25,37,14,30,30,30,0 -> output: 731
input: 732 -> message: 37,16,14,17,30,30,0 -> output: 732
input: 733 -> message: 26,19,10,9,0 -> output: 733
input: 734 -> message: 21,24,17,3,30,30,0 -> output: 734
input: 735 -> message: 14,27,30,18,30,30,30,0 -> output: 271
input: 736 -> message: 14,4,22,17,30,30,30,0 -> output: 736
input: 737 -> message: 14,13,37,9,21,30,30,30,0 -> output: 737
input: 738 -> message: 3,22,28,17,9,30,30,0 -> output: 738
input: 739 -> message: 3,13,7,32,9,30,30,30,0 -> output: 613
input: 740 -> message: 1,14,30,13,30,30,0 -> output: 740
input: 741 -> message: 27,7,39,9,9,9,0 -> output: 741
input: 742 -> message: 30,27,30,9,30,30,0 -> output: 742
input: 743 -> message: 37,18,14,7,9,23,23,0 -> output: 133
input: 744 -> message: 37,33,11,24,9,9,9,9,0 -> output: 744
input: 745 -> message: 39,36,22,9,30,30,0 -> output: 745
input: 746 -> message: 37,30,38,14,30,30,30,0 -> output: 746
input: 747 -> message: 23,37,39,37,3,3,0 -> output: 747
input: 748 -> message: 38,37,35,9,36,0 -> output: 748
input: 749 -> message: 30,13,14,7,9,9,9,0 -> output: 749
input: 750 -> message: 14,13,18,9,18,23,23,0 -> output: 750
input: 751 -> message: 23,26,28,17,9,23,0 -> output: 751
input: 752 -> message: 37,18,19,21,9,9,9,0 -> output: 752
input: 753 -> message: 14,26,6,32,9,18,9,30,0 -> output: 235
input: 754 -> message: 3,26,18,21,30,30,30,0 -> output: 754
input: 755 -> message: 3,14,36,17,30,30,0 -> output: 755
input: 756 -> message: 27,39,21,21,0 -> output: 756
input: 757 -> message: 21,17,11,9,17,9,23,0 -> output: 757
input: 758 -> message: 37,18,28,9,18,23,23,0 -> output: 758
input: 759 -> message: 3,3,25,9,14,30,0 -> output: 759
input: 760 -> message: 13,38,30,37,36,3,3,0 -> output: 760
input: 761 -> message: 23,1,14,9,9,30,30,0 -> output: 761
input: 762 -> message: 37,27,22,26,18,30,30,0 -> output: 762
input: 763 -> message: 14,26,28,9,9,23,30,0 -> output: 763
input: 764 -> message: 14,14,17,30,33,17,18,14,0 -> output: 764
input: 765 -> message: 14,36,12,17,9,9,9,0 -> output: 272
input: 766 -> message: 24,26,24,23,3,0 -> output: 766
input: 767 -> message: 23,22,17,37,30,30,30,0 -> output: 767
input: 768 -> message: 23,22,14,4,23,23,30,30,0 -> output: 768
input: 769 -> message: 23,38,6,17,9,9,0 -> output: 769
input: 770 -> message: 23,30,30,30,30,30,0 -> output: 770
input: 771 -> message: 21,37,25,23,9,30,30,0 -> output: 771
input: 772 -> message: 14,13,38,18,36,39,23,30,30,0 -> output: 772
input: 773 -> message: 14,4,14,27,17,9,14,30,0 -> output: 773
input: 774 -> message: 11,37,37,30,30,0 -> output: 774
input: 775 -> message: 14,13,6,22,30,30,30,30,0 -> output: 360
input: 776 -> message: 23,39,33,3,30,30,30,0 -> output: 776
input: 777 -> message: 37,26,7,9,21,23,30,30,0 -> output: 777
input: 778 -> message: 3,13,18,30,23,23,30,0 -> output: 778
input: 779 -> message: 23,28,13,9,30,30,30,0 -> output: 779
input: 780 -> message: 14,27,15,17,9,9,9,0 -> output: 780
input: 781 -> message: 25,37,36,23,30,30,0 -> output: 781
input: 782 -> message: 23,22,14,33,33,3,3,3,0 -> output: 782
input: 783 -> message: 38,14,14,24,0 -> output: 783
input: 784 -> message: 3,37,38,14,36,30,0 -> output: 784
input: 785 -> message: 21,27,2,32,9,30,30,0 -> output: 785
input: 786 -> message: 30,27,24,9,14,30,30,0 -> output: 786
input: 787 -> message: 18,26,18,18,0 -> output: 787
input: 788 -> message: 21,38,11,17,18,30,0 -> output: 788
input: 789 -> message: 25,27,9,9,30,0 -> output: 789
input: 790 -> message: 25,26,7,23,9,30,0 -> output: 790
input: 791 -> message: 37,7,18,9,18,30,0 -> output: 791
input: 792 -> message: 23,18,38,9,17,9,30,30,0 -> output: 792
input: 793 -> message: 13,14,16,9,30,0 -> output: 793
input: 794 -> message: 3,13,30,17,9,30,30,0 -> output: 794
input: 795 -> message: 14,13,36,37,30,30,30,0 -> output: 795
input: 796 -> message: 14,22,19,9,9,9,9,0 -> output: 796
input: 797 -> message: 1,13,34,10,30,30,0 -> output: 797
input: 798 -> message: 37,18,26,9,9,9,0 -> output: 798
input: 799 -> message: 21,26,12,17,9,9,0 -> output: 799
input: 800 -> message: 23,7,26,9,30,30,0 -> output: 800
input: 801 -> message: 1,13,28,13,33,3,23,0 -> output: 801
input: 802 -> message: 14,26,24,17,3,23,30,0 -> output: 807
input: 803 -> message: 14,14,10,23,26,30,30,0 -> output: 803
input: 804 -> message: 14,22,36,9,21,30,30,0 -> output: 423
input: 805 -> message: 21,10,28,9,36,0 -> output: 805
input: 806 -> message: 3,13,9,17,30,30,30,0 -> output: 806
input: 807 -> message: 14,26,24,17,21,30,30,0 -> output: 807
input: 808 -> message: 30,30,36,9,30,30,0 -> output: 808
input: 809 -> message: 39,13,22,17,18,30,30,0 -> output: 809
input: 810 -> message: 14,3,30,21,30,30,30,0 -> output: 256
input: 811 -> message: 21,1,32,9,30,0 -> output: 811
input: 812 -> message: 14,30,31,17,18,30,0 -> output: 115
input: 813 -> message: 37,3,12,9,9,9,9,0 -> output: 813
input: 814 -> message: 14,13,26,9,18,9,0 -> output: 90
input: 815 -> message: 23,33,30,17,3,30,30,0 -> output: 911
input: 816 -> message: 23,33,17,37,19,9,14,30,0 -> output: 816
input: 817 -> message: 37,33,36,17,9,17,9,14,0 -> output: 817
input: 818 -> message: 14,22,38,23,21,30,30,30,0 -> output: 594
input: 819 -> message: 3,22,26,32,30,30,30,0 -> output: 819
input: 820 -> message: 3,22,18,21,18,9,30,0 -> output: 820
input: 821 -> message: 22,30,34,26,30,0 -> output: 821
input: 822 -> message: 21,38,37,21,21,30,0 -> output: 822
input: 823 -> message: 37,8,39,9,9,9,0 -> output: 823
input: 824 -> message: 27,39,22,22,36,0 -> output: 824
input: 825 -> message: 21,17,37,17,23,30,0 -> output: 825
input: 826 -> message: 21,27,12,9,14,30,30,0 -> output: 826
input: 827 -> message: 14,38,37,9,21,30,30,0 -> output: 827
input: 828 -> message: 37,27,2,17,9,30,30,0 -> output: 828
input: 829 -> message: 14,39,38,37,9,9,9,9,0 -> output: 829
input: 830 -> message: 23,38,28,17,9,30,0 -> output: 830
input: 831 -> message: 3,33,6,17,9,30,30,0 -> output: 610
input: 832 -> message: 3,3,12,9,9,9,0 -> output: 487
input: 833 -> message: 3,22,9,9,9,9,0 -> output: 833
input: 834 -> message: 21,17,26,26,0 -> output: 834
input: 835 -> message: 3,14,30,23,30,30,30,0 -> output: 835
input: 836 -> message: 3,38,3,14,30,30,0 -> output: 836
input: 837 -> message: 23,13,28,9,9,9,9,0 -> output: 837
input: 838 -> message: 21,17,33,17,21,30,0 -> output: 838
input: 839 -> message: 14,13,2,32,9,9,9,0 -> output: 839
input: 840 -> message: 17,14,17,0 -> output: 840
input: 841 -> message: 3,27,7,28,9,30,30,30,0 -> output: 841
input: 842 -> message: 14,33,34,37,27,9,14,30,0 -> output: 842
input: 843 -> message: 37,13,19,13,33,18,9,9,0 -> output: 164
input: 844 -> message: 21,21,6,9,9,9,0 -> output: 844
input: 845 -> message: 30,30,26,9,30,0 -> output: 845
input: 846 -> message: 14,25,28,23,21,30,30,30,0 -> output: 846
input: 847 -> message: 23,13,19,9,9,9,0 -> output: 847
input: 848 -> message: 14,38,26,4,9,9,9,0 -> output: 94
input: 849 -> message: 37,13,19,18,9,18,9,9,0 -> output: 874
input: 850 -> message: 14,14,8,18,9,9,9,9,0 -> output: 850
input: 851 -> message: 37,37,19,17,14,30,0 -> output: 70
input: 852 -> message: 21,26,30,17,18,30,30,0 -> output: 852
input: 853 -> message: 14,27,2,17,9,14,30,30,0 -> output: 853
input: 854 -> message: 38,17,17,9,9,0 -> output: 854
input: 855 -> message: 21,27,22,9,30,30,30,0 -> output: 855
input: 856 -> message: 3,13,19,13,9,9,9,0 -> output: 856
input: 857 -> message: 14,13,36,33,21,30,30,0 -> output: 795
input: 858 -> message: 36,17,25,17,30,0 -> output: 858
input: 859 -> message: 14,25,38,24,17,23,17,9,30,0 -> output: 859
input: 860 -> message: 23,30,26,13,37,30,0 -> output: 860
input: 861 -> message: 23,1,36,23,9,30,0 -> output: 861
input: 862 -> message: 26,38,38,1,17,28,30,0 -> output: 862
input: 863 -> message: 37,33,34,22,30,30,30,30,0 -> output: 863
input: 864 -> message: 37,36,28,23,36,36,30,0 -> output: 864
input: 865 -> message: 23,13,36,33,36,36,36,0 -> output: 865
input: 866 -> message: 14,3,2,17,9,9,0 -> output: 172
input: 867 -> message: 3,36,12,9,17,9,0 -> output: 867
input: 868 -> message: 14,18,6,17,9,9,0 -> output: 868
input: 869 -> message: 14,27,22,9,30,30,30,0 -> output: 196
input: 870 -> message: 23,30,27,9,30,30,30,0 -> output: 870
input: 871 -> message: 23,17,17,39,9,9,0 -> output: 871
input: 872 -> message: 21,21,25,9,21,21,30,0 -> output: 872
input: 873 -> message: 14,18,26,32,9,9,9,0 -> output: 146
input: 874 -> message: 37,13,19,18,17,17,18,9,0 -> output: 874
input: 875 -> message: 3,13,26,9,9,23,0 -> output: 148
input: 876 -> message: 33,21,6,9,9,9,0 -> output: 1
input: 877 -> message: 37,27,6,9,9,9,9,0 -> output: 877
input: 878 -> message: 10,14,36,14,26,0 -> output: 878
input: 879 -> message: 3,27,2,9,9,23,30,30,0 -> output: 879
input: 880 -> message: 25,12,21,9,30,0 -> output: 880
input: 881 -> message: 21,37,14,14,14,14,0 -> output: 881
input: 882 -> message: 23,12,38,9,23,30,0 -> output: 882
input: 883 -> message: 14,33,30,17,26,30,30,0 -> output: 168
input: 884 -> message: 37,36,14,7,23,23,30,0 -> output: 884
input: 885 -> message: 14,38,26,39,9,23,30,30,0 -> output: 94
input: 886 -> message: 14,33,17,23,30,30,30,30,0 -> output: 926
input: 887 -> message: 14,22,6,3,0 -> output: 887
input: 888 -> message: 3,13,34,15,9,23,30,30,0 -> output: 888
input: 889 -> message: 23,26,39,17,9,30,0 -> output: 889
input: 890 -> message: 24,33,36,3,0 -> output: 890
input: 891 -> message: 3,33,21,21,30,30,30,30,0 -> output: 891
input: 892 -> message: 11,37,4,30,0 -> output: 892
input: 893 -> message: 3,27,18,17,26,30,30,0 -> output: 893
input: 894 -> message: 26,13,30,21,30,30,0 -> output: 894
input: 895 -> message: 23,7,26,9,30,30,0 -> output: 800
input: 896 -> message: 27,28,22,9,14,30,0 -> output: 896
input: 897 -> message: 14,16,30,38,9,30,30,0 -> output: 897
input: 898 -> message: 14,36,14,21,9,30,30,0 -> output: 898
input: 899 -> message: 3,13,26,9,9,0 -> output: 148
input: 900 -> message: 23,14,7,37,17,18,0 -> output: 900
input: 901 -> message: 37,33,38,37,33,9,30,30,0 -> output: 901
input: 902 -> message: 33,37,19,21,21,30,30,0 -> output: 1
input: 903 -> message: 27,39,9,33,0 -> output: 903
input: 904 -> message: 24,16,28,30,30,0 -> output: 904
input: 905 -> message: 3,3,7,9,9,9,9,0 -> output: 905
input: 906 -> message: 14,18,18,9,9,23,30,0 -> output: 906
input: 907 -> message: 23,21,9,9,9,9,9,0 -> output: 907
input: 908 -> message: 3,18,19,17,9,23,30,0 -> output: 908
input: 909 -> message: 1,13,26,17,9,30,0 -> output: 909
input: 910 -> message: 25,11,30,26,30,0 -> output: 910
input: 911 -> message: 23,33,30,17,28,30,30,30,0 -> output: 911
input: 912 -> message: 14,33,8,37,30,30,30,30,0 -> output: 457
input: 913 -> message: 26,32,17,30,30,0 -> output: 913
input: 914 -> message: 37,26,36,9,17,18,30,0 -> output: 914
input: 915 -> message: 3,27,22,18,9,30,0 -> output: 915
input: 916 -> message: 21,27,24,17,9,30,0 -> output: 916
input: 917 -> message: 14,13,31,32,9,23,30,30,0 -> output: 621
input: 918 -> message: 14,38,37,30,30,30,30,0 -> output: 827
input: 919 -> message: 23,13,14,21,33,3,3,3,0 -> output: 919
input: 920 -> message: 23,24,21,36,36,30,30,0 -> output: 920
input: 921 -> message: 14,13,5,37,30,30,30,30,0 -> output: 921
input: 922 -> message: 37,13,18,33,23,23,30,0 -> output: 267
input: 923 -> message: 23,13,38,38,33,33,3,3,3,3,0 -> output: 923
input: 924 -> message: 37,26,38,21,23,30,30,30,0 -> output: 924
input: 925 -> message: 23,38,37,9,9,23,30,0 -> output: 925
input: 926 -> message: 14,33,17,39,9,9,9,14,30,0 -> output: 926
input: 927 -> message: 5,35,9,0 -> output: 927
input: 928 -> message: 21,38,19,17,23,23,23,30,0 -> output: 928
input: 929 -> message: 27,39,17,13,33,3,0 -> output: 929
input: 930 -> message: 3,18,14,18,14,30,30,0 -> output: 930
input: 931 -> message: 13,39,36,10,9,9,9,0 -> output: 931
input: 932 -> message: 24,10,24,30,30,0 -> output: 932
input: 933 -> message: 14,22,22,23,30,30,30,0 -> output: 695
input: 934 -> message: 27,17,17,33,3,3,0 -> output: 934
input: 935 -> message: 3,16,25,9,14,30,0 -> output: 935
input: 936 -> message: 30,26,12,9,17,9,0 -> output: 936
input: 937 -> message: 14,33,21,37,9,21,30,30,0 -> output: 937
input: 938 -> message: 23,17,14,17,21,30,0 -> output: 938
input: 939 -> message: 14,39,14,30,9,9,30,0 -> output: 939
input: 940 -> message: 3,36,24,17,30,30,30,0 -> output: 940
input: 941 -> message: 26,17,9,17,18,0 -> output: 941
input: 942 -> message: 23,13,38,1,17,9,30,30,0 -> output: 646
input: 943 -> message: 3,36,24,21,30,30,0 -> output: 940
input: 944 -> message: 30,13,31,17,9,30,30,0 -> output: 944
input: 945 -> message: 14,33,26,17,26,30,30,0 -> output: 358
input: 946 -> message: 39,13,38,37,21,30,30,30,0 -> output: 946
input: 947 -> message: 14,16,38,37,17,18,30,30,0 -> output: 947
input: 948 -> message: 3,13,37,2,3,3,3,9,0 -> output: 948
input: 949 -> message: 21,19,26,23,39,30,30,0 -> output: 949
input: 950 -> message: 30,37,2,17,9,0 -> output: 950
input: 951 -> message: 37,33,6,22,30,30,30,30,0 -> output: 951
input: 952 -> message: 26,39,30,13,33,23,0 -> output: 952
input: 953 -> message: 14,38,12,17,9,23,30,0 -> output: 953
input: 954 -> message: 10,11,4,14,30,0 -> output: 954
input: 955 -> message: 3,13,14,17,9,30,30,0 -> output: 955
input: 956 -> message: 14,3,18,9,9,9,9,0 -> output: 956
input: 957 -> message: 27,39,39,24,23,14,0 -> output: 957
input: 958 -> message: 14,13,31,11,9,30,30,30,0 -> output: 621
input: 959 -> message: 23,22,26,21,9,30,30,0 -> output: 959
input: 960 -> message: 21,14,14,25,10,9,9,9,0 -> output: 960
input: 961 -> message: 23,33,18,3,3,30,30,30,0 -> output: 961
input: 962 -> message: 21,25,28,13,21,30,30,30,0 -> output: 962
input: 963 -> message: 3,10,4,9,14,30,0 -> output: 963
input: 964 -> message: 1,27,36,9,30,0 -> output: 964
input: 965 -> message: 13,37,30,30,9,37,3,0 -> output: 965
input: 966 -> message: 23,38,17,17,28,23,23,0 -> output: 966
input: 967 -> message: 26,11,27,3,27,0 -> output: 967
input: 968 -> message: 27,2,27,9,36,9,0 -> output: 968
input: 969 -> message: 23,33,14,14,30,30,30,0 -> output: 969
input: 970 -> message: 21,38,36,23,21,30,30,0 -> output: 970
input: 971 -> message: 37,28,17,9,30,0 -> output: 971
input: 972 -> message: 3,27,6,9,9,30,30,0 -> output: 972
input: 973 -> message: 30,13,7,32,9,30,30,0 -> output: 973
input: 974 -> message: 24,38,34,23,17,23,0 -> output: 974
input: 975 -> message: 14,4,26,9,14,30,30,0 -> output: 975
input: 976 -> message: 14,33,38,33,17,30,30,30,0 -> output: 976
input: 977 -> message: 14,33,32,17,28,30,30,0 -> output: 977
input: 978 -> message: 27,39,36,36,36,0 -> output: 978
input: 979 -> message: 21,39,6,19,9,18,0 -> output: 979
input: 980 -> message: 37,13,28,17,9,18,30,0 -> output: 243
input: 981 -> message: 14,18,12,9,18,9,23,0 -> output: 545
input: 982 -> message: 3,33,17,3,23,30,30,30,0 -> output: 982
input: 983 -> message: 26,37,14,23,9,30,30,0 -> output: 983
input: 984 -> message: 39,38,38,24,17,17,9,14,0 -> output: 984
input: 985 -> message: 25,10,15,9,14,30,0 -> output: 985
input: 986 -> message: 1,17,14,17,0 -> output: 986
input: 987 -> message: 29,37,22,13,0 -> output: 987
input: 988 -> message: 25,14,19,9,36,0 -> output: 988
input: 989 -> message: 14,13,18,21,18,9,9,0 -> output: 750
input: 990 -> message: 3,38,24,17,17,18,0 -> output: 990
input: 991 -> message: 14,27,1,21,24,9,9,0 -> output: 991
input: 992 -> message: 30,27,7,32,9,30,30,0 -> output: 992
input: 993 -> message: 37,33,30,17,18,14,30,0 -> output: 476
input: 994 -> message: 17,37,4,30,0 -> output: 994
input: 995 -> message: 14,22,22,9,30,30,30,0 -> output: 695
input: 996 -> message: 37,33,17,9,17,9,9,9,0 -> output: 996
input: 997 -> message: 37,27,9,17,9,9,9,0 -> output: 997
input: 998 -> message: 23,33,26,21,21,30,30,0 -> output: 998
input: 999 -> message: 27,21,17,23,9,9,0 -> output: 999
{"powerlaw": 0.9782628417015076, "unif": 0.906}
Epoch: 101
Impatient score=4530
Epoch: 102
Impatient score=4681
Epoch: 103
Impatient score=4542
Epoch: 104
Impatient score=4483
Epoch: 105
Impatient score=4465
Epoch: 106
Impatient score=4386
Epoch: 107
Impatient score=4383
Epoch: 108
Impatient score=4172
Epoch: 109
Impatient score=4102
Epoch: 110
Impatient score=4040
Epoch: 111
Impatient score=4025
Epoch: 112
Impatient score=4040
Epoch: 113
Impatient score=3994
Epoch: 114
Impatient score=3853
Epoch: 115
Impatient score=3891
Epoch: 116
Impatient score=3907
Epoch: 117
Impatient score=4052
Epoch: 118
Impatient score=4019
Epoch: 119
Impatient score=3922
Epoch: 120
Impatient score=3999
Epoch: 121
Impatient score=4000
Epoch: 122
Impatient score=3762
Epoch: 123
Impatient score=3863
Epoch: 124
Impatient score=3923
Epoch: 125
Impatient score=3665
{"powerlaw": 0.9842996597290039, "unif": 0.924}
Epoch: 126
Impatient score=3577
Epoch: 127
Impatient score=3620
Epoch: 128
Impatient score=3631
Epoch: 129
Impatient score=3542
Epoch: 130
Impatient score=3544
Epoch: 131
Impatient score=3481
Epoch: 132
Impatient score=3440
Epoch: 133
Impatient score=3497
Epoch: 134
Impatient score=3362
Epoch: 135
Impatient score=3448
Epoch: 136
Impatient score=3345
Epoch: 137
Impatient score=3322
Epoch: 138
Impatient score=3324
Epoch: 139
Impatient score=3242
Epoch: 140
Impatient score=3315
Epoch: 141
Impatient score=3534
Epoch: 142
Impatient score=3360
Epoch: 143
Impatient score=3277
Epoch: 144
Impatient score=3282
Epoch: 145
Impatient score=3336
Epoch: 146
Impatient score=3297
Epoch: 147
Impatient score=3278
Epoch: 148
Impatient score=3191
Epoch: 149
Impatient score=3214
Epoch: 150
Impatient score=3351
{"powerlaw": 0.9888249039649963, "unif": 0.949}
Epoch: 151
Impatient score=3311
Epoch: 152
Impatient score=3235
Epoch: 153
Impatient score=3269
Epoch: 154
Impatient score=3227
Epoch: 155
Impatient score=3125
Epoch: 156
Impatient score=3176
Epoch: 157
Impatient score=3209
Epoch: 158
Impatient score=3260
Epoch: 159
Impatient score=3222
Epoch: 160
Impatient score=3345
Epoch: 161
Impatient score=3308
Epoch: 162
Impatient score=3129
Epoch: 163
Impatient score=3136
Epoch: 164
Impatient score=3196
Epoch: 165
Impatient score=3293
Epoch: 166
Impatient score=3229
Epoch: 167
Impatient score=3198
Epoch: 168
Impatient score=3129
Epoch: 169
Impatient score=3154
Epoch: 170
Impatient score=3119
Epoch: 171
Impatient score=3157
Epoch: 172
Impatient score=3303
Epoch: 173
Impatient score=3167
Epoch: 174
Impatient score=3314
Epoch: 175
Impatient score=3084
{"powerlaw": 0.9906596541404724, "unif": 0.956}
Epoch: 176
Impatient score=3128
Epoch: 177
Impatient score=3118
Epoch: 178
Impatient score=3190
Epoch: 179
Impatient score=3118
Epoch: 180
Impatient score=3162
Epoch: 181
Impatient score=3113
Epoch: 182
Impatient score=3113
Epoch: 183
Impatient score=3175
Epoch: 184
Impatient score=3037
Epoch: 185
Impatient score=3052
Epoch: 186
Impatient score=2977
Epoch: 187
Impatient score=3047
Epoch: 188
Impatient score=3074
Epoch: 189
Impatient score=3170
Epoch: 190
Impatient score=3146
Epoch: 191
Impatient score=3111
Epoch: 192
Impatient score=3097
Epoch: 193
Impatient score=3152
Epoch: 194
Impatient score=3140
Epoch: 195
Impatient score=2999
Epoch: 196
Impatient score=3126
Epoch: 197
Impatient score=3144
Epoch: 198
Impatient score=3088
Epoch: 199
Impatient score=3062
Epoch: 200
Impatient score=3076
input: 0 -> message: 39,0 -> output: 0
input: 1 -> message: 33,0 -> output: 1
input: 2 -> message: 37,0 -> output: 2
input: 3 -> message: 27,33,0 -> output: 3
input: 4 -> message: 18,0 -> output: 4
input: 5 -> message: 14,14,0 -> output: 5
input: 6 -> message: 18,33,0 -> output: 6
input: 7 -> message: 39,39,36,0 -> output: 7
input: 8 -> message: 0 -> output: 8
input: 9 -> message: 14,14,13,0 -> output: 9
input: 10 -> message: 14,14,22,0 -> output: 10
input: 11 -> message: 39,13,0 -> output: 11
input: 12 -> message: 39,7,18,0 -> output: 12
input: 13 -> message: 30,33,33,0 -> output: 13
input: 14 -> message: 13,33,0 -> output: 14
input: 15 -> message: 14,30,0 -> output: 15
input: 16 -> message: 36,22,0 -> output: 16
input: 17 -> message: 14,14,38,7,0 -> output: 17
input: 18 -> message: 18,39,0 -> output: 18
input: 19 -> message: 3,33,0 -> output: 19
input: 20 -> message: 14,14,1,13,0 -> output: 20
input: 21 -> message: 39,22,0 -> output: 21
input: 22 -> message: 26,18,0 -> output: 22
input: 23 -> message: 14,14,16,13,0 -> output: 23
input: 24 -> message: 22,33,0 -> output: 24
input: 25 -> message: 30,33,0 -> output: 25
input: 26 -> message: 14,14,25,13,0 -> output: 26
input: 27 -> message: 37,33,33,26,0 -> output: 27
input: 28 -> message: 34,33,0 -> output: 28
input: 29 -> message: 14,14,12,3,0 -> output: 29
input: 30 -> message: 37,33,39,0 -> output: 30
input: 31 -> message: 37,33,33,1,0 -> output: 31
input: 32 -> message: 22,22,14,0 -> output: 32
input: 33 -> message: 27,18,0 -> output: 33
input: 34 -> message: 14,14,17,3,13,0 -> output: 34
input: 35 -> message: 36,14,0 -> output: 35
input: 36 -> message: 14,30,8,0 -> output: 36
input: 37 -> message: 22,22,38,0 -> output: 37
input: 38 -> message: 24,22,0 -> output: 38
input: 39 -> message: 30,22,0 -> output: 39
input: 40 -> message: 27,22,30,0 -> output: 40
input: 41 -> message: 22,18,0 -> output: 41
input: 42 -> message: 22,37,0 -> output: 42
input: 43 -> message: 28,22,0 -> output: 43
input: 44 -> message: 26,18,20,0 -> output: 44
input: 45 -> message: 37,14,8,0 -> output: 45
input: 46 -> message: 26,22,0 -> output: 46
input: 47 -> message: 22,22,17,0 -> output: 47
input: 48 -> message: 22,37,19,0 -> output: 48
input: 49 -> message: 13,22,0 -> output: 49
input: 50 -> message: 37,30,26,0 -> output: 50
input: 51 -> message: 27,22,18,0 -> output: 51
input: 52 -> message: 37,14,33,0 -> output: 52
input: 53 -> message: 2,38,0 -> output: 53
input: 54 -> message: 22,13,39,0 -> output: 54
input: 55 -> message: 22,22,6,0 -> output: 55
input: 56 -> message: 36,30,0 -> output: 56
input: 57 -> message: 21,33,14,0 -> output: 57
input: 58 -> message: 27,22,28,0 -> output: 58
input: 59 -> message: 13,18,0 -> output: 59
input: 60 -> message: 36,30,19,0 -> output: 60
input: 61 -> message: 37,25,0 -> output: 61
input: 62 -> message: 37,30,36,13,0 -> output: 62
input: 63 -> message: 14,10,13,0 -> output: 63
input: 64 -> message: 37,30,21,0 -> output: 64
input: 65 -> message: 21,22,18,0 -> output: 65
input: 66 -> message: 14,9,13,0 -> output: 66
input: 67 -> message: 38,22,0 -> output: 67
input: 68 -> message: 22,24,0 -> output: 68
input: 69 -> message: 36,37,19,0 -> output: 69
input: 70 -> message: 37,37,12,13,0 -> output: 70
input: 71 -> message: 22,14,36,0 -> output: 71
input: 72 -> message: 27,37,6,0 -> output: 72
input: 73 -> message: 37,18,6,13,0 -> output: 73
input: 74 -> message: 37,22,14,7,0 -> output: 74
input: 75 -> message: 6,39,0 -> output: 75
input: 76 -> message: 8,27,0 -> output: 76
input: 77 -> message: 36,37,0 -> output: 77
input: 78 -> message: 14,30,36,13,0 -> output: 78
input: 79 -> message: 30,13,9,0 -> output: 79
input: 80 -> message: 22,25,0 -> output: 80
input: 81 -> message: 22,37,38,14,0 -> output: 81
input: 82 -> message: 22,3,0 -> output: 82
input: 83 -> message: 37,37,27,27,0 -> output: 83
input: 84 -> message: 22,30,38,0 -> output: 84
input: 85 -> message: 21,22,28,0 -> output: 85
input: 86 -> message: 37,18,30,13,0 -> output: 86
input: 87 -> message: 22,14,23,0 -> output: 87
input: 88 -> message: 38,13,0 -> output: 88
input: 89 -> message: 14,38,30,13,0 -> output: 89
input: 90 -> message: 14,18,26,13,0 -> output: 90
input: 91 -> message: 37,22,19,34,0 -> output: 91
input: 92 -> message: 21,4,16,0 -> output: 92
input: 93 -> message: 37,13,22,22,0 -> output: 93
input: 94 -> message: 14,16,16,23,0 -> output: 94
input: 95 -> message: 37,22,18,13,0 -> output: 95
input: 96 -> message: 21,39,0 -> output: 96
input: 97 -> message: 3,18,30,0 -> output: 97
input: 98 -> message: 13,13,25,0 -> output: 98
input: 99 -> message: 37,30,24,13,0 -> output: 99
input: 100 -> message: 37,3,39,0 -> output: 100
input: 101 -> message: 26,37,28,0 -> output: 101
input: 102 -> message: 21,33,37,0 -> output: 102
input: 103 -> message: 14,19,38,0 -> output: 103
input: 104 -> message: 14,19,21,13,0 -> output: 104
input: 105 -> message: 14,38,6,13,0 -> output: 105
input: 106 -> message: 36,14,36,0 -> output: 106
input: 107 -> message: 23,10,17,0 -> output: 107
input: 108 -> message: 27,14,37,0 -> output: 108
input: 109 -> message: 22,13,38,0 -> output: 109
input: 110 -> message: 21,25,23,0 -> output: 110
input: 111 -> message: 13,13,20,0 -> output: 111
input: 112 -> message: 14,36,26,13,0 -> output: 112
input: 113 -> message: 26,13,11,0 -> output: 113
input: 114 -> message: 3,22,21,0 -> output: 114
input: 115 -> message: 14,30,28,14,0 -> output: 115
input: 116 -> message: 37,22,37,13,0 -> output: 116
input: 117 -> message: 14,27,14,38,0 -> output: 117
input: 118 -> message: 14,16,5,14,0 -> output: 118
input: 119 -> message: 13,22,30,0 -> output: 119
input: 120 -> message: 37,38,26,13,0 -> output: 120
input: 121 -> message: 26,38,18,0 -> output: 121
input: 122 -> message: 26,14,36,0 -> output: 122
input: 123 -> message: 21,14,5,3,0 -> output: 123
input: 124 -> message: 2,25,0 -> output: 124
input: 125 -> message: 36,5,0 -> output: 125
input: 126 -> message: 30,1,0 -> output: 126
input: 127 -> message: 26,14,38,0 -> output: 127
input: 128 -> message: 23,14,30,0 -> output: 128
input: 129 -> message: 14,19,35,13,0 -> output: 129
input: 130 -> message: 14,18,7,13,0 -> output: 130
input: 131 -> message: 21,14,38,0 -> output: 131
input: 132 -> message: 14,13,14,34,0 -> output: 132
input: 133 -> message: 37,18,14,17,13,0 -> output: 133
input: 134 -> message: 14,16,36,13,0 -> output: 134
input: 135 -> message: 14,27,26,14,34,0 -> output: 135
input: 136 -> message: 37,27,30,38,30,0 -> output: 136
input: 137 -> message: 22,17,0 -> output: 137
input: 138 -> message: 21,14,24,0 -> output: 138
input: 139 -> message: 14,36,28,35,0 -> output: 139
input: 140 -> message: 14,38,31,14,0 -> output: 140
input: 141 -> message: 37,26,27,13,0 -> output: 141
input: 142 -> message: 22,38,18,0 -> output: 142
input: 143 -> message: 36,37,38,14,0 -> output: 143
input: 144 -> message: 3,1,13,0 -> output: 144
input: 145 -> message: 29,10,0 -> output: 145
input: 146 -> message: 14,18,36,13,0 -> output: 146
input: 147 -> message: 37,13,8,14,13,0 -> output: 147
input: 148 -> message: 3,13,26,0 -> output: 148
input: 149 -> message: 14,4,38,13,0 -> output: 149
input: 150 -> message: 37,22,7,34,13,0 -> output: 150
input: 151 -> message: 37,38,14,0 -> output: 151
input: 152 -> message: 36,36,0 -> output: 152
input: 153 -> message: 23,13,26,13,0 -> output: 153
input: 154 -> message: 14,13,29,14,13,0 -> output: 154
input: 155 -> message: 26,24,0 -> output: 155
input: 156 -> message: 37,13,38,13,13,0 -> output: 156
input: 157 -> message: 26,14,28,0 -> output: 157
input: 158 -> message: 3,30,6,0 -> output: 158
input: 159 -> message: 27,38,38,0 -> output: 159
input: 160 -> message: 3,4,14,0 -> output: 160
input: 161 -> message: 30,13,19,13,0 -> output: 161
input: 162 -> message: 13,13,18,0 -> output: 162
input: 163 -> message: 37,3,7,13,0 -> output: 163
input: 164 -> message: 37,18,26,13,0 -> output: 164
input: 165 -> message: 36,26,0 -> output: 165
input: 166 -> message: 36,27,0 -> output: 166
input: 167 -> message: 21,38,6,13,0 -> output: 167
input: 168 -> message: 14,22,18,13,22,0 -> output: 168
input: 169 -> message: 37,30,1,13,0 -> output: 169
input: 170 -> message: 22,38,1,0 -> output: 170
input: 171 -> message: 37,7,10,0 -> output: 171
input: 172 -> message: 14,3,16,13,0 -> output: 172
input: 173 -> message: 37,18,7,14,34,0 -> output: 173
input: 174 -> message: 14,26,33,13,0 -> output: 174
input: 175 -> message: 14,22,27,13,0 -> output: 175
input: 176 -> message: 37,22,33,14,0 -> output: 176
input: 177 -> message: 26,17,23,0 -> output: 177
input: 178 -> message: 37,26,26,13,0 -> output: 178
input: 179 -> message: 14,38,27,13,22,0 -> output: 179
input: 180 -> message: 37,20,14,0 -> output: 180
input: 181 -> message: 14,27,7,34,13,0 -> output: 181
input: 182 -> message: 25,30,0 -> output: 182
input: 183 -> message: 14,3,24,13,0 -> output: 183
input: 184 -> message: 8,13,13,0 -> output: 184
input: 185 -> message: 14,13,26,13,0 -> output: 185
input: 186 -> message: 28,36,0 -> output: 186
input: 187 -> message: 14,13,8,30,13,0 -> output: 187
input: 188 -> message: 21,26,28,0 -> output: 188
input: 189 -> message: 37,36,27,13,0 -> output: 189
input: 190 -> message: 23,1,24,0 -> output: 190
input: 191 -> message: 13,17,0 -> output: 191
input: 192 -> message: 13,37,21,0 -> output: 192
input: 193 -> message: 37,13,4,14,14,0 -> output: 193
input: 194 -> message: 3,25,25,0 -> output: 194
input: 195 -> message: 3,36,39,0 -> output: 195
input: 196 -> message: 21,27,22,21,0 -> output: 196
input: 197 -> message: 14,25,18,6,13,0 -> output: 197
input: 198 -> message: 3,14,26,27,0 -> output: 198
input: 199 -> message: 37,14,30,13,0 -> output: 199
input: 200 -> message: 22,30,21,0 -> output: 200
input: 201 -> message: 21,14,7,13,0 -> output: 201
input: 202 -> message: 14,25,6,34,0 -> output: 202
input: 203 -> message: 14,3,12,14,0 -> output: 203
input: 204 -> message: 17,0 -> output: 204
input: 205 -> message: 3,26,34,13,0 -> output: 205
input: 206 -> message: 21,12,0 -> output: 206
input: 207 -> message: 14,25,26,13,22,0 -> output: 207
input: 208 -> message: 3,36,30,14,0 -> output: 208
input: 209 -> message: 23,30,1,0 -> output: 209
input: 210 -> message: 22,27,25,0 -> output: 210
input: 211 -> message: 14,27,2,14,34,0 -> output: 211
input: 212 -> message: 23,26,7,13,0 -> output: 212
input: 213 -> message: 14,27,33,35,13,0 -> output: 213
input: 214 -> message: 21,17,7,0 -> output: 214
input: 215 -> message: 37,10,38,0 -> output: 215
input: 216 -> message: 37,27,26,13,0 -> output: 216
input: 217 -> message: 27,27,21,0 -> output: 217
input: 218 -> message: 21,19,30,0 -> output: 218
input: 219 -> message: 21,36,7,0 -> output: 219
input: 220 -> message: 14,7,7,13,0 -> output: 220
input: 221 -> message: 37,33,11,14,13,0 -> output: 221
input: 222 -> message: 27,37,10,13,0 -> output: 222
input: 223 -> message: 21,3,35,0 -> output: 223
input: 224 -> message: 13,38,26,0 -> output: 224
input: 225 -> message: 10,14,0 -> output: 225
input: 226 -> message: 14,25,30,14,0 -> output: 226
input: 227 -> message: 23,33,20,13,0 -> output: 227
input: 228 -> message: 37,13,32,13,13,0 -> output: 228
input: 229 -> message: 23,33,27,14,0 -> output: 229
input: 230 -> message: 21,11,27,0 -> output: 230
input: 231 -> message: 23,16,38,0 -> output: 231
input: 232 -> message: 37,37,14,27,0 -> output: 232
input: 233 -> message: 23,18,37,13,0 -> output: 233
input: 234 -> message: 37,17,38,13,22,0 -> output: 234
input: 235 -> message: 3,26,6,13,0 -> output: 235
input: 236 -> message: 37,30,14,13,0 -> output: 236
input: 237 -> message: 24,10,0 -> output: 237
input: 238 -> message: 37,13,38,26,1,0 -> output: 238
input: 239 -> message: 38,0 -> output: 239
input: 240 -> message: 26,14,30,13,0 -> output: 240
input: 241 -> message: 37,13,38,12,13,0 -> output: 241
input: 242 -> message: 3,14,14,0 -> output: 242
input: 243 -> message: 37,13,28,34,13,0 -> output: 243
input: 244 -> message: 37,1,34,0 -> output: 244
input: 245 -> message: 26,37,36,0 -> output: 245
input: 246 -> message: 14,33,21,34,13,0 -> output: 246
input: 247 -> message: 14,13,22,14,13,0 -> output: 247
input: 248 -> message: 22,21,11,0 -> output: 248
input: 249 -> message: 23,6,30,0 -> output: 249
input: 250 -> message: 1,35,0 -> output: 250
input: 251 -> message: 37,36,7,13,0 -> output: 251
input: 252 -> message: 27,24,13,0 -> output: 252
input: 253 -> message: 23,39,21,0 -> output: 253
input: 254 -> message: 21,25,25,0 -> output: 254
input: 255 -> message: 37,18,4,14,34,0 -> output: 255
input: 256 -> message: 14,3,14,16,0 -> output: 256
input: 257 -> message: 3,13,20,13,0 -> output: 257
input: 258 -> message: 23,2,26,34,0 -> output: 258
input: 259 -> message: 25,37,0 -> output: 259
input: 260 -> message: 1,27,24,0 -> output: 260
input: 261 -> message: 25,26,0 -> output: 261
input: 262 -> message: 14,33,18,13,22,0 -> output: 262
input: 263 -> message: 27,39,14,36,0 -> output: 263
input: 264 -> message: 3,22,10,14,0 -> output: 264
input: 265 -> message: 21,23,14,0 -> output: 265
input: 266 -> message: 3,3,38,13,0 -> output: 266
input: 267 -> message: 37,13,18,13,13,0 -> output: 267
input: 268 -> message: 21,25,34,14,0 -> output: 268
input: 269 -> message: 23,39,8,13,0 -> output: 269
input: 270 -> message: 14,27,28,14,34,0 -> output: 270
input: 271 -> message: 14,4,22,13,0 -> output: 271
input: 272 -> message: 14,36,20,14,34,0 -> output: 272
input: 273 -> message: 21,26,7,0 -> output: 273
input: 274 -> message: 30,14,14,0 -> output: 274
input: 275 -> message: 1,37,0 -> output: 275
input: 276 -> message: 14,18,38,38,13,0 -> output: 276
input: 277 -> message: 21,10,28,0 -> output: 277
input: 278 -> message: 23,39,28,13,0 -> output: 278
input: 279 -> message: 3,37,27,13,0 -> output: 279
input: 280 -> message: 21,21,27,13,0 -> output: 280
input: 281 -> message: 24,17,0 -> output: 281
input: 282 -> message: 14,25,36,14,34,0 -> output: 282
input: 283 -> message: 23,22,18,13,0 -> output: 283
input: 284 -> message: 37,36,24,13,0 -> output: 284
input: 285 -> message: 23,24,37,0 -> output: 285
input: 286 -> message: 14,39,38,13,0 -> output: 286
input: 287 -> message: 3,25,24,13,0 -> output: 287
input: 288 -> message: 21,27,27,14,0 -> output: 288
input: 289 -> message: 2,30,13,0 -> output: 289
input: 290 -> message: 30,13,4,13,0 -> output: 290
input: 291 -> message: 30,37,14,0 -> output: 291
input: 292 -> message: 23,37,10,13,0 -> output: 292
input: 293 -> message: 14,25,7,14,34,0 -> output: 293
input: 294 -> message: 23,13,38,39,7,0 -> output: 294
input: 295 -> message: 25,14,0 -> output: 295
input: 296 -> message: 14,26,26,14,20,0 -> output: 296
input: 297 -> message: 3,13,39,13,0 -> output: 297
input: 298 -> message: 37,33,20,14,34,0 -> output: 298
input: 299 -> message: 14,4,16,13,0 -> output: 299
input: 300 -> message: 1,37,28,0 -> output: 300
input: 301 -> message: 14,22,12,13,14,0 -> output: 301
input: 302 -> message: 27,38,28,13,0 -> output: 302
input: 303 -> message: 23,26,3,13,0 -> output: 303
input: 304 -> message: 23,26,14,13,0 -> output: 304
input: 305 -> message: 10,37,0 -> output: 305
input: 306 -> message: 23,22,28,13,0 -> output: 306
input: 307 -> message: 1,26,0 -> output: 307
input: 308 -> message: 3,26,36,13,0 -> output: 308
input: 309 -> message: 37,18,10,14,24,0 -> output: 309
input: 310 -> message: 14,33,33,14,13,0 -> output: 310
input: 311 -> message: 14,3,23,14,0 -> output: 311
input: 312 -> message: 14,13,8,8,8,8,0 -> output: 312
input: 313 -> message: 25,37,8,14,0 -> output: 313
input: 314 -> message: 14,33,5,6,13,0 -> output: 314
input: 315 -> message: 16,14,0 -> output: 315
input: 316 -> message: 14,3,38,14,34,0 -> output: 316
input: 317 -> message: 23,38,13,14,0 -> output: 317
input: 318 -> message: 14,25,20,14,0 -> output: 318
input: 319 -> message: 37,27,24,13,13,0 -> output: 319
input: 320 -> message: 13,37,12,0 -> output: 320
input: 321 -> message: 14,18,6,13,13,0 -> output: 321
input: 322 -> message: 36,27,36,0 -> output: 322
input: 323 -> message: 14,22,34,14,34,0 -> output: 323
input: 324 -> message: 26,16,0 -> output: 324
input: 325 -> message: 25,37,6,6,0 -> output: 325
input: 326 -> message: 21,26,14,0 -> output: 326
input: 327 -> message: 14,13,34,14,34,0 -> output: 327
input: 328 -> message: 25,26,1,0 -> output: 328
input: 329 -> message: 23,7,28,13,0 -> output: 329
input: 330 -> message: 10,27,0 -> output: 330
input: 331 -> message: 21,16,11,0 -> output: 331
input: 332 -> message: 27,11,26,13,0 -> output: 332
input: 333 -> message: 14,33,22,14,13,0 -> output: 333
input: 334 -> message: 37,13,19,18,27,13,0 -> output: 334
input: 335 -> message: 23,28,23,0 -> output: 335
input: 336 -> message: 23,17,14,7,0 -> output: 336
input: 337 -> message: 3,13,18,13,0 -> output: 337
input: 338 -> message: 10,14,6,0 -> output: 338
input: 339 -> message: 23,7,13,13,0 -> output: 339
input: 340 -> message: 21,26,17,1,0 -> output: 340
input: 341 -> message: 13,29,6,0 -> output: 341
input: 342 -> message: 3,7,6,13,0 -> output: 342
input: 343 -> message: 37,10,27,25,0 -> output: 343
input: 344 -> message: 14,24,14,13,0 -> output: 344
input: 345 -> message: 23,19,36,0 -> output: 345
input: 346 -> message: 27,10,38,0 -> output: 346
input: 347 -> message: 27,21,14,0 -> output: 347
input: 348 -> message: 14,13,32,14,13,0 -> output: 348
input: 349 -> message: 24,11,18,0 -> output: 349
input: 350 -> message: 14,38,18,13,0 -> output: 350
input: 351 -> message: 23,37,5,1,13,0 -> output: 351
input: 352 -> message: 21,21,2,13,0 -> output: 352
input: 353 -> message: 21,30,33,0 -> output: 353
input: 354 -> message: 21,4,25,13,0 -> output: 354
input: 355 -> message: 14,33,30,14,13,0 -> output: 355
input: 356 -> message: 23,26,8,14,0 -> output: 356
input: 357 -> message: 21,10,14,0 -> output: 357
input: 358 -> message: 14,39,14,13,0 -> output: 358
input: 359 -> message: 16,6,0 -> output: 359
input: 360 -> message: 14,13,28,19,14,13,0 -> output: 360
input: 361 -> message: 21,21,22,13,0 -> output: 361
input: 362 -> message: 30,33,6,14,34,0 -> output: 362
input: 363 -> message: 3,7,34,14,0 -> output: 363
input: 364 -> message: 24,27,0 -> output: 364
input: 365 -> message: 37,18,37,34,13,0 -> output: 365
input: 366 -> message: 21,4,30,13,0 -> output: 366
input: 367 -> message: 26,13,14,14,0 -> output: 367
input: 368 -> message: 23,13,9,13,0 -> output: 368
input: 369 -> message: 3,28,18,0 -> output: 369
input: 370 -> message: 24,13,32,0 -> output: 370
input: 371 -> message: 23,38,26,13,0 -> output: 371
input: 372 -> message: 14,8,14,13,0 -> output: 372
input: 373 -> message: 23,13,39,13,0 -> output: 373
input: 374 -> message: 37,33,34,14,13,0 -> output: 374
input: 375 -> message: 13,11,24,0 -> output: 375
input: 376 -> message: 14,36,23,14,0 -> output: 376
input: 377 -> message: 21,17,19,13,0 -> output: 377
input: 378 -> message: 37,27,5,34,13,0 -> output: 378
input: 379 -> message: 10,21,11,0 -> output: 379
input: 380 -> message: 14,26,38,34,13,0 -> output: 380
input: 381 -> message: 23,26,36,7,0 -> output: 381
input: 382 -> message: 23,25,26,13,0 -> output: 382
input: 383 -> message: 23,17,18,7,0 -> output: 383
input: 384 -> message: 23,22,22,13,0 -> output: 384
input: 385 -> message: 23,37,24,14,0 -> output: 385
input: 386 -> message: 37,13,26,13,20,0 -> output: 386
input: 387 -> message: 37,33,19,13,14,0 -> output: 515
input: 388 -> message: 27,17,20,13,0 -> output: 388
input: 389 -> message: 14,19,28,14,0 -> output: 389
input: 390 -> message: 16,37,0 -> output: 390
input: 391 -> message: 26,23,0 -> output: 391
input: 392 -> message: 23,13,21,34,0 -> output: 392
input: 393 -> message: 3,38,6,6,0 -> output: 393
input: 394 -> message: 25,13,0 -> output: 394
input: 395 -> message: 37,3,24,13,0 -> output: 395
input: 396 -> message: 23,13,17,13,0 -> output: 396
input: 397 -> message: 37,37,37,24,13,0 -> output: 397
input: 398 -> message: 37,38,4,13,0 -> output: 398
input: 399 -> message: 30,36,27,35,0 -> output: 399
input: 400 -> message: 23,1,38,13,0 -> output: 400
input: 401 -> message: 14,38,14,14,0 -> output: 401
input: 402 -> message: 23,21,19,13,0 -> output: 402
input: 403 -> message: 21,17,30,34,0 -> output: 403
input: 404 -> message: 27,14,10,13,0 -> output: 404
input: 405 -> message: 25,25,0 -> output: 405
input: 406 -> message: 37,33,31,14,13,0 -> output: 406
input: 407 -> message: 14,33,6,14,34,0 -> output: 407
input: 408 -> message: 26,11,8,0 -> output: 408
input: 409 -> message: 37,13,19,14,13,13,0 -> output: 409
input: 410 -> message: 23,22,37,13,0 -> output: 410
input: 411 -> message: 1,14,27,0 -> output: 411
input: 412 -> message: 23,24,17,14,0 -> output: 412
input: 413 -> message: 23,37,7,14,0 -> output: 413
input: 414 -> message: 14,36,24,13,0 -> output: 414
input: 415 -> message: 23,13,14,10,0 -> output: 415
input: 416 -> message: 14,13,20,14,13,0 -> output: 416
input: 417 -> message: 37,7,19,13,0 -> output: 417
input: 418 -> message: 28,14,0 -> output: 418
input: 419 -> message: 23,37,30,13,0 -> output: 419
input: 420 -> message: 30,27,22,36,0 -> output: 420
input: 421 -> message: 3,38,14,14,0 -> output: 421
input: 422 -> message: 14,33,28,34,13,0 -> output: 422
input: 423 -> message: 14,22,36,34,13,0 -> output: 423
input: 424 -> message: 23,33,21,13,22,0 -> output: 424
input: 425 -> message: 3,36,38,0 -> output: 425
input: 426 -> message: 3,36,24,13,0 -> output: 426
input: 427 -> message: 25,26,14,13,0 -> output: 427
input: 428 -> message: 23,23,39,23,13,0 -> output: 428
input: 429 -> message: 23,13,36,34,0 -> output: 429
input: 430 -> message: 23,33,17,14,34,0 -> output: 430
input: 431 -> message: 14,27,22,13,21,0 -> output: 736
input: 432 -> message: 37,13,33,14,22,0 -> output: 432
input: 433 -> message: 21,38,27,34,0 -> output: 433
input: 434 -> message: 1,10,0 -> output: 434
input: 435 -> message: 27,39,10,13,0 -> output: 435
input: 436 -> message: 14,13,4,34,13,0 -> output: 436
input: 437 -> message: 10,8,0 -> output: 437
input: 438 -> message: 3,38,30,13,0 -> output: 438
input: 439 -> message: 3,28,8,13,0 -> output: 439
input: 440 -> message: 37,26,28,13,0 -> output: 440
input: 441 -> message: 3,26,30,13,0 -> output: 441
input: 442 -> message: 3,27,28,1,0 -> output: 442
input: 443 -> message: 13,14,21,0 -> output: 443
input: 444 -> message: 3,28,36,13,0 -> output: 444
input: 445 -> message: 14,39,34,13,0 -> output: 445
input: 446 -> message: 14,27,19,14,20,0 -> output: 446
input: 447 -> message: 23,5,7,13,0 -> output: 447
input: 448 -> message: 27,17,22,13,0 -> output: 448
input: 449 -> message: 3,3,28,7,0 -> output: 449
input: 450 -> message: 14,25,14,14,0 -> output: 450
input: 451 -> message: 23,22,17,13,0 -> output: 451
input: 452 -> message: 3,3,6,13,0 -> output: 452
input: 453 -> message: 14,38,7,14,0 -> output: 453
input: 454 -> message: 23,39,38,34,14,0 -> output: 454
input: 455 -> message: 1,11,0 -> output: 455
input: 456 -> message: 21,16,26,13,0 -> output: 456
input: 457 -> message: 14,7,17,13,0 -> output: 457
input: 458 -> message: 14,16,38,18,13,0 -> output: 458
input: 459 -> message: 23,38,7,13,0 -> output: 459
input: 460 -> message: 23,22,30,13,27,0 -> output: 460
input: 461 -> message: 23,7,18,13,0 -> output: 461
input: 462 -> message: 26,33,0 -> output: 462
input: 463 -> message: 25,37,10,0 -> output: 463
input: 464 -> message: 14,22,17,14,13,0 -> output: 464
input: 465 -> message: 26,10,0 -> output: 465
input: 466 -> message: 14,13,37,34,0 -> output: 466
input: 467 -> message: 14,27,24,13,13,0 -> output: 467
input: 468 -> message: 23,33,22,34,0 -> output: 468
input: 469 -> message: 14,38,38,13,22,0 -> output: 469
input: 470 -> message: 25,30,20,0 -> output: 470
input: 471 -> message: 14,27,14,20,14,13,0 -> output: 471
input: 472 -> message: 23,25,3,13,0 -> output: 472
input: 473 -> message: 23,2,17,13,0 -> output: 473
input: 474 -> message: 37,13,34,14,13,0 -> output: 474
input: 475 -> message: 38,37,0 -> output: 475
input: 476 -> message: 37,33,30,14,24,0 -> output: 476
input: 477 -> message: 14,39,25,13,38,0 -> output: 477
input: 478 -> message: 3,6,14,0 -> output: 478
input: 479 -> message: 21,37,19,13,0 -> output: 479
input: 480 -> message: 23,18,6,13,0 -> output: 480
input: 481 -> message: 23,39,39,7,0 -> output: 481
input: 482 -> message: 14,25,24,6,13,0 -> output: 482
input: 483 -> message: 3,14,38,0 -> output: 483
input: 484 -> message: 21,11,7,0 -> output: 484
input: 485 -> message: 23,36,37,0 -> output: 485
input: 486 -> message: 37,33,21,19,14,13,0 -> output: 486
input: 487 -> message: 3,3,12,13,0 -> output: 487
input: 488 -> message: 37,36,14,13,14,0 -> output: 488
input: 489 -> message: 13,27,26,0 -> output: 489
input: 490 -> message: 37,17,17,34,0 -> output: 490
input: 491 -> message: 14,39,8,13,22,0 -> output: 491
input: 492 -> message: 21,16,38,1,13,0 -> output: 492
input: 493 -> message: 21,10,29,13,0 -> output: 493
input: 494 -> message: 14,22,37,7,13,0 -> output: 494
input: 495 -> message: 14,27,36,13,27,0 -> output: 495
input: 496 -> message: 39,33,25,13,14,0 -> output: 496
input: 497 -> message: 21,27,24,13,0 -> output: 497
input: 498 -> message: 14,33,8,19,14,0 -> output: 498
input: 499 -> message: 23,33,39,14,34,0 -> output: 499
input: 500 -> message: 21,27,6,13,0 -> output: 500
input: 501 -> message: 13,27,24,0 -> output: 501
input: 502 -> message: 6,16,13,0 -> output: 502
input: 503 -> message: 14,3,36,13,22,0 -> output: 503
input: 504 -> message: 37,13,39,36,13,0 -> output: 504
input: 505 -> message: 21,25,14,38,0 -> output: 505
input: 506 -> message: 11,14,0 -> output: 506
input: 507 -> message: 14,36,18,14,34,0 -> output: 507
input: 508 -> message: 1,1,0 -> output: 508
input: 509 -> message: 14,26,6,13,0 -> output: 509
input: 510 -> message: 16,0 -> output: 510
input: 511 -> message: 14,27,7,3,0 -> output: 181
input: 512 -> message: 37,27,32,13,20,0 -> output: 512
input: 513 -> message: 37,17,37,13,22,0 -> output: 513
input: 514 -> message: 1,16,0 -> output: 514
input: 515 -> message: 37,33,19,22,13,0 -> output: 515
input: 516 -> message: 14,25,17,23,13,0 -> output: 516
input: 517 -> message: 22,26,31,0 -> output: 517
input: 518 -> message: 37,27,25,13,0 -> output: 518
input: 519 -> message: 14,13,5,14,9,0 -> output: 921
input: 520 -> message: 37,10,12,13,0 -> output: 520
input: 521 -> message: 13,11,26,13,0 -> output: 521
input: 522 -> message: 24,2,7,0 -> output: 522
input: 523 -> message: 23,16,3,13,0 -> output: 523
input: 524 -> message: 21,14,10,13,0 -> output: 524
input: 525 -> message: 14,13,24,14,13,0 -> output: 525
input: 526 -> message: 3,27,14,13,0 -> output: 526
input: 527 -> message: 14,4,35,14,0 -> output: 527
input: 528 -> message: 37,13,18,36,13,0 -> output: 528
input: 529 -> message: 14,26,7,13,0 -> output: 529
input: 530 -> message: 3,38,38,34,0 -> output: 530
input: 531 -> message: 24,39,22,0 -> output: 531
input: 532 -> message: 14,33,20,14,13,0 -> output: 532
input: 533 -> message: 14,13,17,25,13,0 -> output: 533
input: 534 -> message: 6,37,7,0 -> output: 534
input: 535 -> message: 14,25,14,14,0 -> output: 450
input: 536 -> message: 23,14,27,13,0 -> output: 536
input: 537 -> message: 21,14,25,7,0 -> output: 537
input: 538 -> message: 37,33,1,14,13,0 -> output: 538
input: 539 -> message: 21,38,30,13,0 -> output: 539
input: 540 -> message: 23,30,38,13,0 -> output: 540
input: 541 -> message: 38,30,0 -> output: 541
input: 542 -> message: 1,14,24,0 -> output: 542
input: 543 -> message: 37,13,14,20,13,0 -> output: 543
input: 544 -> message: 21,26,7,13,0 -> output: 273
input: 545 -> message: 14,18,1,14,34,0 -> output: 545
input: 546 -> message: 14,22,7,35,13,0 -> output: 546
input: 547 -> message: 24,13,18,25,0 -> output: 547
input: 548 -> message: 23,22,14,35,0 -> output: 782
input: 549 -> message: 14,22,19,13,13,0 -> output: 549
input: 550 -> message: 14,27,24,14,24,0 -> output: 467
input: 551 -> message: 13,10,34,0 -> output: 551
input: 552 -> message: 27,16,38,0 -> output: 552
input: 553 -> message: 37,22,28,34,13,0 -> output: 553
input: 554 -> message: 37,37,14,14,13,0 -> output: 554
input: 555 -> message: 14,21,8,14,0 -> output: 555
input: 556 -> message: 3,33,22,14,22,0 -> output: 556
input: 557 -> message: 37,33,26,14,13,0 -> output: 557
input: 558 -> message: 13,36,22,0 -> output: 558
input: 559 -> message: 23,38,3,13,0 -> output: 559
input: 560 -> message: 23,7,19,13,0 -> output: 560
input: 561 -> message: 36,13,1,0 -> output: 561
input: 562 -> message: 36,37,14,34,0 -> output: 562
input: 563 -> message: 23,18,30,14,0 -> output: 563
input: 564 -> message: 23,39,8,14,34,0 -> output: 269
input: 565 -> message: 24,11,24,0 -> output: 565
input: 566 -> message: 3,18,7,14,0 -> output: 566
input: 567 -> message: 14,33,24,22,24,0 -> output: 567
input: 568 -> message: 27,19,14,0 -> output: 568
input: 569 -> message: 13,19,13,0 -> output: 569
input: 570 -> message: 21,21,16,13,0 -> output: 570
input: 571 -> message: 37,18,11,13,0 -> output: 571
input: 572 -> message: 14,25,39,14,25,0 -> output: 572
input: 573 -> message: 3,37,30,13,0 -> output: 573
input: 574 -> message: 14,25,26,32,0 -> output: 207
input: 575 -> message: 24,14,10,0 -> output: 575
input: 576 -> message: 14,3,22,7,14,0 -> output: 576
input: 577 -> message: 10,13,37,0 -> output: 577
input: 578 -> message: 27,11,5,14,0 -> output: 578
input: 579 -> message: 39,7,7,14,13,0 -> output: 579
input: 580 -> message: 26,39,9,0 -> output: 580
input: 581 -> message: 23,25,30,13,0 -> output: 581
input: 582 -> message: 23,37,14,14,0 -> output: 582
input: 583 -> message: 25,21,23,0 -> output: 583
input: 584 -> message: 30,13,10,13,0 -> output: 584
input: 585 -> message: 3,11,14,0 -> output: 585
input: 586 -> message: 3,26,7,13,0 -> output: 586
input: 587 -> message: 38,30,20,0 -> output: 587
input: 588 -> message: 37,26,6,14,6,0 -> output: 588
input: 589 -> message: 23,17,34,14,0 -> output: 589
input: 590 -> message: 25,17,11,0 -> output: 590
input: 591 -> message: 14,18,34,14,20,0 -> output: 591
input: 592 -> message: 21,14,22,13,0 -> output: 592
input: 593 -> message: 23,17,7,14,0 -> output: 593
input: 594 -> message: 14,22,38,13,22,0 -> output: 594
input: 595 -> message: 14,33,39,14,34,0 -> output: 595
input: 596 -> message: 14,16,26,38,13,22,0 -> output: 596
input: 597 -> message: 37,36,12,13,0 -> output: 597
input: 598 -> message: 24,23,0 -> output: 598
input: 599 -> message: 14,4,36,13,0 -> output: 599
input: 600 -> message: 4,3,0 -> output: 600
input: 601 -> message: 21,14,14,14,22,0 -> output: 601
input: 602 -> message: 21,36,26,34,0 -> output: 602
input: 603 -> message: 21,27,7,13,0 -> output: 603
input: 604 -> message: 37,33,7,10,13,0 -> output: 604
input: 605 -> message: 3,22,38,14,13,0 -> output: 605
input: 606 -> message: 14,22,14,13,0 -> output: 606
input: 607 -> message: 23,25,17,13,0 -> output: 607
input: 608 -> message: 14,33,34,11,13,0 -> output: 608
input: 609 -> message: 23,7,14,7,0 -> output: 609
input: 610 -> message: 23,33,6,14,34,0 -> output: 610
input: 611 -> message: 33,14,38,13,0 -> output: 611
input: 612 -> message: 27,27,38,14,0 -> output: 612
input: 613 -> message: 3,13,7,13,13,0 -> output: 613
input: 614 -> message: 23,13,18,14,22,0 -> output: 614
input: 615 -> message: 3,38,7,13,0 -> output: 615
input: 616 -> message: 34,17,36,0 -> output: 616
input: 617 -> message: 37,13,38,24,34,0 -> output: 617
input: 618 -> message: 23,38,14,13,0 -> output: 618
input: 619 -> message: 3,37,7,14,0 -> output: 619
input: 620 -> message: 21,14,25,25,0 -> output: 620
input: 621 -> message: 14,13,31,33,14,22,0 -> output: 621
input: 622 -> message: 23,13,28,13,0 -> output: 622
input: 623 -> message: 18,7,14,13,0 -> output: 623
input: 624 -> message: 30,34,13,0 -> output: 624
input: 625 -> message: 14,13,28,14,23,13,0 -> output: 625
input: 626 -> message: 14,17,27,22,0 -> output: 626
input: 627 -> message: 14,13,8,38,13,13,0 -> output: 627
input: 628 -> message: 23,8,34,0 -> output: 628
input: 629 -> message: 14,18,19,13,14,0 -> output: 629
input: 630 -> message: 37,13,26,19,13,0 -> output: 386
input: 631 -> message: 23,33,38,38,25,0 -> output: 631
input: 632 -> message: 37,18,26,14,34,0 -> output: 164
input: 633 -> message: 1,22,34,0 -> output: 633
input: 634 -> message: 3,18,14,7,13,0 -> output: 634
input: 635 -> message: 37,33,29,14,14,0 -> output: 635
input: 636 -> message: 21,22,21,21,13,0 -> output: 636
input: 637 -> message: 14,26,34,14,34,0 -> output: 637
input: 638 -> message: 26,28,34,0 -> output: 638
input: 639 -> message: 26,13,26,26,0 -> output: 639
input: 640 -> message: 21,38,4,13,0 -> output: 640
input: 641 -> message: 21,13,3,0 -> output: 641
input: 642 -> message: 23,10,39,13,0 -> output: 642
input: 643 -> message: 3,9,35,0 -> output: 643
input: 644 -> message: 14,38,36,14,34,0 -> output: 644
input: 645 -> message: 19,23,13,0 -> output: 645
input: 646 -> message: 23,13,34,14,34,0 -> output: 646
input: 647 -> message: 23,7,38,13,0 -> output: 647
input: 648 -> message: 23,25,11,13,0 -> output: 648
input: 649 -> message: 3,38,8,24,0 -> output: 649
input: 650 -> message: 37,27,22,22,0 -> output: 650
input: 651 -> message: 1,37,38,14,0 -> output: 651
input: 652 -> message: 30,13,14,35,0 -> output: 652
input: 653 -> message: 21,38,28,14,0 -> output: 653
input: 654 -> message: 10,37,24,0 -> output: 654
input: 655 -> message: 27,14,12,13,0 -> output: 655
input: 656 -> message: 21,30,36,13,0 -> output: 656
input: 657 -> message: 4,14,20,0 -> output: 657
input: 658 -> message: 23,27,35,0 -> output: 658
input: 659 -> message: 3,22,30,13,27,0 -> output: 659
input: 660 -> message: 30,13,26,13,0 -> output: 660
input: 661 -> message: 3,16,28,13,0 -> output: 661
input: 662 -> message: 37,33,27,13,22,0 -> output: 662
input: 663 -> message: 14,27,17,34,13,0 -> output: 663
input: 664 -> message: 23,18,19,13,0 -> output: 664
input: 665 -> message: 23,13,8,14,34,0 -> output: 665
input: 666 -> message: 3,17,14,22,0 -> output: 666
input: 667 -> message: 24,14,36,0 -> output: 667
input: 668 -> message: 23,13,6,14,13,0 -> output: 668
input: 669 -> message: 5,19,0 -> output: 669
input: 670 -> message: 23,38,20,13,0 -> output: 670
input: 671 -> message: 3,22,34,14,22,0 -> output: 671
input: 672 -> message: 21,38,7,7,0 -> output: 672
input: 673 -> message: 37,18,1,14,24,0 -> output: 673
input: 674 -> message: 11,14,5,0 -> output: 674
input: 675 -> message: 13,39,30,13,0 -> output: 675
input: 676 -> message: 23,5,33,13,0 -> output: 676
input: 677 -> message: 3,30,36,13,0 -> output: 677
input: 678 -> message: 3,14,1,13,0 -> output: 678
input: 679 -> message: 23,30,36,13,0 -> output: 679
input: 680 -> message: 24,37,8,14,0 -> output: 680
input: 681 -> message: 24,33,18,0 -> output: 681
input: 682 -> message: 3,27,7,8,13,0 -> output: 682
input: 683 -> message: 21,26,21,13,0 -> output: 683
input: 684 -> message: 37,18,37,13,22,0 -> output: 365
input: 685 -> message: 14,13,13,7,14,0 -> output: 685
input: 686 -> message: 37,36,7,13,0 -> output: 251
input: 687 -> message: 1,13,14,17,0 -> output: 687
input: 688 -> message: 3,22,26,34,0 -> output: 688
input: 689 -> message: 27,26,31,13,0 -> output: 689
input: 690 -> message: 24,30,13,0 -> output: 690
input: 691 -> message: 1,27,21,13,0 -> output: 691
input: 692 -> message: 23,26,38,25,0 -> output: 692
input: 693 -> message: 21,28,14,0 -> output: 693
input: 694 -> message: 3,22,6,13,27,0 -> output: 694
input: 695 -> message: 14,22,8,14,14,0 -> output: 695
input: 696 -> message: 14,16,21,13,0 -> output: 696
input: 697 -> message: 27,39,33,30,0 -> output: 697
input: 698 -> message: 27,14,30,13,0 -> output: 698
input: 699 -> message: 3,13,2,13,0 -> output: 699
input: 700 -> message: 19,0 -> output: 700
input: 701 -> message: 3,25,8,13,0 -> output: 701
input: 702 -> message: 3,38,18,13,27,0 -> output: 702
input: 703 -> message: 3,3,1,13,0 -> output: 703
input: 704 -> message: 23,23,8,14,27,0 -> output: 704
input: 705 -> message: 14,18,24,14,34,0 -> output: 705
input: 706 -> message: 24,37,10,0 -> output: 706
input: 707 -> message: 23,22,6,13,0 -> output: 707
input: 708 -> message: 3,27,16,14,0 -> output: 708
input: 709 -> message: 21,16,24,13,0 -> output: 709
input: 710 -> message: 37,33,17,14,23,0 -> output: 710
input: 711 -> message: 3,3,24,13,0 -> output: 711
input: 712 -> message: 3,33,34,14,34,0 -> output: 712
input: 713 -> message: 24,37,25,0 -> output: 713
input: 714 -> message: 14,25,23,14,13,0 -> output: 714
input: 715 -> message: 3,26,14,14,0 -> output: 715
input: 716 -> message: 30,36,12,0 -> output: 716
input: 717 -> message: 14,4,28,14,34,0 -> output: 717
input: 718 -> message: 14,3,6,14,24,0 -> output: 718
input: 719 -> message: 10,11,12,0 -> output: 719
input: 720 -> message: 37,33,22,14,13,0 -> output: 720
input: 721 -> message: 14,25,25,27,25,0 -> output: 721
input: 722 -> message: 21,26,36,13,0 -> output: 722
input: 723 -> message: 37,27,8,14,35,0 -> output: 723
input: 724 -> message: 14,25,10,14,34,0 -> output: 724
input: 725 -> message: 17,17,25,0 -> output: 725
input: 726 -> message: 27,38,17,13,0 -> output: 726
input: 727 -> message: 25,36,33,3,0 -> output: 727
input: 728 -> message: 3,27,34,13,0 -> output: 728
input: 729 -> message: 27,37,26,34,0 -> output: 729
input: 730 -> message: 2,27,18,0 -> output: 730
input: 731 -> message: 25,37,20,0 -> output: 731
input: 732 -> message: 37,1,14,14,0 -> output: 732
input: 733 -> message: 26,19,13,0 -> output: 733
input: 734 -> message: 21,24,13,0 -> output: 734
input: 735 -> message: 14,27,32,14,13,0 -> output: 735
input: 736 -> message: 14,27,22,13,19,0 -> output: 736
input: 737 -> message: 14,13,6,34,14,0 -> output: 737
input: 738 -> message: 3,22,28,13,0 -> output: 818
input: 739 -> message: 3,13,8,18,0 -> output: 739
input: 740 -> message: 23,37,6,0 -> output: 740
input: 741 -> message: 7,24,0 -> output: 741
input: 742 -> message: 30,3,18,14,0 -> output: 742
input: 743 -> message: 14,18,37,14,13,0 -> output: 743
input: 744 -> message: 37,13,7,34,13,0 -> output: 744
input: 745 -> message: 39,36,33,13,0 -> output: 0
input: 746 -> message: 37,30,38,34,13,0 -> output: 746
input: 747 -> message: 23,37,18,14,0 -> output: 747
input: 748 -> message: 7,37,12,0 -> output: 748
input: 749 -> message: 30,13,30,13,0 -> output: 749
input: 750 -> message: 14,13,19,14,13,22,0 -> output: 750
input: 751 -> message: 23,26,28,13,0 -> output: 751
input: 752 -> message: 37,18,19,14,34,0 -> output: 752
input: 753 -> message: 14,26,36,14,23,0 -> output: 753
input: 754 -> message: 3,26,26,13,0 -> output: 754
input: 755 -> message: 3,14,36,0 -> output: 755
input: 756 -> message: 27,39,21,14,0 -> output: 756
input: 757 -> message: 23,17,17,3,13,0 -> output: 768
input: 758 -> message: 37,18,28,14,13,0 -> output: 758
input: 759 -> message: 3,3,37,13,0 -> output: 759
input: 760 -> message: 13,38,11,13,0 -> output: 760
input: 761 -> message: 23,1,14,13,22,0 -> output: 761
input: 762 -> message: 37,27,36,14,34,0 -> output: 762
input: 763 -> message: 14,26,7,34,13,0 -> output: 529
input: 764 -> message: 14,14,17,30,14,13,0 -> output: 764
input: 765 -> message: 14,3,11,14,24,0 -> output: 765
input: 766 -> message: 22,17,21,22,0 -> output: 766
input: 767 -> message: 14,17,17,13,22,0 -> output: 767
input: 768 -> message: 23,17,17,13,0 -> output: 768
input: 769 -> message: 14,38,17,34,13,0 -> output: 769
input: 770 -> message: 23,22,23,13,0 -> output: 770
input: 771 -> message: 21,37,25,13,0 -> output: 771
input: 772 -> message: 14,13,38,33,14,13,0 -> output: 772
input: 773 -> message: 14,4,27,6,35,0 -> output: 773
input: 774 -> message: 11,37,27,0 -> output: 774
input: 775 -> message: 14,27,6,14,34,0 -> output: 775
input: 776 -> message: 23,37,33,13,0 -> output: 776
input: 777 -> message: 37,26,34,13,13,0 -> output: 777
input: 778 -> message: 3,13,38,36,14,0 -> output: 778
input: 779 -> message: 23,10,27,22,0 -> output: 779
input: 780 -> message: 14,27,35,14,34,0 -> output: 780
input: 781 -> message: 25,28,36,13,0 -> output: 781
input: 782 -> message: 23,22,14,13,22,0 -> output: 782
input: 783 -> message: 9,32,0 -> output: 783
input: 784 -> message: 3,37,36,13,0 -> output: 784
input: 785 -> message: 37,26,31,14,7,0 -> output: 785
input: 786 -> message: 30,27,24,0 -> output: 786
input: 787 -> message: 18,26,39,0 -> output: 787
input: 788 -> message: 21,38,2,13,0 -> output: 788
input: 789 -> message: 25,27,26,0 -> output: 789
input: 790 -> message: 25,23,17,13,0 -> output: 790
input: 791 -> message: 37,7,38,13,0 -> output: 791
input: 792 -> message: 37,26,38,14,13,0 -> output: 792
input: 793 -> message: 13,14,6,13,0 -> output: 793
input: 794 -> message: 3,13,24,7,13,0 -> output: 794
input: 795 -> message: 14,13,18,13,14,0 -> output: 795
input: 796 -> message: 3,18,6,34,0 -> output: 796
input: 797 -> message: 1,38,37,0 -> output: 797
input: 798 -> message: 3,18,19,18,13,0 -> output: 798
input: 799 -> message: 30,26,12,13,0 -> output: 799
input: 800 -> message: 23,7,26,7,0 -> output: 800
input: 801 -> message: 1,13,28,13,0 -> output: 801
input: 802 -> message: 37,26,19,13,13,0 -> output: 802
input: 803 -> message: 14,14,10,38,14,0 -> output: 803
input: 804 -> message: 23,39,33,13,0 -> output: 804
input: 805 -> message: 21,10,38,13,0 -> output: 805
input: 806 -> message: 3,27,24,14,0 -> output: 972
input: 807 -> message: 14,26,24,14,34,0 -> output: 807
input: 808 -> message: 30,30,30,0 -> output: 808
input: 809 -> message: 23,13,38,10,13,0 -> output: 809
input: 810 -> message: 14,3,30,6,13,0 -> output: 810
input: 811 -> message: 21,1,11,0 -> output: 811
input: 812 -> message: 14,30,30,11,13,0 -> output: 812
input: 813 -> message: 37,3,12,13,14,0 -> output: 813
input: 814 -> message: 14,18,18,13,22,0 -> output: 814
input: 815 -> message: 23,33,30,14,24,0 -> output: 815
input: 816 -> message: 23,33,17,14,23,0 -> output: 430
input: 817 -> message: 14,33,29,23,14,0 -> output: 817
input: 818 -> message: 3,22,28,13,22,0 -> output: 818
input: 819 -> message: 3,22,14,38,0 -> output: 819
input: 820 -> message: 3,22,17,13,27,0 -> output: 820
input: 821 -> message: 22,30,2,0 -> output: 84
input: 822 -> message: 21,38,33,14,0 -> output: 822
input: 823 -> message: 37,18,26,13,22,0 -> output: 164
input: 824 -> message: 27,39,25,19,0 -> output: 824
input: 825 -> message: 21,17,14,8,14,0 -> output: 825
input: 826 -> message: 25,27,31,0 -> output: 826
input: 827 -> message: 14,38,37,25,14,0 -> output: 827
input: 828 -> message: 37,27,2,13,13,0 -> output: 828
input: 829 -> message: 14,39,17,14,13,0 -> output: 829
input: 830 -> message: 23,36,36,13,0 -> output: 830
input: 831 -> message: 3,33,30,14,34,0 -> output: 831
input: 832 -> message: 3,36,17,13,0 -> output: 832
input: 833 -> message: 3,22,31,13,0 -> output: 833
input: 834 -> message: 21,17,22,13,0 -> output: 834
input: 835 -> message: 23,14,36,36,0 -> output: 835
input: 836 -> message: 3,38,25,14,0 -> output: 836
input: 837 -> message: 23,26,7,13,0 -> output: 212
input: 838 -> message: 23,38,21,13,22,0 -> output: 838
input: 839 -> message: 14,16,6,14,13,0 -> output: 839
input: 840 -> message: 17,24,0 -> output: 840
input: 841 -> message: 3,7,7,25,13,0 -> output: 841
input: 842 -> message: 14,33,9,1,13,0 -> output: 842
input: 843 -> message: 37,13,14,22,13,0 -> output: 843
input: 844 -> message: 21,21,6,13,0 -> output: 844
input: 845 -> message: 30,30,5,0 -> output: 845
input: 846 -> message: 14,25,28,14,34,0 -> output: 846
input: 847 -> message: 37,22,35,13,14,0 -> output: 91
input: 848 -> message: 14,38,6,6,0 -> output: 848
input: 849 -> message: 37,13,19,38,13,0 -> output: 849
input: 850 -> message: 14,33,19,14,13,0 -> output: 850
input: 851 -> message: 37,37,14,1,13,0 -> output: 851
input: 852 -> message: 21,26,30,13,0 -> output: 852
input: 853 -> message: 23,7,16,13,0 -> output: 853
input: 854 -> message: 38,17,7,0 -> output: 854
input: 855 -> message: 21,27,22,7,22,0 -> output: 855
input: 856 -> message: 23,23,6,27,20,0 -> output: 856
input: 857 -> message: 14,17,36,13,22,0 -> output: 857
input: 858 -> message: 36,17,34,0 -> output: 858
input: 859 -> message: 14,25,19,1,13,0 -> output: 859
input: 860 -> message: 23,7,26,13,0 -> output: 800
input: 861 -> message: 23,1,36,13,0 -> output: 861
input: 862 -> message: 26,38,38,7,0 -> output: 862
input: 863 -> message: 37,33,37,35,13,0 -> output: 863
input: 864 -> message: 37,36,28,26,0 -> output: 864
input: 865 -> message: 23,13,23,13,0 -> output: 865
input: 866 -> message: 14,18,29,14,0 -> output: 866
input: 867 -> message: 3,36,20,14,0 -> output: 867
input: 868 -> message: 14,16,24,14,7,0 -> output: 868
input: 869 -> message: 14,16,18,14,13,0 -> output: 869
input: 870 -> message: 23,30,27,14,0 -> output: 870
input: 871 -> message: 23,17,38,14,0 -> output: 871
input: 872 -> message: 21,21,25,14,0 -> output: 872
input: 873 -> message: 14,18,18,18,13,0 -> output: 873
input: 874 -> message: 37,13,17,9,13,13,0 -> output: 874
input: 875 -> message: 3,18,6,13,0 -> output: 796
input: 876 -> message: 33,21,17,14,13,0 -> output: 876
input: 877 -> message: 37,27,6,13,0 -> output: 877
input: 878 -> message: 10,14,36,14,0 -> output: 878
input: 879 -> message: 21,27,28,13,0 -> output: 879
input: 880 -> message: 25,20,14,0 -> output: 880
input: 881 -> message: 37,28,14,36,0 -> output: 881
input: 882 -> message: 23,20,2,0 -> output: 249
input: 883 -> message: 14,33,36,14,24,0 -> output: 883
input: 884 -> message: 21,28,20,13,0 -> output: 884
input: 885 -> message: 14,16,26,19,13,0 -> output: 885
input: 886 -> message: 14,33,17,14,13,0 -> output: 926
input: 887 -> message: 14,21,17,34,13,0 -> output: 887
input: 888 -> message: 30,13,34,14,34,0 -> output: 888
input: 889 -> message: 23,23,28,13,0 -> output: 889
input: 890 -> message: 24,1,14,0 -> output: 890
input: 891 -> message: 3,22,6,13,0 -> output: 694
input: 892 -> message: 11,37,28,0 -> output: 892
input: 893 -> message: 3,27,27,13,0 -> output: 893
input: 894 -> message: 13,13,30,13,0 -> output: 894
input: 895 -> message: 23,5,38,13,0 -> output: 895
input: 896 -> message: 10,28,0 -> output: 896
input: 897 -> message: 14,16,28,13,13,0 -> output: 134
input: 898 -> message: 14,36,14,35,0 -> output: 898
input: 899 -> message: 23,13,30,13,0 -> output: 899
input: 900 -> message: 23,14,7,13,0 -> output: 900
input: 901 -> message: 23,33,39,38,13,22,0 -> output: 901
input: 902 -> message: 33,14,28,14,13,0 -> output: 1
input: 903 -> message: 27,39,32,13,0 -> output: 903
input: 904 -> message: 24,16,13,0 -> output: 904
input: 905 -> message: 23,5,26,13,0 -> output: 905
input: 906 -> message: 23,18,18,13,22,0 -> output: 906
input: 907 -> message: 23,11,34,14,0 -> output: 907
input: 908 -> message: 3,18,24,13,14,0 -> output: 908
input: 909 -> message: 1,13,26,13,0 -> output: 909
input: 910 -> message: 25,11,1,0 -> output: 910
input: 911 -> message: 23,33,8,14,34,0 -> output: 911
input: 912 -> message: 3,33,6,14,34,0 -> output: 912
input: 913 -> message: 26,6,13,0 -> output: 913
input: 914 -> message: 37,26,7,13,13,0 -> output: 914
input: 915 -> message: 3,27,18,13,22,0 -> output: 915
input: 916 -> message: 21,27,12,13,0 -> output: 916
input: 917 -> message: 14,18,19,13,34,0 -> output: 629
input: 918 -> message: 3,38,37,0 -> output: 918
input: 919 -> message: 23,13,37,13,0 -> output: 919
input: 920 -> message: 23,22,36,13,0 -> output: 920
input: 921 -> message: 14,13,5,14,34,0 -> output: 921
input: 922 -> message: 37,13,38,39,7,13,0 -> output: 922
input: 923 -> message: 23,13,21,14,13,0 -> output: 392
input: 924 -> message: 37,14,30,36,14,0 -> output: 924
input: 925 -> message: 23,38,39,14,22,0 -> output: 925
input: 926 -> message: 14,33,17,14,13,0 -> output: 926
input: 927 -> message: 4,11,0 -> output: 927
input: 928 -> message: 21,38,16,14,34,0 -> output: 928
input: 929 -> message: 13,39,17,13,0 -> output: 929
input: 930 -> message: 3,18,14,26,13,0 -> output: 930
input: 931 -> message: 33,8,8,14,34,0 -> output: 931
input: 932 -> message: 25,24,0 -> output: 932
input: 933 -> message: 3,13,34,14,34,0 -> output: 933
input: 934 -> message: 27,17,14,7,0 -> output: 934
input: 935 -> message: 3,16,13,13,0 -> output: 935
input: 936 -> message: 30,38,25,0 -> output: 936
input: 937 -> message: 23,21,21,14,22,0 -> output: 937
input: 938 -> message: 23,17,22,13,0 -> output: 938
input: 939 -> message: 14,8,20,13,0 -> output: 939
input: 940 -> message: 3,25,28,34,0 -> output: 940
input: 941 -> message: 26,26,13,0 -> output: 941
input: 942 -> message: 23,13,38,22,6,0 -> output: 942
input: 943 -> message: 3,17,24,13,0 -> output: 943
input: 944 -> message: 30,13,8,14,0 -> output: 79
input: 945 -> message: 37,33,8,30,14,13,0 -> output: 945
input: 946 -> message: 14,13,38,38,19,0 -> output: 946
input: 947 -> message: 21,16,27,25,14,0 -> output: 947
input: 948 -> message: 3,38,28,14,0 -> output: 948
input: 949 -> message: 21,19,26,34,0 -> output: 949
input: 950 -> message: 30,37,12,0 -> output: 950
input: 951 -> message: 37,33,6,14,14,0 -> output: 951
input: 952 -> message: 26,11,36,13,0 -> output: 952
input: 953 -> message: 14,26,5,14,0 -> output: 953
input: 954 -> message: 10,11,36,0 -> output: 954
input: 955 -> message: 3,13,14,7,13,0 -> output: 955
input: 956 -> message: 14,3,7,13,22,0 -> output: 956
input: 957 -> message: 27,27,18,18,0 -> output: 957
input: 958 -> message: 14,13,9,1,13,0 -> output: 958
input: 959 -> message: 23,22,26,13,0 -> output: 959
input: 960 -> message: 25,33,18,0 -> output: 960
input: 961 -> message: 23,22,38,13,22,0 -> output: 961
input: 962 -> message: 21,28,7,0 -> output: 962
input: 963 -> message: 3,10,11,0 -> output: 963
input: 964 -> message: 1,13,8,0 -> output: 964
input: 965 -> message: 13,39,34,23,0 -> output: 965
input: 966 -> message: 23,23,14,14,0 -> output: 966
input: 967 -> message: 27,7,14,13,0 -> output: 967
input: 968 -> message: 27,2,14,13,0 -> output: 968
input: 969 -> message: 23,33,36,14,34,0 -> output: 969
input: 970 -> message: 21,38,36,14,0 -> output: 970
input: 971 -> message: 37,28,36,13,0 -> output: 971
input: 972 -> message: 3,27,24,13,0 -> output: 972
input: 973 -> message: 30,13,33,27,0 -> output: 973
input: 974 -> message: 24,38,28,0 -> output: 974
input: 975 -> message: 14,4,18,14,13,0 -> output: 975
input: 976 -> message: 14,25,38,14,0 -> output: 976
input: 977 -> message: 14,13,31,1,14,13,0 -> output: 977
input: 978 -> message: 26,39,22,6,0 -> output: 978
input: 979 -> message: 21,39,6,13,13,0 -> output: 979
input: 980 -> message: 37,13,37,13,13,0 -> output: 980
input: 981 -> message: 14,3,1,14,34,0 -> output: 981
input: 982 -> message: 3,33,17,34,13,0 -> output: 982
input: 983 -> message: 27,37,14,7,0 -> output: 983
input: 984 -> message: 21,10,16,13,14,0 -> output: 984
input: 985 -> message: 25,10,16,0 -> output: 985
input: 986 -> message: 1,17,13,0 -> output: 986
input: 987 -> message: 34,35,0 -> output: 987
input: 988 -> message: 25,36,34,0 -> output: 988
input: 989 -> message: 14,13,19,13,14,0 -> output: 750
input: 990 -> message: 3,38,24,38,13,0 -> output: 990
input: 991 -> message: 14,27,1,13,27,0 -> output: 991
input: 992 -> message: 30,27,7,14,34,0 -> output: 992
input: 993 -> message: 37,33,18,14,13,0 -> output: 993
input: 994 -> message: 17,37,0 -> output: 994
input: 995 -> message: 14,33,8,14,13,0 -> output: 498
input: 996 -> message: 37,33,24,14,14,0 -> output: 996
input: 997 -> message: 37,13,19,25,13,22,0 -> output: 997
input: 998 -> message: 23,33,25,34,0 -> output: 998
input: 999 -> message: 27,30,34,13,0 -> output: 999
{"powerlaw": 0.9931284189224243, "unif": 0.964}
Epoch: 201
Impatient score=3055
Epoch: 202
Impatient score=3045
Epoch: 203
Impatient score=2954
Epoch: 204
Impatient score=2938
Epoch: 205
Impatient score=3129
Epoch: 206
Impatient score=3175
Epoch: 207
Impatient score=3198
Epoch: 208
Impatient score=3158
Epoch: 209
Impatient score=3023
Epoch: 210
Impatient score=2975
Epoch: 211
Impatient score=2957
Epoch: 212
Impatient score=2970
Epoch: 213
Impatient score=2979
Epoch: 214
Impatient score=2974
Epoch: 215
Impatient score=2950
Epoch: 216
Impatient score=3061
Epoch: 217
Impatient score=2959
Epoch: 218
Impatient score=2978
Epoch: 219
Impatient score=2939
Epoch: 220
Impatient score=2986
Epoch: 221
Impatient score=2920
Epoch: 222
Impatient score=2979
Epoch: 223
Impatient score=2975
Epoch: 224
Impatient score=3043
Epoch: 225
Impatient score=2986
{"powerlaw": 0.9947349429130554, "unif": 0.972}
Epoch: 226
Impatient score=2954
Epoch: 227
Impatient score=2987
Epoch: 228
Impatient score=2990
Epoch: 229
Impatient score=2990
Epoch: 230
Impatient score=2977
Epoch: 231
Impatient score=2885
Epoch: 232
Impatient score=2924
Epoch: 233
Impatient score=2885
Epoch: 234
Impatient score=3007
Epoch: 235
Impatient score=2985
Epoch: 236
Impatient score=2980
Epoch: 237
Impatient score=3065
Epoch: 238
Impatient score=3008
Epoch: 239
Impatient score=3002
Epoch: 240
Impatient score=2991
Epoch: 241
Impatient score=2935
Epoch: 242
Impatient score=2939
Epoch: 243
Impatient score=2948
Epoch: 244
Impatient score=2879
Epoch: 245
Impatient score=2869
Epoch: 246
Impatient score=2872
Epoch: 247
Impatient score=2867
Epoch: 248
Impatient score=2865
Epoch: 249
Impatient score=2858
Epoch: 250
Impatient score=2866
{"powerlaw": 0.9956346154212952, "unif": 0.978}
Epoch: 251
Impatient score=2801
Epoch: 252
Impatient score=2861
Epoch: 253
Impatient score=2848
Epoch: 254
Impatient score=2921
Epoch: 255
Impatient score=2965
Epoch: 256
Impatient score=3016
Epoch: 257
Impatient score=3022
Epoch: 258
Impatient score=2967
Epoch: 259
Impatient score=2946
Epoch: 260
Impatient score=2983
Epoch: 261
Impatient score=2943
Epoch: 262
Impatient score=2878
Epoch: 263
Impatient score=2958
Epoch: 264
Impatient score=2859
Epoch: 265
Impatient score=2785
Epoch: 266
Impatient score=2746
Epoch: 267
Impatient score=2805
Epoch: 268
Impatient score=2822
Epoch: 269
Impatient score=2890
Epoch: 270
Impatient score=2875
Epoch: 271
Impatient score=2885
Epoch: 272
Impatient score=2819
Epoch: 273
Impatient score=2891
Epoch: 274
Impatient score=2816
Epoch: 275
Impatient score=2835
{"powerlaw": 0.9960296750068665, "unif": 0.977}
Epoch: 276
Impatient score=2809
Epoch: 277
Impatient score=2815
Epoch: 278
Impatient score=2917
Epoch: 279
Impatient score=2932
Epoch: 280
Impatient score=2908
Epoch: 281
Impatient score=2841
Epoch: 282
Impatient score=2798
Epoch: 283
Impatient score=2748
Epoch: 284
Impatient score=2721
Epoch: 285
Impatient score=2753
Epoch: 286
Impatient score=2872
Epoch: 287
Impatient score=2840
Epoch: 288
Impatient score=2831
Epoch: 289
Impatient score=2778
Epoch: 290
Impatient score=2773
Epoch: 291
Impatient score=2729
Epoch: 292
Impatient score=2788
Epoch: 293
Impatient score=2718
Epoch: 294
Impatient score=2812
Epoch: 295
Impatient score=2741
Epoch: 296
Impatient score=2765
Epoch: 297
Impatient score=2754
Epoch: 298
Impatient score=2717
Epoch: 299
Impatient score=2810
Epoch: 300
Impatient score=2697
input: 0 -> message: 39,0 -> output: 0
input: 1 -> message: 33,0 -> output: 1
input: 2 -> message: 37,0 -> output: 2
input: 3 -> message: 27,33,0 -> output: 3
input: 4 -> message: 18,0 -> output: 4
input: 5 -> message: 14,14,0 -> output: 5
input: 6 -> message: 18,33,0 -> output: 6
input: 7 -> message: 39,39,0 -> output: 7
input: 8 -> message: 0 -> output: 8
input: 9 -> message: 14,14,13,0 -> output: 9
input: 10 -> message: 14,14,22,0 -> output: 10
input: 11 -> message: 39,9,0 -> output: 11
input: 12 -> message: 39,7,18,0 -> output: 12
input: 13 -> message: 30,33,33,0 -> output: 13
input: 14 -> message: 13,33,0 -> output: 14
input: 15 -> message: 14,30,0 -> output: 15
input: 16 -> message: 36,22,0 -> output: 16
input: 17 -> message: 14,14,38,0 -> output: 17
input: 18 -> message: 18,39,0 -> output: 18
input: 19 -> message: 3,33,0 -> output: 19
input: 20 -> message: 14,14,1,0 -> output: 20
input: 21 -> message: 39,22,0 -> output: 21
input: 22 -> message: 26,18,0 -> output: 22
input: 23 -> message: 14,14,16,0 -> output: 23
input: 24 -> message: 22,1,0 -> output: 24
input: 25 -> message: 30,33,0 -> output: 25
input: 26 -> message: 14,14,25,0 -> output: 26
input: 27 -> message: 37,33,33,10,0 -> output: 27
input: 28 -> message: 19,33,0 -> output: 28
input: 29 -> message: 14,14,24,0 -> output: 29
input: 30 -> message: 37,33,39,0 -> output: 30
input: 31 -> message: 37,33,33,1,0 -> output: 31
input: 32 -> message: 22,22,14,0 -> output: 32
input: 33 -> message: 27,0 -> output: 33
input: 34 -> message: 14,14,17,1,0 -> output: 34
input: 35 -> message: 36,14,0 -> output: 35
input: 36 -> message: 14,30,16,0 -> output: 36
input: 37 -> message: 22,22,38,0 -> output: 37
input: 38 -> message: 24,22,0 -> output: 38
input: 39 -> message: 30,22,0 -> output: 39
input: 40 -> message: 27,22,14,0 -> output: 40
input: 41 -> message: 22,18,0 -> output: 41
input: 42 -> message: 22,37,0 -> output: 42
input: 43 -> message: 31,22,0 -> output: 43
input: 44 -> message: 26,18,19,0 -> output: 44
input: 45 -> message: 37,14,12,0 -> output: 45
input: 46 -> message: 26,22,0 -> output: 46
input: 47 -> message: 22,22,17,0 -> output: 47
input: 48 -> message: 22,37,12,0 -> output: 48
input: 49 -> message: 13,22,0 -> output: 49
input: 50 -> message: 37,30,26,0 -> output: 50
input: 51 -> message: 27,22,17,0 -> output: 51
input: 52 -> message: 37,14,18,0 -> output: 52
input: 53 -> message: 31,38,0 -> output: 53
input: 54 -> message: 22,13,0 -> output: 54
input: 55 -> message: 22,22,21,0 -> output: 55
input: 56 -> message: 36,30,0 -> output: 56
input: 57 -> message: 21,33,14,0 -> output: 57
input: 58 -> message: 27,22,2,0 -> output: 58
input: 59 -> message: 13,18,0 -> output: 59
input: 60 -> message: 36,30,28,0 -> output: 60
input: 61 -> message: 37,25,0 -> output: 61
input: 62 -> message: 37,30,36,0 -> output: 62
input: 63 -> message: 14,10,0 -> output: 63
input: 64 -> message: 37,30,30,0 -> output: 64
input: 65 -> message: 21,22,18,0 -> output: 65
input: 66 -> message: 14,12,0 -> output: 66
input: 67 -> message: 38,22,0 -> output: 67
input: 68 -> message: 22,24,0 -> output: 68
input: 69 -> message: 36,37,8,0 -> output: 69
input: 70 -> message: 37,37,1,0 -> output: 70
input: 71 -> message: 22,14,36,0 -> output: 71
input: 72 -> message: 27,37,34,0 -> output: 72
input: 73 -> message: 37,18,6,0 -> output: 73
input: 74 -> message: 37,22,14,0 -> output: 74
input: 75 -> message: 6,39,0 -> output: 75
input: 76 -> message: 31,27,0 -> output: 76
input: 77 -> message: 36,37,25,0 -> output: 77
input: 78 -> message: 14,30,36,0 -> output: 78
input: 79 -> message: 30,13,29,0 -> output: 79
input: 80 -> message: 22,25,0 -> output: 80
input: 81 -> message: 22,37,7,0 -> output: 81
input: 82 -> message: 22,3,0 -> output: 82
input: 83 -> message: 37,37,30,0 -> output: 83
input: 84 -> message: 25,30,32,0 -> output: 84
input: 85 -> message: 21,22,0 -> output: 85
input: 86 -> message: 37,18,30,0 -> output: 86
input: 87 -> message: 22,14,0 -> output: 87
input: 88 -> message: 38,13,0 -> output: 88
input: 89 -> message: 14,38,30,0 -> output: 89
input: 90 -> message: 14,18,26,38,0 -> output: 90
input: 91 -> message: 37,22,12,0 -> output: 91
input: 92 -> message: 21,4,24,0 -> output: 92
input: 93 -> message: 37,13,36,1,0 -> output: 93
input: 94 -> message: 14,6,16,0 -> output: 94
input: 95 -> message: 37,22,22,38,0 -> output: 95
input: 96 -> message: 21,39,0 -> output: 96
input: 97 -> message: 3,18,0 -> output: 97
input: 98 -> message: 13,13,0 -> output: 98
input: 99 -> message: 37,30,8,0 -> output: 99
input: 100 -> message: 37,3,27,0 -> output: 100
input: 101 -> message: 26,37,8,0 -> output: 101
input: 102 -> message: 21,33,36,0 -> output: 102
input: 103 -> message: 14,19,38,0 -> output: 103
input: 104 -> message: 14,19,30,0 -> output: 104
input: 105 -> message: 14,38,6,0 -> output: 105
input: 106 -> message: 36,14,39,0 -> output: 106
input: 107 -> message: 23,10,38,0 -> output: 107
input: 108 -> message: 27,14,0 -> output: 108
input: 109 -> message: 22,13,26,0 -> output: 109
input: 110 -> message: 21,25,26,0 -> output: 110
input: 111 -> message: 13,13,1,0 -> output: 111
input: 112 -> message: 14,36,26,0 -> output: 112
input: 113 -> message: 26,13,11,0 -> output: 113
input: 114 -> message: 3,22,21,0 -> output: 114
input: 115 -> message: 14,30,5,14,0 -> output: 115
input: 116 -> message: 37,22,30,39,0 -> output: 116
input: 117 -> message: 14,27,18,31,0 -> output: 117
input: 118 -> message: 14,16,5,38,0 -> output: 118
input: 119 -> message: 13,22,30,0 -> output: 119
input: 120 -> message: 37,38,26,0 -> output: 120
input: 121 -> message: 26,38,0 -> output: 121
input: 122 -> message: 26,14,27,0 -> output: 122
input: 123 -> message: 21,14,5,0 -> output: 123
input: 124 -> message: 8,25,0 -> output: 124
input: 125 -> message: 36,11,0 -> output: 125
input: 126 -> message: 30,1,0 -> output: 126
input: 127 -> message: 26,14,38,0 -> output: 127
input: 128 -> message: 23,14,0 -> output: 128
input: 129 -> message: 14,19,16,0 -> output: 129
input: 130 -> message: 14,18,30,13,0 -> output: 130
input: 131 -> message: 21,14,12,0 -> output: 131
input: 132 -> message: 14,13,14,0 -> output: 132
input: 133 -> message: 37,2,14,38,0 -> output: 133
input: 134 -> message: 21,16,13,0 -> output: 134
input: 135 -> message: 14,27,26,39,0 -> output: 135
input: 136 -> message: 37,27,30,22,0 -> output: 136
input: 137 -> message: 22,17,0 -> output: 137
input: 138 -> message: 21,14,16,0 -> output: 138
input: 139 -> message: 14,36,28,0 -> output: 139
input: 140 -> message: 14,38,34,38,0 -> output: 140
input: 141 -> message: 37,26,13,0 -> output: 141
input: 142 -> message: 22,38,0 -> output: 142
input: 143 -> message: 36,37,38,0 -> output: 143
input: 144 -> message: 3,1,11,0 -> output: 144
input: 145 -> message: 20,10,0 -> output: 145
input: 146 -> message: 14,18,36,39,0 -> output: 146
input: 147 -> message: 37,13,8,39,0 -> output: 147
input: 148 -> message: 3,13,28,0 -> output: 148
input: 149 -> message: 14,6,25,0 -> output: 149
input: 150 -> message: 37,22,7,39,0 -> output: 150
input: 151 -> message: 37,38,38,28,0 -> output: 151
input: 152 -> message: 36,36,0 -> output: 152
input: 153 -> message: 23,13,26,0 -> output: 153
input: 154 -> message: 14,13,29,39,0 -> output: 154
input: 155 -> message: 26,24,0 -> output: 155
input: 156 -> message: 37,13,38,21,0 -> output: 156
input: 157 -> message: 26,14,34,0 -> output: 157
input: 158 -> message: 3,30,22,0 -> output: 158
input: 159 -> message: 27,38,18,0 -> output: 159
input: 160 -> message: 3,4,0 -> output: 160
input: 161 -> message: 30,13,19,0 -> output: 161
input: 162 -> message: 13,13,26,0 -> output: 162
input: 163 -> message: 37,3,17,0 -> output: 163
input: 164 -> message: 37,18,26,31,0 -> output: 164
input: 165 -> message: 36,26,0 -> output: 165
input: 166 -> message: 36,27,0 -> output: 166
input: 167 -> message: 21,38,6,0 -> output: 167
input: 168 -> message: 14,22,18,39,0 -> output: 168
input: 169 -> message: 37,30,1,38,0 -> output: 169
input: 170 -> message: 16,27,0 -> output: 170
input: 171 -> message: 37,7,30,0 -> output: 171
input: 172 -> message: 14,3,17,0 -> output: 172
input: 173 -> message: 37,7,32,39,0 -> output: 173
input: 174 -> message: 14,26,37,0 -> output: 174
input: 175 -> message: 14,22,16,38,0 -> output: 175
input: 176 -> message: 37,22,10,38,0 -> output: 176
input: 177 -> message: 7,17,0 -> output: 177
input: 178 -> message: 37,26,26,0 -> output: 178
input: 179 -> message: 14,38,21,39,0 -> output: 179
input: 180 -> message: 37,9,38,0 -> output: 180
input: 181 -> message: 14,27,16,39,0 -> output: 181
input: 182 -> message: 25,30,26,0 -> output: 182
input: 183 -> message: 14,3,24,38,0 -> output: 183
input: 184 -> message: 29,13,0 -> output: 184
input: 185 -> message: 14,13,26,38,0 -> output: 185
input: 186 -> message: 35,36,0 -> output: 186
input: 187 -> message: 14,13,8,27,38,0 -> output: 187
input: 188 -> message: 21,26,28,0 -> output: 188
input: 189 -> message: 37,36,14,0 -> output: 189
input: 190 -> message: 23,1,24,0 -> output: 190
input: 191 -> message: 38,17,0 -> output: 191
input: 192 -> message: 13,37,10,0 -> output: 192
input: 193 -> message: 37,13,4,39,0 -> output: 193
input: 194 -> message: 3,25,27,0 -> output: 194
input: 195 -> message: 3,36,14,0 -> output: 195
input: 196 -> message: 14,27,22,38,0 -> output: 196
input: 197 -> message: 14,25,18,39,0 -> output: 197
input: 198 -> message: 3,14,0 -> output: 198
input: 199 -> message: 37,14,30,39,0 -> output: 199
input: 200 -> message: 22,30,37,0 -> output: 200
input: 201 -> message: 21,14,17,0 -> output: 201
input: 202 -> message: 14,25,6,14,0 -> output: 202
input: 203 -> message: 14,3,5,38,0 -> output: 203
input: 204 -> message: 17,28,0 -> output: 204
input: 205 -> message: 3,26,34,0 -> output: 205
input: 206 -> message: 21,15,0 -> output: 206
input: 207 -> message: 14,25,26,38,0 -> output: 207
input: 208 -> message: 3,36,30,0 -> output: 208
input: 209 -> message: 23,30,4,0 -> output: 209
input: 210 -> message: 22,27,0 -> output: 210
input: 211 -> message: 14,27,7,38,0 -> output: 211
input: 212 -> message: 23,26,5,0 -> output: 212
input: 213 -> message: 14,27,21,24,0 -> output: 213
input: 214 -> message: 21,17,7,0 -> output: 214
input: 215 -> message: 37,10,38,38,0 -> output: 215
input: 216 -> message: 37,27,14,22,0 -> output: 216
input: 217 -> message: 27,27,27,0 -> output: 217
input: 218 -> message: 21,19,4,0 -> output: 218
input: 219 -> message: 21,36,24,0 -> output: 219
input: 220 -> message: 14,7,7,38,0 -> output: 220
input: 221 -> message: 37,33,11,38,0 -> output: 221
input: 222 -> message: 27,37,30,0 -> output: 222
input: 223 -> message: 21,3,10,0 -> output: 223
input: 224 -> message: 13,38,0 -> output: 224
input: 225 -> message: 10,14,0 -> output: 225
input: 226 -> message: 14,25,30,22,0 -> output: 226
input: 227 -> message: 23,33,29,0 -> output: 227
input: 228 -> message: 37,13,32,28,0 -> output: 228
input: 229 -> message: 23,33,3,0 -> output: 229
input: 230 -> message: 21,11,36,0 -> output: 230
input: 231 -> message: 23,16,38,0 -> output: 231
input: 232 -> message: 23,37,14,0 -> output: 232
input: 233 -> message: 23,18,26,38,0 -> output: 233
input: 234 -> message: 37,17,38,39,0 -> output: 234
input: 235 -> message: 3,26,6,0 -> output: 235
input: 236 -> message: 14,30,37,38,0 -> output: 236
input: 237 -> message: 24,10,0 -> output: 237
input: 238 -> message: 37,13,38,38,0 -> output: 238
input: 239 -> message: 38,31,0 -> output: 239
input: 240 -> message: 26,11,36,0 -> output: 240
input: 241 -> message: 37,11,38,1,0 -> output: 241
input: 242 -> message: 3,14,24,0 -> output: 242
input: 243 -> message: 37,13,28,38,0 -> output: 243
input: 244 -> message: 37,1,39,0 -> output: 244
input: 245 -> message: 26,37,22,0 -> output: 245
input: 246 -> message: 14,33,21,39,0 -> output: 246
input: 247 -> message: 14,13,6,38,0 -> output: 247
input: 248 -> message: 22,39,0 -> output: 248
input: 249 -> message: 23,9,0 -> output: 249
input: 250 -> message: 1,5,0 -> output: 250
input: 251 -> message: 37,36,7,38,0 -> output: 251
input: 252 -> message: 27,1,38,0 -> output: 252
input: 253 -> message: 23,39,22,0 -> output: 253
input: 254 -> message: 21,19,25,0 -> output: 254
input: 255 -> message: 37,18,20,38,0 -> output: 255
input: 256 -> message: 14,3,14,1,0 -> output: 256
input: 257 -> message: 3,13,11,38,0 -> output: 257
input: 258 -> message: 23,2,30,0 -> output: 258
input: 259 -> message: 25,37,26,0 -> output: 259
input: 260 -> message: 1,27,24,0 -> output: 260
input: 261 -> message: 25,26,0 -> output: 261
input: 262 -> message: 14,33,18,38,1,0 -> output: 262
input: 263 -> message: 27,39,39,37,0 -> output: 263
input: 264 -> message: 3,22,16,0 -> output: 264
input: 265 -> message: 21,23,0 -> output: 265
input: 266 -> message: 3,3,26,0 -> output: 266
input: 267 -> message: 37,13,14,16,38,0 -> output: 267
input: 268 -> message: 21,25,29,0 -> output: 268
input: 269 -> message: 23,39,8,0 -> output: 269
input: 270 -> message: 14,27,10,38,0 -> output: 270
input: 271 -> message: 14,4,22,39,0 -> output: 271
input: 272 -> message: 14,36,4,38,0 -> output: 272
input: 273 -> message: 23,26,28,38,0 -> output: 273
input: 274 -> message: 30,14,27,0 -> output: 274
input: 275 -> message: 1,37,0 -> output: 275
input: 276 -> message: 14,18,38,39,0 -> output: 276
input: 277 -> message: 21,10,7,0 -> output: 277
input: 278 -> message: 23,39,32,1,0 -> output: 278
input: 279 -> message: 3,37,39,0 -> output: 279
input: 280 -> message: 21,21,10,0 -> output: 280
input: 281 -> message: 24,17,0 -> output: 281
input: 282 -> message: 14,4,38,34,0 -> output: 282
input: 283 -> message: 23,22,18,39,0 -> output: 283
input: 284 -> message: 37,36,16,0 -> output: 284
input: 285 -> message: 23,24,37,0 -> output: 285
input: 286 -> message: 14,39,38,39,0 -> output: 286
input: 287 -> message: 3,25,24,0 -> output: 287
input: 288 -> message: 21,27,37,27,0 -> output: 288
input: 289 -> message: 28,30,39,0 -> output: 289
input: 290 -> message: 30,13,38,0 -> output: 290
input: 291 -> message: 30,37,36,0 -> output: 291
input: 292 -> message: 23,37,10,0 -> output: 292
input: 293 -> message: 3,36,7,0 -> output: 293
input: 294 -> message: 23,13,38,13,0 -> output: 294
input: 295 -> message: 25,14,0 -> output: 295
input: 296 -> message: 14,26,26,38,0 -> output: 296
input: 297 -> message: 3,13,22,0 -> output: 297
input: 298 -> message: 37,33,35,38,0 -> output: 298
input: 299 -> message: 14,4,22,38,0 -> output: 271
input: 300 -> message: 1,37,32,0 -> output: 300
input: 301 -> message: 14,22,5,38,0 -> output: 301
input: 302 -> message: 27,38,23,0 -> output: 302
input: 303 -> message: 23,26,39,0 -> output: 303
input: 304 -> message: 23,26,30,4,0 -> output: 304
input: 305 -> message: 10,37,0 -> output: 305
input: 306 -> message: 23,22,11,0 -> output: 306
input: 307 -> message: 1,26,0 -> output: 307
input: 308 -> message: 3,26,36,0 -> output: 308
input: 309 -> message: 37,18,33,0 -> output: 309
input: 310 -> message: 14,27,9,38,0 -> output: 310
input: 311 -> message: 14,3,33,38,0 -> output: 311
input: 312 -> message: 14,13,8,34,38,0 -> output: 312
input: 313 -> message: 25,37,16,0 -> output: 313
input: 314 -> message: 14,13,1,38,0 -> output: 314
input: 315 -> message: 16,14,0 -> output: 315
input: 316 -> message: 14,3,26,10,0 -> output: 316
input: 317 -> message: 23,38,30,31,0 -> output: 317
input: 318 -> message: 14,38,15,39,0 -> output: 318
input: 319 -> message: 37,27,24,38,0 -> output: 319
input: 320 -> message: 13,37,8,0 -> output: 320
input: 321 -> message: 14,18,16,38,0 -> output: 321
input: 322 -> message: 36,1,0 -> output: 322
input: 323 -> message: 14,22,30,39,0 -> output: 323
input: 324 -> message: 26,16,0 -> output: 324
input: 325 -> message: 25,37,6,0 -> output: 325
input: 326 -> message: 21,26,14,0 -> output: 326
input: 327 -> message: 14,13,34,38,34,0 -> output: 327
input: 328 -> message: 25,26,8,0 -> output: 328
input: 329 -> message: 23,7,28,0 -> output: 329
input: 330 -> message: 10,27,0 -> output: 330
input: 331 -> message: 3,6,0 -> output: 331
input: 332 -> message: 27,11,14,0 -> output: 332
input: 333 -> message: 14,33,37,38,0 -> output: 333
input: 334 -> message: 37,13,14,13,22,0 -> output: 334
input: 335 -> message: 23,28,23,0 -> output: 335
input: 336 -> message: 23,17,14,0 -> output: 336
input: 337 -> message: 3,13,8,31,0 -> output: 337
input: 338 -> message: 10,14,11,0 -> output: 338
input: 339 -> message: 37,18,37,38,0 -> output: 339
input: 340 -> message: 21,26,22,27,0 -> output: 340
input: 341 -> message: 13,21,0 -> output: 341
input: 342 -> message: 3,7,28,0 -> output: 342
input: 343 -> message: 37,10,3,38,0 -> output: 343
input: 344 -> message: 23,38,38,39,0 -> output: 344
input: 345 -> message: 37,17,8,38,0 -> output: 345
input: 346 -> message: 27,10,13,0 -> output: 346
input: 347 -> message: 27,25,38,0 -> output: 347
input: 348 -> message: 14,13,32,38,0 -> output: 348
input: 349 -> message: 24,11,0 -> output: 349
input: 350 -> message: 23,38,18,31,0 -> output: 350
input: 351 -> message: 23,37,5,0 -> output: 351
input: 352 -> message: 33,21,15,0 -> output: 1
input: 353 -> message: 21,30,16,0 -> output: 353
input: 354 -> message: 21,4,25,39,0 -> output: 354
input: 355 -> message: 14,33,30,38,23,0 -> output: 355
input: 356 -> message: 21,26,15,0 -> output: 356
input: 357 -> message: 21,10,21,0 -> output: 357
input: 358 -> message: 14,39,14,1,0 -> output: 358
input: 359 -> message: 16,12,0 -> output: 359
input: 360 -> message: 14,13,28,38,0 -> output: 360
input: 361 -> message: 21,21,22,0 -> output: 361
input: 362 -> message: 3,22,6,39,0 -> output: 362
input: 363 -> message: 3,8,0 -> output: 363
input: 364 -> message: 24,27,0 -> output: 364
input: 365 -> message: 23,7,39,0 -> output: 365
input: 366 -> message: 21,4,22,31,0 -> output: 366
input: 367 -> message: 26,13,27,38,0 -> output: 367
input: 368 -> message: 23,13,20,38,0 -> output: 368
input: 369 -> message: 3,28,13,0 -> output: 369
input: 370 -> message: 24,13,23,0 -> output: 370
input: 371 -> message: 23,38,26,39,0 -> output: 371
input: 372 -> message: 14,8,5,0 -> output: 372
input: 373 -> message: 23,13,25,0 -> output: 373
input: 374 -> message: 37,33,7,39,28,0 -> output: 374
input: 375 -> message: 13,11,24,0 -> output: 375
input: 376 -> message: 14,36,33,38,0 -> output: 376
input: 377 -> message: 21,17,19,0 -> output: 377
input: 378 -> message: 37,27,16,38,0 -> output: 378
input: 379 -> message: 5,21,0 -> output: 379
input: 380 -> message: 14,7,38,38,0 -> output: 380
input: 381 -> message: 23,26,36,39,0 -> output: 381
input: 382 -> message: 23,25,38,0 -> output: 382
input: 383 -> message: 23,17,36,0 -> output: 383
input: 384 -> message: 23,22,17,38,0 -> output: 384
input: 385 -> message: 23,37,19,38,0 -> output: 385
input: 386 -> message: 37,13,29,38,0 -> output: 386
input: 387 -> message: 37,13,5,38,0 -> output: 387
input: 388 -> message: 27,17,6,38,0 -> output: 388
input: 389 -> message: 25,19,0 -> output: 389
input: 390 -> message: 16,37,0 -> output: 390
input: 391 -> message: 26,23,36,0 -> output: 391
input: 392 -> message: 23,13,21,13,0 -> output: 392
input: 393 -> message: 3,38,6,0 -> output: 393
input: 394 -> message: 25,13,0 -> output: 394
input: 395 -> message: 37,3,24,39,0 -> output: 395
input: 396 -> message: 23,13,17,1,0 -> output: 396
input: 397 -> message: 37,37,37,37,0 -> output: 397
input: 398 -> message: 37,38,4,38,0 -> output: 398
input: 399 -> message: 30,36,37,0 -> output: 399
input: 400 -> message: 23,1,38,0 -> output: 400
input: 401 -> message: 14,38,14,4,0 -> output: 401
input: 402 -> message: 27,21,39,0 -> output: 402
input: 403 -> message: 21,17,30,0 -> output: 403
input: 404 -> message: 23,21,32,0 -> output: 404
input: 405 -> message: 25,25,0 -> output: 405
input: 406 -> message: 37,33,26,38,0 -> output: 406
input: 407 -> message: 14,33,2,38,0 -> output: 407
input: 408 -> message: 26,11,32,0 -> output: 408
input: 409 -> message: 37,13,19,32,38,0 -> output: 409
input: 410 -> message: 23,22,37,1,0 -> output: 410
input: 411 -> message: 1,3,0 -> output: 411
input: 412 -> message: 23,24,17,0 -> output: 412
input: 413 -> message: 23,37,7,0 -> output: 413
input: 414 -> message: 14,38,24,38,0 -> output: 414
input: 415 -> message: 23,37,14,22,0 -> output: 232
input: 416 -> message: 14,13,35,21,28,0 -> output: 416
input: 417 -> message: 37,7,17,38,0 -> output: 417
input: 418 -> message: 20,14,28,0 -> output: 418
input: 419 -> message: 23,37,30,22,0 -> output: 419
input: 420 -> message: 30,27,38,0 -> output: 420
input: 421 -> message: 3,38,18,31,0 -> output: 421
input: 422 -> message: 37,33,28,38,28,0 -> output: 422
input: 423 -> message: 14,22,38,39,0 -> output: 423
input: 424 -> message: 23,21,39,1,0 -> output: 424
input: 425 -> message: 3,36,18,38,0 -> output: 425
input: 426 -> message: 3,36,6,0 -> output: 426
input: 427 -> message: 25,2,0 -> output: 427
input: 428 -> message: 26,23,38,0 -> output: 428
input: 429 -> message: 23,13,16,39,0 -> output: 429
input: 430 -> message: 23,33,24,39,0 -> output: 430
input: 431 -> message: 14,33,33,1,0 -> output: 431
input: 432 -> message: 37,13,7,39,0 -> output: 432
input: 433 -> message: 21,38,27,1,0 -> output: 433
input: 434 -> message: 1,10,0 -> output: 434
input: 435 -> message: 27,39,27,38,0 -> output: 435
input: 436 -> message: 24,13,34,0 -> output: 436
input: 437 -> message: 10,12,0 -> output: 437
input: 438 -> message: 3,38,30,0 -> output: 438
input: 439 -> message: 3,28,19,0 -> output: 439
input: 440 -> message: 37,26,28,38,0 -> output: 440
input: 441 -> message: 3,26,33,0 -> output: 441
input: 442 -> message: 3,27,26,22,0 -> output: 442
input: 443 -> message: 13,11,22,0 -> output: 443
input: 444 -> message: 21,28,36,0 -> output: 444
input: 445 -> message: 14,39,2,39,0 -> output: 445
input: 446 -> message: 21,27,19,0 -> output: 446
input: 447 -> message: 23,5,11,38,0 -> output: 447
input: 448 -> message: 27,17,17,39,0 -> output: 448
input: 449 -> message: 3,3,28,39,0 -> output: 449
input: 450 -> message: 14,25,20,38,0 -> output: 450
input: 451 -> message: 23,33,36,39,0 -> output: 451
input: 452 -> message: 3,3,6,39,0 -> output: 452
input: 453 -> message: 14,18,17,38,22,0 -> output: 453
input: 454 -> message: 23,39,38,39,0 -> output: 454
input: 455 -> message: 1,11,0 -> output: 455
input: 456 -> message: 21,16,26,26,0 -> output: 456
input: 457 -> message: 14,7,17,39,0 -> output: 457
input: 458 -> message: 14,16,38,39,0 -> output: 458
input: 459 -> message: 23,26,38,13,0 -> output: 459
input: 460 -> message: 23,22,30,39,0 -> output: 460
input: 461 -> message: 23,7,14,18,0 -> output: 461
input: 462 -> message: 30,33,37,16,0 -> output: 462
input: 463 -> message: 25,37,10,0 -> output: 463
input: 464 -> message: 14,22,17,38,0 -> output: 464
input: 465 -> message: 26,10,38,0 -> output: 465
input: 466 -> message: 14,13,37,38,0 -> output: 466
input: 467 -> message: 14,27,24,38,28,0 -> output: 467
input: 468 -> message: 23,33,22,39,0 -> output: 468
input: 469 -> message: 14,17,38,39,0 -> output: 469
input: 470 -> message: 25,11,11,0 -> output: 470
input: 471 -> message: 14,27,2,38,0 -> output: 471
input: 472 -> message: 23,25,25,0 -> output: 472
input: 473 -> message: 23,2,20,0 -> output: 473
input: 474 -> message: 37,13,11,1,28,0 -> output: 474
input: 475 -> message: 38,37,0 -> output: 475
input: 476 -> message: 37,33,30,38,0 -> output: 476
input: 477 -> message: 14,39,39,1,0 -> output: 477
input: 478 -> message: 30,24,0 -> output: 478
input: 479 -> message: 21,37,7,0 -> output: 479
input: 480 -> message: 23,18,6,0 -> output: 480
input: 481 -> message: 23,39,13,1,0 -> output: 481
input: 482 -> message: 14,25,24,38,0 -> output: 482
input: 483 -> message: 3,14,38,6,0 -> output: 483
input: 484 -> message: 21,11,19,0 -> output: 484
input: 485 -> message: 23,36,1,0 -> output: 485
input: 486 -> message: 37,33,36,39,0 -> output: 486
input: 487 -> message: 3,3,5,38,0 -> output: 487
input: 488 -> message: 37,19,10,38,0 -> output: 488
input: 489 -> message: 13,27,14,0 -> output: 489
input: 490 -> message: 37,17,17,39,0 -> output: 490
input: 491 -> message: 14,21,38,38,0 -> output: 491
input: 492 -> message: 21,38,38,39,0 -> output: 492
input: 493 -> message: 21,10,34,38,0 -> output: 493
input: 494 -> message: 14,22,37,38,0 -> output: 494
input: 495 -> message: 14,27,36,38,0 -> output: 495
input: 496 -> message: 39,33,25,38,28,0 -> output: 496
input: 497 -> message: 21,27,24,39,0 -> output: 497
input: 498 -> message: 14,33,8,38,0 -> output: 498
input: 499 -> message: 23,33,39,38,0 -> output: 499
input: 500 -> message: 21,27,6,0 -> output: 500
input: 501 -> message: 13,8,24,0 -> output: 501
input: 502 -> message: 29,16,31,0 -> output: 502
input: 503 -> message: 21,3,36,38,0 -> output: 503
input: 504 -> message: 37,13,39,36,39,0 -> output: 504
input: 505 -> message: 21,25,14,39,0 -> output: 505
input: 506 -> message: 11,14,0 -> output: 506
input: 507 -> message: 14,36,30,38,0 -> output: 507
input: 508 -> message: 1,1,0 -> output: 508
input: 509 -> message: 14,26,6,38,0 -> output: 509
input: 510 -> message: 16,26,0 -> output: 510
input: 511 -> message: 21,27,7,38,0 -> output: 511
input: 512 -> message: 37,27,33,38,0 -> output: 512
input: 513 -> message: 37,17,30,1,0 -> output: 513
input: 514 -> message: 1,16,28,0 -> output: 514
input: 515 -> message: 37,33,19,38,22,0 -> output: 515
input: 516 -> message: 14,33,17,36,39,0 -> output: 516
input: 517 -> message: 22,26,38,0 -> output: 517
input: 518 -> message: 37,28,36,38,0 -> output: 518
input: 519 -> message: 14,27,5,1,0 -> output: 519
input: 520 -> message: 37,10,11,0 -> output: 520
input: 521 -> message: 13,11,14,0 -> output: 521
input: 522 -> message: 24,6,38,0 -> output: 522
input: 523 -> message: 23,16,34,39,0 -> output: 523
input: 524 -> message: 21,14,21,38,0 -> output: 524
input: 525 -> message: 14,13,24,38,22,0 -> output: 525
input: 526 -> message: 3,27,33,39,0 -> output: 526
input: 527 -> message: 14,4,4,39,0 -> output: 527
input: 528 -> message: 37,13,18,39,0 -> output: 528
input: 529 -> message: 14,26,5,38,0 -> output: 529
input: 530 -> message: 3,38,26,0 -> output: 530
input: 531 -> message: 24,39,0 -> output: 531
input: 532 -> message: 14,27,15,38,28,0 -> output: 532
input: 533 -> message: 14,38,38,0 -> output: 533
input: 534 -> message: 8,37,16,0 -> output: 534
input: 535 -> message: 14,25,14,14,0 -> output: 535
input: 536 -> message: 23,14,27,0 -> output: 536
input: 537 -> message: 21,10,25,0 -> output: 537
input: 538 -> message: 37,33,17,38,22,0 -> output: 538
input: 539 -> message: 21,38,25,38,0 -> output: 539
input: 540 -> message: 23,30,26,0 -> output: 540
input: 541 -> message: 38,30,37,0 -> output: 541
input: 542 -> message: 1,14,0 -> output: 542
input: 543 -> message: 37,13,14,5,39,0 -> output: 543
input: 544 -> message: 21,26,7,0 -> output: 544
input: 545 -> message: 14,18,7,38,0 -> output: 545
input: 546 -> message: 27,7,7,0 -> output: 546
input: 547 -> message: 24,13,18,1,0 -> output: 547
input: 548 -> message: 23,22,21,39,0 -> output: 548
input: 549 -> message: 14,22,19,38,0 -> output: 549
input: 550 -> message: 14,27,30,38,22,0 -> output: 550
input: 551 -> message: 13,10,0 -> output: 551
input: 552 -> message: 27,16,25,0 -> output: 552
input: 553 -> message: 37,22,28,38,0 -> output: 553
input: 554 -> message: 37,37,14,1,0 -> output: 554
input: 555 -> message: 14,21,8,39,0 -> output: 555
input: 556 -> message: 3,36,19,0 -> output: 556
input: 557 -> message: 3,11,14,6,0 -> output: 557
input: 558 -> message: 26,17,39,0 -> output: 558
input: 559 -> message: 23,38,36,31,0 -> output: 559
input: 560 -> message: 23,7,20,39,0 -> output: 560
input: 561 -> message: 36,38,0 -> output: 561
input: 562 -> message: 1,37,14,0 -> output: 562
input: 563 -> message: 23,18,4,38,0 -> output: 563
input: 564 -> message: 23,39,17,39,0 -> output: 564
input: 565 -> message: 24,28,17,0 -> output: 565
input: 566 -> message: 3,18,15,38,0 -> output: 566
input: 567 -> message: 14,33,28,38,22,0 -> output: 567
input: 568 -> message: 27,5,38,0 -> output: 568
input: 569 -> message: 13,26,0 -> output: 569
input: 570 -> message: 21,21,5,0 -> output: 570
input: 571 -> message: 37,18,11,38,0 -> output: 571
input: 572 -> message: 37,3,25,39,0 -> output: 572
input: 573 -> message: 37,27,18,38,0 -> output: 573
input: 574 -> message: 14,16,26,28,0 -> output: 574
input: 575 -> message: 24,14,24,0 -> output: 575
input: 576 -> message: 14,3,22,30,0 -> output: 576
input: 577 -> message: 10,13,0 -> output: 577
input: 578 -> message: 27,11,5,27,0 -> output: 578
input: 579 -> message: 24,7,7,39,0 -> output: 579
input: 580 -> message: 30,39,5,0 -> output: 580
input: 581 -> message: 23,25,39,39,0 -> output: 581
input: 582 -> message: 23,5,14,0 -> output: 582
input: 583 -> message: 25,21,0 -> output: 583
input: 584 -> message: 30,13,10,38,0 -> output: 584
input: 585 -> message: 3,11,5,0 -> output: 585
input: 586 -> message: 37,26,7,38,0 -> output: 586
input: 587 -> message: 38,30,24,0 -> output: 587
input: 588 -> message: 37,26,26,38,0 -> output: 178
input: 589 -> message: 23,17,34,38,0 -> output: 589
input: 590 -> message: 25,17,0 -> output: 590
input: 591 -> message: 14,18,2,38,0 -> output: 591
input: 592 -> message: 21,14,22,28,0 -> output: 592
input: 593 -> message: 23,17,23,22,0 -> output: 593
input: 594 -> message: 23,18,38,0 -> output: 594
input: 595 -> message: 14,33,39,39,0 -> output: 595
input: 596 -> message: 14,16,28,38,0 -> output: 596
input: 597 -> message: 3,36,20,0 -> output: 597
input: 598 -> message: 24,23,0 -> output: 598
input: 599 -> message: 14,27,25,38,0 -> output: 599
input: 600 -> message: 4,3,0 -> output: 600
input: 601 -> message: 21,14,25,39,0 -> output: 601
input: 602 -> message: 21,36,26,39,0 -> output: 602
input: 603 -> message: 30,27,2,0 -> output: 603
input: 604 -> message: 37,13,9,15,39,0 -> output: 604
input: 605 -> message: 3,22,38,39,0 -> output: 605
input: 606 -> message: 14,17,14,31,0 -> output: 606
input: 607 -> message: 23,25,10,0 -> output: 607
input: 608 -> message: 14,33,34,38,0 -> output: 608
input: 609 -> message: 23,26,14,22,0 -> output: 609
input: 610 -> message: 23,33,6,39,0 -> output: 610
input: 611 -> message: 33,14,38,14,0 -> output: 611
input: 612 -> message: 27,27,38,21,0 -> output: 612
input: 613 -> message: 3,13,7,38,0 -> output: 613
input: 614 -> message: 23,13,8,39,0 -> output: 614
input: 615 -> message: 3,38,8,0 -> output: 615
input: 616 -> message: 2,17,14,0 -> output: 616
input: 617 -> message: 37,13,31,38,28,0 -> output: 617
input: 618 -> message: 21,38,37,34,0 -> output: 618
input: 619 -> message: 3,37,1,0 -> output: 619
input: 620 -> message: 21,21,25,14,0 -> output: 620
input: 621 -> message: 14,13,31,27,39,0 -> output: 621
input: 622 -> message: 23,13,19,38,0 -> output: 622
input: 623 -> message: 18,7,10,0 -> output: 623
input: 624 -> message: 30,16,0 -> output: 624
input: 625 -> message: 23,13,22,39,0 -> output: 625
input: 626 -> message: 14,17,1,22,0 -> output: 626
input: 627 -> message: 14,33,16,38,0 -> output: 627
input: 628 -> message: 23,8,0 -> output: 628
input: 629 -> message: 14,18,19,38,28,0 -> output: 629
input: 630 -> message: 37,13,26,0 -> output: 630
input: 631 -> message: 14,33,31,38,22,0 -> output: 631
input: 632 -> message: 37,37,14,10,38,0 -> output: 632
input: 633 -> message: 1,22,0 -> output: 633
input: 634 -> message: 3,1,26,22,0 -> output: 634
input: 635 -> message: 37,33,2,38,22,0 -> output: 635
input: 636 -> message: 24,39,8,0 -> output: 636
input: 637 -> message: 14,26,16,38,0 -> output: 637
input: 638 -> message: 20,28,0 -> output: 638
input: 639 -> message: 26,13,17,1,0 -> output: 113
input: 640 -> message: 21,38,4,38,0 -> output: 640
input: 641 -> message: 21,13,14,0 -> output: 641
input: 642 -> message: 23,10,33,31,0 -> output: 642
input: 643 -> message: 3,35,4,0 -> output: 643
input: 644 -> message: 14,18,11,38,22,0 -> output: 644
input: 645 -> message: 31,23,4,0 -> output: 645
input: 646 -> message: 23,13,14,34,0 -> output: 646
input: 647 -> message: 23,28,26,31,0 -> output: 647
input: 648 -> message: 23,25,4,38,0 -> output: 648
input: 649 -> message: 3,38,4,38,0 -> output: 649
input: 650 -> message: 37,27,22,4,0 -> output: 650
input: 651 -> message: 1,37,38,14,0 -> output: 651
input: 652 -> message: 1,13,14,0 -> output: 652
input: 653 -> message: 21,38,28,28,0 -> output: 653
input: 654 -> message: 10,37,19,0 -> output: 654
input: 655 -> message: 27,14,24,0 -> output: 655
input: 656 -> message: 21,30,36,0 -> output: 656
input: 657 -> message: 4,14,0 -> output: 657
input: 658 -> message: 24,24,0 -> output: 658
input: 659 -> message: 3,22,30,39,0 -> output: 659
input: 660 -> message: 30,13,39,38,0 -> output: 660
input: 661 -> message: 3,16,28,0 -> output: 661
input: 662 -> message: 37,33,27,38,0 -> output: 662
input: 663 -> message: 14,27,17,38,28,0 -> output: 663
input: 664 -> message: 23,18,19,39,0 -> output: 664
input: 665 -> message: 23,22,8,23,0 -> output: 665
input: 666 -> message: 3,17,26,28,0 -> output: 666
input: 667 -> message: 24,14,37,0 -> output: 667
input: 668 -> message: 3,13,6,38,0 -> output: 668
input: 669 -> message: 6,19,0 -> output: 669
input: 670 -> message: 23,38,5,38,0 -> output: 670
input: 671 -> message: 3,22,34,38,0 -> output: 671
input: 672 -> message: 21,38,7,0 -> output: 672
input: 673 -> message: 37,3,1,38,0 -> output: 673
input: 674 -> message: 11,14,8,0 -> output: 674
input: 675 -> message: 13,39,37,0 -> output: 675
input: 676 -> message: 23,5,13,0 -> output: 676
input: 677 -> message: 3,30,36,28,0 -> output: 677
input: 678 -> message: 3,21,1,0 -> output: 678
input: 679 -> message: 23,30,36,0 -> output: 679
input: 680 -> message: 24,37,8,0 -> output: 680
input: 681 -> message: 24,21,36,0 -> output: 681
input: 682 -> message: 3,27,17,39,0 -> output: 682
input: 683 -> message: 21,26,37,38,0 -> output: 683
input: 684 -> message: 37,7,14,27,0 -> output: 684
input: 685 -> message: 14,27,1,38,0 -> output: 991
input: 686 -> message: 37,36,11,0 -> output: 686
input: 687 -> message: 1,13,18,0 -> output: 687
input: 688 -> message: 3,22,26,31,0 -> output: 688
input: 689 -> message: 27,26,38,0 -> output: 689
input: 690 -> message: 24,30,0 -> output: 690
input: 691 -> message: 1,27,30,0 -> output: 691
input: 692 -> message: 23,26,7,0 -> output: 692
input: 693 -> message: 21,28,39,0 -> output: 693
input: 694 -> message: 3,33,6,38,0 -> output: 694
input: 695 -> message: 14,22,8,39,0 -> output: 695
input: 696 -> message: 14,16,13,1,0 -> output: 696
input: 697 -> message: 27,39,33,14,0 -> output: 697
input: 698 -> message: 37,22,18,39,0 -> output: 698
input: 699 -> message: 3,13,19,38,0 -> output: 699
input: 700 -> message: 19,37,0 -> output: 700
input: 701 -> message: 3,25,5,38,0 -> output: 701
input: 702 -> message: 3,5,26,0 -> output: 702
input: 703 -> message: 3,3,8,0 -> output: 703
input: 704 -> message: 23,23,32,38,0 -> output: 704
input: 705 -> message: 14,18,24,38,0 -> output: 705
input: 706 -> message: 24,37,10,0 -> output: 706
input: 707 -> message: 23,23,7,0 -> output: 707
input: 708 -> message: 3,27,2,38,0 -> output: 708
input: 709 -> message: 21,16,38,38,0 -> output: 709
input: 710 -> message: 37,33,21,39,0 -> output: 710
input: 711 -> message: 3,3,27,22,0 -> output: 711
input: 712 -> message: 3,23,34,39,0 -> output: 712
input: 713 -> message: 24,37,22,0 -> output: 713
input: 714 -> message: 14,25,23,38,0 -> output: 714
input: 715 -> message: 3,26,14,0 -> output: 715
input: 716 -> message: 30,36,24,0 -> output: 716
input: 717 -> message: 14,4,28,39,0 -> output: 717
input: 718 -> message: 14,3,6,38,0 -> output: 718
input: 719 -> message: 10,11,24,0 -> output: 719
input: 720 -> message: 37,27,1,38,28,0 -> output: 720
input: 721 -> message: 14,25,25,4,0 -> output: 721
input: 722 -> message: 21,26,36,39,0 -> output: 722
input: 723 -> message: 37,27,4,38,0 -> output: 723
input: 724 -> message: 14,25,10,38,0 -> output: 724
input: 725 -> message: 38,27,1,0 -> output: 725
input: 726 -> message: 27,38,17,31,0 -> output: 726
input: 727 -> message: 38,38,28,0 -> output: 727
input: 728 -> message: 3,27,5,38,0 -> output: 728
input: 729 -> message: 27,37,39,38,0 -> output: 729
input: 730 -> message: 2,27,0 -> output: 730
input: 731 -> message: 25,37,4,0 -> output: 731
input: 732 -> message: 37,16,38,22,0 -> output: 732
input: 733 -> message: 26,19,0 -> output: 733
input: 734 -> message: 21,24,4,0 -> output: 734
input: 735 -> message: 14,27,32,11,22,0 -> output: 735
input: 736 -> message: 14,4,10,39,0 -> output: 736
input: 737 -> message: 14,13,7,38,0 -> output: 737
input: 738 -> message: 3,22,28,39,0 -> output: 738
input: 739 -> message: 3,13,4,4,0 -> output: 739
input: 740 -> message: 23,6,27,0 -> output: 740
input: 741 -> message: 7,2,0 -> output: 741
input: 742 -> message: 30,3,24,0 -> output: 742
input: 743 -> message: 14,18,14,38,0 -> output: 743
input: 744 -> message: 14,27,7,39,0 -> output: 211
input: 745 -> message: 21,36,33,39,0 -> output: 745
input: 746 -> message: 37,30,38,14,0 -> output: 746
input: 747 -> message: 23,39,36,37,0 -> output: 747
input: 748 -> message: 7,37,0 -> output: 748
input: 749 -> message: 30,13,30,1,0 -> output: 749
input: 750 -> message: 14,13,38,1,0 -> output: 750
input: 751 -> message: 23,26,17,14,0 -> output: 751
input: 752 -> message: 37,18,19,38,0 -> output: 752
input: 753 -> message: 14,26,36,38,0 -> output: 753
input: 754 -> message: 3,26,28,39,0 -> output: 754
input: 755 -> message: 3,14,30,14,0 -> output: 755
input: 756 -> message: 27,39,25,0 -> output: 756
input: 757 -> message: 23,17,18,39,0 -> output: 757
input: 758 -> message: 26,14,14,10,0 -> output: 758
input: 759 -> message: 3,3,25,22,0 -> output: 759
input: 760 -> message: 13,16,29,0 -> output: 760
input: 761 -> message: 23,1,14,0 -> output: 761
input: 762 -> message: 37,27,25,38,0 -> output: 762
input: 763 -> message: 14,26,28,38,0 -> output: 763
input: 764 -> message: 14,33,36,38,21,0 -> output: 764
input: 765 -> message: 14,3,3,1,0 -> output: 765
input: 766 -> message: 22,17,14,28,0 -> output: 766
input: 767 -> message: 14,17,17,39,0 -> output: 767
input: 768 -> message: 23,21,17,0 -> output: 768
input: 769 -> message: 14,7,28,38,0 -> output: 769
input: 770 -> message: 23,22,25,0 -> output: 770
input: 771 -> message: 21,37,25,0 -> output: 771
input: 772 -> message: 14,13,8,24,38,0 -> output: 772
input: 773 -> message: 14,4,14,38,0 -> output: 773
input: 774 -> message: 11,37,0 -> output: 774
input: 775 -> message: 14,27,6,38,0 -> output: 775
input: 776 -> message: 23,37,22,0 -> output: 776
input: 777 -> message: 37,26,20,38,0 -> output: 777
input: 778 -> message: 3,13,34,0 -> output: 778
input: 779 -> message: 3,10,37,0 -> output: 779
input: 780 -> message: 14,13,4,38,0 -> output: 780
input: 781 -> message: 25,28,14,0 -> output: 781
input: 782 -> message: 23,22,13,36,0 -> output: 782
input: 783 -> message: 9,4,0 -> output: 783
input: 784 -> message: 3,37,38,14,0 -> output: 784
input: 785 -> message: 37,27,19,38,0 -> output: 785
input: 786 -> message: 30,19,22,0 -> output: 786
input: 787 -> message: 18,26,38,0 -> output: 787
input: 788 -> message: 21,38,32,38,0 -> output: 788
input: 789 -> message: 25,27,30,0 -> output: 789
input: 790 -> message: 25,23,30,0 -> output: 790
input: 791 -> message: 37,7,26,38,0 -> output: 791
input: 792 -> message: 14,25,38,38,0 -> output: 792
input: 793 -> message: 13,14,31,0 -> output: 793
input: 794 -> message: 3,13,24,38,0 -> output: 794
input: 795 -> message: 14,13,16,38,0 -> output: 795
input: 796 -> message: 23,26,6,39,0 -> output: 796
input: 797 -> message: 1,38,0 -> output: 797
input: 798 -> message: 3,18,19,38,0 -> output: 798
input: 799 -> message: 30,38,15,38,0 -> output: 936
input: 800 -> message: 37,7,38,38,0 -> output: 800
input: 801 -> message: 1,13,28,0 -> output: 801
input: 802 -> message: 37,26,24,38,0 -> output: 802
input: 803 -> message: 14,4,30,38,0 -> output: 803
input: 804 -> message: 23,17,39,39,0 -> output: 804
input: 805 -> message: 21,10,38,6,0 -> output: 805
input: 806 -> message: 3,27,10,38,0 -> output: 806
input: 807 -> message: 14,26,24,38,0 -> output: 807
input: 808 -> message: 30,11,22,0 -> output: 808
input: 809 -> message: 23,13,38,23,39,0 -> output: 294
input: 810 -> message: 14,3,30,34,0 -> output: 810
input: 811 -> message: 21,1,13,0 -> output: 811
input: 812 -> message: 14,30,30,34,38,0 -> output: 812
input: 813 -> message: 37,3,20,38,0 -> output: 813
input: 814 -> message: 14,18,34,38,0 -> output: 814
input: 815 -> message: 23,33,30,38,0 -> output: 815
input: 816 -> message: 23,23,39,23,0 -> output: 816
input: 817 -> message: 14,33,15,38,22,0 -> output: 817
input: 818 -> message: 3,22,37,31,0 -> output: 818
input: 819 -> message: 3,13,34,38,0 -> output: 778
input: 820 -> message: 3,22,17,38,0 -> output: 820
input: 821 -> message: 22,30,34,0 -> output: 821
input: 822 -> message: 21,38,33,38,0 -> output: 822
input: 823 -> message: 37,8,38,39,0 -> output: 823
input: 824 -> message: 27,19,17,0 -> output: 824
input: 825 -> message: 23,38,37,1,0 -> output: 825
input: 826 -> message: 25,27,5,0 -> output: 826
input: 827 -> message: 14,38,37,38,0 -> output: 827
input: 828 -> message: 21,27,28,38,0 -> output: 828
input: 829 -> message: 14,39,17,38,0 -> output: 829
input: 830 -> message: 23,36,30,22,0 -> output: 830
input: 831 -> message: 3,33,30,38,0 -> output: 831
input: 832 -> message: 3,36,24,0 -> output: 832
input: 833 -> message: 3,22,20,39,0 -> output: 833
input: 834 -> message: 21,17,26,39,0 -> output: 834
input: 835 -> message: 23,14,36,1,0 -> output: 835
input: 836 -> message: 3,38,21,38,0 -> output: 836
input: 837 -> message: 21,26,6,0 -> output: 837
input: 838 -> message: 23,38,14,38,0 -> output: 838
input: 839 -> message: 14,16,24,38,0 -> output: 839
input: 840 -> message: 17,8,0 -> output: 840
input: 841 -> message: 3,7,14,0 -> output: 841
input: 842 -> message: 30,13,17,14,13,0 -> output: 842
input: 843 -> message: 37,13,14,22,14,0 -> output: 843
input: 844 -> message: 21,21,6,0 -> output: 844
input: 845 -> message: 30,30,34,0 -> output: 845
input: 846 -> message: 14,25,7,38,39,0 -> output: 846
input: 847 -> message: 23,22,4,39,0 -> output: 847
input: 848 -> message: 14,13,19,5,38,0 -> output: 848
input: 849 -> message: 37,13,19,38,39,0 -> output: 849
input: 850 -> message: 14,33,19,38,0 -> output: 850
input: 851 -> message: 23,37,14,1,0 -> output: 232
input: 852 -> message: 21,26,30,39,0 -> output: 852
input: 853 -> message: 23,13,34,38,0 -> output: 853
input: 854 -> message: 17,14,0 -> output: 854
input: 855 -> message: 21,27,22,38,22,0 -> output: 511
input: 856 -> message: 23,22,1,38,0 -> output: 856
input: 857 -> message: 14,13,36,38,0 -> output: 857
input: 858 -> message: 36,17,38,0 -> output: 858
input: 859 -> message: 14,26,19,38,22,0 -> output: 859
input: 860 -> message: 23,7,26,0 -> output: 860
input: 861 -> message: 23,37,38,0 -> output: 861
input: 862 -> message: 26,7,36,0 -> output: 862
input: 863 -> message: 37,33,37,39,22,0 -> output: 863
input: 864 -> message: 3,36,28,38,0 -> output: 864
input: 865 -> message: 23,13,23,31,0 -> output: 865
input: 866 -> message: 14,18,20,39,0 -> output: 866
input: 867 -> message: 3,38,1,38,0 -> output: 867
input: 868 -> message: 14,16,36,38,0 -> output: 868
input: 869 -> message: 14,16,18,38,0 -> output: 869
input: 870 -> message: 23,30,18,31,0 -> output: 870
input: 871 -> message: 23,22,26,0 -> output: 871
input: 872 -> message: 21,27,13,0 -> output: 872
input: 873 -> message: 14,18,18,38,0 -> output: 873
input: 874 -> message: 37,13,17,38,13,0 -> output: 874
input: 875 -> message: 3,18,30,38,0 -> output: 875
input: 876 -> message: 33,21,14,22,0 -> output: 876
input: 877 -> message: 3,7,6,0 -> output: 877
input: 878 -> message: 10,14,36,0 -> output: 878
input: 879 -> message: 21,28,28,39,0 -> output: 879
input: 880 -> message: 25,12,13,0 -> output: 880
input: 881 -> message: 37,28,27,27,0 -> output: 881
input: 882 -> message: 23,4,13,0 -> output: 882
input: 883 -> message: 14,33,36,38,0 -> output: 764
input: 884 -> message: 21,28,5,38,0 -> output: 884
input: 885 -> message: 14,7,24,38,0 -> output: 885
input: 886 -> message: 14,38,17,38,13,0 -> output: 886
input: 887 -> message: 14,21,17,4,0 -> output: 887
input: 888 -> message: 30,13,34,38,0 -> output: 888
input: 889 -> message: 3,19,11,0 -> output: 889
input: 890 -> message: 24,1,1,0 -> output: 890
input: 891 -> message: 3,22,36,39,0 -> output: 891
input: 892 -> message: 11,37,7,0 -> output: 892
input: 893 -> message: 3,27,37,0 -> output: 893
input: 894 -> message: 26,13,14,1,0 -> output: 894
input: 895 -> message: 23,5,28,0 -> output: 895
input: 896 -> message: 10,28,0 -> output: 896
input: 897 -> message: 14,16,1,38,0 -> output: 897
input: 898 -> message: 14,36,36,38,0 -> output: 898
input: 899 -> message: 23,13,30,38,0 -> output: 899
input: 900 -> message: 23,14,38,34,0 -> output: 900
input: 901 -> message: 23,33,38,39,0 -> output: 901
input: 902 -> message: 23,39,16,16,31,0 -> output: 902
input: 903 -> message: 27,39,34,38,0 -> output: 903
input: 904 -> message: 24,16,0 -> output: 904
input: 905 -> message: 23,5,26,0 -> output: 905
input: 906 -> message: 14,17,17,39,0 -> output: 767
input: 907 -> message: 23,11,0 -> output: 907
input: 908 -> message: 3,18,24,1,0 -> output: 908
input: 909 -> message: 13,13,14,0 -> output: 909
input: 910 -> message: 25,11,22,0 -> output: 910
input: 911 -> message: 23,33,8,36,27,0 -> output: 911
input: 912 -> message: 3,33,33,38,0 -> output: 19
input: 913 -> message: 30,14,1,0 -> output: 913
input: 914 -> message: 37,26,2,38,0 -> output: 914
input: 915 -> message: 3,27,36,38,0 -> output: 915
input: 916 -> message: 21,27,29,38,0 -> output: 916
input: 917 -> message: 14,18,6,39,0 -> output: 917
input: 918 -> message: 3,13,37,39,0 -> output: 918
input: 919 -> message: 23,13,37,16,0 -> output: 919
input: 920 -> message: 23,22,33,38,0 -> output: 920
input: 921 -> message: 14,3,1,38,0 -> output: 921
input: 922 -> message: 37,13,38,24,39,0 -> output: 922
input: 923 -> message: 23,21,22,39,0 -> output: 923
input: 924 -> message: 37,14,14,36,0 -> output: 924
input: 925 -> message: 23,38,39,39,0 -> output: 925
input: 926 -> message: 23,7,17,38,0 -> output: 926
input: 927 -> message: 4,6,0 -> output: 927
input: 928 -> message: 21,38,16,38,0 -> output: 928
input: 929 -> message: 37,39,17,38,0 -> output: 929
input: 930 -> message: 3,18,26,0 -> output: 930
input: 931 -> message: 33,8,8,38,0 -> output: 1
input: 932 -> message: 25,24,39,0 -> output: 932
input: 933 -> message: 37,13,34,38,22,0 -> output: 933
input: 934 -> message: 27,17,14,39,0 -> output: 934
input: 935 -> message: 3,16,23,0 -> output: 935
input: 936 -> message: 30,38,0 -> output: 936
input: 937 -> message: 23,21,38,39,0 -> output: 937
input: 938 -> message: 14,17,27,1,0 -> output: 938
input: 939 -> message: 37,17,2,39,0 -> output: 939
input: 940 -> message: 3,36,28,39,0 -> output: 864
input: 941 -> message: 38,26,0 -> output: 941
input: 942 -> message: 23,27,2,38,0 -> output: 942
input: 943 -> message: 3,17,37,1,0 -> output: 943
input: 944 -> message: 30,13,8,38,0 -> output: 944
input: 945 -> message: 37,22,26,39,0 -> output: 945
input: 946 -> message: 14,25,17,1,0 -> output: 946
input: 947 -> message: 21,27,38,38,0 -> output: 947
input: 948 -> message: 3,38,28,0 -> output: 948
input: 949 -> message: 21,19,28,0 -> output: 218
input: 950 -> message: 30,37,34,0 -> output: 950
input: 951 -> message: 37,33,38,39,22,0 -> output: 951
input: 952 -> message: 26,11,14,1,0 -> output: 952
input: 953 -> message: 14,26,1,38,0 -> output: 953
input: 954 -> message: 10,11,0 -> output: 954
input: 955 -> message: 3,13,32,38,22,0 -> output: 955
input: 956 -> message: 14,3,7,5,0 -> output: 956
input: 957 -> message: 27,27,18,38,0 -> output: 957
input: 958 -> message: 14,13,5,21,14,0 -> output: 958
input: 959 -> message: 37,22,26,34,38,0 -> output: 945
input: 960 -> message: 25,33,0 -> output: 960
input: 961 -> message: 23,22,38,39,0 -> output: 961
input: 962 -> message: 21,28,7,0 -> output: 962
input: 963 -> message: 3,10,5,0 -> output: 963
input: 964 -> message: 1,13,16,0 -> output: 964
input: 965 -> message: 13,13,10,0 -> output: 965
input: 966 -> message: 23,23,34,39,0 -> output: 966
input: 967 -> message: 27,22,36,38,0 -> output: 967
input: 968 -> message: 27,2,37,0 -> output: 968
input: 969 -> message: 23,23,36,31,0 -> output: 969
input: 970 -> message: 21,38,36,0 -> output: 970
input: 971 -> message: 14,19,36,38,0 -> output: 971
input: 972 -> message: 3,27,24,38,0 -> output: 972
input: 973 -> message: 30,13,7,39,0 -> output: 973
input: 974 -> message: 24,38,13,0 -> output: 974
input: 975 -> message: 14,4,18,38,0 -> output: 975
input: 976 -> message: 14,39,38,39,38,0 -> output: 286
input: 977 -> message: 14,13,31,1,37,0 -> output: 977
input: 978 -> message: 26,39,22,0 -> output: 978
input: 979 -> message: 21,39,6,1,0 -> output: 979
input: 980 -> message: 37,13,37,29,0 -> output: 980
input: 981 -> message: 14,36,6,30,0 -> output: 981
input: 982 -> message: 3,33,17,38,0 -> output: 982
input: 983 -> message: 27,13,26,38,0 -> output: 983
input: 984 -> message: 21,10,16,38,0 -> output: 984
input: 985 -> message: 25,5,0 -> output: 985
input: 986 -> message: 1,17,0 -> output: 986
input: 987 -> message: 31,31,0 -> output: 987
input: 988 -> message: 25,6,0 -> output: 988
input: 989 -> message: 14,22,11,14,0 -> output: 989
input: 990 -> message: 3,38,24,26,0 -> output: 990
input: 991 -> message: 14,36,18,38,0 -> output: 991
input: 992 -> message: 21,27,30,38,0 -> output: 992
input: 993 -> message: 37,33,18,38,22,0 -> output: 993
input: 994 -> message: 17,37,0 -> output: 994
input: 995 -> message: 3,33,24,39,0 -> output: 995
input: 996 -> message: 37,33,24,38,0 -> output: 996
input: 997 -> message: 37,13,19,25,39,0 -> output: 997
input: 998 -> message: 23,7,6,37,0 -> output: 998
input: 999 -> message: 27,30,38,0 -> output: 999
{"powerlaw": 0.9960906505584717, "unif": 0.98}
Epoch: 301
Impatient score=2770
Epoch: 302
Impatient score=2744
Epoch: 303
Impatient score=2737
Epoch: 304
Impatient score=2785
Epoch: 305
Impatient score=2787
Epoch: 306
Impatient score=2775
Epoch: 307
Impatient score=2684
Epoch: 308
Impatient score=2668
Epoch: 309
Impatient score=2700
Epoch: 310
Impatient score=2710
Epoch: 311
Impatient score=2690
Epoch: 312
Impatient score=2697
Epoch: 313
Impatient score=2707
Epoch: 314
Impatient score=2781
Epoch: 315
Impatient score=2778
Epoch: 316
Impatient score=2680
Epoch: 317
Impatient score=2711
Epoch: 318
Impatient score=2697
Epoch: 319
Impatient score=2760
Epoch: 320
Impatient score=2722
Epoch: 321
Impatient score=2662
Epoch: 322
Impatient score=2764
Epoch: 323
Impatient score=2709
Epoch: 324
Impatient score=2701
Epoch: 325
Impatient score=2729
{"powerlaw": 0.9973785281181335, "unif": 0.986}
Epoch: 326
Impatient score=2656
Epoch: 327
Impatient score=2713
Epoch: 328
Impatient score=2696
Epoch: 329
Impatient score=2730
Epoch: 330
Impatient score=2780
Epoch: 331
Impatient score=2839
Epoch: 332
Impatient score=2828
Epoch: 333
Impatient score=2752
Epoch: 334
Impatient score=2774
Epoch: 335
Impatient score=2775
Epoch: 336
Impatient score=2762
Epoch: 337
Impatient score=2845
Epoch: 338
Impatient score=2785
Epoch: 339
Impatient score=2798
Epoch: 340
Impatient score=2849
Epoch: 341
Impatient score=2889
Epoch: 342
Impatient score=2815
Epoch: 343
Impatient score=2818
Epoch: 344
Impatient score=2813
Epoch: 345
Impatient score=2827
Epoch: 346
Impatient score=2804
Epoch: 347
Impatient score=2820
Epoch: 348
Impatient score=2772
Epoch: 349
Impatient score=2771
Epoch: 350
Impatient score=2710
{"powerlaw": 0.9970661401748657, "unif": 0.983}
Epoch: 351
Impatient score=2828
Epoch: 352
Impatient score=2756
Epoch: 353
Impatient score=2901
Epoch: 354
Impatient score=2939
Epoch: 355
Impatient score=2810
Epoch: 356
Impatient score=2870
Epoch: 357
Impatient score=2740
Epoch: 358
Impatient score=2737
Epoch: 359
Impatient score=2734
Epoch: 360
Impatient score=2773
Epoch: 361
Impatient score=2763
Epoch: 362
Impatient score=2779
Epoch: 363
Impatient score=2829
Epoch: 364
Impatient score=2753
Epoch: 365
Impatient score=2699
Epoch: 366
Impatient score=2699
Epoch: 367
Impatient score=2760
Epoch: 368
Impatient score=2633
Epoch: 369
Impatient score=2669
Epoch: 370
Impatient score=2685
Epoch: 371
Impatient score=2676
Epoch: 372
Impatient score=2713
Epoch: 373
Impatient score=2790
Epoch: 374
Impatient score=2730
Epoch: 375
Impatient score=2762
{"powerlaw": 0.9964461922645569, "unif": 0.98}
Epoch: 376
Impatient score=2684
Epoch: 377
Impatient score=2619
Epoch: 378
Impatient score=2610
Epoch: 379
Impatient score=2634
Epoch: 380
Impatient score=2718
Epoch: 381
Impatient score=2749
Epoch: 382
Impatient score=2682
Epoch: 383
Impatient score=2677
Epoch: 384
Impatient score=2638
Epoch: 385
Impatient score=2745
Epoch: 386
Impatient score=2732
Epoch: 387
Impatient score=2731
Epoch: 388
Impatient score=2733
Epoch: 389
Impatient score=2650
Epoch: 390
Impatient score=2664
Epoch: 391
Impatient score=2694
Epoch: 392
Impatient score=2677
Epoch: 393
Impatient score=2663
Epoch: 394
Impatient score=2762
Epoch: 395
Impatient score=2702
Epoch: 396
Impatient score=2711
Epoch: 397
Impatient score=2709
Epoch: 398
Impatient score=2695
Epoch: 399
Impatient score=2744
Epoch: 400
Impatient score=2765
input: 0 -> message: 39,0 -> output: 0
input: 1 -> message: 33,0 -> output: 1
input: 2 -> message: 37,0 -> output: 2
input: 3 -> message: 27,33,0 -> output: 3
input: 4 -> message: 18,0 -> output: 4
input: 5 -> message: 14,14,0 -> output: 5
input: 6 -> message: 18,33,0 -> output: 6
input: 7 -> message: 39,39,0 -> output: 7
input: 8 -> message: 0 -> output: 8
input: 9 -> message: 14,14,13,0 -> output: 9
input: 10 -> message: 14,14,22,0 -> output: 10
input: 11 -> message: 39,9,0 -> output: 11
input: 12 -> message: 39,7,0 -> output: 12
input: 13 -> message: 30,33,33,0 -> output: 13
input: 14 -> message: 13,33,0 -> output: 14
input: 15 -> message: 14,30,0 -> output: 15
input: 16 -> message: 36,22,0 -> output: 16
input: 17 -> message: 14,14,38,0 -> output: 17
input: 18 -> message: 18,39,0 -> output: 18
input: 19 -> message: 3,33,0 -> output: 19
input: 20 -> message: 14,14,10,0 -> output: 20
input: 21 -> message: 39,22,0 -> output: 21
input: 22 -> message: 26,18,0 -> output: 22
input: 23 -> message: 14,14,16,0 -> output: 23
input: 24 -> message: 22,33,0 -> output: 24
input: 25 -> message: 30,33,0 -> output: 25
input: 26 -> message: 14,14,25,0 -> output: 26
input: 27 -> message: 37,33,33,4,0 -> output: 27
input: 28 -> message: 9,33,0 -> output: 28
input: 29 -> message: 14,14,20,0 -> output: 29
input: 30 -> message: 37,33,39,0 -> output: 30
input: 31 -> message: 37,33,33,0 -> output: 31
input: 32 -> message: 22,22,30,0 -> output: 32
input: 33 -> message: 27,23,0 -> output: 33
input: 34 -> message: 14,14,17,11,0 -> output: 34
input: 35 -> message: 36,14,0 -> output: 35
input: 36 -> message: 14,30,24,0 -> output: 36
input: 37 -> message: 22,22,38,0 -> output: 37
input: 38 -> message: 24,22,0 -> output: 38
input: 39 -> message: 30,22,0 -> output: 39
input: 40 -> message: 27,22,30,0 -> output: 40
input: 41 -> message: 22,18,0 -> output: 41
input: 42 -> message: 22,37,0 -> output: 42
input: 43 -> message: 19,22,0 -> output: 43
input: 44 -> message: 26,18,4,0 -> output: 44
input: 45 -> message: 37,14,24,0 -> output: 45
input: 46 -> message: 26,22,0 -> output: 46
input: 47 -> message: 22,22,17,0 -> output: 47
input: 48 -> message: 22,37,15,0 -> output: 48
input: 49 -> message: 13,22,0 -> output: 49
input: 50 -> message: 37,30,26,0 -> output: 50
input: 51 -> message: 27,22,18,0 -> output: 51
input: 52 -> message: 37,14,38,0 -> output: 52
input: 53 -> message: 6,38,0 -> output: 53
input: 54 -> message: 22,13,0 -> output: 54
input: 55 -> message: 22,22,13,0 -> output: 55
input: 56 -> message: 36,30,0 -> output: 56
input: 57 -> message: 21,33,14,0 -> output: 57
input: 58 -> message: 27,22,5,0 -> output: 58
input: 59 -> message: 13,18,0 -> output: 59
input: 60 -> message: 36,30,17,0 -> output: 60
input: 61 -> message: 37,25,1,0 -> output: 61
input: 62 -> message: 37,30,36,0 -> output: 62
input: 63 -> message: 14,10,11,0 -> output: 63
input: 64 -> message: 37,30,10,0 -> output: 64
input: 65 -> message: 21,22,38,0 -> output: 65
input: 66 -> message: 14,29,11,0 -> output: 66
input: 67 -> message: 38,22,0 -> output: 67
input: 68 -> message: 22,19,0 -> output: 68
input: 69 -> message: 36,37,6,0 -> output: 69
input: 70 -> message: 37,37,24,0 -> output: 70
input: 71 -> message: 22,14,36,0 -> output: 71
input: 72 -> message: 27,37,29,0 -> output: 72
input: 73 -> message: 37,18,1,7,0 -> output: 73
input: 74 -> message: 37,22,14,11,0 -> output: 74
input: 75 -> message: 6,39,0 -> output: 75
input: 76 -> message: 9,27,0 -> output: 76
input: 77 -> message: 36,37,0 -> output: 77
input: 78 -> message: 14,30,36,11,0 -> output: 78
input: 79 -> message: 30,13,6,0 -> output: 79
input: 80 -> message: 22,25,0 -> output: 80
input: 81 -> message: 22,37,17,0 -> output: 81
input: 82 -> message: 22,3,0 -> output: 82
input: 83 -> message: 37,37,25,0 -> output: 83
input: 84 -> message: 25,30,20,0 -> output: 84
input: 85 -> message: 21,22,14,0 -> output: 85
input: 86 -> message: 37,18,18,0 -> output: 86
input: 87 -> message: 22,14,10,0 -> output: 87
input: 88 -> message: 38,13,0 -> output: 88
input: 89 -> message: 14,38,30,0 -> output: 89
input: 90 -> message: 14,18,26,0 -> output: 90
input: 91 -> message: 37,22,2,24,0 -> output: 91
input: 92 -> message: 21,4,20,0 -> output: 92
input: 93 -> message: 37,13,3,11,0 -> output: 93
input: 94 -> message: 14,24,0 -> output: 94
input: 95 -> message: 37,22,17,0 -> output: 95
input: 96 -> message: 21,39,0 -> output: 96
input: 97 -> message: 3,18,10,0 -> output: 97
input: 98 -> message: 13,13,0 -> output: 98
input: 99 -> message: 37,30,19,11,0 -> output: 99
input: 100 -> message: 37,3,13,0 -> output: 100
input: 101 -> message: 26,37,4,0 -> output: 101
input: 102 -> message: 21,33,37,0 -> output: 102
input: 103 -> message: 14,19,38,0 -> output: 103
input: 104 -> message: 14,19,25,0 -> output: 104
input: 105 -> message: 14,38,6,0 -> output: 105
input: 106 -> message: 36,14,27,0 -> output: 106
input: 107 -> message: 23,10,0 -> output: 107
input: 108 -> message: 27,14,14,0 -> output: 108
input: 109 -> message: 22,13,26,0 -> output: 109
input: 110 -> message: 21,25,33,0 -> output: 110
input: 111 -> message: 13,13,28,0 -> output: 111
input: 112 -> message: 14,36,26,0 -> output: 112
input: 113 -> message: 26,13,0 -> output: 113
input: 114 -> message: 3,22,21,0 -> output: 114
input: 115 -> message: 14,30,2,33,0 -> output: 115
input: 116 -> message: 37,22,37,0 -> output: 116
input: 117 -> message: 14,27,37,11,0 -> output: 117
input: 118 -> message: 14,16,5,11,0 -> output: 118
input: 119 -> message: 13,22,30,0 -> output: 119
input: 120 -> message: 37,38,28,0 -> output: 120
input: 121 -> message: 26,38,37,0 -> output: 121
input: 122 -> message: 26,14,25,0 -> output: 122
input: 123 -> message: 21,37,2,0 -> output: 123
input: 124 -> message: 19,25,0 -> output: 124
input: 125 -> message: 36,28,0 -> output: 125
input: 126 -> message: 30,1,0 -> output: 126
input: 127 -> message: 26,14,26,0 -> output: 127
input: 128 -> message: 23,14,15,0 -> output: 128
input: 129 -> message: 14,19,15,0 -> output: 129
input: 130 -> message: 14,18,30,11,0 -> output: 130
input: 131 -> message: 21,14,15,0 -> output: 131
input: 132 -> message: 14,13,14,39,0 -> output: 132
input: 133 -> message: 37,2,14,24,0 -> output: 133
input: 134 -> message: 21,16,23,0 -> output: 134
input: 135 -> message: 14,27,26,11,0 -> output: 135
input: 136 -> message: 37,27,30,24,0 -> output: 136
input: 137 -> message: 22,17,0 -> output: 137
input: 138 -> message: 21,14,36,0 -> output: 138
input: 139 -> message: 14,36,28,24,0 -> output: 139
input: 140 -> message: 14,38,19,11,0 -> output: 140
input: 141 -> message: 37,26,39,0 -> output: 141
input: 142 -> message: 22,38,0 -> output: 142
input: 143 -> message: 36,37,38,0 -> output: 143
input: 144 -> message: 3,1,2,0 -> output: 144
input: 145 -> message: 20,10,0 -> output: 145
input: 146 -> message: 14,18,6,0 -> output: 146
input: 147 -> message: 37,13,8,0 -> output: 147
input: 148 -> message: 3,13,14,0 -> output: 148
input: 149 -> message: 14,6,23,0 -> output: 149
input: 150 -> message: 37,22,8,11,0 -> output: 150
input: 151 -> message: 37,38,14,25,0 -> output: 151
input: 152 -> message: 36,25,0 -> output: 152
input: 153 -> message: 23,13,28,0 -> output: 153
input: 154 -> message: 14,13,29,0 -> output: 154
input: 155 -> message: 26,24,0 -> output: 155
input: 156 -> message: 37,13,38,31,0 -> output: 156
input: 157 -> message: 26,14,29,0 -> output: 157
input: 158 -> message: 3,30,0 -> output: 158
input: 159 -> message: 27,38,0 -> output: 159
input: 160 -> message: 3,4,0 -> output: 160
input: 161 -> message: 30,13,19,0 -> output: 161
input: 162 -> message: 13,13,18,0 -> output: 162
input: 163 -> message: 37,3,17,0 -> output: 163
input: 164 -> message: 37,18,26,28,0 -> output: 164
input: 165 -> message: 36,26,0 -> output: 165
input: 166 -> message: 36,27,0 -> output: 166
input: 167 -> message: 21,38,8,0 -> output: 167
input: 168 -> message: 14,22,18,11,0 -> output: 168
input: 169 -> message: 37,30,17,39,0 -> output: 169
input: 170 -> message: 16,27,0 -> output: 170
input: 171 -> message: 37,7,21,0 -> output: 171
input: 172 -> message: 14,3,10,0 -> output: 172
input: 173 -> message: 37,7,12,0 -> output: 173
input: 174 -> message: 14,26,3,11,0 -> output: 174
input: 175 -> message: 14,22,27,0 -> output: 175
input: 176 -> message: 37,22,27,11,0 -> output: 176
input: 177 -> message: 7,17,0 -> output: 177
input: 178 -> message: 37,26,26,24,0 -> output: 178
input: 179 -> message: 14,38,13,18,0 -> output: 179
input: 180 -> message: 37,15,11,0 -> output: 180
input: 181 -> message: 14,27,16,0 -> output: 181
input: 182 -> message: 25,30,0 -> output: 182
input: 183 -> message: 3,26,24,0 -> output: 183
input: 184 -> message: 31,13,0 -> output: 184
input: 185 -> message: 14,13,17,14,11,0 -> output: 185
input: 186 -> message: 4,36,18,0 -> output: 186
input: 187 -> message: 14,39,8,24,0 -> output: 187
input: 188 -> message: 21,26,16,0 -> output: 188
input: 189 -> message: 37,36,30,0 -> output: 189
input: 190 -> message: 23,1,34,0 -> output: 190
input: 191 -> message: 38,17,0 -> output: 191
input: 192 -> message: 13,37,0 -> output: 192
input: 193 -> message: 37,13,4,10,0 -> output: 193
input: 194 -> message: 3,25,30,0 -> output: 194
input: 195 -> message: 3,36,26,0 -> output: 195
input: 196 -> message: 14,27,22,24,0 -> output: 196
input: 197 -> message: 14,25,18,0 -> output: 197
input: 198 -> message: 3,14,27,0 -> output: 198
input: 199 -> message: 37,14,30,36,0 -> output: 199
input: 200 -> message: 22,30,25,0 -> output: 200
input: 201 -> message: 21,14,17,0 -> output: 201
input: 202 -> message: 14,25,6,24,0 -> output: 202
input: 203 -> message: 14,3,2,11,0 -> output: 203
input: 204 -> message: 17,38,0 -> output: 204
input: 205 -> message: 3,26,11,0 -> output: 205
input: 206 -> message: 21,31,0 -> output: 206
input: 207 -> message: 14,25,26,11,0 -> output: 207
input: 208 -> message: 3,36,30,0 -> output: 208
input: 209 -> message: 23,30,5,0 -> output: 209
input: 210 -> message: 17,27,0 -> output: 210
input: 211 -> message: 14,26,17,24,0 -> output: 211
input: 212 -> message: 23,26,11,24,0 -> output: 212
input: 213 -> message: 14,27,39,24,0 -> output: 213
input: 214 -> message: 21,17,7,0 -> output: 214
input: 215 -> message: 26,10,0 -> output: 215
input: 216 -> message: 37,27,14,39,0 -> output: 216
input: 217 -> message: 27,27,30,0 -> output: 217
input: 218 -> message: 21,19,28,0 -> output: 218
input: 219 -> message: 21,36,4,0 -> output: 219
input: 220 -> message: 14,7,7,24,0 -> output: 220
input: 221 -> message: 37,33,11,24,11,0 -> output: 221
input: 222 -> message: 27,37,10,0 -> output: 222
input: 223 -> message: 21,3,39,0 -> output: 223
input: 224 -> message: 13,38,0 -> output: 224
input: 225 -> message: 14,14,30,11,0 -> output: 225
input: 226 -> message: 14,25,30,24,0 -> output: 226
input: 227 -> message: 23,33,29,0 -> output: 227
input: 228 -> message: 37,13,33,24,0 -> output: 228
input: 229 -> message: 23,33,27,0 -> output: 229
input: 230 -> message: 21,11,30,0 -> output: 230
input: 231 -> message: 23,16,33,0 -> output: 231
input: 232 -> message: 23,37,2,0 -> output: 232
input: 233 -> message: 23,18,37,0 -> output: 233
input: 234 -> message: 37,17,26,11,0 -> output: 234
input: 235 -> message: 3,26,7,0 -> output: 235
input: 236 -> message: 14,30,26,11,0 -> output: 236
input: 237 -> message: 24,0 -> output: 237
input: 238 -> message: 37,13,38,38,0 -> output: 238
input: 239 -> message: 38,25,0 -> output: 239
input: 240 -> message: 26,11,11,0 -> output: 240
input: 241 -> message: 23,11,38,0 -> output: 241
input: 242 -> message: 3,14,10,0 -> output: 242
input: 243 -> message: 30,13,24,0 -> output: 243
input: 244 -> message: 37,1,23,0 -> output: 244
input: 245 -> message: 26,37,37,0 -> output: 245
input: 246 -> message: 14,33,14,11,0 -> output: 246
input: 247 -> message: 14,22,22,11,0 -> output: 247
input: 248 -> message: 22,21,0 -> output: 248
input: 249 -> message: 23,29,0 -> output: 249
input: 250 -> message: 1,20,0 -> output: 250
input: 251 -> message: 37,36,7,24,0 -> output: 251
input: 252 -> message: 27,1,11,0 -> output: 252
input: 253 -> message: 23,39,3,15,0 -> output: 253
input: 254 -> message: 21,19,38,38,0 -> output: 254
input: 255 -> message: 37,18,4,11,0 -> output: 255
input: 256 -> message: 3,3,14,18,0 -> output: 256
input: 257 -> message: 3,13,35,0 -> output: 257
input: 258 -> message: 23,2,30,0 -> output: 258
input: 259 -> message: 25,37,3,0 -> output: 259
input: 260 -> message: 1,27,5,0 -> output: 260
input: 261 -> message: 25,26,0 -> output: 261
input: 262 -> message: 14,33,18,11,0 -> output: 262
input: 263 -> message: 27,39,14,24,0 -> output: 263
input: 264 -> message: 3,22,10,0 -> output: 264
input: 265 -> message: 1,23,0 -> output: 265
input: 266 -> message: 3,3,26,0 -> output: 266
input: 267 -> message: 37,13,14,24,11,0 -> output: 267
input: 268 -> message: 21,25,4,23,0 -> output: 268
input: 269 -> message: 23,39,8,0 -> output: 269
input: 270 -> message: 14,13,31,24,0 -> output: 270
input: 271 -> message: 14,4,22,24,0 -> output: 271
input: 272 -> message: 14,36,12,11,0 -> output: 272
input: 273 -> message: 23,26,16,0 -> output: 273
input: 274 -> message: 30,14,0 -> output: 274
input: 275 -> message: 1,37,0 -> output: 275
input: 276 -> message: 14,18,38,24,0 -> output: 276
input: 277 -> message: 21,10,16,0 -> output: 277
input: 278 -> message: 23,39,20,11,0 -> output: 278
input: 279 -> message: 3,37,23,0 -> output: 279
input: 280 -> message: 21,21,3,0 -> output: 280
input: 281 -> message: 24,27,0 -> output: 281
input: 282 -> message: 14,4,26,24,0 -> output: 282
input: 283 -> message: 23,22,18,0 -> output: 283
input: 284 -> message: 37,36,8,11,0 -> output: 284
input: 285 -> message: 23,24,37,0 -> output: 285
input: 286 -> message: 14,39,38,0 -> output: 286
input: 287 -> message: 3,25,16,0 -> output: 287
input: 288 -> message: 1,27,0 -> output: 288
input: 289 -> message: 5,30,0 -> output: 289
input: 290 -> message: 30,26,28,0 -> output: 290
input: 291 -> message: 30,37,26,0 -> output: 291
input: 292 -> message: 23,37,10,37,0 -> output: 292
input: 293 -> message: 3,36,7,11,0 -> output: 293
input: 294 -> message: 14,39,38,24,0 -> output: 294
input: 295 -> message: 25,14,0 -> output: 295
input: 296 -> message: 14,26,26,11,0 -> output: 296
input: 297 -> message: 3,39,22,0 -> output: 297
input: 298 -> message: 37,33,20,24,11,0 -> output: 298
input: 299 -> message: 14,4,16,11,0 -> output: 299
input: 300 -> message: 1,37,20,0 -> output: 300
input: 301 -> message: 14,22,15,11,0 -> output: 301
input: 302 -> message: 27,38,37,0 -> output: 159
input: 303 -> message: 23,26,33,24,0 -> output: 303
input: 304 -> message: 23,26,30,0 -> output: 304
input: 305 -> message: 10,37,0 -> output: 305
input: 306 -> message: 23,22,19,11,0 -> output: 306
input: 307 -> message: 1,26,0 -> output: 307
input: 308 -> message: 3,26,36,11,0 -> output: 308
input: 309 -> message: 37,18,25,11,0 -> output: 309
input: 310 -> message: 14,27,33,24,0 -> output: 310
input: 311 -> message: 14,3,21,24,0 -> output: 311
input: 312 -> message: 14,13,11,34,0 -> output: 312
input: 313 -> message: 25,37,7,0 -> output: 313
input: 314 -> message: 14,13,1,11,0 -> output: 314
input: 315 -> message: 16,14,0 -> output: 315
input: 316 -> message: 14,3,26,24,0 -> output: 316
input: 317 -> message: 3,38,10,11,0 -> output: 317
input: 318 -> message: 14,38,5,24,0 -> output: 318
input: 319 -> message: 37,27,6,24,0 -> output: 319
input: 320 -> message: 13,37,6,0 -> output: 320
input: 321 -> message: 14,7,6,11,0 -> output: 321
input: 322 -> message: 36,1,0 -> output: 322
input: 323 -> message: 14,22,30,0 -> output: 323
input: 324 -> message: 25,16,0 -> output: 324
input: 325 -> message: 25,37,6,0 -> output: 325
input: 326 -> message: 21,26,18,24,0 -> output: 326
input: 327 -> message: 14,13,34,24,11,0 -> output: 327
input: 328 -> message: 25,26,19,0 -> output: 328
input: 329 -> message: 23,7,28,24,0 -> output: 329
input: 330 -> message: 10,27,0 -> output: 330
input: 331 -> message: 3,6,12,0 -> output: 331
input: 332 -> message: 27,36,11,0 -> output: 332
input: 333 -> message: 14,33,27,22,0 -> output: 333
input: 334 -> message: 37,13,14,37,11,0 -> output: 334
input: 335 -> message: 23,28,39,0 -> output: 335
input: 336 -> message: 23,17,13,0 -> output: 336
input: 337 -> message: 21,13,8,0 -> output: 337
input: 338 -> message: 10,14,0 -> output: 338
input: 339 -> message: 37,18,37,4,0 -> output: 339
input: 340 -> message: 21,26,22,18,0 -> output: 340
input: 341 -> message: 13,2,23,0 -> output: 341
input: 342 -> message: 3,18,6,11,0 -> output: 342
input: 343 -> message: 37,10,37,0 -> output: 343
input: 344 -> message: 23,38,10,0 -> output: 344
input: 345 -> message: 37,17,12,24,0 -> output: 345
input: 346 -> message: 27,28,0 -> output: 346
input: 347 -> message: 27,25,7,0 -> output: 347
input: 348 -> message: 14,13,8,24,11,0 -> output: 348
input: 349 -> message: 24,11,0 -> output: 349
input: 350 -> message: 23,38,27,39,0 -> output: 350
input: 351 -> message: 23,37,5,0 -> output: 351
input: 352 -> message: 33,21,4,11,0 -> output: 352
input: 353 -> message: 36,14,38,24,0 -> output: 353
input: 354 -> message: 21,4,25,0 -> output: 354
input: 355 -> message: 14,33,30,11,0 -> output: 355
input: 356 -> message: 21,26,12,0 -> output: 356
input: 357 -> message: 21,10,37,11,0 -> output: 357
input: 358 -> message: 14,39,14,11,0 -> output: 358
input: 359 -> message: 16,19,0 -> output: 359
input: 360 -> message: 14,13,28,24,0 -> output: 360
input: 361 -> message: 21,21,22,0 -> output: 361
input: 362 -> message: 3,22,6,11,0 -> output: 362
input: 363 -> message: 3,8,18,0 -> output: 363
input: 364 -> message: 24,26,0 -> output: 364
input: 365 -> message: 23,7,39,0 -> output: 365
input: 366 -> message: 21,4,14,39,0 -> output: 366
input: 367 -> message: 26,13,3,11,0 -> output: 367
input: 368 -> message: 23,13,32,0 -> output: 368
input: 369 -> message: 3,28,30,0 -> output: 369
input: 370 -> message: 24,13,1,0 -> output: 370
input: 371 -> message: 23,25,38,11,0 -> output: 371
input: 372 -> message: 14,8,39,0 -> output: 372
input: 373 -> message: 23,13,33,22,0 -> output: 373
input: 374 -> message: 37,33,4,1,11,0 -> output: 374
input: 375 -> message: 13,11,8,0 -> output: 375
input: 376 -> message: 14,36,39,11,0 -> output: 376
input: 377 -> message: 21,17,5,24,0 -> output: 377
input: 378 -> message: 37,27,16,24,0 -> output: 378
input: 379 -> message: 31,21,30,0 -> output: 379
input: 380 -> message: 14,7,38,11,0 -> output: 380
input: 381 -> message: 3,2,25,0 -> output: 381
input: 382 -> message: 23,25,26,0 -> output: 382
input: 383 -> message: 23,17,26,11,0 -> output: 383
input: 384 -> message: 23,23,22,0 -> output: 384
input: 385 -> message: 23,37,20,24,0 -> output: 385
input: 386 -> message: 37,13,2,11,0 -> output: 386
input: 387 -> message: 37,13,5,24,0 -> output: 387
input: 388 -> message: 27,13,1,0 -> output: 388
input: 389 -> message: 25,19,0 -> output: 389
input: 390 -> message: 16,17,0 -> output: 390
input: 391 -> message: 26,23,23,0 -> output: 391
input: 392 -> message: 23,13,18,11,0 -> output: 392
input: 393 -> message: 3,38,6,24,0 -> output: 393
input: 394 -> message: 25,13,0 -> output: 394
input: 395 -> message: 37,3,24,24,0 -> output: 395
input: 396 -> message: 23,13,17,0 -> output: 396
input: 397 -> message: 37,37,37,23,0 -> output: 397
input: 398 -> message: 37,38,7,11,0 -> output: 398
input: 399 -> message: 30,36,25,0 -> output: 399
input: 400 -> message: 23,1,38,11,0 -> output: 400
input: 401 -> message: 14,38,14,11,0 -> output: 401
input: 402 -> message: 27,21,21,0 -> output: 402
input: 403 -> message: 21,17,14,11,0 -> output: 403
input: 404 -> message: 23,21,4,0 -> output: 404
input: 405 -> message: 25,38,0 -> output: 405
input: 406 -> message: 37,33,26,11,0 -> output: 406
input: 407 -> message: 14,33,2,23,0 -> output: 407
input: 408 -> message: 26,17,24,0 -> output: 408
input: 409 -> message: 37,13,19,20,11,0 -> output: 409
input: 410 -> message: 23,22,14,11,0 -> output: 410
input: 411 -> message: 1,3,0 -> output: 411
input: 412 -> message: 23,24,17,0 -> output: 412
input: 413 -> message: 23,37,18,23,0 -> output: 413
input: 414 -> message: 14,38,24,24,0 -> output: 414
input: 415 -> message: 23,37,14,7,0 -> output: 415
input: 416 -> message: 14,13,15,24,11,0 -> output: 416
input: 417 -> message: 37,7,16,18,0 -> output: 417
input: 418 -> message: 8,14,1,0 -> output: 418
input: 419 -> message: 23,37,30,18,0 -> output: 419
input: 420 -> message: 30,27,1,0 -> output: 420
input: 421 -> message: 3,38,14,30,0 -> output: 421
input: 422 -> message: 37,33,28,24,11,0 -> output: 422
input: 423 -> message: 14,22,26,7,0 -> output: 423
input: 424 -> message: 23,21,39,11,0 -> output: 424
input: 425 -> message: 3,36,36,18,0 -> output: 425
input: 426 -> message: 3,36,24,11,0 -> output: 426
input: 427 -> message: 25,2,0 -> output: 427
input: 428 -> message: 26,23,38,0 -> output: 428
input: 429 -> message: 23,13,36,11,0 -> output: 429
input: 430 -> message: 23,33,17,22,0 -> output: 430
input: 431 -> message: 14,33,33,11,30,0 -> output: 431
input: 432 -> message: 37,13,6,24,0 -> output: 432
input: 433 -> message: 21,38,37,11,0 -> output: 618
input: 434 -> message: 1,10,0 -> output: 434
input: 435 -> message: 27,39,27,11,0 -> output: 435
input: 436 -> message: 24,13,4,0 -> output: 436
input: 437 -> message: 10,31,0 -> output: 437
input: 438 -> message: 3,38,36,24,0 -> output: 438
input: 439 -> message: 3,28,11,0 -> output: 439
input: 440 -> message: 37,26,6,24,0 -> output: 440
input: 441 -> message: 3,26,37,11,0 -> output: 441
input: 442 -> message: 3,27,14,11,0 -> output: 442
input: 443 -> message: 13,11,3,0 -> output: 443
input: 444 -> message: 21,28,36,0 -> output: 444
input: 445 -> message: 14,39,24,0 -> output: 445
input: 446 -> message: 21,27,38,11,0 -> output: 446
input: 447 -> message: 23,5,28,0 -> output: 447
input: 448 -> message: 24,17,0 -> output: 448
input: 449 -> message: 3,3,28,11,0 -> output: 449
input: 450 -> message: 14,25,2,24,11,0 -> output: 450
input: 451 -> message: 23,33,16,23,0 -> output: 451
input: 452 -> message: 3,3,1,11,0 -> output: 452
input: 453 -> message: 14,3,18,11,11,0 -> output: 453
input: 454 -> message: 23,39,38,0 -> output: 454
input: 455 -> message: 1,11,0 -> output: 455
input: 456 -> message: 21,27,28,24,0 -> output: 456
input: 457 -> message: 14,7,17,24,0 -> output: 457
input: 458 -> message: 14,16,38,24,0 -> output: 458
input: 459 -> message: 23,26,14,38,0 -> output: 459
input: 460 -> message: 23,23,30,11,0 -> output: 460
input: 461 -> message: 23,18,18,0 -> output: 461
input: 462 -> message: 30,13,31,23,0 -> output: 462
input: 463 -> message: 25,37,5,23,0 -> output: 463
input: 464 -> message: 14,22,7,24,0 -> output: 464
input: 465 -> message: 26,25,0 -> output: 465
input: 466 -> message: 3,13,37,24,0 -> output: 466
input: 467 -> message: 14,27,36,11,0 -> output: 467
input: 468 -> message: 23,33,22,13,0 -> output: 468
input: 469 -> message: 14,17,38,11,0 -> output: 469
input: 470 -> message: 25,11,7,0 -> output: 470
input: 471 -> message: 14,27,28,11,0 -> output: 471
input: 472 -> message: 23,25,3,23,0 -> output: 472
input: 473 -> message: 23,2,7,0 -> output: 473
input: 474 -> message: 37,13,31,14,11,0 -> output: 474
input: 475 -> message: 38,37,0 -> output: 475
input: 476 -> message: 37,33,30,11,24,0 -> output: 476
input: 477 -> message: 14,39,39,11,0 -> output: 477
input: 478 -> message: 30,24,0 -> output: 478
input: 479 -> message: 21,37,4,0 -> output: 479
input: 480 -> message: 23,18,36,0 -> output: 480
input: 481 -> message: 23,39,39,24,0 -> output: 481
input: 482 -> message: 14,25,24,23,0 -> output: 482
input: 483 -> message: 3,30,12,11,0 -> output: 483
input: 484 -> message: 21,11,20,0 -> output: 484
input: 485 -> message: 23,36,37,0 -> output: 485
input: 486 -> message: 37,33,36,11,11,0 -> output: 486
input: 487 -> message: 3,3,2,24,0 -> output: 487
input: 488 -> message: 14,19,19,11,0 -> output: 488
input: 489 -> message: 13,27,5,0 -> output: 489
input: 490 -> message: 37,17,17,38,0 -> output: 490
input: 491 -> message: 14,21,38,11,0 -> output: 491
input: 492 -> message: 14,38,38,24,0 -> output: 492
input: 493 -> message: 21,10,31,0 -> output: 493
input: 494 -> message: 14,22,21,11,0 -> output: 494
input: 495 -> message: 14,27,13,24,0 -> output: 495
input: 496 -> message: 14,39,22,11,0 -> output: 496
input: 497 -> message: 21,36,24,24,0 -> output: 497
input: 498 -> message: 14,33,8,24,11,0 -> output: 498
input: 499 -> message: 23,22,21,11,0 -> output: 499
input: 500 -> message: 21,27,6,11,0 -> output: 500
input: 501 -> message: 13,8,0 -> output: 501
input: 502 -> message: 5,16,24,0 -> output: 502
input: 503 -> message: 21,3,36,11,0 -> output: 503
input: 504 -> message: 37,22,36,11,0 -> output: 504
input: 505 -> message: 21,25,14,15,0 -> output: 505
input: 506 -> message: 11,14,0 -> output: 506
input: 507 -> message: 14,36,30,24,11,0 -> output: 507
input: 508 -> message: 1,1,0 -> output: 508
input: 509 -> message: 14,26,6,24,0 -> output: 509
input: 510 -> message: 16,23,0 -> output: 510
input: 511 -> message: 21,27,7,24,0 -> output: 511
input: 512 -> message: 37,27,9,24,11,0 -> output: 512
input: 513 -> message: 37,17,13,11,0 -> output: 513
input: 514 -> message: 1,16,0 -> output: 514
input: 515 -> message: 37,33,19,23,11,0 -> output: 515
input: 516 -> message: 14,33,17,23,24,0 -> output: 516
input: 517 -> message: 22,26,10,0 -> output: 517
input: 518 -> message: 14,28,24,24,0 -> output: 518
input: 519 -> message: 14,27,5,11,0 -> output: 519
input: 520 -> message: 37,10,1,11,0 -> output: 520
input: 521 -> message: 13,14,2,0 -> output: 521
input: 522 -> message: 24,5,24,0 -> output: 522
input: 523 -> message: 23,16,12,11,0 -> output: 523
input: 524 -> message: 21,14,26,11,0 -> output: 524
input: 525 -> message: 14,13,5,24,11,0 -> output: 525
input: 526 -> message: 3,27,34,11,0 -> output: 526
input: 527 -> message: 14,4,2,11,0 -> output: 527
input: 528 -> message: 37,13,18,11,0 -> output: 528
input: 529 -> message: 14,26,12,11,0 -> output: 529
input: 530 -> message: 3,38,22,11,0 -> output: 530
input: 531 -> message: 24,39,30,0 -> output: 531
input: 532 -> message: 14,27,29,11,0 -> output: 532
input: 533 -> message: 14,38,38,21,24,0 -> output: 492
input: 534 -> message: 32,37,22,0 -> output: 534
input: 535 -> message: 14,25,14,30,0 -> output: 535
input: 536 -> message: 23,14,23,11,0 -> output: 536
input: 537 -> message: 21,14,30,11,0 -> output: 537
input: 538 -> message: 37,33,38,24,24,0 -> output: 538
input: 539 -> message: 21,38,10,11,0 -> output: 539
input: 540 -> message: 23,30,26,24,0 -> output: 540
input: 541 -> message: 38,30,22,0 -> output: 541
input: 542 -> message: 1,14,0 -> output: 542
input: 543 -> message: 37,13,14,31,11,0 -> output: 543
input: 544 -> message: 21,26,23,11,0 -> output: 544
input: 545 -> message: 14,3,8,24,0 -> output: 545
input: 546 -> message: 27,7,1,0 -> output: 546
input: 547 -> message: 24,13,18,0 -> output: 547
input: 548 -> message: 23,21,21,11,0 -> output: 548
input: 549 -> message: 14,22,19,23,0 -> output: 549
input: 550 -> message: 14,27,30,24,0 -> output: 550
input: 551 -> message: 13,10,0 -> output: 551
input: 552 -> message: 27,16,24,0 -> output: 552
input: 553 -> message: 37,22,28,24,11,0 -> output: 553
input: 554 -> message: 37,2,7,24,0 -> output: 554
input: 555 -> message: 27,29,11,0 -> output: 555
input: 556 -> message: 3,3,4,0 -> output: 556
input: 557 -> message: 37,25,26,11,0 -> output: 557
input: 558 -> message: 26,17,25,0 -> output: 558
input: 559 -> message: 21,38,21,11,0 -> output: 559
input: 560 -> message: 23,7,8,11,0 -> output: 560
input: 561 -> message: 36,13,0 -> output: 561
input: 562 -> message: 1,1,14,0 -> output: 562
input: 563 -> message: 23,18,1,11,0 -> output: 563
input: 564 -> message: 23,39,17,11,0 -> output: 564
input: 565 -> message: 24,28,0 -> output: 565
input: 566 -> message: 3,7,32,0 -> output: 566
input: 567 -> message: 14,33,28,11,0 -> output: 567
input: 568 -> message: 27,8,0 -> output: 568
input: 569 -> message: 13,19,24,0 -> output: 569
input: 570 -> message: 21,21,4,11,0 -> output: 570
input: 571 -> message: 37,18,11,11,0 -> output: 571
input: 572 -> message: 37,3,38,24,0 -> output: 572
input: 573 -> message: 37,27,18,39,0 -> output: 573
input: 574 -> message: 14,16,26,15,0 -> output: 574
input: 575 -> message: 24,14,4,0 -> output: 575
input: 576 -> message: 14,3,1,11,0 -> output: 576
input: 577 -> message: 10,13,0 -> output: 577
input: 578 -> message: 27,11,24,0 -> output: 578
input: 579 -> message: 24,7,29,0 -> output: 579
input: 580 -> message: 30,39,0 -> output: 580
input: 581 -> message: 23,25,39,11,0 -> output: 581
input: 582 -> message: 23,2,14,24,0 -> output: 582
input: 583 -> message: 25,8,0 -> output: 583
input: 584 -> message: 30,13,10,24,0 -> output: 584
input: 585 -> message: 3,11,15,0 -> output: 585
input: 586 -> message: 21,27,36,11,0 -> output: 586
input: 587 -> message: 38,30,24,0 -> output: 587
input: 588 -> message: 37,26,36,11,0 -> output: 588
input: 589 -> message: 23,17,4,11,0 -> output: 589
input: 590 -> message: 25,36,0 -> output: 590
input: 591 -> message: 14,18,5,24,11,0 -> output: 591
input: 592 -> message: 21,14,22,11,0 -> output: 592
input: 593 -> message: 23,17,30,0 -> output: 593
input: 594 -> message: 23,26,36,11,0 -> output: 594
input: 595 -> message: 14,33,39,22,0 -> output: 595
input: 596 -> message: 14,38,28,24,0 -> output: 596
input: 597 -> message: 3,36,20,11,0 -> output: 597
input: 598 -> message: 24,23,0 -> output: 598
input: 599 -> message: 14,27,1,11,0 -> output: 599
input: 600 -> message: 4,17,0 -> output: 600
input: 601 -> message: 21,14,25,14,0 -> output: 601
input: 602 -> message: 21,36,26,24,0 -> output: 602
input: 603 -> message: 30,10,4,0 -> output: 603
input: 604 -> message: 37,13,9,24,11,0 -> output: 604
input: 605 -> message: 3,22,38,24,0 -> output: 605
input: 606 -> message: 14,17,14,11,0 -> output: 606
input: 607 -> message: 23,25,6,11,0 -> output: 607
input: 608 -> message: 3,22,8,23,0 -> output: 659
input: 609 -> message: 23,26,14,0 -> output: 459
input: 610 -> message: 23,33,6,0 -> output: 610
input: 611 -> message: 33,14,38,13,0 -> output: 611
input: 612 -> message: 27,27,38,39,0 -> output: 612
input: 613 -> message: 3,13,7,24,0 -> output: 613
input: 614 -> message: 23,13,8,0 -> output: 614
input: 615 -> message: 3,38,7,24,0 -> output: 615
input: 616 -> message: 11,17,0 -> output: 616
input: 617 -> message: 37,27,4,24,11,0 -> output: 617
input: 618 -> message: 21,38,37,28,0 -> output: 618
input: 619 -> message: 3,37,7,0 -> output: 619
input: 620 -> message: 21,36,28,24,0 -> output: 620
input: 621 -> message: 14,13,38,21,0 -> output: 621
input: 622 -> message: 23,13,19,24,0 -> output: 622
input: 623 -> message: 18,7,24,0 -> output: 623
input: 624 -> message: 30,28,24,0 -> output: 624
input: 625 -> message: 23,13,22,0 -> output: 625
input: 626 -> message: 14,17,4,11,0 -> output: 626
input: 627 -> message: 14,33,16,24,11,0 -> output: 627
input: 628 -> message: 8,8,0 -> output: 628
input: 629 -> message: 14,18,19,38,24,0 -> output: 629
input: 630 -> message: 37,13,26,22,0 -> output: 630
input: 631 -> message: 14,33,31,24,11,0 -> output: 631
input: 632 -> message: 37,37,14,39,0 -> output: 632
input: 633 -> message: 1,22,0 -> output: 633
input: 634 -> message: 3,1,26,24,0 -> output: 634
input: 635 -> message: 37,33,2,11,11,0 -> output: 635
input: 636 -> message: 24,39,8,0 -> output: 636
input: 637 -> message: 14,26,16,11,11,0 -> output: 637
input: 638 -> message: 31,28,24,0 -> output: 638
input: 639 -> message: 26,13,38,0 -> output: 639
input: 640 -> message: 23,38,4,11,0 -> output: 640
input: 641 -> message: 5,13,0 -> output: 641
input: 642 -> message: 23,10,37,0 -> output: 642
input: 643 -> message: 3,29,11,0 -> output: 643
input: 644 -> message: 14,18,11,11,0 -> output: 644
input: 645 -> message: 4,23,24,0 -> output: 645
input: 646 -> message: 23,13,34,11,0 -> output: 646
input: 647 -> message: 23,37,28,11,0 -> output: 647
input: 648 -> message: 23,25,31,11,0 -> output: 648
input: 649 -> message: 3,38,19,11,0 -> output: 649
input: 650 -> message: 37,27,37,11,0 -> output: 650
input: 651 -> message: 1,37,38,0 -> output: 651
input: 652 -> message: 30,13,14,24,0 -> output: 652
input: 653 -> message: 21,38,28,24,0 -> output: 653
input: 654 -> message: 10,37,7,0 -> output: 654
input: 655 -> message: 27,14,2,24,0 -> output: 655
input: 656 -> message: 14,36,14,21,0 -> output: 656
input: 657 -> message: 4,29,0 -> output: 657
input: 658 -> message: 23,1,28,0 -> output: 658
input: 659 -> message: 3,22,8,24,0 -> output: 659
input: 660 -> message: 30,13,3,24,0 -> output: 660
input: 661 -> message: 3,16,26,0 -> output: 661
input: 662 -> message: 37,33,18,11,24,0 -> output: 662
input: 663 -> message: 14,27,8,11,0 -> output: 663
input: 664 -> message: 23,18,19,11,0 -> output: 664
input: 665 -> message: 23,13,39,16,0 -> output: 665
input: 666 -> message: 3,17,13,11,0 -> output: 666
input: 667 -> message: 24,14,37,0 -> output: 667
input: 668 -> message: 14,13,6,24,11,0 -> output: 668
input: 669 -> message: 19,19,0 -> output: 669
input: 670 -> message: 23,8,32,0 -> output: 670
input: 671 -> message: 3,22,7,39,0 -> output: 671
input: 672 -> message: 21,36,27,24,0 -> output: 672
input: 673 -> message: 37,3,1,11,0 -> output: 673
input: 674 -> message: 11,14,20,0 -> output: 674
input: 675 -> message: 13,39,24,0 -> output: 675
input: 676 -> message: 23,5,18,11,0 -> output: 676
input: 677 -> message: 14,3,30,24,0 -> output: 677
input: 678 -> message: 3,21,15,0 -> output: 678
input: 679 -> message: 23,30,36,24,0 -> output: 679
input: 680 -> message: 24,37,24,0 -> output: 680
input: 681 -> message: 24,21,11,0 -> output: 681
input: 682 -> message: 3,27,17,24,0 -> output: 682
input: 683 -> message: 21,37,13,24,0 -> output: 683
input: 684 -> message: 37,7,14,0 -> output: 684
input: 685 -> message: 14,13,13,11,11,0 -> output: 685
input: 686 -> message: 37,13,24,24,0 -> output: 686
input: 687 -> message: 1,13,36,0 -> output: 687
input: 688 -> message: 3,27,22,24,0 -> output: 688
input: 689 -> message: 27,26,0 -> output: 689
input: 690 -> message: 24,30,0 -> output: 690
input: 691 -> message: 1,27,30,0 -> output: 691
input: 692 -> message: 23,26,7,24,0 -> output: 692
input: 693 -> message: 21,28,14,0 -> output: 693
input: 694 -> message: 3,22,17,24,0 -> output: 694
input: 695 -> message: 14,22,8,11,0 -> output: 695
input: 696 -> message: 14,16,39,11,0 -> output: 696
input: 697 -> message: 27,39,23,11,0 -> output: 697
input: 698 -> message: 37,22,18,24,11,0 -> output: 698
input: 699 -> message: 3,13,30,11,0 -> output: 699
input: 700 -> message: 19,37,0 -> output: 700
input: 701 -> message: 3,25,4,11,0 -> output: 701
input: 702 -> message: 3,5,0 -> output: 702
input: 703 -> message: 3,3,8,0 -> output: 703
input: 704 -> message: 23,23,29,23,0 -> output: 704
input: 705 -> message: 14,27,30,11,0 -> output: 550
input: 706 -> message: 24,37,14,10,0 -> output: 706
input: 707 -> message: 3,23,7,0 -> output: 707
input: 708 -> message: 3,27,16,24,0 -> output: 708
input: 709 -> message: 21,16,38,0 -> output: 709
input: 710 -> message: 37,33,21,11,11,0 -> output: 710
input: 711 -> message: 21,3,24,0 -> output: 711
input: 712 -> message: 3,23,5,0 -> output: 712
input: 713 -> message: 24,37,27,0 -> output: 713
input: 714 -> message: 14,25,21,15,0 -> output: 714
input: 715 -> message: 3,37,14,28,0 -> output: 715
input: 716 -> message: 30,36,19,0 -> output: 716
input: 717 -> message: 14,4,6,24,0 -> output: 717
input: 718 -> message: 14,3,6,24,11,0 -> output: 718
input: 719 -> message: 10,11,24,0 -> output: 719
input: 720 -> message: 37,33,1,17,11,0 -> output: 720
input: 721 -> message: 14,4,36,26,0 -> output: 721
input: 722 -> message: 21,17,28,24,0 -> output: 722
input: 723 -> message: 37,27,15,10,0 -> output: 723
input: 724 -> message: 14,25,16,24,0 -> output: 724
input: 725 -> message: 38,27,0 -> output: 725
input: 726 -> message: 26,38,38,0 -> output: 726
input: 727 -> message: 38,36,0 -> output: 727
input: 728 -> message: 3,27,12,11,0 -> output: 728
input: 729 -> message: 27,37,18,24,0 -> output: 729
input: 730 -> message: 2,27,0 -> output: 730
input: 731 -> message: 25,37,34,0 -> output: 731
input: 732 -> message: 3,28,6,11,0 -> output: 732
input: 733 -> message: 26,2,1,0 -> output: 733
input: 734 -> message: 21,24,15,0 -> output: 734
input: 735 -> message: 14,27,11,24,11,0 -> output: 735
input: 736 -> message: 14,4,33,11,0 -> output: 736
input: 737 -> message: 14,13,7,24,0 -> output: 737
input: 738 -> message: 3,24,28,11,0 -> output: 738
input: 739 -> message: 3,13,4,11,0 -> output: 739
input: 740 -> message: 23,36,19,11,0 -> output: 740
input: 741 -> message: 7,16,0 -> output: 741
input: 742 -> message: 30,3,24,0 -> output: 742
input: 743 -> message: 14,18,10,11,0 -> output: 743
input: 744 -> message: 14,27,7,24,11,0 -> output: 744
input: 745 -> message: 21,36,33,24,0 -> output: 745
input: 746 -> message: 37,30,38,24,11,0 -> output: 746
input: 747 -> message: 23,39,36,39,0 -> output: 747
input: 748 -> message: 7,37,0 -> output: 748
input: 749 -> message: 30,13,30,24,0 -> output: 749
input: 750 -> message: 14,13,38,24,0 -> output: 621
input: 751 -> message: 23,26,28,24,0 -> output: 751
input: 752 -> message: 37,18,19,24,11,0 -> output: 752
input: 753 -> message: 14,4,18,11,0 -> output: 753
input: 754 -> message: 3,26,26,16,0 -> output: 754
input: 755 -> message: 3,14,36,24,0 -> output: 755
input: 756 -> message: 27,10,24,0 -> output: 756
input: 757 -> message: 23,17,18,11,0 -> output: 757
input: 758 -> message: 26,14,30,24,0 -> output: 758
input: 759 -> message: 3,3,22,11,0 -> output: 759
input: 760 -> message: 13,16,24,0 -> output: 760
input: 761 -> message: 23,7,36,11,0 -> output: 761
input: 762 -> message: 37,27,13,11,0 -> output: 762
input: 763 -> message: 14,26,28,24,11,0 -> output: 763
input: 764 -> message: 14,33,31,11,11,0 -> output: 764
input: 765 -> message: 14,3,3,11,0 -> output: 765
input: 766 -> message: 22,17,14,11,0 -> output: 766
input: 767 -> message: 14,16,17,11,11,0 -> output: 767
input: 768 -> message: 23,23,17,0 -> output: 768
input: 769 -> message: 14,7,28,24,0 -> output: 769
input: 770 -> message: 23,22,3,11,0 -> output: 770
input: 771 -> message: 21,37,10,0 -> output: 771
input: 772 -> message: 23,33,38,11,0 -> output: 772
input: 773 -> message: 14,4,25,11,11,0 -> output: 773
input: 774 -> message: 11,37,0 -> output: 774
input: 775 -> message: 14,27,6,24,11,0 -> output: 775
input: 776 -> message: 23,37,23,22,0 -> output: 776
input: 777 -> message: 37,26,12,11,0 -> output: 777
input: 778 -> message: 3,13,34,24,0 -> output: 778
input: 779 -> message: 3,10,27,0 -> output: 779
input: 780 -> message: 14,13,4,23,0 -> output: 780
input: 781 -> message: 25,28,24,0 -> output: 781
input: 782 -> message: 23,22,39,11,0 -> output: 782
input: 783 -> message: 9,6,0 -> output: 783
input: 784 -> message: 3,26,38,22,0 -> output: 784
input: 785 -> message: 37,10,36,11,0 -> output: 343
input: 786 -> message: 30,19,24,0 -> output: 786
input: 787 -> message: 18,26,24,0 -> output: 787
input: 788 -> message: 21,38,15,39,0 -> output: 788
input: 789 -> message: 25,27,36,0 -> output: 789
input: 790 -> message: 25,23,0 -> output: 790
input: 791 -> message: 37,7,38,11,0 -> output: 791
input: 792 -> message: 14,27,38,36,11,0 -> output: 792
input: 793 -> message: 13,28,24,0 -> output: 793
input: 794 -> message: 3,13,24,24,0 -> output: 794
input: 795 -> message: 14,13,23,11,0 -> output: 795
input: 796 -> message: 23,26,6,11,0 -> output: 796
input: 797 -> message: 1,38,0 -> output: 797
input: 798 -> message: 3,7,28,24,0 -> output: 798
input: 799 -> message: 3,26,4,0 -> output: 799
input: 800 -> message: 23,7,14,36,39,0 -> output: 800
input: 801 -> message: 1,13,2,0 -> output: 801
input: 802 -> message: 37,26,16,24,11,0 -> output: 802
input: 803 -> message: 14,4,30,24,0 -> output: 803
input: 804 -> message: 23,17,33,0 -> output: 804
input: 805 -> message: 21,10,38,24,0 -> output: 805
input: 806 -> message: 3,27,10,24,0 -> output: 806
input: 807 -> message: 14,26,11,24,11,0 -> output: 807
input: 808 -> message: 30,11,37,0 -> output: 808
input: 809 -> message: 3,26,6,24,0 -> output: 809
input: 810 -> message: 14,3,22,24,11,0 -> output: 810
input: 811 -> message: 25,1,0 -> output: 811
input: 812 -> message: 14,30,30,24,0 -> output: 812
input: 813 -> message: 37,3,2,11,0 -> output: 813
input: 814 -> message: 14,18,4,11,0 -> output: 814
input: 815 -> message: 23,33,30,24,0 -> output: 815
input: 816 -> message: 23,23,10,11,0 -> output: 816
input: 817 -> message: 14,33,15,39,22,0 -> output: 817
input: 818 -> message: 3,22,18,11,0 -> output: 818
input: 819 -> message: 3,30,11,11,0 -> output: 158
input: 820 -> message: 3,27,36,11,0 -> output: 820
input: 821 -> message: 25,37,10,24,0 -> output: 821
input: 822 -> message: 21,38,33,24,0 -> output: 822
input: 823 -> message: 23,8,38,0 -> output: 823
input: 824 -> message: 27,19,22,0 -> output: 824
input: 825 -> message: 23,38,25,11,0 -> output: 825
input: 826 -> message: 25,27,11,0 -> output: 826
input: 827 -> message: 14,25,14,11,0 -> output: 535
input: 828 -> message: 21,27,2,11,0 -> output: 828
input: 829 -> message: 14,39,17,11,0 -> output: 829
input: 830 -> message: 23,36,36,11,0 -> output: 830
input: 831 -> message: 3,33,30,24,11,0 -> output: 831
input: 832 -> message: 3,3,19,11,0 -> output: 832
input: 833 -> message: 3,22,9,11,0 -> output: 833
input: 834 -> message: 21,17,26,24,0 -> output: 834
input: 835 -> message: 23,14,36,24,0 -> output: 835
input: 836 -> message: 3,38,3,24,0 -> output: 836
input: 837 -> message: 21,13,6,24,0 -> output: 837
input: 838 -> message: 23,38,26,24,0 -> output: 838
input: 839 -> message: 14,16,6,24,11,0 -> output: 839
input: 840 -> message: 17,20,0 -> output: 840
input: 841 -> message: 3,7,36,0 -> output: 841
input: 842 -> message: 30,13,4,24,0 -> output: 842
input: 843 -> message: 37,13,14,18,11,0 -> output: 843
input: 844 -> message: 21,3,6,0 -> output: 844
input: 845 -> message: 30,30,24,0 -> output: 845
input: 846 -> message: 14,25,28,24,0 -> output: 846
input: 847 -> message: 23,22,20,11,0 -> output: 847
input: 848 -> message: 14,13,19,15,0 -> output: 848
input: 849 -> message: 37,13,19,38,0 -> output: 849
input: 850 -> message: 14,33,19,24,0 -> output: 850
input: 851 -> message: 37,37,18,23,0 -> output: 851
input: 852 -> message: 21,38,30,18,0 -> output: 852
input: 853 -> message: 23,27,4,0 -> output: 853
input: 854 -> message: 17,17,0 -> output: 854
input: 855 -> message: 21,7,22,24,11,0 -> output: 855
input: 856 -> message: 23,22,1,11,0 -> output: 856
input: 857 -> message: 14,18,18,11,11,0 -> output: 857
input: 858 -> message: 36,17,0 -> output: 858
input: 859 -> message: 14,26,19,11,11,0 -> output: 859
input: 860 -> message: 3,7,26,0 -> output: 860
input: 861 -> message: 23,37,36,39,0 -> output: 861
input: 862 -> message: 26,7,38,0 -> output: 862
input: 863 -> message: 37,33,17,11,11,0 -> output: 863
input: 864 -> message: 3,36,28,24,0 -> output: 864
input: 865 -> message: 23,21,23,24,0 -> output: 865
input: 866 -> message: 14,18,20,11,0 -> output: 866
input: 867 -> message: 3,38,1,11,0 -> output: 867
input: 868 -> message: 14,16,36,24,11,0 -> output: 868
input: 869 -> message: 14,16,18,11,0 -> output: 869
input: 870 -> message: 23,30,18,11,0 -> output: 870
input: 871 -> message: 23,7,26,11,0 -> output: 871
input: 872 -> message: 21,27,13,24,0 -> output: 872
input: 873 -> message: 14,13,18,11,11,0 -> output: 873
input: 874 -> message: 37,13,17,24,11,0 -> output: 874
input: 875 -> message: 3,18,30,11,0 -> output: 875
input: 876 -> message: 33,21,14,11,0 -> output: 876
input: 877 -> message: 3,7,19,11,0 -> output: 877
input: 878 -> message: 10,14,36,18,0 -> output: 878
input: 879 -> message: 3,28,24,11,0 -> output: 879
input: 880 -> message: 25,35,0 -> output: 880
input: 881 -> message: 37,37,27,24,0 -> output: 881
input: 882 -> message: 23,4,24,0 -> output: 882
input: 883 -> message: 14,33,37,24,0 -> output: 883
input: 884 -> message: 14,28,32,0 -> output: 884
input: 885 -> message: 14,7,24,11,0 -> output: 885
input: 886 -> message: 14,38,17,24,11,0 -> output: 886
input: 887 -> message: 14,21,17,11,0 -> output: 887
input: 888 -> message: 30,13,34,24,11,0 -> output: 888
input: 889 -> message: 3,19,3,0 -> output: 889
input: 890 -> message: 24,1,0 -> output: 890
input: 891 -> message: 3,30,36,11,0 -> output: 891
input: 892 -> message: 11,37,28,0 -> output: 892
input: 893 -> message: 3,27,13,0 -> output: 893
input: 894 -> message: 26,13,31,26,0 -> output: 894
input: 895 -> message: 23,19,39,0 -> output: 895
input: 896 -> message: 10,28,0 -> output: 896
input: 897 -> message: 14,16,7,24,0 -> output: 897
input: 898 -> message: 14,36,36,11,0 -> output: 898
input: 899 -> message: 23,13,30,24,0 -> output: 899
input: 900 -> message: 23,37,7,24,0 -> output: 900
input: 901 -> message: 14,33,6,24,11,0 -> output: 901
input: 902 -> message: 23,37,16,3,11,0 -> output: 902
input: 903 -> message: 27,39,1,24,0 -> output: 903
input: 904 -> message: 24,16,0 -> output: 904
input: 905 -> message: 23,5,26,11,0 -> output: 905
input: 906 -> message: 14,18,14,11,0 -> output: 906
input: 907 -> message: 23,11,5,0 -> output: 907
input: 908 -> message: 3,18,24,11,0 -> output: 908
input: 909 -> message: 1,13,14,11,0 -> output: 909
input: 910 -> message: 25,11,25,0 -> output: 910
input: 911 -> message: 23,33,8,7,0 -> output: 911
input: 912 -> message: 3,27,33,11,0 -> output: 912
input: 913 -> message: 30,15,24,0 -> output: 913
input: 914 -> message: 37,26,2,23,0 -> output: 914
input: 915 -> message: 3,27,27,11,0 -> output: 915
input: 916 -> message: 21,27,15,11,0 -> output: 916
input: 917 -> message: 14,18,1,24,11,0 -> output: 917
input: 918 -> message: 3,38,37,11,0 -> output: 918
input: 919 -> message: 23,13,37,24,0 -> output: 919
input: 920 -> message: 23,22,33,11,0 -> output: 920
input: 921 -> message: 14,8,24,24,0 -> output: 921
input: 922 -> message: 37,13,38,24,0 -> output: 922
input: 923 -> message: 23,21,16,0 -> output: 923
input: 924 -> message: 37,7,1,11,0 -> output: 924
input: 925 -> message: 23,38,39,0 -> output: 925
input: 926 -> message: 23,7,17,0 -> output: 926
input: 927 -> message: 28,1,0 -> output: 927
input: 928 -> message: 21,38,16,18,0 -> output: 928
input: 929 -> message: 13,39,17,11,0 -> output: 929
input: 930 -> message: 3,18,26,11,0 -> output: 930
input: 931 -> message: 33,33,8,8,11,0 -> output: 931
input: 932 -> message: 25,24,13,0 -> output: 932
input: 933 -> message: 3,13,24,24,11,0 -> output: 794
input: 934 -> message: 23,2,23,11,0 -> output: 934
input: 935 -> message: 3,16,23,0 -> output: 935
input: 936 -> message: 26,1,37,0 -> output: 936
input: 937 -> message: 23,21,38,24,0 -> output: 937
input: 938 -> message: 14,17,17,23,0 -> output: 938
input: 939 -> message: 37,17,2,11,0 -> output: 939
input: 940 -> message: 3,37,36,36,0 -> output: 940
input: 941 -> message: 38,26,0 -> output: 941
input: 942 -> message: 23,27,38,11,0 -> output: 942
input: 943 -> message: 23,17,7,11,0 -> output: 943
input: 944 -> message: 30,7,28,24,0 -> output: 944
input: 945 -> message: 37,22,26,24,11,0 -> output: 945
input: 946 -> message: 14,25,17,24,11,0 -> output: 946
input: 947 -> message: 21,7,28,11,0 -> output: 947
input: 948 -> message: 3,38,28,24,0 -> output: 948
input: 949 -> message: 21,27,26,11,0 -> output: 949
input: 950 -> message: 30,37,7,24,0 -> output: 950
input: 951 -> message: 37,33,6,24,11,0 -> output: 951
input: 952 -> message: 23,13,17,18,0 -> output: 952
input: 953 -> message: 14,26,8,24,0 -> output: 953
input: 954 -> message: 10,11,0 -> output: 954
input: 955 -> message: 3,13,5,11,0 -> output: 955
input: 956 -> message: 14,3,24,24,11,0 -> output: 956
input: 957 -> message: 27,27,16,0 -> output: 217
input: 958 -> message: 37,13,34,24,11,0 -> output: 958
input: 959 -> message: 23,33,21,30,0 -> output: 959
input: 960 -> message: 25,39,0 -> output: 960
input: 961 -> message: 23,22,17,11,0 -> output: 961
input: 962 -> message: 21,28,16,0 -> output: 962
input: 963 -> message: 3,10,7,0 -> output: 963
input: 964 -> message: 9,13,5,0 -> output: 964
input: 965 -> message: 13,30,24,0 -> output: 965
input: 966 -> message: 23,23,26,0 -> output: 966
input: 967 -> message: 27,7,17,11,0 -> output: 967
input: 968 -> message: 27,2,24,0 -> output: 968
input: 969 -> message: 23,23,36,11,0 -> output: 969
input: 970 -> message: 21,36,36,11,0 -> output: 970
input: 971 -> message: 14,19,36,24,0 -> output: 971
input: 972 -> message: 3,27,1,24,0 -> output: 972
input: 973 -> message: 30,13,7,15,0 -> output: 973
input: 974 -> message: 24,38,18,0 -> output: 974
input: 975 -> message: 14,4,14,15,11,0 -> output: 975
input: 976 -> message: 14,33,38,11,0 -> output: 976
input: 977 -> message: 37,13,31,38,0 -> output: 977
input: 978 -> message: 26,26,17,0 -> output: 978
input: 979 -> message: 23,24,6,24,0 -> output: 979
input: 980 -> message: 37,13,11,11,0 -> output: 980
input: 981 -> message: 14,36,24,24,0 -> output: 981
input: 982 -> message: 3,33,6,24,0 -> output: 982
input: 983 -> message: 27,13,25,11,0 -> output: 983
input: 984 -> message: 30,26,19,24,0 -> output: 984
input: 985 -> message: 25,10,24,0 -> output: 985
input: 986 -> message: 1,17,0 -> output: 986
input: 987 -> message: 20,5,0 -> output: 987
input: 988 -> message: 25,6,0 -> output: 988
input: 989 -> message: 14,22,11,24,0 -> output: 989
input: 990 -> message: 3,38,24,24,0 -> output: 990
input: 991 -> message: 3,3,17,39,0 -> output: 991
input: 992 -> message: 21,27,22,24,0 -> output: 992
input: 993 -> message: 37,33,30,23,15,0 -> output: 476
input: 994 -> message: 17,37,0 -> output: 994
input: 995 -> message: 3,22,34,11,0 -> output: 995
input: 996 -> message: 37,22,19,24,11,0 -> output: 996
input: 997 -> message: 37,13,19,30,0 -> output: 997
input: 998 -> message: 21,7,36,11,0 -> output: 998
input: 999 -> message: 38,24,18,0 -> output: 999
{"powerlaw": 0.9972838759422302, "unif": 0.987}
Epoch: 401
Impatient score=2757
Epoch: 402
Impatient score=2729
Epoch: 403
Impatient score=2750
Epoch: 404
Impatient score=2758
Epoch: 405
Impatient score=2680
Epoch: 406
Impatient score=2709
Epoch: 407
Impatient score=2700
Epoch: 408
Impatient score=2621
Epoch: 409
Impatient score=2643
Epoch: 410
Impatient score=2642
Epoch: 411
Impatient score=2688
Epoch: 412
Impatient score=2734
Epoch: 413
Impatient score=2630
Epoch: 414
Impatient score=2728
Epoch: 415
Impatient score=2725
Epoch: 416
Impatient score=2778
Epoch: 417
Impatient score=2686
Epoch: 418
Impatient score=2689
Epoch: 419
Impatient score=2680
Epoch: 420
Impatient score=2688
Epoch: 421
Impatient score=2699
Epoch: 422
Impatient score=2675
Epoch: 423
Impatient score=2652
Epoch: 424
Impatient score=2713
Epoch: 425
Impatient score=2596
{"powerlaw": 0.9967421889305115, "unif": 0.986}
Epoch: 426
Impatient score=2587
Epoch: 427
Impatient score=2602
Epoch: 428
Impatient score=2609
Epoch: 429
Impatient score=2643
Epoch: 430
Impatient score=2640
Epoch: 431
Impatient score=2704
Epoch: 432
Impatient score=2707
Epoch: 433
Impatient score=2688
Epoch: 434
Impatient score=2599
Epoch: 435
Impatient score=2756
Epoch: 436
Impatient score=2695
Epoch: 437
Impatient score=2745
Epoch: 438
Impatient score=2732
Epoch: 439
Impatient score=2624
Epoch: 440
Impatient score=2699
Epoch: 441
Impatient score=2662
Epoch: 442
Impatient score=2630
Epoch: 443
Impatient score=2721
Epoch: 444
Impatient score=2661
Epoch: 445
Impatient score=2627
Epoch: 446
Impatient score=2650
Epoch: 447
Impatient score=2613
Epoch: 448
Impatient score=2592
Epoch: 449
Impatient score=2624
Epoch: 450
Impatient score=2616
{"powerlaw": 0.9974292516708374, "unif": 0.986}
Epoch: 451
Impatient score=2684
Epoch: 452
Impatient score=2635
Epoch: 453
Impatient score=2645
Epoch: 454
Impatient score=2693
Epoch: 455
Impatient score=2658
Epoch: 456
Impatient score=2718
Epoch: 457
Impatient score=2638
Epoch: 458
Impatient score=2536
Epoch: 459
Impatient score=2666
Epoch: 460
Impatient score=2744
Epoch: 461
Impatient score=2638
Epoch: 462
Impatient score=2646
Epoch: 463
Impatient score=2626
Epoch: 464
Impatient score=2568
Epoch: 465
Impatient score=2619
Epoch: 466
Impatient score=2642
Epoch: 467
Impatient score=2671
Epoch: 468
Impatient score=2617
Epoch: 469
Impatient score=2627
Epoch: 470
Impatient score=2612
Epoch: 471
Impatient score=2601
Epoch: 472
Impatient score=2628
Epoch: 473
Impatient score=2712
Epoch: 474
Impatient score=2634
Epoch: 475
Impatient score=2595
{"powerlaw": 0.9969944953918457, "unif": 0.984}
Epoch: 476
Impatient score=2612
Epoch: 477
Impatient score=2645
Epoch: 478
Impatient score=2680
Epoch: 479
Impatient score=2650
Epoch: 480
Impatient score=2623
Epoch: 481
Impatient score=2635
Epoch: 482
Impatient score=2598
Epoch: 483
Impatient score=2637
Epoch: 484
Impatient score=2628
Epoch: 485
Impatient score=2622
Epoch: 486
Impatient score=2622
Epoch: 487
Impatient score=2640
Epoch: 488
Impatient score=2650
Epoch: 489
Impatient score=2598
Epoch: 490
Impatient score=2676
Epoch: 491
Impatient score=2637
Epoch: 492
Impatient score=2661
Epoch: 493
Impatient score=2669
Epoch: 494
Impatient score=2629
Epoch: 495
Impatient score=2597
Epoch: 496
Impatient score=2614
Epoch: 497
Impatient score=2666
Epoch: 498
Impatient score=2647
Epoch: 499
Impatient score=2565

========================================================================
Task 2 (lstm_lazimpa seed 42) finished at Fri Mar 27 01:33:27 AM EDT 2026
========================================================================
